ISO-10303-21;
HEADER;
FILE_DESCRIPTION (( 'STEP AP214' ),
    '1' );
FILE_NAME ('26an_chassis body_6mm poly_1pc.STEP',
    '2026-06-16T10:41:17',
    ( '' ),
    ( '' ),
    'SwSTEP 2.0',
    'SolidWorks 2024',
    '' );
FILE_SCHEMA (( 'AUTOMOTIVE_DESIGN' ));
ENDSEC;

DATA;
#1 = CARTESIAN_POINT ( 'NONE',  ( -248.9999999999998295, -20.00000000000000355, 6.999999999999995559 ) ) ;
#2 = AXIS2_PLACEMENT_3D ( 'NONE', #3430, #2337, #2592 ) ;
#3 = ORIENTED_EDGE ( 'NONE', *, *, #3267, .F. ) ;
#4 = DIRECTION ( 'NONE',  ( 0.000000000000000000, 1.000000000000000000, 0.000000000000000000 ) ) ;
#5 = CARTESIAN_POINT ( 'NONE',  ( -114.5000000000000142, -20.00000000000000355, -3.500000000000003553 ) ) ;
#6 = DIRECTION ( 'NONE',  ( 0.000000000000000000, 0.000000000000000000, -1.000000000000000000 ) ) ;
#7 = CYLINDRICAL_SURFACE ( 'NONE', #2836, 1.499999999999997780 ) ;
#8 = VECTOR ( 'NONE', #2352, 1000.000000000000000 ) ;
#9 = ADVANCED_FACE ( 'NONE', ( #72 ), #1629, .F. ) ;
#10 = VERTEX_POINT ( 'NONE', #2712 ) ;
#11 = ORIENTED_EDGE ( 'NONE', *, *, #566, .F. ) ;
#12 = FACE_OUTER_BOUND ( 'NONE', #3241, .T. ) ;
#13 = EDGE_LOOP ( 'NONE', ( #322, #1548 ) ) ;
#14 = ORIENTED_EDGE ( 'NONE', *, *, #1297, .F. ) ;
#15 = EDGE_CURVE ( 'NONE', #782, #2685, #876, .T. ) ;
#16 = FACE_OUTER_BOUND ( 'NONE', #1277, .T. ) ;
#17 = DIRECTION ( 'NONE',  ( 0.000000000000000000, 0.000000000000000000, -1.000000000000000000 ) ) ;
#18 = DIRECTION ( 'NONE',  ( 0.000000000000000000, 0.000000000000000000, 1.000000000000000000 ) ) ;
#19 = VERTEX_POINT ( 'NONE', #1660 ) ;
#20 = DIRECTION ( 'NONE',  ( 0.000000000000000000, 0.000000000000000000, -1.000000000000000000 ) ) ;
#21 = ORIENTED_EDGE ( 'NONE', *, *, #2520, .F. ) ;
#22 = CARTESIAN_POINT ( 'NONE',  ( -248.9999999999998863, 6.000000000000000000, -6.999999999999995559 ) ) ;
#23 = EDGE_CURVE ( 'NONE', #2071, #2429, #1404, .T. ) ;
#24 = CARTESIAN_POINT ( 'NONE',  ( -239.6496726373432011, 0.000000000000000000, -31.00000000000000000 ) ) ;
#25 = CARTESIAN_POINT ( 'NONE',  ( -114.5000000000000142, 6.000000000000000000, 3.500000000000001776 ) ) ;
#26 = FACE_OUTER_BOUND ( 'NONE', #625, .T. ) ;
#27 = DIRECTION ( 'NONE',  ( 0.000000000000000000, 0.000000000000000000, -1.000000000000000000 ) ) ;
#28 = AXIS2_PLACEMENT_3D ( 'NONE', #1961, #3036, #3294 ) ;
#29 = ORIENTED_EDGE ( 'NONE', *, *, #586, .T. ) ;
#30 = VECTOR ( 'NONE', #4, 1000.000000000000000 ) ;
#31 = EDGE_CURVE ( 'NONE', #1934, #481, #369, .T. ) ;
#32 = ORIENTED_EDGE ( 'NONE', *, *, #536, .T. ) ;
#33 = DIRECTION ( 'NONE',  ( 0.000000000000000000, 0.000000000000000000, -1.000000000000000000 ) ) ;
#34 = ORIENTED_EDGE ( 'NONE', *, *, #3224, .T. ) ;
#35 = ORIENTED_EDGE ( 'NONE', *, *, #2475, .F. ) ;
#36 = ADVANCED_FACE ( 'NONE', ( #1942 ), #605, .F. ) ;
#37 = FACE_BOUND ( 'NONE', #1190, .T. ) ;
#38 = CARTESIAN_POINT ( 'NONE',  ( -199.8299527773968691, 0.000000000000000000, -20.08999999746103882 ) ) ;
#39 = AXIS2_PLACEMENT_3D ( 'NONE', #305, #1873, #3481 ) ;
#40 = EDGE_LOOP ( 'NONE', ( #1437, #2359, #42, #969 ) ) ;
#41 = FACE_OUTER_BOUND ( 'NONE', #2473, .T. ) ;
#42 = ORIENTED_EDGE ( 'NONE', *, *, #2158, .T. ) ;
#43 = AXIS2_PLACEMENT_3D ( 'NONE', #3253, #276, #1348 ) ;
#44 = LINE ( 'NONE', #1380, #3236 ) ;
#45 = DIRECTION ( 'NONE',  ( 0.000000000000000000, 1.000000000000000000, 0.000000000000000000 ) ) ;
#46 = CARTESIAN_POINT ( 'NONE',  ( -239.6496726373432011, 6.000000000000000000, -30.00000000000000000 ) ) ;
#47 = DIRECTION ( 'NONE',  ( 0.000000000000000000, 0.000000000000000000, -1.000000000000000000 ) ) ;
#48 = ORIENTED_EDGE ( 'NONE', *, *, #1830, .F. ) ;
#49 = ORIENTED_EDGE ( 'NONE', *, *, #1393, .T. ) ;
#50 = VECTOR ( 'NONE', #1540, 1000.000000000000000 ) ;
#51 = VERTEX_POINT ( 'NONE', #368 ) ;
#52 = VECTOR ( 'NONE', #2424, 1000.000000000000000 ) ;
#53 = VERTEX_POINT ( 'NONE', #3237 ) ;
#54 = DIRECTION ( 'NONE',  ( -0.000000000000000000, 1.000000000000000000, -0.000000000000000000 ) ) ;
#55 = CARTESIAN_POINT ( 'NONE',  ( -244.0043805048687204, 6.000000000000000000, 13.99999999999999822 ) ) ;
#56 = EDGE_CURVE ( 'NONE', #1810, #1590, #645, .T. ) ;
#57 = EDGE_CURVE ( 'NONE', #733, #2567, #872, .T. ) ;
#58 = LINE ( 'NONE', #2180, #2844 ) ;
#59 = ORIENTED_EDGE ( 'NONE', *, *, #1761, .T. ) ;
#60 = DIRECTION ( 'NONE',  ( 0.000000000000000000, 0.000000000000000000, -1.000000000000000000 ) ) ;
#61 = VERTEX_POINT ( 'NONE', #1745 ) ;
#62 = CIRCLE ( 'NONE', #2470, 1.999999999999996225 ) ;
#63 = FACE_OUTER_BOUND ( 'NONE', #1045, .T. ) ;
#64 = CARTESIAN_POINT ( 'NONE',  ( -240.2772592974818622, 6.000000000000000000, 30.77854671280277543 ) ) ;
#65 = DIRECTION ( 'NONE',  ( -0.000000000000000000, 1.000000000000000000, -0.000000000000000000 ) ) ;
#66 = DIRECTION ( 'NONE',  ( 0.000000000000000000, 1.000000000000000000, -0.000000000000000000 ) ) ;
#67 = EDGE_CURVE ( 'NONE', #53, #1446, #1648, .T. ) ;
#68 = DIRECTION ( 'NONE',  ( 0.000000000000000000, 0.000000000000000000, -1.000000000000000000 ) ) ;
#69 = VECTOR ( 'NONE', #2209, 1000.000000000000000 ) ;
#70 = VERTEX_POINT ( 'NONE', #2832 ) ;
#71 = CARTESIAN_POINT ( 'NONE',  ( -123.9666666666666544, -20.00000000000000355, 30.00000000000002132 ) ) ;
#72 = FACE_OUTER_BOUND ( 'NONE', #88, .T. ) ;
#73 = DIRECTION ( 'NONE',  ( 0.000000000000000000, 0.000000000000000000, 1.000000000000000000 ) ) ;
#74 = AXIS2_PLACEMENT_3D ( 'NONE', #216, #1248, #988 ) ;
#75 = ORIENTED_EDGE ( 'NONE', *, *, #15, .F. ) ;
#76 = ORIENTED_EDGE ( 'NONE', *, *, #2922, .T. ) ;
#77 = VECTOR ( 'NONE', #3333, 1000.000000000000000 ) ;
#78 = ADVANCED_FACE ( 'NONE', ( #1715, #3056, #3376, #3394, #2294, #1189, #1240, #979, #1507, #928, #160, #179, #3358, #1172, #2815, #2046, #2014, #2519, #3326, #2846, #644, #2260, #1473, #1998, #3094, #661, #2242, #413, #429, #1221, #3126 ), #2532, .F. ) ;
#79 = LINE ( 'NONE', #3082, #2310 ) ;
#80 = CARTESIAN_POINT ( 'NONE',  ( -238.9333333333333371, 6.000000000000000000, 26.50000000000002132 ) ) ;
#81 = ORIENTED_EDGE ( 'NONE', *, *, #2727, .T. ) ;
#82 = CARTESIAN_POINT ( 'NONE',  ( -115.9956194951312654, 0.000000000000000000, 22.00000000000000000 ) ) ;
#83 = DIRECTION ( 'NONE',  ( 0.000000000000000000, 1.000000000000000000, 0.000000000000000000 ) ) ;
#84 = EDGE_CURVE ( 'NONE', #1472, #70, #965, .T. ) ;
#85 = CARTESIAN_POINT ( 'NONE',  ( -119.7227407025181378, 0.000000000000000000, 30.77854671280279675 ) ) ;
#86 = FACE_OUTER_BOUND ( 'NONE', #3275, .T. ) ;
#87 = ORIENTED_EDGE ( 'NONE', *, *, #435, .F. ) ;
#88 = EDGE_LOOP ( 'NONE', ( #2851, #1069, #2589, #338 ) ) ;
#89 = LINE ( 'NONE', #1907, #2625 ) ;
#90 = CIRCLE ( 'NONE', #2047, 1.999999999999996225 ) ;
#91 = VERTEX_POINT ( 'NONE', #2568 ) ;
#92 = ORIENTED_EDGE ( 'NONE', *, *, #1943, .T. ) ;
#93 = DIRECTION ( 'NONE',  ( -0.000000000000000000, 1.000000000000000000, -0.000000000000000000 ) ) ;
#94 = AXIS2_PLACEMENT_3D ( 'NONE', #1901, #291, #2220 ) ;
#95 = FACE_OUTER_BOUND ( 'NONE', #1699, .T. ) ;
#96 = CYLINDRICAL_SURFACE ( 'NONE', #1175, 1.499999999999997780 ) ;
#97 = CARTESIAN_POINT ( 'NONE',  ( -127.5000000000000000, 0.000000000000000000, -8.686827961951888362E-15 ) ) ;
#98 = ADVANCED_FACE ( 'NONE', ( #1776 ), #946, .F. ) ;
#99 = EDGE_LOOP ( 'NONE', ( #11, #2763, #2191, #87 ) ) ;
#100 = CYLINDRICAL_SURFACE ( 'NONE', #2937, 1.000000000000000888 ) ;
#101 = LINE ( 'NONE', #1217, #1261 ) ;
#102 = DIRECTION ( 'NONE',  ( 0.000000000000000000, 1.000000000000000000, 0.000000000000000000 ) ) ;
#103 = CARTESIAN_POINT ( 'NONE',  ( -127.5000000000000000, 6.000000000000000000, 20.00000000000000000 ) ) ;
#104 = EDGE_CURVE ( 'NONE', #2685, #2181, #2801, .T. ) ;
#105 = EDGE_LOOP ( 'NONE', ( #1995, #239 ) ) ;
#106 = CARTESIAN_POINT ( 'NONE',  ( -248.9999999999998863, 6.000000000000000000, -5.000000000000000000 ) ) ;
#107 = DIRECTION ( 'NONE',  ( -0.000000000000000000, -1.000000000000000000, -0.000000000000000000 ) ) ;
#108 = ORIENTED_EDGE ( 'NONE', *, *, #1552, .T. ) ;
#109 = EDGE_LOOP ( 'NONE', ( #1748, #2013, #1669, #3087 ) ) ;
#110 = EDGE_CURVE ( 'NONE', #533, #1906, #1259, .T. ) ;
#111 = AXIS2_PLACEMENT_3D ( 'NONE', #3090, #156, #2530 ) ;
#112 = VECTOR ( 'NONE', #1893, 1000.000000000000000 ) ;
#113 = DIRECTION ( 'NONE',  ( -0.000000000000000000, -1.000000000000000000, 0.000000000000000000 ) ) ;
#114 = VECTOR ( 'NONE', #1347, 1000.000000000000000 ) ;
#115 = CARTESIAN_POINT ( 'NONE',  ( -199.8299527773968691, -20.00000000000000355, -21.58999999746103526 ) ) ;
#116 = ORIENTED_EDGE ( 'NONE', *, *, #2053, .T. ) ;
#117 = DIRECTION ( 'NONE',  ( -1.000000000000000000, -0.000000000000000000, 1.156482317317871478E-16 ) ) ;
#118 = DIRECTION ( 'NONE',  ( -0.000000000000000000, 1.000000000000000000, -0.000000000000000000 ) ) ;
#119 = CARTESIAN_POINT ( 'NONE',  ( -115.9956194951312654, -20.00000000000000355, 23.49999999999999645 ) ) ;
#120 = DIRECTION ( 'NONE',  ( 0.000000000000000000, 0.000000000000000000, 1.000000000000000000 ) ) ;
#121 = VECTOR ( 'NONE', #2822, 1000.000000000000000 ) ;
#122 = EDGE_LOOP ( 'NONE', ( #3050, #2536, #2715, #247 ) ) ;
#123 = CARTESIAN_POINT ( 'NONE',  ( -115.9956194951312654, -20.00000000000000355, 13.99999999999999822 ) ) ;
#124 = DIRECTION ( 'NONE',  ( -0.000000000000000000, 1.000000000000000000, -0.000000000000000000 ) ) ;
#125 = LINE ( 'NONE', #891, #900 ) ;
#126 = EDGE_CURVE ( 'NONE', #2804, #3380, #2325, .T. ) ;
#127 = EDGE_CURVE ( 'NONE', #2717, #2633, #1988, .T. ) ;
#128 = ORIENTED_EDGE ( 'NONE', *, *, #2799, .T. ) ;
#129 = AXIS2_PLACEMENT_3D ( 'NONE', #2131, #1864, #1496 ) ;
#130 = VERTEX_POINT ( 'NONE', #463 ) ;
#131 = PLANE ( 'NONE',  #1792 ) ;
#132 = AXIS2_PLACEMENT_3D ( 'NONE', #3413, #2590, #971 ) ;
#133 = EDGE_CURVE ( 'NONE', #2429, #1635, #147, .T. ) ;
#134 = DIRECTION ( 'NONE',  ( 0.000000000000000000, 0.000000000000000000, -1.000000000000000000 ) ) ;
#135 = DIRECTION ( 'NONE',  ( -0.000000000000000000, 1.000000000000000000, -0.000000000000000000 ) ) ;
#136 = VERTEX_POINT ( 'NONE', #3160 ) ;
#137 = DIRECTION ( 'NONE',  ( 0.000000000000000000, 0.000000000000000000, -1.000000000000000000 ) ) ;
#138 = DIRECTION ( 'NONE',  ( 0.000000000000000000, 0.000000000000000000, 1.000000000000000000 ) ) ;
#139 = LINE ( 'NONE', #688, #1334 ) ;
#140 = EDGE_CURVE ( 'NONE', #298, #761, #1537, .T. ) ;
#141 = EDGE_LOOP ( 'NONE', ( #1718, #3367, #519, #1283 ) ) ;
#142 = DIRECTION ( 'NONE',  ( -0.000000000000000000, -1.000000000000000000, 0.000000000000000000 ) ) ;
#143 = CIRCLE ( 'NONE', #636, 1.499999999999997780 ) ;
#144 = ORIENTED_EDGE ( 'NONE', *, *, #2246, .F. ) ;
#145 = ORIENTED_EDGE ( 'NONE', *, *, #1747, .T. ) ;
#146 = CARTESIAN_POINT ( 'NONE',  ( -200.2499999999998295, -20.00000000000000355, 5.000000000000000000 ) ) ;
#147 = CIRCLE ( 'NONE', #2543, 1.499999999999997780 ) ;
#148 = EDGE_CURVE ( 'NONE', #1635, #2429, #698, .T. ) ;
#149 = VECTOR ( 'NONE', #273, 1000.000000000000000 ) ;
#150 = CYLINDRICAL_SURFACE ( 'NONE', #439, 1.499999999999997780 ) ;
#151 = DIRECTION ( 'NONE',  ( 0.000000000000000000, 0.000000000000000000, 1.000000000000000000 ) ) ;
#152 = ORIENTED_EDGE ( 'NONE', *, *, #2030, .F. ) ;
#153 = CARTESIAN_POINT ( 'NONE',  ( -153.5000000000000000, -20.00000000000000355, 20.00000000000000000 ) ) ;
#154 = CYLINDRICAL_SURFACE ( 'NONE', #1205, 1.999999999999996225 ) ;
#155 = CYLINDRICAL_SURFACE ( 'NONE', #2182, 1.499999999999997780 ) ;
#156 = DIRECTION ( 'NONE',  ( 0.000000000000000000, 1.000000000000000000, 0.000000000000000000 ) ) ;
#157 = AXIS2_PLACEMENT_3D ( 'NONE', #2291, #427, #1503 ) ;
#158 = EDGE_CURVE ( 'NONE', #742, #3286, #2372, .T. ) ;
#159 = ORIENTED_EDGE ( 'NONE', *, *, #1087, .T. ) ;
#160 = FACE_BOUND ( 'NONE', #2118, .T. ) ;
#161 = ORIENTED_EDGE ( 'NONE', *, *, #3154, .F. ) ;
#162 = ORIENTED_EDGE ( 'NONE', *, *, #1352, .F. ) ;
#163 = AXIS2_PLACEMENT_3D ( 'NONE', #2126, #792, #2927 ) ;
#164 = ADVANCED_FACE ( 'NONE', ( #1012 ), #1255, .F. ) ;
#165 = DIRECTION ( 'NONE',  ( -0.000000000000000000, -1.000000000000000000, 0.000000000000000000 ) ) ;
#166 = CIRCLE ( 'NONE', #2117, 1.499999999999997780 ) ;
#167 = EDGE_CURVE ( 'NONE', #91, #2810, #2616, .T. ) ;
#168 = ADVANCED_FACE ( 'NONE', ( #1046 ), #1029, .F. ) ;
#169 = CIRCLE ( 'NONE', #2120, 1.499999999999997780 ) ;
#170 = AXIS2_PLACEMENT_3D ( 'NONE', #762, #1036, #3442 ) ;
#171 = EDGE_LOOP ( 'NONE', ( #3297, #1681 ) ) ;
#172 = AXIS2_PLACEMENT_3D ( 'NONE', #46, #66, #855 ) ;
#173 = DIRECTION ( 'NONE',  ( -0.000000000000000000, -1.000000000000000000, 0.000000000000000000 ) ) ;
#174 = LINE ( 'NONE', #2513, #1872 ) ;
#175 = DIRECTION ( 'NONE',  ( -0.000000000000000000, 1.000000000000000000, -0.000000000000000000 ) ) ;
#176 = AXIS2_PLACEMENT_3D ( 'NONE', #181, #2278, #1242 ) ;
#177 = ORIENTED_EDGE ( 'NONE', *, *, #1980, .F. ) ;
#178 = EDGE_CURVE ( 'NONE', #2390, #3410, #1270, .T. ) ;
#179 = FACE_BOUND ( 'NONE', #1789, .T. ) ;
#180 = DIRECTION ( 'NONE',  ( -1.000000000000000000, 0.000000000000000000, 3.469446951953611231E-16 ) ) ;
#181 = CARTESIAN_POINT ( 'NONE',  ( -200.2499999999998295, 0.000000000000000000, -4.999999999999999112 ) ) ;
#182 = VERTEX_POINT ( 'NONE', #1586 ) ;
#183 = ORIENTED_EDGE ( 'NONE', *, *, #3347, .T. ) ;
#184 = CARTESIAN_POINT ( 'NONE',  ( -173.2500000000000284, -20.00000000000000355, -21.58999999999999986 ) ) ;
#185 = AXIS2_PLACEMENT_3D ( 'NONE', #2196, #3279, #861 ) ;
#186 = ADVANCED_FACE ( 'NONE', ( #3209 ), #2344, .F. ) ;
#187 = CARTESIAN_POINT ( 'NONE',  ( -248.9999999999998863, 6.000000000000000000, -3.000000000000003997 ) ) ;
#188 = CIRCLE ( 'NONE', #3434, 1.499999999999997780 ) ;
#189 = CARTESIAN_POINT ( 'NONE',  ( -123.9666666666666401, 6.000000000000000000, 27.89999999999999503 ) ) ;
#190 = EDGE_CURVE ( 'NONE', #2340, #2567, #240, .T. ) ;
#191 = ORIENTED_EDGE ( 'NONE', *, *, #133, .T. ) ;
#192 = CYLINDRICAL_SURFACE ( 'NONE', #1262, 1.499999999999997780 ) ;
#193 = CARTESIAN_POINT ( 'NONE',  ( -115.9956194951312654, 6.000000000000000000, -20.50000000000000000 ) ) ;
#194 = ADVANCED_FACE ( 'NONE', ( #478 ), #2112, .F. ) ;
#195 = ORIENTED_EDGE ( 'NONE', *, *, #1461, .T. ) ;
#196 = CARTESIAN_POINT ( 'NONE',  ( -114.5000000000000142, 0.000000000000000000, -5.000000000000000888 ) ) ;
#197 = ORIENTED_EDGE ( 'NONE', *, *, #23, .F. ) ;
#198 = ORIENTED_EDGE ( 'NONE', *, *, #1023, .F. ) ;
#199 = CARTESIAN_POINT ( 'NONE',  ( -123.0000000000000000, 6.000000000000000000, 8.999999999999998224 ) ) ;
#200 = AXIS2_PLACEMENT_3D ( 'NONE', #2273, #2308, #924 ) ;
#201 = ORIENTED_EDGE ( 'NONE', *, *, #806, .T. ) ;
#202 = CARTESIAN_POINT ( 'NONE',  ( -149.9666666666666686, 0.000000000000000000, -8.686827961951888362E-15 ) ) ;
#203 = ORIENTED_EDGE ( 'NONE', *, *, #1657, .F. ) ;
#204 = DIRECTION ( 'NONE',  ( -0.000000000000000000, 1.000000000000000000, -0.000000000000000000 ) ) ;
#205 = VECTOR ( 'NONE', #408, 1000.000000000000000 ) ;
#206 = ORIENTED_EDGE ( 'NONE', *, *, #892, .T. ) ;
#207 = DIRECTION ( 'NONE',  ( -0.000000000000000000, 1.000000000000000000, -0.000000000000000000 ) ) ;
#208 = DIRECTION ( 'NONE',  ( -1.000000000000000000, 0.000000000000000000, -0.000000000000000000 ) ) ;
#209 = DIRECTION ( 'NONE',  ( 0.000000000000000000, 0.000000000000000000, -1.000000000000000000 ) ) ;
#210 = EDGE_CURVE ( 'NONE', #1375, #744, #2044, .T. ) ;
#211 = ADVANCED_FACE ( 'NONE', ( #1522 ), #996, .F. ) ;
#212 = EDGE_LOOP ( 'NONE', ( #2870, #1631, #260, #1260 ) ) ;
#213 = VERTEX_POINT ( 'NONE', #725 ) ;
#214 = DIRECTION ( 'NONE',  ( -0.000000000000000000, 1.000000000000000000, -0.000000000000000000 ) ) ;
#215 = VERTEX_POINT ( 'NONE', #1290 ) ;
#216 = CARTESIAN_POINT ( 'NONE',  ( -173.2500000000000284, 6.000000000000000000, 21.58999999999999986 ) ) ;
#217 = LINE ( 'NONE', #2628, #1356 ) ;
#218 = ORIENTED_EDGE ( 'NONE', *, *, #2198, .T. ) ;
#219 = DIRECTION ( 'NONE',  ( 4.476705744456278510E-15, 0.000000000000000000, -1.000000000000000000 ) ) ;
#220 = CARTESIAN_POINT ( 'NONE',  ( -173.2500000000000284, 6.000000000000000000, -20.09000000000000341 ) ) ;
#221 = CARTESIAN_POINT ( 'NONE',  ( -115.9956194951312654, -20.00000000000000355, 20.50000000000000000 ) ) ;
#222 = VECTOR ( 'NONE', #2913, 1000.000000000000000 ) ;
#223 = AXIS2_PLACEMENT_3D ( 'NONE', #779, #1272, #1848 ) ;
#224 = ORIENTED_EDGE ( 'NONE', *, *, #2954, .F. ) ;
#225 = DIRECTION ( 'NONE',  ( 0.000000000000000000, 0.000000000000000000, 1.000000000000000000 ) ) ;
#226 = CARTESIAN_POINT ( 'NONE',  ( -115.9956194951312654, 6.000000000000000000, 23.49999999999999645 ) ) ;
#227 = VERTEX_POINT ( 'NONE', #1794 ) ;
#228 = ORIENTED_EDGE ( 'NONE', *, *, #2053, .F. ) ;
#229 = EDGE_CURVE ( 'NONE', #2671, #895, #930, .T. ) ;
#230 = CARTESIAN_POINT ( 'NONE',  ( -203.6249999999998579, 6.000000000000000000, -11.00000000000000000 ) ) ;
#231 = ORIENTED_EDGE ( 'NONE', *, *, #2311, .F. ) ;
#232 = ADVANCED_FACE ( 'NONE', ( #852 ), #601, .F. ) ;
#233 = LINE ( 'NONE', #1279, #8 ) ;
#234 = DIRECTION ( 'NONE',  ( 0.000000000000000000, 0.000000000000000000, -1.000000000000000000 ) ) ;
#235 = APPLICATION_CONTEXT ( 'automotive_design' ) ;
#236 = CIRCLE ( 'NONE', #1575, 1.499999999999996891 ) ;
#237 = DIRECTION ( 'NONE',  ( 0.000000000000000000, 0.000000000000000000, -1.000000000000000000 ) ) ;
#238 = CARTESIAN_POINT ( 'NONE',  ( -121.0666666666666629, 6.000000000000000000, -28.00000000000001776 ) ) ;
#239 = ORIENTED_EDGE ( 'NONE', *, *, #2086, .F. ) ;
#240 = LINE ( 'NONE', #256, #2323 ) ;
#241 = CARTESIAN_POINT ( 'NONE',  ( -120.3503273626567562, 6.000000000000000000, -31.00000000000001421 ) ) ;
#242 = CARTESIAN_POINT ( 'NONE',  ( -150.9666666666666686, 0.000000000000000000, -31.00000000000001066 ) ) ;
#243 = DIRECTION ( 'NONE',  ( 0.000000000000000000, 0.000000000000000000, -1.000000000000000000 ) ) ;
#244 = AXIS2_PLACEMENT_3D ( 'NONE', #1607, #2934, #2391 ) ;
#245 = EDGE_CURVE ( 'NONE', #558, #3130, #2931, .T. ) ;
#246 = VERTEX_POINT ( 'NONE', #2744 ) ;
#247 = ORIENTED_EDGE ( 'NONE', *, *, #1109, .T. ) ;
#248 = DIRECTION ( 'NONE',  ( 0.000000000000000000, 0.000000000000000000, -1.000000000000000000 ) ) ;
#249 = VERTEX_POINT ( 'NONE', #24 ) ;
#250 = CARTESIAN_POINT ( 'NONE',  ( -153.5000000000000000, 6.000000000000000000, -20.00000000000000000 ) ) ;
#251 = EDGE_CURVE ( 'NONE', #1472, #559, #1435, .T. ) ;
#252 = LINE ( 'NONE', #1857, #2015 ) ;
#253 = CARTESIAN_POINT ( 'NONE',  ( -120.3503273626567562, 6.000000000000000000, -30.00000000000001421 ) ) ;
#254 = VECTOR ( 'NONE', #2277, 1000.000000000000000 ) ;
#255 = ORIENTED_EDGE ( 'NONE', *, *, #1530, .T. ) ;
#256 = CARTESIAN_POINT ( 'NONE',  ( -158.0000000000000000, -20.00000000000000355, -10.49999999999975486 ) ) ;
#257 = CARTESIAN_POINT ( 'NONE',  ( -123.0000000000000000, -20.00000000000000355, -10.49999999999999822 ) ) ;
#258 = AXIS2_PLACEMENT_3D ( 'NONE', #1709, #1485, #686 ) ;
#259 = FACE_OUTER_BOUND ( 'NONE', #122, .T. ) ;
#260 = ORIENTED_EDGE ( 'NONE', *, *, #1516, .T. ) ;
#261 = ORIENTED_EDGE ( 'NONE', *, *, #1425, .F. ) ;
#262 = DIRECTION ( 'NONE',  ( 0.000000000000000000, 0.000000000000000000, 1.000000000000000000 ) ) ;
#263 = VERTEX_POINT ( 'NONE', #2990 ) ;
#264 = PLANE ( 'NONE',  #1566 ) ;
#265 = CARTESIAN_POINT ( 'NONE',  ( -149.9666666666666686, 0.000000000000000000, -8.686827961951888362E-15 ) ) ;
#266 = CARTESIAN_POINT ( 'NONE',  ( -132.9666666666666401, 6.000000000000000000, 30.00000000000002132 ) ) ;
#267 = EDGE_CURVE ( 'NONE', #3387, #815, #44, .T. ) ;
#268 = EDGE_CURVE ( 'NONE', #1645, #2657, #2773, .T. ) ;
#269 = DIRECTION ( 'NONE',  ( 0.000000000000000000, 1.000000000000000000, -0.000000000000000000 ) ) ;
#270 = EDGE_LOOP ( 'NONE', ( #2981, #2916 ) ) ;
#271 = CARTESIAN_POINT ( 'NONE',  ( -123.9666666666666544, 0.000000000000000000, -30.00000000000001066 ) ) ;
#272 = ORIENTED_EDGE ( 'NONE', *, *, #2508, .F. ) ;
#273 = DIRECTION ( 'NONE',  ( -0.000000000000000000, -1.000000000000000000, -0.000000000000000000 ) ) ;
#274 = DIRECTION ( 'NONE',  ( 0.000000000000000000, 0.000000000000000000, 1.000000000000000000 ) ) ;
#275 = CARTESIAN_POINT ( 'NONE',  ( -248.9999999999998863, -20.00000000000000355, -3.000000000000003997 ) ) ;
#276 = DIRECTION ( 'NONE',  ( -0.000000000000000000, -1.000000000000000000, -0.000000000000000000 ) ) ;
#277 = ORIENTED_EDGE ( 'NONE', *, *, #268, .T. ) ;
#278 = ORIENTED_EDGE ( 'NONE', *, *, #31, .F. ) ;
#279 = AXIS2_PLACEMENT_3D ( 'NONE', #507, #2265, #1478 ) ;
#280 = ORIENTED_EDGE ( 'NONE', *, *, #158, .T. ) ;
#281 = ORIENTED_EDGE ( 'NONE', *, *, #955, .F. ) ;
#282 = DIRECTION ( 'NONE',  ( -0.000000000000000000, -1.000000000000000000, 0.000000000000000000 ) ) ;
#283 = DIRECTION ( 'NONE',  ( -0.000000000000000000, 1.000000000000000000, -0.000000000000000000 ) ) ;
#284 = EDGE_CURVE ( 'NONE', #815, #932, #1902, .T. ) ;
#285 = FACE_OUTER_BOUND ( 'NONE', #485, .T. ) ;
#286 = ORIENTED_EDGE ( 'NONE', *, *, #1596, .F. ) ;
#287 = DIRECTION ( 'NONE',  ( -0.000000000000000000, 1.000000000000000000, -0.000000000000000000 ) ) ;
#288 = ADVANCED_FACE ( 'NONE', ( #1079 ), #816, .F. ) ;
#289 = CIRCLE ( 'NONE', #2579, 1.499999999999997780 ) ;
#290 = VERTEX_POINT ( 'NONE', #1415 ) ;
#291 = DIRECTION ( 'NONE',  ( 0.000000000000000000, 0.000000000000000000, 1.000000000000000000 ) ) ;
#292 = DIRECTION ( 'NONE',  ( 0.000000000000000000, 0.000000000000000000, 1.000000000000000000 ) ) ;
#293 = LINE ( 'NONE', #2423, #2235 ) ;
#294 = CARTESIAN_POINT ( 'NONE',  ( -200.2499999999998295, 6.000000000000000000, -4.999999999999999112 ) ) ;
#295 = CARTESIAN_POINT ( 'NONE',  ( -138.9666666666666686, -20.00000000000000355, 30.00000000000002132 ) ) ;
#296 = VECTOR ( 'NONE', #1986, 1000.000000000000000 ) ;
#297 = EDGE_CURVE ( 'NONE', #3072, #3120, #3304, .T. ) ;
#298 = VERTEX_POINT ( 'NONE', #2146 ) ;
#299 = LINE ( 'NONE', #3216, #2261 ) ;
#300 = DIRECTION ( 'NONE',  ( -0.000000000000000000, 1.000000000000000000, -0.000000000000000000 ) ) ;
#301 = VECTOR ( 'NONE', #2692, 1000.000000000000000 ) ;
#302 = VERTEX_POINT ( 'NONE', #1671 ) ;
#303 = ORIENTED_EDGE ( 'NONE', *, *, #2985, .F. ) ;
#304 = FACE_BOUND ( 'NONE', #2986, .T. ) ;
#305 = CARTESIAN_POINT ( 'NONE',  ( -150.9666666666666686, 5.999999999999998224, -30.00000000000001066 ) ) ;
#306 = ORIENTED_EDGE ( 'NONE', *, *, #763, .T. ) ;
#307 = PLANE ( 'NONE',  #1958 ) ;
#308 = EDGE_LOOP ( 'NONE', ( #2214, #599 ) ) ;
#309 = CARTESIAN_POINT ( 'NONE',  ( -115.9956194951312654, 0.000000000000000000, -13.99999999999999822 ) ) ;
#310 = DIRECTION ( 'NONE',  ( 0.000000000000000000, 0.000000000000000000, -1.000000000000000000 ) ) ;
#311 =( NAMED_UNIT ( * ) SI_UNIT ( $, .STERADIAN. ) SOLID_ANGLE_UNIT ( ) );
#312 = FACE_OUTER_BOUND ( 'NONE', #1843, .T. ) ;
#313 = CARTESIAN_POINT ( 'NONE',  ( -158.0000000000000000, 0.000000000000000000, -10.49999999999975486 ) ) ;
#314 = EDGE_LOOP ( 'NONE', ( #3151, #32, #2343, #197 ) ) ;
#315 = VECTOR ( 'NONE', #395, 1000.000000000000000 ) ;
#316 = ORIENTED_EDGE ( 'NONE', *, *, #1747, .F. ) ;
#317 = EDGE_CURVE ( 'NONE', #1736, #1531, #1994, .T. ) ;
#318 = ADVANCED_FACE ( 'NONE', ( #1602 ), #3288, .F. ) ;
#319 = EDGE_LOOP ( 'NONE', ( #724, #709, #643, #2652 ) ) ;
#320 = ORIENTED_EDGE ( 'NONE', *, *, #2740, .T. ) ;
#321 = FACE_BOUND ( 'NONE', #105, .T. ) ;
#322 = ORIENTED_EDGE ( 'NONE', *, *, #133, .F. ) ;
#323 = CARTESIAN_POINT ( 'NONE',  ( -121.0666666666666629, -20.00000000000000355, -28.00000000000001776 ) ) ;
#324 = ORIENTED_EDGE ( 'NONE', *, *, #2106, .T. ) ;
#325 = LINE ( 'NONE', #1379, #750 ) ;
#326 = CARTESIAN_POINT ( 'NONE',  ( -149.9666666666666686, -20.00000000000000355, -27.89999999999999503 ) ) ;
#327 = DIRECTION ( 'NONE',  ( 0.000000000000000000, 0.000000000000000000, -1.000000000000000000 ) ) ;
#328 = DIRECTION ( 'NONE',  ( 0.000000000000000000, 1.000000000000000000, -0.000000000000000000 ) ) ;
#329 = DIRECTION ( 'NONE',  ( 0.000000000000000000, 0.000000000000000000, -1.000000000000000000 ) ) ;
#330 = EDGE_LOOP ( 'NONE', ( #1166, #2510 ) ) ;
#331 = LINE ( 'NONE', #71, #2202 ) ;
#332 = ORIENTED_EDGE ( 'NONE', *, *, #1896, .T. ) ;
#333 = DIRECTION ( 'NONE',  ( -1.000000000000000000, 0.000000000000000000, -0.000000000000000000 ) ) ;
#334 = ADVANCED_FACE ( 'NONE', ( #581 ), #2443, .F. ) ;
#335 = EDGE_CURVE ( 'NONE', #1453, #815, #3002, .T. ) ;
#336 = AXIS2_PLACEMENT_3D ( 'NONE', #804, #2655, #2853 ) ;
#337 = ORIENTED_EDGE ( 'NONE', *, *, #2189, .F. ) ;
#338 = ORIENTED_EDGE ( 'NONE', *, *, #2106, .F. ) ;
#339 = DIRECTION ( 'NONE',  ( -0.000000000000000000, 0.000000000000000000, -1.000000000000000000 ) ) ;
#340 = CIRCLE ( 'NONE', #2850, 1.499999999999997780 ) ;
#341 = EDGE_CURVE ( 'NONE', #2039, #2814, #1158, .T. ) ;
#342 = CARTESIAN_POINT ( 'NONE',  ( -115.9956194951312654, 6.000000000000000000, 13.99999999999999822 ) ) ;
#343 = CARTESIAN_POINT ( 'NONE',  ( -115.9956194951312654, 6.000000000000000000, 13.99999999999999822 ) ) ;
#344 = EDGE_LOOP ( 'NONE', ( #3457, #3311 ) ) ;
#345 = AXIS2_PLACEMENT_3D ( 'NONE', #3003, #339, #1719 ) ;
#346 = CARTESIAN_POINT ( 'NONE',  ( -199.8299527773968691, 0.000000000000000000, 20.08999999746103882 ) ) ;
#347 = DIRECTION ( 'NONE',  ( 0.000000000000000000, 1.000000000000000000, -0.000000000000000000 ) ) ;
#348 = DIRECTION ( 'NONE',  ( 0.000000000000000000, 0.000000000000000000, 1.000000000000000000 ) ) ;
#349 = DIRECTION ( 'NONE',  ( 0.000000000000000000, 1.000000000000000000, -0.000000000000000000 ) ) ;
#350 = ORIENTED_EDGE ( 'NONE', *, *, #3034, .F. ) ;
#351 = ORIENTED_EDGE ( 'NONE', *, *, #1267, .T. ) ;
#352 = DIRECTION ( 'NONE',  ( 0.000000000000000000, 0.000000000000000000, -1.000000000000000000 ) ) ;
#353 = VECTOR ( 'NONE', #714, 1000.000000000000000 ) ;
#354 = ORIENTED_EDGE ( 'NONE', *, *, #2158, .F. ) ;
#355 = EDGE_LOOP ( 'NONE', ( #128, #1136, #1116, #628 ) ) ;
#356 = FACE_OUTER_BOUND ( 'NONE', #1628, .T. ) ;
#357 = LINE ( 'NONE', #2282, #2566 ) ;
#358 = EDGE_CURVE ( 'NONE', #2279, #2484, #699, .T. ) ;
#359 = LINE ( 'NONE', #2792, #3135 ) ;
#360 = EDGE_LOOP ( 'NONE', ( #337, #1145, #1818, #2236 ) ) ;
#361 = DIRECTION ( 'NONE',  ( 0.000000000000000000, 0.000000000000000000, 1.000000000000000000 ) ) ;
#362 = DIRECTION ( 'NONE',  ( 0.000000000000000000, -1.000000000000000000, 0.000000000000000000 ) ) ;
#363 = FACE_OUTER_BOUND ( 'NONE', #2498, .T. ) ;
#364 = DIRECTION ( 'NONE',  ( -0.000000000000000000, 1.000000000000000000, -0.000000000000000000 ) ) ;
#365 = AXIS2_PLACEMENT_3D ( 'NONE', #1547, #1564, #772 ) ;
#366 = EDGE_LOOP ( 'NONE', ( #2714, #144 ) ) ;
#367 = ADVANCED_FACE ( 'NONE', ( #2721 ), #1397, .T. ) ;
#368 = CARTESIAN_POINT ( 'NONE',  ( -115.9956194951312654, 0.000000000000000000, 20.50000000000000000 ) ) ;
#369 = CIRCLE ( 'NONE', #28, 1.999999999999996669 ) ;
#370 = CIRCLE ( 'NONE', #2327, 1.499999999999996891 ) ;
#371 = ORIENTED_EDGE ( 'NONE', *, *, #2865, .F. ) ;
#372 = EDGE_LOOP ( 'NONE', ( #2982, #3185 ) ) ;
#373 = FACE_OUTER_BOUND ( 'NONE', #611, .T. ) ;
#374 = AXIS2_PLACEMENT_3D ( 'NONE', #2840, #237, #2288 ) ;
#375 = DIRECTION ( 'NONE',  ( 0.000000000000000000, 1.000000000000000000, 0.000000000000000000 ) ) ;
#376 = FACE_OUTER_BOUND ( 'NONE', #737, .T. ) ;
#377 = EDGE_CURVE ( 'NONE', #3396, #1520, #2463, .T. ) ;
#378 = ORIENTED_EDGE ( 'NONE', *, *, #1637, .T. ) ;
#379 = CARTESIAN_POINT ( 'NONE',  ( -149.9666666666666686, -20.00000000000000355, 30.99999999999999289 ) ) ;
#380 = CARTESIAN_POINT ( 'NONE',  ( -248.9999999999998295, 6.000000000000000000, 6.999999999999995559 ) ) ;
#381 = PRESENTATION_STYLE_ASSIGNMENT (( #2480 ) ) ;
#382 = DIRECTION ( 'NONE',  ( 0.000000000000000000, 0.000000000000000000, -1.000000000000000000 ) ) ;
#383 = VECTOR ( 'NONE', #2706, 1000.000000000000000 ) ;
#384 = ORIENTED_EDGE ( 'NONE', *, *, #3332, .T. ) ;
#385 = EDGE_CURVE ( 'NONE', #964, #2665, #3355, .T. ) ;
#386 = VERTEX_POINT ( 'NONE', #2256 ) ;
#387 = ORIENTED_EDGE ( 'NONE', *, *, #3150, .T. ) ;
#388 = CARTESIAN_POINT ( 'NONE',  ( -149.9666666666666686, -20.00000000000000355, 27.89999999999999503 ) ) ;
#389 = VECTOR ( 'NONE', #1195, 1000.000000000000000 ) ;
#390 = LINE ( 'NONE', #3300, #3473 ) ;
#391 = CIRCLE ( 'NONE', #1179, 1.499999999999997780 ) ;
#392 = CARTESIAN_POINT ( 'NONE',  ( -163.2500000000000000, -20.00000000000000355, 20.09000000000000341 ) ) ;
#393 = EDGE_LOOP ( 'NONE', ( #1610, #1495, #637, #2886 ) ) ;
#394 = CARTESIAN_POINT ( 'NONE',  ( -127.5000000000000000, -20.00000000000000355, 20.00000000000000000 ) ) ;
#395 = DIRECTION ( 'NONE',  ( -0.000000000000000000, 1.000000000000000000, -0.000000000000000000 ) ) ;
#396 = DIRECTION ( 'NONE',  ( 1.156482317317871478E-16, -0.000000000000000000, 1.000000000000000000 ) ) ;
#397 = DIRECTION ( 'NONE',  ( 0.000000000000000000, 1.000000000000000000, -0.000000000000000000 ) ) ;
#398 = ORIENTED_EDGE ( 'NONE', *, *, #385, .T. ) ;
#399 = CIRCLE ( 'NONE', #2807, 1.499999999999997780 ) ;
#400 = EDGE_CURVE ( 'NONE', #2194, #1520, #985, .T. ) ;
#401 = ORIENTED_EDGE ( 'NONE', *, *, #2918, .F. ) ;
#402 = ORIENTED_EDGE ( 'NONE', *, *, #3190, .T. ) ;
#403 = VECTOR ( 'NONE', #422, 1000.000000000000000 ) ;
#404 = EDGE_CURVE ( 'NONE', #1293, #1408, #101, .T. ) ;
#405 = CARTESIAN_POINT ( 'NONE',  ( -122.9666666666666544, 0.000000000000000000, 30.00000000000002487 ) ) ;
#406 = LINE ( 'NONE', #2023, #1796 ) ;
#407 = EDGE_LOOP ( 'NONE', ( #3093, #3344, #874, #471 ) ) ;
#408 = DIRECTION ( 'NONE',  ( -1.000000000000000000, 0.000000000000000000, -3.469446951953611231E-16 ) ) ;
#409 = DIRECTION ( 'NONE',  ( -0.000000000000000000, -1.000000000000000000, 0.000000000000000000 ) ) ;
#410 = FACE_OUTER_BOUND ( 'NONE', #1402, .T. ) ;
#411 = DIRECTION ( 'NONE',  ( -0.000000000000000000, 1.000000000000000000, -0.000000000000000000 ) ) ;
#412 = ORIENTED_EDGE ( 'NONE', *, *, #2042, .F. ) ;
#413 = FACE_BOUND ( 'NONE', #2607, .T. ) ;
#414 = LINE ( 'NONE', #1174, #1127 ) ;
#415 = ORIENTED_EDGE ( 'NONE', *, *, #649, .T. ) ;
#416 = EDGE_CURVE ( 'NONE', #744, #2421, #2795, .T. ) ;
#417 = ORIENTED_EDGE ( 'NONE', *, *, #2918, .T. ) ;
#418 = ADVANCED_FACE ( 'NONE', ( #1975 ), #3338, .F. ) ;
#419 = DIRECTION ( 'NONE',  ( -1.000000000000000000, 0.000000000000000000, 0.000000000000000000 ) ) ;
#420 = PLANE ( 'NONE',  #129 ) ;
#421 = AXIS2_PLACEMENT_3D ( 'NONE', #1827, #207, #777 ) ;
#422 = DIRECTION ( 'NONE',  ( -0.000000000000000000, 1.000000000000000000, -0.000000000000000000 ) ) ;
#423 = DIRECTION ( 'NONE',  ( 0.000000000000000000, 1.000000000000000000, -0.000000000000000000 ) ) ;
#424 = ORIENTED_EDGE ( 'NONE', *, *, #3306, .T. ) ;
#425 = CARTESIAN_POINT ( 'NONE',  ( -244.0043805048687204, -20.00000000000000355, -13.99999999999999822 ) ) ;
#426 = DIRECTION ( 'NONE',  ( 0.000000000000000000, 1.000000000000000000, -0.000000000000000000 ) ) ;
#427 = DIRECTION ( 'NONE',  ( -0.000000000000000000, -1.000000000000000000, 0.000000000000000000 ) ) ;
#428 = ORIENTED_EDGE ( 'NONE', *, *, #1535, .F. ) ;
#429 = FACE_BOUND ( 'NONE', #1973, .T. ) ;
#430 = LINE ( 'NONE', #2847, #1237 ) ;
#431 = EDGE_LOOP ( 'NONE', ( #1159, #968 ) ) ;
#432 = VERTEX_POINT ( 'NONE', #905 ) ;
#433 = VECTOR ( 'NONE', #17, 1000.000000000000000 ) ;
#434 = LINE ( 'NONE', #1511, #69 ) ;
#435 = EDGE_CURVE ( 'NONE', #61, #2803, #2238, .T. ) ;
#436 = AXIS2_PLACEMENT_3D ( 'NONE', #3108, #3390, #3071 ) ;
#437 = CARTESIAN_POINT ( 'NONE',  ( -149.9666666666666686, 6.000000000000000000, 30.00000000000001776 ) ) ;
#438 = DIRECTION ( 'NONE',  ( 1.000000000000000000, 0.000000000000000000, 2.023844055306275026E-16 ) ) ;
#439 = AXIS2_PLACEMENT_3D ( 'NONE', #1971, #596, #1665 ) ;
#440 = EDGE_CURVE ( 'NONE', #3302, #884, #1502, .T. ) ;
#441 = CIRCLE ( 'NONE', #1512, 1.499999999999997780 ) ;
#442 = EDGE_LOOP ( 'NONE', ( #35, #1676, #2988, #3175 ) ) ;
#443 = VECTOR ( 'NONE', #2514, 1000.000000000000000 ) ;
#444 = DIRECTION ( 'NONE',  ( 0.000000000000000000, 0.000000000000000000, 1.000000000000000000 ) ) ;
#445 = DIRECTION ( 'NONE',  ( 0.000000000000000000, 0.000000000000000000, 1.000000000000000000 ) ) ;
#446 = AXIS2_PLACEMENT_3D ( 'NONE', #2958, #1888, #2694 ) ;
#447 = ORIENTED_EDGE ( 'NONE', *, *, #657, .T. ) ;
#448 = DIRECTION ( 'NONE',  ( -0.000000000000000000, 1.000000000000000000, -0.000000000000000000 ) ) ;
#449 = FACE_OUTER_BOUND ( 'NONE', #1740, .T. ) ;
#450 = DIRECTION ( 'NONE',  ( 0.000000000000000000, 0.000000000000000000, 1.000000000000000000 ) ) ;
#451 = VECTOR ( 'NONE', #1812, 1000.000000000000000 ) ;
#452 = EDGE_LOOP ( 'NONE', ( #2134, #3011, #281, #775 ) ) ;
#453 = LINE ( 'NONE', #484, #3143 ) ;
#454 = DIRECTION ( 'NONE',  ( 0.000000000000000000, 0.000000000000000000, 1.000000000000000000 ) ) ;
#455 = AXIS2_PLACEMENT_3D ( 'NONE', #1587, #2651, #2821 ) ;
#456 = DIRECTION ( 'NONE',  ( 0.000000000000000000, 0.000000000000000000, 1.000000000000000000 ) ) ;
#457 = EDGE_LOOP ( 'NONE', ( #2299, #2335, #554, #277 ) ) ;
#458 = DIRECTION ( 'NONE',  ( -0.000000000000000000, 1.000000000000000000, -0.000000000000000000 ) ) ;
#459 = EDGE_CURVE ( 'NONE', #2031, #3443, #2495, .T. ) ;
#460 = DIRECTION ( 'NONE',  ( 0.000000000000000000, 0.000000000000000000, 1.000000000000000000 ) ) ;
#461 = DIRECTION ( 'NONE',  ( -0.000000000000000000, -1.000000000000000000, 0.000000000000000000 ) ) ;
#462 = VERTEX_POINT ( 'NONE', #3069 ) ;
#463 = CARTESIAN_POINT ( 'NONE',  ( -158.0000000000000000, 0.000000000000000000, 10.50000000000023803 ) ) ;
#464 = CARTESIAN_POINT ( 'NONE',  ( -238.9333333333333371, 0.000000000000000000, -28.00000000000001776 ) ) ;
#465 = ORIENTED_EDGE ( 'NONE', *, *, #2581, .T. ) ;
#466 = VERTEX_POINT ( 'NONE', #3089 ) ;
#467 = LINE ( 'NONE', #784, #50 ) ;
#468 = ORIENTED_EDGE ( 'NONE', *, *, #1134, .F. ) ;
#469 = VECTOR ( 'NONE', #2634, 1000.000000000000000 ) ;
#470 = CARTESIAN_POINT ( 'NONE',  ( -149.9666666666666686, 0.000000000000000000, 27.89999999999999503 ) ) ;
#471 = ORIENTED_EDGE ( 'NONE', *, *, #2329, .T. ) ;
#472 = DIRECTION ( 'NONE',  ( 0.000000000000000000, 1.000000000000000000, 0.000000000000000000 ) ) ;
#473 = LINE ( 'NONE', #2612, #1838 ) ;
#474 = DIRECTION ( 'NONE',  ( 0.000000000000000000, 0.000000000000000000, -1.000000000000000000 ) ) ;
#475 = ADVANCED_FACE ( 'NONE', ( #3052 ), #671, .F. ) ;
#476 = EDGE_CURVE ( 'NONE', #909, #2453, #875, .T. ) ;
#477 = ORIENTED_EDGE ( 'NONE', *, *, #1924, .F. ) ;
#478 = FACE_OUTER_BOUND ( 'NONE', #2531, .T. ) ;
#479 = CARTESIAN_POINT ( 'NONE',  ( -248.9999999999998863, -20.00000000000000355, -6.999999999999995559 ) ) ;
#480 = EDGE_CURVE ( 'NONE', #1386, #249, #1727, .T. ) ;
#481 = VERTEX_POINT ( 'NONE', #380 ) ;
#482 = VECTOR ( 'NONE', #1928, 1000.000000000000000 ) ;
#483 = ORIENTED_EDGE ( 'NONE', *, *, #2283, .T. ) ;
#484 = CARTESIAN_POINT ( 'NONE',  ( -139.9666666666666686, 0.000000000000000000, -8.686827961951888362E-15 ) ) ;
#485 = EDGE_LOOP ( 'NONE', ( #2373, #3405, #2750, #1152 ) ) ;
#486 = CIRCLE ( 'NONE', #2900, 1.499999999999997780 ) ;
#487 = DIRECTION ( 'NONE',  ( -0.000000000000000000, -1.000000000000000000, 0.000000000000000000 ) ) ;
#488 = VECTOR ( 'NONE', #849, 1000.000000000000000 ) ;
#489 = EDGE_CURVE ( 'NONE', #957, #922, #2601, .T. ) ;
#490 = LINE ( 'NONE', #3189, #2538 ) ;
#491 = AXIS2_PLACEMENT_3D ( 'NONE', #1782, #3361, #2554 ) ;
#492 = AXIS2_PLACEMENT_3D ( 'NONE', #2602, #1797, #450 ) ;
#493 = EDGE_LOOP ( 'NONE', ( #1900, #1250, #2415, #1617 ) ) ;
#494 = DIRECTION ( 'NONE',  ( -0.000000000000000000, 1.000000000000000000, -0.000000000000000000 ) ) ;
#495 = CARTESIAN_POINT ( 'NONE',  ( -240.0000000000000000, 6.000000000000000000, -31.00000000000000000 ) ) ;
#496 = DIRECTION ( 'NONE',  ( 0.000000000000000000, 0.000000000000000000, 1.000000000000000000 ) ) ;
#497 = ADVANCED_FACE ( 'NONE', ( #2564 ), #154, .F. ) ;
#498 = VECTOR ( 'NONE', #1204, 1000.000000000000000 ) ;
#499 = EDGE_LOOP ( 'NONE', ( #3235, #1766, #2356, #1184 ) ) ;
#500 = ORIENTED_EDGE ( 'NONE', *, *, #1297, .T. ) ;
#501 = EDGE_CURVE ( 'NONE', #2747, #1465, #3062, .T. ) ;
#502 = AXIS2_PLACEMENT_3D ( 'NONE', #3141, #2898, #3161 ) ;
#503 = ORIENTED_EDGE ( 'NONE', *, *, #2881, .F. ) ;
#504 = AXIS2_PLACEMENT_3D ( 'NONE', #880, #1181, #2231 ) ;
#505 = FACE_BOUND ( 'NONE', #515, .T. ) ;
#506 = EDGE_CURVE ( 'NONE', #1048, #10, #174, .T. ) ;
#507 = CARTESIAN_POINT ( 'NONE',  ( -114.5000000000000142, 6.000000000000000000, 4.999999999999999112 ) ) ;
#508 = CARTESIAN_POINT ( 'NONE',  ( -158.0000000000000000, 6.000000000000000000, -10.49999999999975486 ) ) ;
#509 = ORIENTED_EDGE ( 'NONE', *, *, #763, .F. ) ;
#510 = DIRECTION ( 'NONE',  ( -0.000000000000000000, 1.000000000000000000, -0.000000000000000000 ) ) ;
#511 = DIRECTION ( 'NONE',  ( -0.000000000000000000, 1.000000000000000000, -0.000000000000000000 ) ) ;
#512 = LINE ( 'NONE', #3210, #797 ) ;
#513 = DIRECTION ( 'NONE',  ( 0.000000000000000000, 0.000000000000000000, -1.000000000000000000 ) ) ;
#514 = ORIENTED_EDGE ( 'NONE', *, *, #1661, .T. ) ;
#515 = EDGE_LOOP ( 'NONE', ( #303, #1632 ) ) ;
#516 = DIRECTION ( 'NONE',  ( 0.000000000000000000, 0.000000000000000000, -1.000000000000000000 ) ) ;
#517 = ADVANCED_FACE ( 'NONE', ( #1235 ), #975, .F. ) ;
#518 = EDGE_CURVE ( 'NONE', #3387, #805, #2759, .T. ) ;
#519 = ORIENTED_EDGE ( 'NONE', *, *, #104, .T. ) ;
#520 = FACE_BOUND ( 'NONE', #1707, .T. ) ;
#521 = VECTOR ( 'NONE', #704, 1000.000000000000000 ) ;
#522 = CYLINDRICAL_SURFACE ( 'NONE', #2949, 1.999999999999996225 ) ;
#523 = DIRECTION ( 'NONE',  ( -0.000000000000000000, -1.000000000000000000, 0.000000000000000000 ) ) ;
#524 = LINE ( 'NONE', #3066, #1728 ) ;
#525 = AXIS2_PLACEMENT_3D ( 'NONE', #1936, #2972, #274 ) ;
#526 = EDGE_LOOP ( 'NONE', ( #152, #14 ) ) ;
#527 = CARTESIAN_POINT ( 'NONE',  ( -123.0000000000000000, 0.000000000000000000, 7.500000000000000000 ) ) ;
#528 = CARTESIAN_POINT ( 'NONE',  ( -173.2500000000000284, 6.000000000000000000, -21.58999999999999986 ) ) ;
#529 = DIRECTION ( 'NONE',  ( 0.000000000000000000, 0.000000000000000000, 1.000000000000000000 ) ) ;
#530 = AXIS2_PLACEMENT_3D ( 'NONE', #2512, #458, #1790 ) ;
#531 = CARTESIAN_POINT ( 'NONE',  ( -248.9999999999998295, 6.000000000000000000, 4.999999999999999112 ) ) ;
#532 = DIRECTION ( 'NONE',  ( -0.000000000000000000, -1.000000000000000000, 0.000000000000000000 ) ) ;
#533 = VERTEX_POINT ( 'NONE', #22 ) ;
#534 = ORIENTED_EDGE ( 'NONE', *, *, #489, .F. ) ;
#535 = CYLINDRICAL_SURFACE ( 'NONE', #1678, 1.000000000000000888 ) ;
#536 = EDGE_CURVE ( 'NONE', #432, #1635, #2442, .T. ) ;
#537 = ORIENTED_EDGE ( 'NONE', *, *, #2246, .T. ) ;
#538 = VERTEX_POINT ( 'NONE', #527 ) ;
#539 = FACE_BOUND ( 'NONE', #3379, .T. ) ;
#540 = EDGE_CURVE ( 'NONE', #679, #1909, #1817, .T. ) ;
#541 = EDGE_CURVE ( 'NONE', #2264, #298, #325, .T. ) ;
#542 = DIRECTION ( 'NONE',  ( -4.476705744456278510E-15, -0.000000000000000000, -1.000000000000000000 ) ) ;
#543 = CYLINDRICAL_SURFACE ( 'NONE', #1228, 1.000000000000000888 ) ;
#544 = ORIENTED_EDGE ( 'NONE', *, *, #846, .F. ) ;
#545 = EDGE_CURVE ( 'NONE', #290, #3078, #1363, .T. ) ;
#546 = CARTESIAN_POINT ( 'NONE',  ( -120.3503273626567989, 0.000000000000000000, 30.00000000000002487 ) ) ;
#547 = CIRCLE ( 'NONE', #3464, 39.53333333333334565 ) ;
#548 = ORIENTED_EDGE ( 'NONE', *, *, #284, .T. ) ;
#549 = DIRECTION ( 'NONE',  ( -0.000000000000000000, 1.000000000000000000, -0.000000000000000000 ) ) ;
#550 = CARTESIAN_POINT ( 'NONE',  ( -173.2500000000000284, -20.00000000000000355, -23.08999999999999986 ) ) ;
#551 = CARTESIAN_POINT ( 'NONE',  ( -138.9666666666666686, 0.000000000000000000, 31.00000000000002132 ) ) ;
#552 = CIRCLE ( 'NONE', #2509, 1.499999999999997780 ) ;
#553 = EDGE_LOOP ( 'NONE', ( #2035, #1223, #2472, #2332 ) ) ;
#554 = ORIENTED_EDGE ( 'NONE', *, *, #2856, .T. ) ;
#555 = AXIS2_PLACEMENT_3D ( 'NONE', #1319, #2661, #1683 ) ;
#556 = CARTESIAN_POINT ( 'NONE',  ( -120.3503273626567989, 6.000000000000000000, 30.00000000000002487 ) ) ;
#557 = VECTOR ( 'NONE', #1449, 1000.000000000000000 ) ;
#558 = VERTEX_POINT ( 'NONE', #1100 ) ;
#559 = VERTEX_POINT ( 'NONE', #1344 ) ;
#560 = DIRECTION ( 'NONE',  ( 1.156482317317871478E-16, -0.000000000000000000, 1.000000000000000000 ) ) ;
#561 = ORIENTED_EDGE ( 'NONE', *, *, #2732, .F. ) ;
#562 = DIRECTION ( 'NONE',  ( 1.000000000000000000, 0.000000000000000000, 0.000000000000000000 ) ) ;
#563 = AXIS2_PLACEMENT_3D ( 'NONE', #3386, #3414, #1249 ) ;
#564 = CIRCLE ( 'NONE', #2524, 1.499999999999997780 ) ;
#565 = EDGE_CURVE ( 'NONE', #3336, #215, #370, .T. ) ;
#566 = EDGE_CURVE ( 'NONE', #1644, #61, #2102, .T. ) ;
#567 = ORIENTED_EDGE ( 'NONE', *, *, #1687, .T. ) ;
#568 = DIRECTION ( 'NONE',  ( -0.000000000000000000, 1.000000000000000000, -0.000000000000000000 ) ) ;
#569 = CARTESIAN_POINT ( 'NONE',  ( -132.9666666666666401, 0.000000000000000000, -31.00000000000001421 ) ) ;
#570 = DIRECTION ( 'NONE',  ( 0.000000000000000000, 1.000000000000000000, -0.000000000000000000 ) ) ;
#571 = ORIENTED_EDGE ( 'NONE', *, *, #1452, .F. ) ;
#572 = DIRECTION ( 'NONE',  ( -0.000000000000000000, 1.000000000000000000, 0.000000000000000000 ) ) ;
#573 = VERTEX_POINT ( 'NONE', #1396 ) ;
#574 = ORIENTED_EDGE ( 'NONE', *, *, #1704, .F. ) ;
#575 = ORIENTED_EDGE ( 'NONE', *, *, #335, .T. ) ;
#576 = DIRECTION ( 'NONE',  ( 0.000000000000000000, 0.000000000000000000, -1.000000000000000000 ) ) ;
#577 = AXIS2_PLACEMENT_3D ( 'NONE', #1287, #3448, #3419 ) ;
#578 = ORIENTED_EDGE ( 'NONE', *, *, #3015, .F. ) ;
#579 = DIRECTION ( 'NONE',  ( 0.000000000000000000, 1.000000000000000000, 0.000000000000000000 ) ) ;
#580 = ORIENTED_EDGE ( 'NONE', *, *, #633, .T. ) ;
#581 = FACE_OUTER_BOUND ( 'NONE', #1526, .T. ) ;
#582 =( LENGTH_UNIT ( ) NAMED_UNIT ( * ) SI_UNIT ( .MILLI., .METRE. ) );
#583 = CARTESIAN_POINT ( 'NONE',  ( -123.0000000000000000, 6.000000000000000000, -7.500000000000003553 ) ) ;
#584 = CARTESIAN_POINT ( 'NONE',  ( -115.9956194951312654, 6.000000000000000000, 15.49999999999999645 ) ) ;
#585 = ADVANCED_FACE ( 'NONE', ( #63 ), #851, .F. ) ;
#586 = EDGE_CURVE ( 'NONE', #1909, #2728, #1845, .T. ) ;
#587 = ORIENTED_EDGE ( 'NONE', *, *, #1236, .F. ) ;
#588 = AXIS2_PLACEMENT_3D ( 'NONE', #3250, #83, #2186 ) ;
#589 = DIRECTION ( 'NONE',  ( 0.000000000000000000, 1.000000000000000000, -0.000000000000000000 ) ) ;
#590 = VERTEX_POINT ( 'NONE', #2666 ) ;
#591 = EDGE_CURVE ( 'NONE', #3130, #2377, #2145, .T. ) ;
#592 = VECTOR ( 'NONE', #117, 1000.000000000000000 ) ;
#593 = ORIENTED_EDGE ( 'NONE', *, *, #1093, .F. ) ;
#594 = VERTEX_POINT ( 'NONE', #1622 ) ;
#595 = FACE_OUTER_BOUND ( 'NONE', #499, .T. ) ;
#596 = DIRECTION ( 'NONE',  ( -0.000000000000000000, 1.000000000000000000, -0.000000000000000000 ) ) ;
#597 = ORIENTED_EDGE ( 'NONE', *, *, #873, .F. ) ;
#598 = DIRECTION ( 'NONE',  ( 1.000000000000000000, 0.000000000000000000, 0.000000000000000000 ) ) ;
#599 = ORIENTED_EDGE ( 'NONE', *, *, #1825, .F. ) ;
#600 = CARTESIAN_POINT ( 'NONE',  ( -200.2499999999998295, 0.000000000000000000, 6.999999999999995559 ) ) ;
#601 = CYLINDRICAL_SURFACE ( 'NONE', #2880, 1.499999999999997780 ) ;
#602 = CARTESIAN_POINT ( 'NONE',  ( -144.5333333333333599, 0.000000000000000000, -8.686827961951888362E-15 ) ) ;
#603 = DIRECTION ( 'NONE',  ( 0.000000000000000000, 1.000000000000000000, -0.000000000000000000 ) ) ;
#604 = EDGE_LOOP ( 'NONE', ( #1060, #1662, #2748, #948 ) ) ;
#605 = CYLINDRICAL_SURFACE ( 'NONE', #3174, 1.499999999999996891 ) ;
#606 = DIRECTION ( 'NONE',  ( 0.000000000000000000, 0.000000000000000000, -1.000000000000000000 ) ) ;
#607 = VECTOR ( 'NONE', #901, 1000.000000000000000 ) ;
#608 = AXIS2_PLACEMENT_3D ( 'NONE', #1359, #898, #1701 ) ;
#609 = ORIENTED_EDGE ( 'NONE', *, *, #404, .F. ) ;
#610 = CIRCLE ( 'NONE', #2296, 1.499999999999997780 ) ;
#611 = EDGE_LOOP ( 'NONE', ( #2788, #1536, #2051, #1385 ) ) ;
#612 = ADVANCED_FACE ( 'NONE', ( #2385 ), #2686, .F. ) ;
#613 = DIRECTION ( 'NONE',  ( -4.476705744456278510E-15, 0.000000000000000000, 1.000000000000000000 ) ) ;
#614 = DIRECTION ( 'NONE',  ( -1.000000000000000000, -0.000000000000000000, -0.000000000000000000 ) ) ;
#615 = LINE ( 'NONE', #1443, #77 ) ;
#616 = AXIS2_PLACEMENT_3D ( 'NONE', #2315, #662, #1733 ) ;
#617 = CYLINDRICAL_SURFACE ( 'NONE', #2360, 1.499999999999997780 ) ;
#618 = ADVANCED_FACE ( 'NONE', ( #3319 ), #1153, .F. ) ;
#619 = ORIENTED_EDGE ( 'NONE', *, *, #1191, .F. ) ;
#620 = LINE ( 'NONE', #394, #2050 ) ;
#621 = DIRECTION ( 'NONE',  ( -0.000000000000000000, 1.000000000000000000, -0.000000000000000000 ) ) ;
#622 = DIRECTION ( 'NONE',  ( -0.000000000000000000, 1.000000000000000000, -0.000000000000000000 ) ) ;
#623 = CARTESIAN_POINT ( 'NONE',  ( -163.2500000000000000, 0.000000000000000000, 21.58999999999999986 ) ) ;
#624 = VECTOR ( 'NONE', #1480, 1000.000000000000000 ) ;
#625 = EDGE_LOOP ( 'NONE', ( #2845, #2173, #831, #191 ) ) ;
#626 = ORIENTED_EDGE ( 'NONE', *, *, #987, .T. ) ;
#627 = VECTOR ( 'NONE', #1862, 1000.000000000000000 ) ;
#628 = ORIENTED_EDGE ( 'NONE', *, *, #545, .T. ) ;
#629 = ORIENTED_EDGE ( 'NONE', *, *, #1469, .T. ) ;
#630 = CARTESIAN_POINT ( 'NONE',  ( -131.9666666666666401, 6.000000000000000000, 30.00000000000002132 ) ) ;
#631 = DIRECTION ( 'NONE',  ( 0.000000000000000000, 1.000000000000000000, 0.000000000000000000 ) ) ;
#632 = CIRCLE ( 'NONE', #244, 1.999999999999996669 ) ;
#633 = EDGE_CURVE ( 'NONE', #1269, #2448, #620, .T. ) ;
#634 = DIRECTION ( 'NONE',  ( 1.000000000000000000, 0.000000000000000000, 0.000000000000000000 ) ) ;
#635 = LINE ( 'NONE', #1196, #711 ) ;
#636 = AXIS2_PLACEMENT_3D ( 'NONE', #2797, #673, #2813 ) ;
#637 = ORIENTED_EDGE ( 'NONE', *, *, #2780, .F. ) ;
#638 = LINE ( 'NONE', #1185, #1209 ) ;
#639 = DIRECTION ( 'NONE',  ( -0.000000000000000000, -0.000000000000000000, -1.000000000000000000 ) ) ;
#640 = CARTESIAN_POINT ( 'NONE',  ( -238.9333333333333371, -20.00000000000000355, 29.50000000000001421 ) ) ;
#641 = EDGE_CURVE ( 'NONE', #2453, #909, #90, .T. ) ;
#642 = CARTESIAN_POINT ( 'NONE',  ( -115.9956194951312654, -20.00000000000000355, 22.00000000000000000 ) ) ;
#643 = ORIENTED_EDGE ( 'NONE', *, *, #3074, .T. ) ;
#644 = FACE_BOUND ( 'NONE', #431, .T. ) ;
#645 = CIRCLE ( 'NONE', #1763, 1.499999999999997780 ) ;
#646 = VECTOR ( 'NONE', #3320, 1000.000000000000000 ) ;
#647 = ORIENTED_EDGE ( 'NONE', *, *, #1082, .T. ) ;
#648 = ORIENTED_EDGE ( 'NONE', *, *, #110, .T. ) ;
#649 = EDGE_CURVE ( 'NONE', #884, #1799, #2778, .T. ) ;
#650 = DIRECTION ( 'NONE',  ( 0.000000000000000000, 0.000000000000000000, -1.000000000000000000 ) ) ;
#651 = ADVANCED_FACE ( 'NONE', ( #1466 ), #1414, .F. ) ;
#652 = FACE_OUTER_BOUND ( 'NONE', #3483, .T. ) ;
#653 = DIRECTION ( 'NONE',  ( 1.000000000000000000, 0.000000000000000000, 0.000000000000000000 ) ) ;
#654 = ORIENTED_EDGE ( 'NONE', *, *, #1779, .T. ) ;
#655 = CYLINDRICAL_SURFACE ( 'NONE', #2603, 1.499999999999997780 ) ;
#656 = DIRECTION ( 'NONE',  ( 3.469446951953611231E-16, 0.000000000000000000, 1.000000000000000000 ) ) ;
#657 = EDGE_CURVE ( 'NONE', #2876, #3476, #1713, .T. ) ;
#658 = CARTESIAN_POINT ( 'NONE',  ( -240.0000000000000000, 6.000000000000000000, -31.00000000000000000 ) ) ;
#659 = DIRECTION ( 'NONE',  ( 0.000000000000000000, 0.000000000000000000, -1.000000000000000000 ) ) ;
#660 = ORIENTED_EDGE ( 'NONE', *, *, #3411, .T. ) ;
#661 = FACE_BOUND ( 'NONE', #270, .T. ) ;
#662 = DIRECTION ( 'NONE',  ( -0.000000000000000000, -1.000000000000000000, 0.000000000000000000 ) ) ;
#663 = EDGE_CURVE ( 'NONE', #2001, #1106, #638, .T. ) ;
#664 = ORIENTED_EDGE ( 'NONE', *, *, #1043, .T. ) ;
#665 = VERTEX_POINT ( 'NONE', #1167 ) ;
#666 = DIRECTION ( 'NONE',  ( 0.000000000000000000, 0.000000000000000000, 1.000000000000000000 ) ) ;
#667 = LINE ( 'NONE', #1703, #1338 ) ;
#668 = DIRECTION ( 'NONE',  ( 0.000000000000000000, 0.000000000000000000, 1.000000000000000000 ) ) ;
#669 = ORIENTED_EDGE ( 'NONE', *, *, #2556, .T. ) ;
#670 = DIRECTION ( 'NONE',  ( -0.000000000000000000, -1.000000000000000000, 0.000000000000000000 ) ) ;
#671 = PLANE ( 'NONE',  #1377 ) ;
#672 = LINE ( 'NONE', #2761, #443 ) ;
#673 = DIRECTION ( 'NONE',  ( 0.000000000000000000, 1.000000000000000000, 0.000000000000000000 ) ) ;
#674 = ADVANCED_FACE ( 'NONE', ( #2255 ), #100, .T. ) ;
#675 = EDGE_LOOP ( 'NONE', ( #2696, #2462 ) ) ;
#676 = CARTESIAN_POINT ( 'NONE',  ( -158.0000000000000000, 6.000000000000000000, -8.999999999999756639 ) ) ;
#677 = LINE ( 'NONE', #2765, #2140 ) ;
#678 = CARTESIAN_POINT ( 'NONE',  ( -123.0000000000000000, -20.00000000000000355, 7.500000000000000000 ) ) ;
#679 = VERTEX_POINT ( 'NONE', #1954 ) ;
#680 = ORIENTED_EDGE ( 'NONE', *, *, #3458, .T. ) ;
#681 = CARTESIAN_POINT ( 'NONE',  ( -153.5000000000000000, 0.000000000000000000, -8.686827961951888362E-15 ) ) ;
#682 = LINE ( 'NONE', #1752, #121 ) ;
#683 = CARTESIAN_POINT ( 'NONE',  ( -114.5000000000000142, 6.000000000000000000, -5.000000000000000888 ) ) ;
#684 = ORIENTED_EDGE ( 'NONE', *, *, #2641, .F. ) ;
#685 = CARTESIAN_POINT ( 'NONE',  ( -132.9666666666666401, -20.00000000000000355, -30.00000000000001421 ) ) ;
#686 = DIRECTION ( 'NONE',  ( 0.000000000000000000, 0.000000000000000000, -1.000000000000000000 ) ) ;
#687 = DIRECTION ( 'NONE',  ( 0.000000000000000000, 0.000000000000000000, 1.000000000000000000 ) ) ;
#688 = CARTESIAN_POINT ( 'NONE',  ( -119.7227407025180952, 6.000000000000000000, -30.77854671280278254 ) ) ;
#689 = EDGE_LOOP ( 'NONE', ( #261, #278 ) ) ;
#690 = DIRECTION ( 'NONE',  ( 0.000000000000000000, 1.000000000000000000, 0.000000000000000000 ) ) ;
#691 = DIRECTION ( 'NONE',  ( -0.000000000000000000, 1.000000000000000000, -0.000000000000000000 ) ) ;
#692 = EDGE_CURVE ( 'NONE', #51, #3318, #1996, .T. ) ;
#693 = ORIENTED_EDGE ( 'NONE', *, *, #1869, .F. ) ;
#694 = EDGE_LOOP ( 'NONE', ( #756, #660, #1274, #2287 ) ) ;
#695 = LINE ( 'NONE', #934, #1898 ) ;
#696 = ADVANCED_FACE ( 'NONE', ( #1741 ), #923, .F. ) ;
#697 = CARTESIAN_POINT ( 'NONE',  ( -158.0000000000000000, 6.000000000000000000, 7.500000000000242473 ) ) ;
#698 = CIRCLE ( 'NONE', #2999, 1.499999999999997780 ) ;
#699 = CIRCLE ( 'NONE', #1492, 1.000000000000000888 ) ;
#700 = DIRECTION ( 'NONE',  ( 0.000000000000000000, 1.000000000000000000, 0.000000000000000000 ) ) ;
#701 = EDGE_LOOP ( 'NONE', ( #2136, #664, #255, #2271 ) ) ;
#702 = LINE ( 'NONE', #1615, #1457 ) ;
#703 = CARTESIAN_POINT ( 'NONE',  ( -139.9666666666666686, 0.000000000000000000, -30.00000000000001066 ) ) ;
#704 = DIRECTION ( 'NONE',  ( -0.000000000000000000, -0.000000000000000000, 1.000000000000000000 ) ) ;
#705 = ORIENTED_EDGE ( 'NONE', *, *, #3085, .F. ) ;
#706 = CARTESIAN_POINT ( 'NONE',  ( -144.5333333333333599, 6.000000000000000000, -8.686827961951888362E-15 ) ) ;
#707 = LINE ( 'NONE', #2884, #3324 ) ;
#708 = CARTESIAN_POINT ( 'NONE',  ( -153.5000000000000000, 6.000000000000000000, 20.00000000000000000 ) ) ;
#709 = ORIENTED_EDGE ( 'NONE', *, *, #1967, .T. ) ;
#710 = EDGE_LOOP ( 'NONE', ( #3104, #1362 ) ) ;
#711 = VECTOR ( 'NONE', #2006, 1000.000000000000000 ) ;
#712 = CARTESIAN_POINT ( 'NONE',  ( -244.0043805048687204, 6.000000000000000000, -22.00000000000000000 ) ) ;
#713 = EDGE_CURVE ( 'NONE', #462, #19, #3068, .T. ) ;
#714 = DIRECTION ( 'NONE',  ( -0.000000000000000000, 1.000000000000000000, -0.000000000000000000 ) ) ;
#715 = VECTOR ( 'NONE', #1346, 1000.000000000000000 ) ;
#716 = CIRCLE ( 'NONE', #1278, 1.499999999999997780 ) ;
#717 = CIRCLE ( 'NONE', #336, 1.499999999999997780 ) ;
#718 = ORIENTED_EDGE ( 'NONE', *, *, #1432, .F. ) ;
#719 = VECTOR ( 'NONE', #925, 1000.000000000000000 ) ;
#720 = CARTESIAN_POINT ( 'NONE',  ( -123.9666666666666544, -20.00000000000000355, 30.99999999999999289 ) ) ;
#721 = DIRECTION ( 'NONE',  ( -1.000000000000000000, -0.000000000000000000, -0.000000000000000000 ) ) ;
#722 = CARTESIAN_POINT ( 'NONE',  ( -163.2500000000000000, 6.000000000000000000, 20.09000000000000341 ) ) ;
#723 = ADVANCED_FACE ( 'NONE', ( #2545 ), #655, .F. ) ;
#724 = ORIENTED_EDGE ( 'NONE', *, *, #2902, .F. ) ;
#725 = CARTESIAN_POINT ( 'NONE',  ( -239.6496726373432011, 6.000000000000000000, -31.00000000000000000 ) ) ;
#726 = ORIENTED_EDGE ( 'NONE', *, *, #1019, .T. ) ;
#727 = VERTEX_POINT ( 'NONE', #3287 ) ;
#728 = LINE ( 'NONE', #1591, #2906 ) ;
#729 = CIRCLE ( 'NONE', #3155, 1.499999999999997780 ) ;
#730 = ORIENTED_EDGE ( 'NONE', *, *, #773, .T. ) ;
#731 = CYLINDRICAL_SURFACE ( 'NONE', #3046, 1.499999999999997780 ) ;
#732 = EDGE_CURVE ( 'NONE', #2639, #3221, #3180, .T. ) ;
#733 = VERTEX_POINT ( 'NONE', #904 ) ;
#734 = CARTESIAN_POINT ( 'NONE',  ( -149.9666666666666686, -20.00000000000000355, -30.00000000000001066 ) ) ;
#735 = DIRECTION ( 'NONE',  ( -0.000000000000000000, 1.000000000000000000, -0.000000000000000000 ) ) ;
#736 = DIRECTION ( 'NONE',  ( 0.000000000000000000, 1.000000000000000000, -0.000000000000000000 ) ) ;
#737 = EDGE_LOOP ( 'NONE', ( #351, #1816, #1584, #1801 ) ) ;
#738 = ADVANCED_FACE ( 'NONE', ( #1974 ), #2743, .F. ) ;
#739 = CARTESIAN_POINT ( 'NONE',  ( -121.0666666666666629, -20.00000000000000355, -28.00000000000001776 ) ) ;
#740 = DIRECTION ( 'NONE',  ( -1.000000000000000000, -0.000000000000000000, 1.156482317317871478E-16 ) ) ;
#741 = PLANE ( 'NONE',  #3479 ) ;
#742 = VERTEX_POINT ( 'NONE', #346 ) ;
#743 = CIRCLE ( 'NONE', #2591, 1.000000000000000888 ) ;
#744 = VERTEX_POINT ( 'NONE', #600 ) ;
#745 = DIRECTION ( 'NONE',  ( -0.000000000000000000, -1.000000000000000000, 0.000000000000000000 ) ) ;
#746 = AXIS2_PLACEMENT_3D ( 'NONE', #2460, #1097, #3009 ) ;
#747 = ORIENTED_EDGE ( 'NONE', *, *, #1236, .T. ) ;
#748 = DIRECTION ( 'NONE',  ( -0.000000000000000000, 1.000000000000000000, -0.000000000000000000 ) ) ;
#749 = LINE ( 'NONE', #2609, #2135 ) ;
#750 = VECTOR ( 'NONE', #1585, 1000.000000000000000 ) ;
#751 = ORIENTED_EDGE ( 'NONE', *, *, #1253, .F. ) ;
#752 = CARTESIAN_POINT ( 'NONE',  ( -163.2500000000000000, 0.000000000000000000, -23.08999999999999986 ) ) ;
#753 = DIRECTION ( 'NONE',  ( -0.000000000000000000, 1.000000000000000000, -0.000000000000000000 ) ) ;
#754 = DIRECTION ( 'NONE',  ( -0.000000000000000000, 1.000000000000000000, -0.000000000000000000 ) ) ;
#755 = ADVANCED_FACE ( 'NONE', ( #1670 ), #1447, .F. ) ;
#756 = ORIENTED_EDGE ( 'NONE', *, *, #1830, .T. ) ;
#757 = DIRECTION ( 'NONE',  ( -0.000000000000000000, -1.000000000000000000, 0.000000000000000000 ) ) ;
#758 = CYLINDRICAL_SURFACE ( 'NONE', #502, 1.499999999999997780 ) ;
#759 = DIRECTION ( 'NONE',  ( -0.000000000000000000, 1.000000000000000000, -0.000000000000000000 ) ) ;
#760 = ORIENTED_EDGE ( 'NONE', *, *, #1943, .F. ) ;
#761 = VERTEX_POINT ( 'NONE', #1518 ) ;
#762 = CARTESIAN_POINT ( 'NONE',  ( -239.6496726373432011, 6.000000000000000000, -30.00000000000000000 ) ) ;
#763 = EDGE_CURVE ( 'NONE', #1207, #2195, #1600, .T. ) ;
#764 = ORIENTED_EDGE ( 'NONE', *, *, #541, .F. ) ;
#765 = CIRCLE ( 'NONE', #2724, 1.499999999999997780 ) ;
#766 = AXIS2_PLACEMENT_3D ( 'NONE', #1722, #653, #3350 ) ;
#767 = FACE_BOUND ( 'NONE', #1853, .T. ) ;
#768 = FACE_OUTER_BOUND ( 'NONE', #694, .T. ) ;
#769 = AXIS2_PLACEMENT_3D ( 'NONE', #1186, #2012, #907 ) ;
#770 = CARTESIAN_POINT ( 'NONE',  ( -139.9666666666666686, 6.000000000000000000, -27.89999999999999858 ) ) ;
#771 = AXIS2_PLACEMENT_3D ( 'NONE', #1877, #269, #1336 ) ;
#772 = DIRECTION ( 'NONE',  ( 0.000000000000000000, 0.000000000000000000, 1.000000000000000000 ) ) ;
#773 = EDGE_CURVE ( 'NONE', #386, #832, #2781, .T. ) ;
#774 = AXIS2_PLACEMENT_3D ( 'NONE', #685, #974, #2040 ) ;
#775 = ORIENTED_EDGE ( 'NONE', *, *, #284, .F. ) ;
#776 = DIRECTION ( 'NONE',  ( 0.000000000000000000, 0.000000000000000000, -1.000000000000000000 ) ) ;
#777 = DIRECTION ( 'NONE',  ( 0.000000000000000000, 0.000000000000000000, 1.000000000000000000 ) ) ;
#778 = DIRECTION ( 'NONE',  ( -0.000000000000000000, 1.000000000000000000, -0.000000000000000000 ) ) ;
#779 = CARTESIAN_POINT ( 'NONE',  ( -244.0043805048687204, 6.000000000000000000, -13.99999999999999822 ) ) ;
#780 = AXIS2_PLACEMENT_3D ( 'NONE', #2640, #2485, #2227 ) ;
#781 = ADVANCED_FACE ( 'NONE', ( #2321 ), #192, .F. ) ;
#782 = VERTEX_POINT ( 'NONE', #1532 ) ;
#783 = ORIENTED_EDGE ( 'NONE', *, *, #540, .F. ) ;
#784 = CARTESIAN_POINT ( 'NONE',  ( -244.0043805048687204, -20.00000000000000355, -12.50000000000000000 ) ) ;
#785 = VECTOR ( 'NONE', #1047, 1000.000000000000000 ) ;
#786 = ORIENTED_EDGE ( 'NONE', *, *, #1896, .F. ) ;
#787 = ADVANCED_FACE ( 'NONE', ( #1756 ), #2563, .F. ) ;
#788 = FACE_BOUND ( 'NONE', #1298, .T. ) ;
#789 = FACE_OUTER_BOUND ( 'NONE', #2419, .T. ) ;
#790 = AXIS2_PLACEMENT_3D ( 'NONE', #817, #1919, #327 ) ;
#791 = VECTOR ( 'NONE', #2301, 1000.000000000000000 ) ;
#792 = DIRECTION ( 'NONE',  ( -0.000000000000000000, -1.000000000000000000, 0.000000000000000000 ) ) ;
#793 = ORIENTED_EDGE ( 'NONE', *, *, #2629, .F. ) ;
#794 = CARTESIAN_POINT ( 'NONE',  ( -127.5000000000000000, -20.00000000000000355, 20.00000000000000000 ) ) ;
#795 = CARTESIAN_POINT ( 'NONE',  ( -200.2499999999998295, 0.000000000000000000, 5.000000000000000000 ) ) ;
#796 = CARTESIAN_POINT ( 'NONE',  ( -238.9333333333333371, 6.000000000000000000, 29.50000000000001421 ) ) ;
#797 = VECTOR ( 'NONE', #2952, 1000.000000000000000 ) ;
#798 = CARTESIAN_POINT ( 'NONE',  ( -200.2499999999998295, 0.000000000000000000, 5.000000000000000000 ) ) ;
#799 = AXIS2_PLACEMENT_3D ( 'NONE', #2710, #589, #1142 ) ;
#800 = ORIENTED_EDGE ( 'NONE', *, *, #2641, .T. ) ;
#801 = ADVANCED_FACE ( 'NONE', ( #2825 ), #2894, .F. ) ;
#802 = VERTEX_POINT ( 'NONE', #1546 ) ;
#803 = PRODUCT_RELATED_PRODUCT_CATEGORY ( 'part', '', ( #1714 ) ) ;
#804 = CARTESIAN_POINT ( 'NONE',  ( -115.9956194951312654, 0.000000000000000000, 22.00000000000000000 ) ) ;
#805 = VERTEX_POINT ( 'NONE', #1251 ) ;
#806 = EDGE_CURVE ( 'NONE', #2639, #1865, #2339, .T. ) ;
#807 = FACE_BOUND ( 'NONE', #526, .T. ) ;
#808 = CIRCLE ( 'NONE', #1257, 1.499999999999997780 ) ;
#809 = PLANE ( 'NONE',  #3077 ) ;
#810 = AXIS2_PLACEMENT_3D ( 'NONE', #706, #1203, #2785 ) ;
#811 = CARTESIAN_POINT ( 'NONE',  ( -200.2499999999998295, 6.000000000000000000, 5.000000000000000000 ) ) ;
#812 = ORIENTED_EDGE ( 'NONE', *, *, #1367, .F. ) ;
#813 = CARTESIAN_POINT ( 'NONE',  ( -244.0043805048687204, 6.000000000000000000, -23.49999999999999645 ) ) ;
#814 = AXIS2_PLACEMENT_3D ( 'NONE', #3230, #1639, #2667 ) ;
#815 = VERTEX_POINT ( 'NONE', #3417 ) ;
#816 = CYLINDRICAL_SURFACE ( 'NONE', #1765, 1.499999999999997780 ) ;
#817 = CARTESIAN_POINT ( 'NONE',  ( -144.5333333333333599, 6.000000000000000000, -8.686827961951888362E-15 ) ) ;
#818 = CARTESIAN_POINT ( 'NONE',  ( -173.2500000000000284, 0.000000000000000000, 20.09000000000000341 ) ) ;
#819 = FACE_OUTER_BOUND ( 'NONE', #2940, .T. ) ;
#820 = VECTOR ( 'NONE', #1285, 1000.000000000000000 ) ;
#821 = ORIENTED_EDGE ( 'NONE', *, *, #2483, .T. ) ;
#822 = ORIENTED_EDGE ( 'NONE', *, *, #3218, .F. ) ;
#823 = PLANE ( 'NONE',  #446 ) ;
#824 = ORIENTED_EDGE ( 'NONE', *, *, #2017, .T. ) ;
#825 = EDGE_LOOP ( 'NONE', ( #1944, #1458 ) ) ;
#826 = CARTESIAN_POINT ( 'NONE',  ( -144.5333333333333599, 0.000000000000000000, -8.686827961951888362E-15 ) ) ;
#827 = CARTESIAN_POINT ( 'NONE',  ( -163.2500000000000000, 6.000000000000000000, -20.09000000000000341 ) ) ;
#828 = EDGE_CURVE ( 'NONE', #2947, #3055, #990, .T. ) ;
#829 = ADVANCED_FACE ( 'NONE', ( #2307 ), #1806, .F. ) ;
#830 = CARTESIAN_POINT ( 'NONE',  ( -122.9666666666666544, -20.00000000000000355, 30.00000000000002487 ) ) ;
#831 = ORIENTED_EDGE ( 'NONE', *, *, #23, .T. ) ;
#832 = VERTEX_POINT ( 'NONE', #752 ) ;
#833 = CARTESIAN_POINT ( 'NONE',  ( -122.9666666666666544, 6.000000000000000000, 31.00000000000002487 ) ) ;
#834 = DIRECTION ( 'NONE',  ( -0.000000000000000000, -1.000000000000000000, 0.000000000000000000 ) ) ;
#835 = LINE ( 'NONE', #257, #627 ) ;
#836 = CARTESIAN_POINT ( 'NONE',  ( -200.2499999999998295, 6.000000000000000000, 5.000000000000000000 ) ) ;
#837 = CARTESIAN_POINT ( 'NONE',  ( -244.0043805048687204, 0.000000000000000000, 12.50000000000000000 ) ) ;
#838 = ORIENTED_EDGE ( 'NONE', *, *, #1461, .F. ) ;
#839 = ORIENTED_EDGE ( 'NONE', *, *, #2856, .F. ) ;
#840 = AXIS2_PLACEMENT_3D ( 'NONE', #2877, #472, #1822 ) ;
#841 = CARTESIAN_POINT ( 'NONE',  ( -121.0666666666666629, 6.000000000000000000, -29.50000000000001421 ) ) ;
#842 = VERTEX_POINT ( 'NONE', #2074 ) ;
#843 = ORIENTED_EDGE ( 'NONE', *, *, #1807, .F. ) ;
#844 = DIRECTION ( 'NONE',  ( -0.000000000000000000, 1.000000000000000000, -0.000000000000000000 ) ) ;
#845 = LINE ( 'NONE', #2926, #3132 ) ;
#846 = EDGE_CURVE ( 'NONE', #1192, #1202, #3157, .T. ) ;
#847 = EDGE_CURVE ( 'NONE', #246, #3029, #1282, .T. ) ;
#848 = ORIENTED_EDGE ( 'NONE', *, *, #3212, .T. ) ;
#849 = DIRECTION ( 'NONE',  ( -0.000000000000000000, 1.000000000000000000, -0.000000000000000000 ) ) ;
#850 = ORIENTED_EDGE ( 'NONE', *, *, #1304, .T. ) ;
#851 = PLANE ( 'NONE',  #1597 ) ;
#852 = FACE_OUTER_BOUND ( 'NONE', #553, .T. ) ;
#853 = EDGE_CURVE ( 'NONE', #1086, #1917, #1124, .T. ) ;
#854 = CARTESIAN_POINT ( 'NONE',  ( -132.9666666666666401, 6.000000000000000000, -31.00000000000001421 ) ) ;
#855 = DIRECTION ( 'NONE',  ( 0.000000000000000000, 0.000000000000000000, -1.000000000000000000 ) ) ;
#856 = DIRECTION ( 'NONE',  ( -0.000000000000000000, 1.000000000000000000, 0.000000000000000000 ) ) ;
#857 = ORIENTED_EDGE ( 'NONE', *, *, #385, .F. ) ;
#858 = CARTESIAN_POINT ( 'NONE',  ( -244.0043805048687204, -20.00000000000000355, 22.00000000000000000 ) ) ;
#859 = EDGE_LOOP ( 'NONE', ( #1099, #2503, #2605, #609 ) ) ;
#860 = ORIENTED_EDGE ( 'NONE', *, *, #1058, .F. ) ;
#861 = DIRECTION ( 'NONE',  ( 0.000000000000000000, 0.000000000000000000, 1.000000000000000000 ) ) ;
#862 = CARTESIAN_POINT ( 'NONE',  ( -131.9666666666666401, 6.000000000000000000, 30.99999999999999289 ) ) ;
#863 = EDGE_CURVE ( 'NONE', #884, #227, #1674, .T. ) ;
#864 = AXIS2_PLACEMENT_3D ( 'NONE', #3404, #1303, #1519 ) ;
#865 = ORIENTED_EDGE ( 'NONE', *, *, #1814, .F. ) ;
#866 = CARTESIAN_POINT ( 'NONE',  ( -238.9333333333333371, 0.000000000000000000, -29.50000000000001421 ) ) ;
#867 = ORIENTED_EDGE ( 'NONE', *, *, #317, .F. ) ;
#868 = DIRECTION ( 'NONE',  ( 0.000000000000000000, 0.000000000000000000, -1.000000000000000000 ) ) ;
#869 = DIRECTION ( 'NONE',  ( 0.000000000000000000, 0.000000000000000000, -1.000000000000000000 ) ) ;
#870 = DIRECTION ( 'NONE',  ( 0.000000000000000000, 0.000000000000000000, -1.000000000000000000 ) ) ;
#871 = CARTESIAN_POINT ( 'NONE',  ( -238.9333333333333371, 0.000000000000000000, 29.50000000000001421 ) ) ;
#872 = CIRCLE ( 'NONE', #1929, 1.499999999999997780 ) ;
#873 = EDGE_CURVE ( 'NONE', #1220, #2484, #1773, .T. ) ;
#874 = ORIENTED_EDGE ( 'NONE', *, *, #1824, .T. ) ;
#875 = CIRCLE ( 'NONE', #258, 1.999999999999996225 ) ;
#876 = LINE ( 'NONE', #1923, #3119 ) ;
#877 = DIRECTION ( 'NONE',  ( -0.000000000000000000, -1.000000000000000000, 0.000000000000000000 ) ) ;
#878 = VERTEX_POINT ( 'NONE', #958 ) ;
#879 = ORIENTED_EDGE ( 'NONE', *, *, #3004, .F. ) ;
#880 = CARTESIAN_POINT ( 'NONE',  ( -123.0000000000000000, -20.00000000000000355, 8.999999999999998224 ) ) ;
#881 = DIRECTION ( 'NONE',  ( -0.000000000000000000, -1.000000000000000000, 0.000000000000000000 ) ) ;
#882 = ADVANCED_FACE ( 'NONE', ( #2025 ), #3105, .T. ) ;
#883 = CARTESIAN_POINT ( 'NONE',  ( -215.4666666666666401, 0.000000000000000000, 0.000000000000000000 ) ) ;
#884 = VERTEX_POINT ( 'NONE', #3121 ) ;
#885 = DIRECTION ( 'NONE',  ( 0.000000000000000000, 1.000000000000000000, 0.000000000000000000 ) ) ;
#886 = CARTESIAN_POINT ( 'NONE',  ( -244.0043805048687204, -20.00000000000000355, 13.99999999999999822 ) ) ;
#887 =( NAMED_UNIT ( * ) SI_UNIT ( $, .STERADIAN. ) SOLID_ANGLE_UNIT ( ) );
#888 = LINE ( 'NONE', #1605, #1946 ) ;
#889 = ORIENTED_EDGE ( 'NONE', *, *, #713, .T. ) ;
#890 = DIRECTION ( 'NONE',  ( -0.000000000000000000, -1.000000000000000000, -0.000000000000000000 ) ) ;
#891 = CARTESIAN_POINT ( 'NONE',  ( -238.9333333333333371, -20.00000000000000355, -26.50000000000002132 ) ) ;
#892 = EDGE_CURVE ( 'NONE', #1517, #1805, #702, .T. ) ;
#893 = ADVANCED_FACE ( 'NONE', ( #1968 ), #1041, .F. ) ;
#894 = AXIS2_PLACEMENT_3D ( 'NONE', #811, #2230, #2107 ) ;
#895 = VERTEX_POINT ( 'NONE', #2380 ) ;
#896 = AXIS2_PLACEMENT_3D ( 'NONE', #2081, #3162, #1813 ) ;
#897 = EDGE_LOOP ( 'NONE', ( #914, #3113, #2487, #1188 ) ) ;
#898 = DIRECTION ( 'NONE',  ( -0.000000000000000000, 1.000000000000000000, -0.000000000000000000 ) ) ;
#899 = LINE ( 'NONE', #2771, #2914 ) ;
#900 = VECTOR ( 'NONE', #2787, 1000.000000000000000 ) ;
#901 = DIRECTION ( 'NONE',  ( 1.000000000000000000, -0.000000000000000000, -0.000000000000000000 ) ) ;
#902 = DIRECTION ( 'NONE',  ( -0.000000000000000000, -1.000000000000000000, 0.000000000000000000 ) ) ;
#903 = VERTEX_POINT ( 'NONE', #2644 ) ;
#904 = CARTESIAN_POINT ( 'NONE',  ( -158.0000000000000000, 6.000000000000000000, -7.499999999999758415 ) ) ;
#905 = CARTESIAN_POINT ( 'NONE',  ( -121.0666666666666629, 0.000000000000000000, 26.50000000000002132 ) ) ;
#906 = CARTESIAN_POINT ( 'NONE',  ( -240.0000000000000000, 0.000000000000000000, 31.00000000000000000 ) ) ;
#907 = DIRECTION ( 'NONE',  ( 0.000000000000000000, 0.000000000000000000, -1.000000000000000000 ) ) ;
#908 = CIRCLE ( 'NONE', #563, 1.499999999999997780 ) ;
#909 = VERTEX_POINT ( 'NONE', #3462 ) ;
#910 = DIRECTION ( 'NONE',  ( 0.000000000000000000, 1.000000000000000000, 0.000000000000000000 ) ) ;
#911 = DIRECTION ( 'NONE',  ( 0.000000000000000000, 0.000000000000000000, -1.000000000000000000 ) ) ;
#912 = DIRECTION ( 'NONE',  ( -0.000000000000000000, 1.000000000000000000, -0.000000000000000000 ) ) ;
#913 = EDGE_CURVE ( 'NONE', #466, #590, #252, .T. ) ;
#914 = ORIENTED_EDGE ( 'NONE', *, *, #3447, .F. ) ;
#915 = VERTEX_POINT ( 'NONE', #2966 ) ;
#916 = CARTESIAN_POINT ( 'NONE',  ( -121.0666666666666629, 0.000000000000000000, 29.50000000000001421 ) ) ;
#917 = LINE ( 'NONE', #388, #1300 ) ;
#918 = EDGE_CURVE ( 'NONE', #3055, #2947, #2068, .T. ) ;
#919 = DIRECTION ( 'NONE',  ( -0.000000000000000000, 1.000000000000000000, -0.000000000000000000 ) ) ;
#920 = DIRECTION ( 'NONE',  ( 0.000000000000000000, 1.000000000000000000, 0.000000000000000000 ) ) ;
#921 = VECTOR ( 'NONE', #2240, 1000.000000000000000 ) ;
#922 = VERTEX_POINT ( 'NONE', #1598 ) ;
#923 = PLANE ( 'NONE',  #3352 ) ;
#924 = DIRECTION ( 'NONE',  ( -4.476705744456278510E-15, 0.000000000000000000, -1.000000000000000000 ) ) ;
#925 = DIRECTION ( 'NONE',  ( -0.000000000000000000, 1.000000000000000000, -0.000000000000000000 ) ) ;
#926 = CYLINDRICAL_SURFACE ( 'NONE', #2734, 1.499999999999997780 ) ;
#927 = EDGE_LOOP ( 'NONE', ( #654, #332, #378, #1878 ) ) ;
#928 = FACE_BOUND ( 'NONE', #1593, .T. ) ;
#929 = DIRECTION ( 'NONE',  ( 0.000000000000000000, 1.000000000000000000, -0.000000000000000000 ) ) ;
#930 = CIRCLE ( 'NONE', #2490, 1.499999999999997780 ) ;
#931 = CARTESIAN_POINT ( 'NONE',  ( -240.0000000000000000, 6.000000000000000000, -31.00000000000000000 ) ) ;
#932 = VERTEX_POINT ( 'NONE', #2681 ) ;
#933 = ORIENTED_EDGE ( 'NONE', *, *, #863, .F. ) ;
#934 = CARTESIAN_POINT ( 'NONE',  ( -123.9666666666666401, 6.000000000000000000, 27.89999999999999503 ) ) ;
#935 = CARTESIAN_POINT ( 'NONE',  ( -120.3503273626567989, 6.000000000000000000, 31.00000000000002487 ) ) ;
#936 = DIRECTION ( 'NONE',  ( -0.000000000000000000, 1.000000000000000000, -0.000000000000000000 ) ) ;
#937 = EDGE_CURVE ( 'NONE', #2421, #2045, #3422, .T. ) ;
#938 = CYLINDRICAL_SURFACE ( 'NONE', #1949, 1.499999999999997780 ) ;
#939 = ORIENTED_EDGE ( 'NONE', *, *, #1687, .F. ) ;
#940 = DIRECTION ( 'NONE',  ( -0.000000000000000000, -1.000000000000000000, 0.000000000000000000 ) ) ;
#941 = CARTESIAN_POINT ( 'NONE',  ( -215.4666666666666401, 6.000000000000000000, 0.000000000000000000 ) ) ;
#942 = DIRECTION ( 'NONE',  ( 0.000000000000000000, 0.000000000000000000, 1.000000000000000000 ) ) ;
#943 = DIRECTION ( 'NONE',  ( 0.000000000000000000, 0.000000000000000000, 1.000000000000000000 ) ) ;
#944 = AXIS2_PLACEMENT_3D ( 'NONE', #2689, #603, #1673 ) ;
#945 = ORIENTED_EDGE ( 'NONE', *, *, #229, .F. ) ;
#946 = CYLINDRICAL_SURFACE ( 'NONE', #1094, 1.499999999999997780 ) ;
#947 = DIRECTION ( 'NONE',  ( 0.000000000000000000, 0.000000000000000000, 1.000000000000000000 ) ) ;
#948 = ORIENTED_EDGE ( 'NONE', *, *, #167, .F. ) ;
#949 = VERTEX_POINT ( 'NONE', #630 ) ;
#950 = CIRCLE ( 'NONE', #2964, 1.000000000000000888 ) ;
#951 = AXIS2_PLACEMENT_3D ( 'NONE', #464, #2328, #209 ) ;
#952 = AXIS2_PLACEMENT_3D ( 'NONE', #1406, #2171, #352 ) ;
#953 = FACE_OUTER_BOUND ( 'NONE', #442, .T. ) ;
#954 = CARTESIAN_POINT ( 'NONE',  ( -123.0000000000000000, 0.000000000000000000, -10.49999999999999822 ) ) ;
#955 = EDGE_CURVE ( 'NONE', #932, #3428, #950, .T. ) ;
#956 = ADVANCED_FACE ( 'NONE', ( #356 ), #2489, .T. ) ;
#957 = VERTEX_POINT ( 'NONE', #1876 ) ;
#958 = CARTESIAN_POINT ( 'NONE',  ( -173.2500000000000284, 6.000000000000000000, 20.09000000000000341 ) ) ;
#959 = CARTESIAN_POINT ( 'NONE',  ( -200.2499999999998295, -20.00000000000000355, -4.999999999999999112 ) ) ;
#960 = LINE ( 'NONE', #119, #2069 ) ;
#961 = CYLINDRICAL_SURFACE ( 'NONE', #2959, 1.999999999999996669 ) ;
#962 = VECTOR ( 'NONE', #54, 1000.000000000000000 ) ;
#963 = ADVANCED_FACE ( 'NONE', ( #285 ), #2398, .F. ) ;
#964 = VERTEX_POINT ( 'NONE', #770 ) ;
#965 = LINE ( 'NONE', #3341, #254 ) ;
#966 = DIRECTION ( 'NONE',  ( -1.387778780781444413E-14, 0.000000000000000000, -1.000000000000000000 ) ) ;
#967 = CARTESIAN_POINT ( 'NONE',  ( -139.9666666666666686, -20.00000000000000355, -27.89999999999999858 ) ) ;
#968 = ORIENTED_EDGE ( 'NONE', *, *, #1761, .F. ) ;
#969 = ORIENTED_EDGE ( 'NONE', *, *, #1276, .F. ) ;
#970 = FACE_OUTER_BOUND ( 'NONE', #457, .T. ) ;
#971 = DIRECTION ( 'NONE',  ( 0.000000000000000000, 0.000000000000000000, -1.000000000000000000 ) ) ;
#972 = CARTESIAN_POINT ( 'NONE',  ( -240.0000000000000000, 6.000000000000000000, 31.00000000000000000 ) ) ;
#973 = EDGE_LOOP ( 'NONE', ( #1035, #1266, #2371, #2768 ) ) ;
#974 = DIRECTION ( 'NONE',  ( 0.000000000000000000, 1.000000000000000000, 0.000000000000000000 ) ) ;
#975 = CYLINDRICAL_SURFACE ( 'NONE', #1651, 1.499999999999997780 ) ;
#976 = DIRECTION ( 'NONE',  ( 0.000000000000000000, 1.000000000000000000, -0.000000000000000000 ) ) ;
#977 = CARTESIAN_POINT ( 'NONE',  ( -199.8299527773968691, 6.000000000000000000, 21.58999999746103526 ) ) ;
#978 = ORIENTED_EDGE ( 'NONE', *, *, #2224, .T. ) ;
#979 = FACE_BOUND ( 'NONE', #372, .T. ) ;
#980 = EDGE_CURVE ( 'NONE', #2316, #3017, #1340, .T. ) ;
#981 = ORIENTED_EDGE ( 'NONE', *, *, #2492, .T. ) ;
#982 = ORIENTED_EDGE ( 'NONE', *, *, #489, .T. ) ;
#983 = CARTESIAN_POINT ( 'NONE',  ( -121.0666666666666629, 6.000000000000000000, -26.50000000000002132 ) ) ;
#984 = CARTESIAN_POINT ( 'NONE',  ( -121.0666666666666629, 0.000000000000000000, -28.00000000000001776 ) ) ;
#985 = CIRCLE ( 'NONE', #2885, 39.53333333333334565 ) ;
#986 = AXIS2_PLACEMENT_3D ( 'NONE', #1264, #2594, #3388 ) ;
#987 = EDGE_CURVE ( 'NONE', #3428, #1453, #2141, .T. ) ;
#988 = DIRECTION ( 'NONE',  ( 0.000000000000000000, 0.000000000000000000, 1.000000000000000000 ) ) ;
#989 = LINE ( 'NONE', #2893, #2080 ) ;
#990 = CIRCLE ( 'NONE', #3406, 1.499999999999997780 ) ;
#991 = VERTEX_POINT ( 'NONE', #1301 ) ;
#992 = CARTESIAN_POINT ( 'NONE',  ( -123.0000000000000000, 0.000000000000000000, -9.000000000000001776 ) ) ;
#993 = LINE ( 'NONE', #3433, #521 ) ;
#994 = VECTOR ( 'NONE', #175, 1000.000000000000000 ) ;
#995 = ORIENTED_EDGE ( 'NONE', *, *, #1001, .T. ) ;
#996 = CYLINDRICAL_SURFACE ( 'NONE', #2432, 1.499999999999997335 ) ;
#997 = CARTESIAN_POINT ( 'NONE',  ( -114.5000000000000142, 6.000000000000000000, -6.499999999999999112 ) ) ;
#998 = ORIENTED_EDGE ( 'NONE', *, *, #1417, .T. ) ;
#999 = ADVANCED_FACE ( 'NONE', ( #1840 ), #543, .T. ) ;
#1000 = ORIENTED_EDGE ( 'NONE', *, *, #3446, .T. ) ;
#1001 = EDGE_CURVE ( 'NONE', #1370, #462, #2162, .T. ) ;
#1002 = CARTESIAN_POINT ( 'NONE',  ( -238.9333333333333371, 0.000000000000000000, -28.00000000000001776 ) ) ;
#1003 = EDGE_LOOP ( 'NONE', ( #1488, #354 ) ) ;
#1004 = DIRECTION ( 'NONE',  ( 0.000000000000000000, 0.000000000000000000, 1.000000000000000000 ) ) ;
#1005 = CIRCLE ( 'NONE', #771, 1.499999999999997780 ) ;
#1006 = AXIS2_PLACEMENT_3D ( 'NONE', #1025, #487, #2580 ) ;
#1007 = ORIENTED_EDGE ( 'NONE', *, *, #501, .F. ) ;
#1008 = VECTOR ( 'NONE', #2547, 1000.000000000000000 ) ;
#1009 = DIRECTION ( 'NONE',  ( 1.000000000000000000, 0.000000000000000000, 4.476705744456278510E-15 ) ) ;
#1010 = FACE_OUTER_BOUND ( 'NONE', #973, .T. ) ;
#1011 = ORIENTED_EDGE ( 'NONE', *, *, #2348, .T. ) ;
#1012 = FACE_OUTER_BOUND ( 'NONE', #1275, .T. ) ;
#1013 = LINE ( 'NONE', #1828, #2403 ) ;
#1014 = FACE_OUTER_BOUND ( 'NONE', #3201, .T. ) ;
#1015 = EDGE_CURVE ( 'NONE', #2814, #1465, #1095, .T. ) ;
#1016 = ORIENTED_EDGE ( 'NONE', *, *, #3191, .T. ) ;
#1017 = ORIENTED_EDGE ( 'NONE', *, *, #3445, .T. ) ;
#1018 = DIRECTION ( 'NONE',  ( -0.000000000000000000, -1.000000000000000000, 0.000000000000000000 ) ) ;
#1019 = EDGE_CURVE ( 'NONE', #802, #3450, #3257, .T. ) ;
#1020 = VERTEX_POINT ( 'NONE', #3346 ) ;
#1021 = FACE_OUTER_BOUND ( 'NONE', #314, .T. ) ;
#1022 = AXIS2_PLACEMENT_3D ( 'NONE', #2055, #700, #2837 ) ;
#1023 = EDGE_CURVE ( 'NONE', #2961, #263, #695, .T. ) ;
#1024 = VERTEX_POINT ( 'NONE', #983 ) ;
#1025 = CARTESIAN_POINT ( 'NONE',  ( -120.3503273626567562, 0.000000000000000000, -30.00000000000001421 ) ) ;
#1026 = FACE_OUTER_BOUND ( 'NONE', #2114, .T. ) ;
#1027 = DIRECTION ( 'NONE',  ( -0.000000000000000000, 1.000000000000000000, -0.000000000000000000 ) ) ;
#1028 = EDGE_LOOP ( 'NONE', ( #509, #1510 ) ) ;
#1029 = CYLINDRICAL_SURFACE ( 'NONE', #3449, 1.499999999999997780 ) ;
#1030 = LINE ( 'NONE', #2635, #2300 ) ;
#1031 = CARTESIAN_POINT ( 'NONE',  ( -244.0043805048687204, 0.000000000000000000, 13.99999999999999822 ) ) ;
#1032 = ADVANCED_FACE ( 'NONE', ( #1226 ), #2002, .F. ) ;
#1033 = ORIENTED_EDGE ( 'NONE', *, *, #1915, .T. ) ;
#1034 = AXIS2_PLACEMENT_3D ( 'NONE', #253, #2915, #2076 ) ;
#1035 = ORIENTED_EDGE ( 'NONE', *, *, #506, .F. ) ;
#1036 = DIRECTION ( 'NONE',  ( -0.000000000000000000, -1.000000000000000000, -0.000000000000000000 ) ) ;
#1037 = ORIENTED_EDGE ( 'NONE', *, *, #3040, .T. ) ;
#1038 = VECTOR ( 'NONE', #511, 1000.000000000000000 ) ;
#1039 = CARTESIAN_POINT ( 'NONE',  ( -240.0000000000000000, 6.000000000000000000, -31.00000000000000000 ) ) ;
#1040 = LINE ( 'NONE', #3118, #2505 ) ;
#1041 = CYLINDRICAL_SURFACE ( 'NONE', #555, 1.499999999999997780 ) ;
#1042 = EDGE_CURVE ( 'NONE', #432, #2071, #1560, .T. ) ;
#1043 = EDGE_CURVE ( 'NONE', #1375, #2045, #3098, .T. ) ;
#1044 = DIRECTION ( 'NONE',  ( 0.000000000000000000, 1.000000000000000000, -0.000000000000000000 ) ) ;
#1045 = EDGE_LOOP ( 'NONE', ( #2169, #580, #483, #2150 ) ) ;
#1046 = FACE_OUTER_BOUND ( 'NONE', #3277, .T. ) ;
#1047 = DIRECTION ( 'NONE',  ( 1.000000000000000000, 0.000000000000000000, 0.000000000000000000 ) ) ;
#1048 = VERTEX_POINT ( 'NONE', #3381 ) ;
#1049 = ORIENTED_EDGE ( 'NONE', *, *, #2995, .T. ) ;
#1050 = CARTESIAN_POINT ( 'NONE',  ( -114.5000000000000142, -20.00000000000000355, 4.999999999999999112 ) ) ;
#1051 = ORIENTED_EDGE ( 'NONE', *, *, #1661, .F. ) ;
#1052 = DIRECTION ( 'NONE',  ( -1.000000000000000000, 0.000000000000000000, -2.023844055306275026E-16 ) ) ;
#1053 = ADVANCED_FACE ( 'NONE', ( #970 ), #2037, .F. ) ;
#1054 = AXIS2_PLACEMENT_3D ( 'NONE', #2476, #1619, #2969 ) ;
#1055 = AXIS2_PLACEMENT_3D ( 'NONE', #342, #375, #3349 ) ;
#1056 = CARTESIAN_POINT ( 'NONE',  ( -244.0043805048687204, 0.000000000000000000, 20.50000000000000000 ) ) ;
#1057 = ADVANCED_FACE ( 'NONE', ( #2888 ), #2333, .T. ) ;
#1058 = EDGE_CURVE ( 'NONE', #2071, #432, #2122, .T. ) ;
#1059 = AXIS2_PLACEMENT_3D ( 'NONE', #2407, #3014, #348 ) ;
#1060 = ORIENTED_EDGE ( 'NONE', *, *, #2702, .F. ) ;
#1061 = DIRECTION ( 'NONE',  ( 0.000000000000000000, 0.000000000000000000, -1.000000000000000000 ) ) ;
#1062 = CARTESIAN_POINT ( 'NONE',  ( -239.6496726373432011, 6.000000000000000000, 31.00000000000000000 ) ) ;
#1063 = DIRECTION ( 'NONE',  ( 0.000000000000000000, 0.000000000000000000, -1.000000000000000000 ) ) ;
#1064 = DIRECTION ( 'NONE',  ( -0.000000000000000000, 1.000000000000000000, -0.000000000000000000 ) ) ;
#1065 = LINE ( 'NONE', #3213, #624 ) ;
#1066 = AXIS2_PLACEMENT_3D ( 'NONE', #2244, #3328, #3058 ) ;
#1067 = EDGE_CURVE ( 'NONE', #991, #2804, #441, .T. ) ;
#1068 = ORIENTED_EDGE ( 'NONE', *, *, #1784, .F. ) ;
#1069 = ORIENTED_EDGE ( 'NONE', *, *, #1015, .T. ) ;
#1070 = ORIENTED_EDGE ( 'NONE', *, *, #1573, .F. ) ;
#1071 = VECTOR ( 'NONE', #1739, 1000.000000000000000 ) ;
#1072 = CARTESIAN_POINT ( 'NONE',  ( -115.9956194951312654, 0.000000000000000000, -22.00000000000000000 ) ) ;
#1073 = DIRECTION ( 'NONE',  ( -0.000000000000000000, -1.000000000000000000, 0.000000000000000000 ) ) ;
#1074 = DIRECTION ( 'NONE',  ( -0.000000000000000000, -1.000000000000000000, 0.000000000000000000 ) ) ;
#1075 = ORIENTED_EDGE ( 'NONE', *, *, #267, .F. ) ;
#1076 = CARTESIAN_POINT ( 'NONE',  ( -123.0000000000000000, 0.000000000000000000, 8.999999999999998224 ) ) ;
#1077 = ORIENTED_EDGE ( 'NONE', *, *, #1983, .T. ) ;
#1078 = DIRECTION ( 'NONE',  ( -0.000000000000000000, -1.000000000000000000, 0.000000000000000000 ) ) ;
#1079 = FACE_OUTER_BOUND ( 'NONE', #1239, .T. ) ;
#1080 = CARTESIAN_POINT ( 'NONE',  ( -199.8299527773968691, 6.000000000000000000, 23.08999999746103526 ) ) ;
#1081 = DIRECTION ( 'NONE',  ( 0.000000000000000000, 1.000000000000000000, 0.000000000000000000 ) ) ;
#1082 = EDGE_CURVE ( 'NONE', #3336, #3450, #1800, .T. ) ;
#1083 = DIRECTION ( 'NONE',  ( -0.000000000000000000, 1.000000000000000000, -0.000000000000000000 ) ) ;
#1084 = AXIS2_PLACEMENT_3D ( 'NONE', #1173, #929, #966 ) ;
#1085 = ORIENTED_EDGE ( 'NONE', *, *, #1176, .F. ) ;
#1086 = VERTEX_POINT ( 'NONE', #2622 ) ;
#1087 = EDGE_CURVE ( 'NONE', #1020, #2671, #728, .T. ) ;
#1088 = EDGE_CURVE ( 'NONE', #2210, #2433, #467, .T. ) ;
#1089 = EDGE_LOOP ( 'NONE', ( #1085, #1413 ) ) ;
#1090 = ORIENTED_EDGE ( 'NONE', *, *, #3064, .T. ) ;
#1091 = PLANE ( 'NONE',  #1295 ) ;
#1092 = CARTESIAN_POINT ( 'NONE',  ( -115.9956194951312654, -20.00000000000000355, -22.00000000000000000 ) ) ;
#1093 = EDGE_CURVE ( 'NONE', #3318, #51, #717, .T. ) ;
#1094 = AXIS2_PLACEMENT_3D ( 'NONE', #123, #448, #3075 ) ;
#1095 = LINE ( 'NONE', #3244, #112 ) ;
#1096 = EDGE_LOOP ( 'NONE', ( #978, #824, #2872, #786 ) ) ;
#1097 = DIRECTION ( 'NONE',  ( 0.000000000000000000, 1.000000000000000000, 0.000000000000000000 ) ) ;
#1098 = AXIS2_PLACEMENT_3D ( 'NONE', #528, #347, #1101 ) ;
#1099 = ORIENTED_EDGE ( 'NONE', *, *, #2199, .T. ) ;
#1100 = CARTESIAN_POINT ( 'NONE',  ( -199.8299527773968691, 0.000000000000000000, -23.08999999746103526 ) ) ;
#1101 = DIRECTION ( 'NONE',  ( 0.000000000000000000, 0.000000000000000000, -1.000000000000000000 ) ) ;
#1102 = CARTESIAN_POINT ( 'NONE',  ( 0.000000000000000000, 0.000000000000000000, 0.000000000000000000 ) ) ;
#1103 = AXIS2_PLACEMENT_3D ( 'NONE', #1430, #2494, #868 ) ;
#1104 = CARTESIAN_POINT ( 'NONE',  ( -139.9666666666666686, 6.000000000000000000, -27.89999999999999858 ) ) ;
#1105 = DIRECTION ( 'NONE',  ( 0.000000000000000000, 1.000000000000000000, -0.000000000000000000 ) ) ;
#1106 = VERTEX_POINT ( 'NONE', #230 ) ;
#1107 = ORIENTED_EDGE ( 'NONE', *, *, #440, .F. ) ;
#1108 = CIRCLE ( 'NONE', #163, 1.000000000000000888 ) ;
#1109 = EDGE_CURVE ( 'NONE', #3331, #3393, #1401, .T. ) ;
#1110 = ORIENTED_EDGE ( 'NONE', *, *, #540, .T. ) ;
#1111 = EDGE_LOOP ( 'NONE', ( #865, #2137, #108, #1908 ) ) ;
#1112 = DIRECTION ( 'NONE',  ( 0.000000000000000000, -0.000000000000000000, -1.000000000000000000 ) ) ;
#1113 = CARTESIAN_POINT ( 'NONE',  ( -173.2500000000000284, -20.00000000000000355, 21.58999999999999986 ) ) ;
#1114 = EDGE_CURVE ( 'NONE', #742, #2031, #3198, .T. ) ;
#1115 = AXIS2_PLACEMENT_3D ( 'NONE', #55, #3243, #2176 ) ;
#1116 = ORIENTED_EDGE ( 'NONE', *, *, #1214, .F. ) ;
#1117 = CYLINDRICAL_SURFACE ( 'NONE', #1513, 1.499999999999997780 ) ;
#1118 = ORIENTED_EDGE ( 'NONE', *, *, #641, .F. ) ;
#1119 = CARTESIAN_POINT ( 'NONE',  ( -138.9666666666666686, 0.000000000000000000, -30.00000000000001066 ) ) ;
#1120 = CARTESIAN_POINT ( 'NONE',  ( -132.9666666666666401, 0.000000000000000000, -30.00000000000001421 ) ) ;
#1121 = CARTESIAN_POINT ( 'NONE',  ( -114.5000000000000142, 6.000000000000000000, 4.999999999999999112 ) ) ;
#1122 = DIRECTION ( 'NONE',  ( 1.000000000000000000, -0.000000000000000000, -3.469446951953611231E-16 ) ) ;
#1123 = CARTESIAN_POINT ( 'NONE',  ( -173.2500000000000284, 6.000000000000000000, -21.58999999999999986 ) ) ;
#1124 = CIRCLE ( 'NONE', #3366, 1.499999999999997780 ) ;
#1125 = ORIENTED_EDGE ( 'NONE', *, *, #2695, .F. ) ;
#1126 = ORIENTED_EDGE ( 'NONE', *, *, #663, .F. ) ;
#1127 = VECTOR ( 'NONE', #691, 1000.000000000000000 ) ;
#1128 = ORIENTED_EDGE ( 'NONE', *, *, #1807, .T. ) ;
#1129 = ORIENTED_EDGE ( 'NONE', *, *, #3065, .T. ) ;
#1130 = AXIS2_PLACEMENT_3D ( 'NONE', #495, #1568, #2585 ) ;
#1131 = CARTESIAN_POINT ( 'NONE',  ( -200.2499999999998295, 6.000000000000000000, -4.999999999999999112 ) ) ;
#1132 = AXIS2_PLACEMENT_3D ( 'NONE', #2962, #282, #576 ) ;
#1133 = ORIENTED_EDGE ( 'NONE', *, *, #2224, .F. ) ;
#1134 = EDGE_CURVE ( 'NONE', #1644, #2662, #453, .T. ) ;
#1135 = DIRECTION ( 'NONE',  ( 0.000000000000000000, 0.000000000000000000, 1.000000000000000000 ) ) ;
#1136 = ORIENTED_EDGE ( 'NONE', *, *, #1253, .T. ) ;
#1137 = DIRECTION ( 'NONE',  ( 0.000000000000000000, 1.000000000000000000, 0.000000000000000000 ) ) ;
#1138 = CARTESIAN_POINT ( 'NONE',  ( -238.9333333333333371, 6.000000000000000000, -29.50000000000001421 ) ) ;
#1139 = LINE ( 'NONE', #1104, #1959 ) ;
#1140 = AXIS2_PLACEMENT_3D ( 'NONE', #3398, #1529, #2336 ) ;
#1141 = ORIENTED_EDGE ( 'NONE', *, *, #1824, .F. ) ;
#1142 = DIRECTION ( 'NONE',  ( 0.000000000000000000, 0.000000000000000000, -1.000000000000000000 ) ) ;
#1143 = CARTESIAN_POINT ( 'NONE',  ( -121.0666666666666629, -20.00000000000000355, 29.50000000000001421 ) ) ;
#1144 = CARTESIAN_POINT ( 'NONE',  ( -139.9666666666666686, 0.000000000000000000, 27.89999999999999858 ) ) ;
#1145 = ORIENTED_EDGE ( 'NONE', *, *, #127, .T. ) ;
#1146 = EDGE_LOOP ( 'NONE', ( #1328, #867 ) ) ;
#1147 = CARTESIAN_POINT ( 'NONE',  ( -244.0043805048687204, -20.00000000000000355, 23.49999999999999645 ) ) ;
#1148 = LINE ( 'NONE', #1165, #607 ) ;
#1149 = CARTESIAN_POINT ( 'NONE',  ( -115.9956194951312654, 0.000000000000000000, 13.99999999999999822 ) ) ;
#1150 = ADVANCED_FACE ( 'NONE', ( #1294 ), #1528, .F. ) ;
#1151 = EDGE_CURVE ( 'NONE', #842, #466, #2101, .T. ) ;
#1152 = ORIENTED_EDGE ( 'NONE', *, *, #1679, .T. ) ;
#1153 = PLANE ( 'NONE',  #2933 ) ;
#1154 = DIRECTION ( 'NONE',  ( 0.000000000000000000, 0.000000000000000000, -1.000000000000000000 ) ) ;
#1155 = APPLICATION_PROTOCOL_DEFINITION ( 'draft international standard', 'automotive_design', 1998, #235 ) ;
#1156 = CYLINDRICAL_SURFACE ( 'NONE', #43, 39.53333333333334565 ) ;
#1157 = EDGE_LOOP ( 'NONE', ( #1441, #424, #648, #2057 ) ) ;
#1158 = CIRCLE ( 'NONE', #2549, 1.499999999999997780 ) ;
#1159 = ORIENTED_EDGE ( 'NONE', *, *, #2606, .F. ) ;
#1160 = LINE ( 'NONE', #2936, #2184 ) ;
#1161 = CIRCLE ( 'NONE', #3456, 1.999999999999995781 ) ;
#1162 = ORIENTED_EDGE ( 'NONE', *, *, #476, .T. ) ;
#1163 = ORIENTED_EDGE ( 'NONE', *, *, #2624, .T. ) ;
#1164 = FACE_OUTER_BOUND ( 'NONE', #1538, .T. ) ;
#1165 = CARTESIAN_POINT ( 'NONE',  ( -123.9666666666666401, 6.000000000000000000, -27.89999999999999503 ) ) ;
#1166 = ORIENTED_EDGE ( 'NONE', *, *, #1915, .F. ) ;
#1167 = CARTESIAN_POINT ( 'NONE',  ( -173.2500000000000284, 6.000000000000000000, 23.08999999999999986 ) ) ;
#1168 = DIRECTION ( 'NONE',  ( -0.000000000000000000, 1.000000000000000000, -0.000000000000000000 ) ) ;
#1169 = DIRECTION ( 'NONE',  ( 0.000000000000000000, 0.000000000000000000, 1.000000000000000000 ) ) ;
#1170 = DIRECTION ( 'NONE',  ( 0.000000000000000000, 1.000000000000000000, 0.000000000000000000 ) ) ;
#1171 = ORIENTED_EDGE ( 'NONE', *, *, #566, .T. ) ;
#1172 = FACE_BOUND ( 'NONE', #330, .T. ) ;
#1173 = CARTESIAN_POINT ( 'NONE',  ( -120.3503273626567989, 6.000000000000000000, 30.00000000000002487 ) ) ;
#1174 = CARTESIAN_POINT ( 'NONE',  ( -120.3503273626567989, 6.000000000000000000, 31.00000000000002487 ) ) ;
#1175 = AXIS2_PLACEMENT_3D ( 'NONE', #3363, #1930, #2506 ) ;
#1176 = EDGE_CURVE ( 'NONE', #2620, #2674, #3028, .T. ) ;
#1177 = AXIS2_PLACEMENT_3D ( 'NONE', #266, #3205, #1335 ) ;
#1178 = VERTEX_POINT ( 'NONE', #841 ) ;
#1179 = AXIS2_PLACEMENT_3D ( 'NONE', #1382, #3211, #870 ) ;
#1180 = ORIENTED_EDGE ( 'NONE', *, *, #846, .T. ) ;
#1181 = DIRECTION ( 'NONE',  ( -0.000000000000000000, 1.000000000000000000, -0.000000000000000000 ) ) ;
#1182 = CARTESIAN_POINT ( 'NONE',  ( -238.9333333333333371, 6.000000000000000000, -28.00000000000001776 ) ) ;
#1183 = CARTESIAN_POINT ( 'NONE',  ( -158.0000000000000000, -20.00000000000000355, 10.50000000000023803 ) ) ;
#1184 = ORIENTED_EDGE ( 'NONE', *, *, #3332, .F. ) ;
#1185 = CARTESIAN_POINT ( 'NONE',  ( -203.6249999999998579, 6.000000000000000000, 11.00000000000000000 ) ) ;
#1186 = CARTESIAN_POINT ( 'NONE',  ( -115.9956194951312654, 6.000000000000000000, -22.00000000000000000 ) ) ;
#1187 = CIRCLE ( 'NONE', #1524, 1.499999999999997780 ) ;
#1188 = ORIENTED_EDGE ( 'NONE', *, *, #1870, .T. ) ;
#1189 = FACE_BOUND ( 'NONE', #2578, .T. ) ;
#1190 = EDGE_LOOP ( 'NONE', ( #783, #2324 ) ) ;
#1191 = EDGE_CURVE ( 'NONE', #1917, #1086, #1231, .T. ) ;
#1192 = VERTEX_POINT ( 'NONE', #2729 ) ;
#1193 = ADVANCED_FACE ( 'NONE', ( #3019 ), #2673, .F. ) ;
#1194 = DIRECTION ( 'NONE',  ( 1.000000000000000000, 0.000000000000000000, 0.000000000000000000 ) ) ;
#1195 = DIRECTION ( 'NONE',  ( -0.000000000000000000, -0.000000000000000000, 1.000000000000000000 ) ) ;
#1196 = CARTESIAN_POINT ( 'NONE',  ( -173.2500000000000284, -20.00000000000000355, -20.09000000000000341 ) ) ;
#1197 = EDGE_CURVE ( 'NONE', #2728, #915, #2461, .T. ) ;
#1198 = ORIENTED_EDGE ( 'NONE', *, *, #2799, .F. ) ;
#1199 = CARTESIAN_POINT ( 'NONE',  ( -240.0000000000000000, 0.000000000000000000, -31.00000000000000000 ) ) ;
#1200 = DIRECTION ( 'NONE',  ( 0.000000000000000000, 1.000000000000000000, 0.000000000000000000 ) ) ;
#1201 = LINE ( 'NONE', #2565, #994 ) ;
#1202 = VERTEX_POINT ( 'NONE', #2469 ) ;
#1203 = DIRECTION ( 'NONE',  ( 0.000000000000000000, -1.000000000000000000, 0.000000000000000000 ) ) ;
#1204 = DIRECTION ( 'NONE',  ( -1.000000000000000000, -0.000000000000000000, 1.156482317317871478E-16 ) ) ;
#1205 = AXIS2_PLACEMENT_3D ( 'NONE', #959, #1448, #2826 ) ;
#1206 = ORIENTED_EDGE ( 'NONE', *, *, #3403, .T. ) ;
#1207 = VERTEX_POINT ( 'NONE', #3276 ) ;
#1208 = DIRECTION ( 'NONE',  ( 0.000000000000000000, 0.000000000000000000, 1.000000000000000000 ) ) ;
#1209 = VECTOR ( 'NONE', #1708, 1000.000000000000000 ) ;
#1210 = EDGE_CURVE ( 'NONE', #2181, #3387, #89, .T. ) ;
#1211 = EDGE_CURVE ( 'NONE', #3476, #2876, #1839, .T. ) ;
#1212 = DIRECTION ( 'NONE',  ( 0.000000000000000000, 1.000000000000000000, -0.000000000000000000 ) ) ;
#1213 = LINE ( 'NONE', #1183, #2691 ) ;
#1214 = EDGE_CURVE ( 'NONE', #290, #2111, #1160, .T. ) ;
#1215 = ORIENTED_EDGE ( 'NONE', *, *, #1367, .T. ) ;
#1216 = CARTESIAN_POINT ( 'NONE',  ( -115.9956194951312654, -20.00000000000000355, 13.99999999999999822 ) ) ;
#1217 = CARTESIAN_POINT ( 'NONE',  ( -153.5000000000000000, -20.00000000000000355, 20.00000000000000000 ) ) ;
#1218 = CYLINDRICAL_SURFACE ( 'NONE', #2679, 1.000000000000000888 ) ;
#1219 = CARTESIAN_POINT ( 'NONE',  ( -248.9999999999998863, 0.000000000000000000, -5.000000000000000000 ) ) ;
#1220 = VERTEX_POINT ( 'NONE', #1144 ) ;
#1221 = FACE_BOUND ( 'NONE', #1889, .T. ) ;
#1222 = DIRECTION ( 'NONE',  ( 0.000000000000000000, 1.000000000000000000, 0.000000000000000000 ) ) ;
#1223 = ORIENTED_EDGE ( 'NONE', *, *, #2011, .T. ) ;
#1224 = VERTEX_POINT ( 'NONE', #3309 ) ;
#1225 = AXIS2_PLACEMENT_3D ( 'NONE', #1076, #2739, #1412 ) ;
#1226 = FACE_OUTER_BOUND ( 'NONE', #2100, .T. ) ;
#1227 = ADVANCED_FACE ( 'NONE', ( #1868 ), #535, .T. ) ;
#1228 = AXIS2_PLACEMENT_3D ( 'NONE', #830, #2367, #18 ) ;
#1229 = VECTOR ( 'NONE', #2745, 1000.000000000000000 ) ;
#1230 = ADVANCED_FACE ( 'NONE', ( #12 ), #823, .F. ) ;
#1231 = CIRCLE ( 'NONE', #2018, 1.499999999999997780 ) ;
#1232 = CARTESIAN_POINT ( 'NONE',  ( -199.8299527773968691, -20.00000000000000355, -23.08999999746103526 ) ) ;
#1233 = ORIENTED_EDGE ( 'NONE', *, *, #67, .F. ) ;
#1234 = DIRECTION ( 'NONE',  ( 0.000000000000000000, 0.000000000000000000, -1.000000000000000000 ) ) ;
#1235 = FACE_OUTER_BOUND ( 'NONE', #319, .T. ) ;
#1236 = EDGE_CURVE ( 'NONE', #538, #246, #2570, .T. ) ;
#1237 = VECTOR ( 'NONE', #778, 1000.000000000000000 ) ;
#1238 = CARTESIAN_POINT ( 'NONE',  ( -244.0043805048687204, 6.000000000000000000, -12.50000000000000000 ) ) ;
#1239 = EDGE_LOOP ( 'NONE', ( #2725, #3228, #1509, #1744 ) ) ;
#1240 = FACE_BOUND ( 'NONE', #2331, .T. ) ;
#1241 = LINE ( 'NONE', #3194, #3204 ) ;
#1242 = DIRECTION ( 'NONE',  ( 0.000000000000000000, 0.000000000000000000, -1.000000000000000000 ) ) ;
#1243 = EDGE_CURVE ( 'NONE', #2662, #964, #2033, .T. ) ;
#1244 = ORIENTED_EDGE ( 'NONE', *, *, #2431, .F. ) ;
#1245 = ORIENTED_EDGE ( 'NONE', *, *, #1043, .F. ) ;
#1246 = CIRCLE ( 'NONE', #3323, 1.499999999999997780 ) ;
#1247 = CIRCLE ( 'NONE', #1697, 1.999999999999996225 ) ;
#1248 = DIRECTION ( 'NONE',  ( 0.000000000000000000, 1.000000000000000000, 0.000000000000000000 ) ) ;
#1249 = DIRECTION ( 'NONE',  ( 0.000000000000000000, 0.000000000000000000, -1.000000000000000000 ) ) ;
#1250 = ORIENTED_EDGE ( 'NONE', *, *, #2189, .T. ) ;
#1251 = CARTESIAN_POINT ( 'NONE',  ( -131.9666666666666401, 6.000000000000000000, -27.89999999999999503 ) ) ;
#1252 = DIRECTION ( 'NONE',  ( 0.000000000000000000, 0.000000000000000000, -1.000000000000000000 ) ) ;
#1253 = EDGE_CURVE ( 'NONE', #1500, #2111, #414, .T. ) ;
#1254 = ORIENTED_EDGE ( 'NONE', *, *, #3172, .T. ) ;
#1255 = CYLINDRICAL_SURFACE ( 'NONE', #421, 1.499999999999997780 ) ;
#1256 = DIRECTION ( 'NONE',  ( 0.000000000000000000, 0.000000000000000000, 1.000000000000000000 ) ) ;
#1257 = AXIS2_PLACEMENT_3D ( 'NONE', #2841, #736, #1252 ) ;
#1258 = ORIENTED_EDGE ( 'NONE', *, *, #3015, .T. ) ;
#1259 = CIRCLE ( 'NONE', #2215, 1.999999999999996225 ) ;
#1260 = ORIENTED_EDGE ( 'NONE', *, *, #1243, .F. ) ;
#1261 = VECTOR ( 'NONE', #1168, 1000.000000000000000 ) ;
#1262 = AXIS2_PLACEMENT_3D ( 'NONE', #2611, #3171, #444 ) ;
#1263 = ORIENTED_EDGE ( 'NONE', *, *, #3465, .T. ) ;
#1264 = CARTESIAN_POINT ( 'NONE',  ( -158.0000000000000000, 6.000000000000000000, 9.000000000000239808 ) ) ;
#1265 = CARTESIAN_POINT ( 'NONE',  ( -121.0666666666666629, 6.000000000000000000, 26.50000000000002132 ) ) ;
#1266 = ORIENTED_EDGE ( 'NONE', *, *, #1296, .T. ) ;
#1267 = EDGE_CURVE ( 'NONE', #3130, #558, #340, .T. ) ;
#1268 = DIRECTION ( 'NONE',  ( 0.000000000000000000, 0.000000000000000000, -1.000000000000000000 ) ) ;
#1269 = VERTEX_POINT ( 'NONE', #1491 ) ;
#1270 = LINE ( 'NONE', #2129, #469 ) ;
#1271 = LINE ( 'NONE', #479, #1289 ) ;
#1272 = DIRECTION ( 'NONE',  ( 0.000000000000000000, 1.000000000000000000, 0.000000000000000000 ) ) ;
#1273 = ADVANCED_FACE ( 'NONE', ( #1764 ), #3342, .F. ) ;
#1274 = ORIENTED_EDGE ( 'NONE', *, *, #1680, .F. ) ;
#1275 = EDGE_LOOP ( 'NONE', ( #2412, #3147, #1832, #1422 ) ) ;
#1276 = EDGE_CURVE ( 'NONE', #991, #3340, #125, .T. ) ;
#1277 = EDGE_LOOP ( 'NONE', ( #1978, #2599, #3021, #626 ) ) ;
#1278 = AXIS2_PLACEMENT_3D ( 'NONE', #3188, #976, #2041 ) ;
#1279 = CARTESIAN_POINT ( 'NONE',  ( -139.9666666666666686, -20.00000000000000355, 30.00000000000002132 ) ) ;
#1280 = CARTESIAN_POINT ( 'NONE',  ( -238.9333333333333371, 0.000000000000000000, 26.50000000000002132 ) ) ;
#1281 = EDGE_CURVE ( 'NONE', #3428, #2803, #1698, .T. ) ;
#1282 = CIRCLE ( 'NONE', #840, 1.499999999999997780 ) ;
#1283 = ORIENTED_EDGE ( 'NONE', *, *, #3218, .T. ) ;
#1284 = CIRCLE ( 'NONE', #1735, 1.999999999999996225 ) ;
#1285 = DIRECTION ( 'NONE',  ( 0.000000000000000000, 1.000000000000000000, 0.000000000000000000 ) ) ;
#1286 = CARTESIAN_POINT ( 'NONE',  ( -150.9666666666666686, 6.000000000000000000, -31.00000000000001066 ) ) ;
#1287 = CARTESIAN_POINT ( 'NONE',  ( -114.5000000000000142, 0.000000000000000000, 4.999999999999999112 ) ) ;
#1288 = ORIENTED_EDGE ( 'NONE', *, *, #1596, .T. ) ;
#1289 = VECTOR ( 'NONE', #2345, 1000.000000000000000 ) ;
#1290 = CARTESIAN_POINT ( 'NONE',  ( -114.5000000000000142, 0.000000000000000000, 6.499999999999997335 ) ) ;
#1291 = CARTESIAN_POINT ( 'NONE',  ( -131.9666666666666401, -20.00000000000000355, 27.89999999999999503 ) ) ;
#1292 = CARTESIAN_POINT ( 'NONE',  ( -200.2499999999998295, 0.000000000000000000, 3.000000000000003997 ) ) ;
#1293 = VERTEX_POINT ( 'NONE', #3076 ) ;
#1294 = FACE_OUTER_BOUND ( 'NONE', #2066, .T. ) ;
#1295 = AXIS2_PLACEMENT_3D ( 'NONE', #1039, #560, #1633 ) ;
#1296 = EDGE_CURVE ( 'NONE', #1048, #2259, #3200, .T. ) ;
#1297 = EDGE_CURVE ( 'NONE', #727, #1020, #2124, .T. ) ;
#1298 = EDGE_LOOP ( 'NONE', ( #593, #1941 ) ) ;
#1299 = CARTESIAN_POINT ( 'NONE',  ( -123.0000000000000000, 0.000000000000000000, 10.49999999999999467 ) ) ;
#1300 = VECTOR ( 'NONE', #2004, 1000.000000000000000 ) ;
#1301 = CARTESIAN_POINT ( 'NONE',  ( -238.9333333333333371, 0.000000000000000000, -26.50000000000002132 ) ) ;
#1302 = CYLINDRICAL_SURFACE ( 'NONE', #1953, 1.499999999999997780 ) ;
#1303 = DIRECTION ( 'NONE',  ( -0.000000000000000000, -1.000000000000000000, 0.000000000000000000 ) ) ;
#1304 = EDGE_CURVE ( 'NONE', #2697, #2001, #1964, .T. ) ;
#1305 = ORIENTED_EDGE ( 'NONE', *, *, #2740, .F. ) ;
#1306 = DIRECTION ( 'NONE',  ( -0.000000000000000000, 1.000000000000000000, -0.000000000000000000 ) ) ;
#1307 = DIRECTION ( 'NONE',  ( -0.000000000000000000, 1.000000000000000000, -0.000000000000000000 ) ) ;
#1308 = CARTESIAN_POINT ( 'NONE',  ( -139.9666666666666686, -20.00000000000000355, -30.99999999999999289 ) ) ;
#1309 = LINE ( 'NONE', #681, #2251 ) ;
#1310 = ORIENTED_EDGE ( 'NONE', *, *, #178, .F. ) ;
#1311 = EDGE_LOOP ( 'NONE', ( #206, #402, #1049, #2399 ) ) ;
#1312 = DIRECTION ( 'NONE',  ( 0.000000000000000000, 1.000000000000000000, 0.000000000000000000 ) ) ;
#1313 = ORIENTED_EDGE ( 'NONE', *, *, #2939, .T. ) ;
#1314 = CARTESIAN_POINT ( 'NONE',  ( -203.6249999999998579, 6.000000000000000000, 11.00000000000000000 ) ) ;
#1315 = ADVANCED_FACE ( 'NONE', ( #2802 ), #2501, .F. ) ;
#1316 = ADVANCED_FACE ( 'NONE', ( #1716 ), #741, .F. ) ;
#1317 = CARTESIAN_POINT ( 'NONE',  ( -248.9999999999998863, -20.00000000000000355, -5.000000000000000000 ) ) ;
#1318 = VECTOR ( 'NONE', #639, 1000.000000000000000 ) ;
#1319 = CARTESIAN_POINT ( 'NONE',  ( -244.0043805048687204, -20.00000000000000355, -22.00000000000000000 ) ) ;
#1320 = ADVANCED_FACE ( 'NONE', ( #259 ), #2868, .F. ) ;
#1321 = CARTESIAN_POINT ( 'NONE',  ( -173.2500000000000284, 6.000000000000000000, -23.08999999999999986 ) ) ;
#1322 = ORIENTED_EDGE ( 'NONE', *, *, #31, .T. ) ;
#1323 = DIRECTION ( 'NONE',  ( -0.000000000000000000, 1.000000000000000000, -0.000000000000000000 ) ) ;
#1324 = DIRECTION ( 'NONE',  ( -0.000000000000000000, 1.000000000000000000, -0.000000000000000000 ) ) ;
#1325 = LINE ( 'NONE', #1551, #2849 ) ;
#1326 = EDGE_LOOP ( 'NONE', ( #2957, #561 ) ) ;
#1327 = DIRECTION ( 'NONE',  ( -0.000000000000000000, -1.000000000000000000, 0.000000000000000000 ) ) ;
#1328 = ORIENTED_EDGE ( 'NONE', *, *, #1870, .F. ) ;
#1329 = CIRCLE ( 'NONE', #39, 1.000000000000000888 ) ;
#1330 = FACE_BOUND ( 'NONE', #3159, .T. ) ;
#1331 = CARTESIAN_POINT ( 'NONE',  ( -139.9666666666666686, -20.00000000000000355, 27.89999999999999858 ) ) ;
#1332 = CIRCLE ( 'NONE', #3312, 1.499999999999997780 ) ;
#1333 = VECTOR ( 'NONE', #45, 1000.000000000000000 ) ;
#1334 = VECTOR ( 'NONE', #1170, 1000.000000000000000 ) ;
#1335 = DIRECTION ( 'NONE',  ( 0.000000000000000000, 0.000000000000000000, 1.000000000000000000 ) ) ;
#1336 = DIRECTION ( 'NONE',  ( 0.000000000000000000, 0.000000000000000000, -1.000000000000000000 ) ) ;
#1337 = ORIENTED_EDGE ( 'NONE', *, *, #358, .F. ) ;
#1338 = VECTOR ( 'NONE', #919, 1000.000000000000000 ) ;
#1339 = CARTESIAN_POINT ( 'NONE',  ( -240.0000000000000000, 0.000000000000000000, 31.00000000000000000 ) ) ;
#1340 = CIRCLE ( 'NONE', #3315, 1.499999999999997780 ) ;
#1341 = AXIS2_PLACEMENT_3D ( 'NONE', #2722, #3252, #6 ) ;
#1342 = ADVANCED_FACE ( 'NONE', ( #3408 ), #2650, .F. ) ;
#1343 = ORIENTED_EDGE ( 'NONE', *, *, #2901, .F. ) ;
#1344 = CARTESIAN_POINT ( 'NONE',  ( -115.9956194951312654, 0.000000000000000000, 15.49999999999999645 ) ) ;
#1345 = CARTESIAN_POINT ( 'NONE',  ( -244.0043805048687204, 0.000000000000000000, 22.00000000000000000 ) ) ;
#1346 = DIRECTION ( 'NONE',  ( -0.000000000000000000, 1.000000000000000000, -0.000000000000000000 ) ) ;
#1347 = DIRECTION ( 'NONE',  ( -0.000000000000000000, 1.000000000000000000, -0.000000000000000000 ) ) ;
#1348 = DIRECTION ( 'NONE',  ( 0.000000000000000000, 0.000000000000000000, -1.000000000000000000 ) ) ;
#1349 = VECTOR ( 'NONE', #912, 1000.000000000000000 ) ;
#1350 = ORIENTED_EDGE ( 'NONE', *, *, #3284, .F. ) ;
#1351 = EDGE_LOOP ( 'NONE', ( #2008, #1372 ) ) ;
#1352 = EDGE_CURVE ( 'NONE', #2433, #2521, #1514, .T. ) ;
#1353 = VERTEX_POINT ( 'NONE', #3142 ) ;
#1354 = AXIS2_PLACEMENT_3D ( 'NONE', #2752, #2003, #650 ) ;
#1355 = EDGE_LOOP ( 'NONE', ( #3425, #2522, #1051, #1016 ) ) ;
#1356 = VECTOR ( 'NONE', #1787, 1000.000000000000000 ) ;
#1357 = DIRECTION ( 'NONE',  ( -0.000000000000000000, -1.000000000000000000, 0.000000000000000000 ) ) ;
#1358 = CARTESIAN_POINT ( 'NONE',  ( -122.9666666666666544, 0.000000000000000000, 31.00000000000002487 ) ) ;
#1359 = CARTESIAN_POINT ( 'NONE',  ( -199.8299527773968691, -20.00000000000000355, -21.58999999746103526 ) ) ;
#1360 = ORIENTED_EDGE ( 'NONE', *, *, #2865, .T. ) ;
#1361 = CARTESIAN_POINT ( 'NONE',  ( -115.9956194951312654, 6.000000000000000000, -15.49999999999999645 ) ) ;
#1362 = ORIENTED_EDGE ( 'NONE', *, *, #2556, .F. ) ;
#1363 = LINE ( 'NONE', #833, #149 ) ;
#1364 = CARTESIAN_POINT ( 'NONE',  ( -199.8299527773968691, 0.000000000000000000, -21.58999999746103526 ) ) ;
#1365 = CARTESIAN_POINT ( 'NONE',  ( -138.9666666666666686, 6.000000000000000000, 31.00000000000002132 ) ) ;
#1366 = CARTESIAN_POINT ( 'NONE',  ( -149.9666666666666686, 6.000000000000000000, -30.99999999999999289 ) ) ;
#1367 = EDGE_CURVE ( 'NONE', #1799, #1224, #1325, .T. ) ;
#1368 = EDGE_CURVE ( 'NONE', #2804, #991, #2459, .T. ) ;
#1369 = ORIENTED_EDGE ( 'NONE', *, *, #853, .F. ) ;
#1370 = VERTEX_POINT ( 'NONE', #2586 ) ;
#1371 = ORIENTED_EDGE ( 'NONE', *, *, #1304, .F. ) ;
#1372 = ORIENTED_EDGE ( 'NONE', *, *, #2483, .F. ) ;
#1373 = DIRECTION ( 'NONE',  ( -0.000000000000000000, 1.000000000000000000, -0.000000000000000000 ) ) ;
#1374 = DIRECTION ( 'NONE',  ( 1.000000000000000000, 0.000000000000000000, 2.023844055306275026E-16 ) ) ;
#1375 = VERTEX_POINT ( 'NONE', #1292 ) ;
#1376 = DIRECTION ( 'NONE',  ( 0.000000000000000000, 0.000000000000000000, 1.000000000000000000 ) ) ;
#1377 = AXIS2_PLACEMENT_3D ( 'NONE', #3370, #656, #3106 ) ;
#1378 = EDGE_LOOP ( 'NONE', ( #1533, #1527 ) ) ;
#1379 = CARTESIAN_POINT ( 'NONE',  ( -245.6249999999998579, 0.000000000000000000, -8.686827961951888362E-15 ) ) ;
#1380 = CARTESIAN_POINT ( 'NONE',  ( -131.9666666666666401, 0.000000000000000000, -8.686827961951888362E-15 ) ) ;
#1381 = DIRECTION ( 'NONE',  ( 1.000000000000000000, 0.000000000000000000, 0.000000000000000000 ) ) ;
#1382 = CARTESIAN_POINT ( 'NONE',  ( -244.0043805048687204, 0.000000000000000000, -13.99999999999999822 ) ) ;
#1383 = DIRECTION ( 'NONE',  ( -0.000000000000000000, -1.000000000000000000, -0.000000000000000000 ) ) ;
#1384 = ORIENTED_EDGE ( 'NONE', *, *, #3351, .F. ) ;
#1385 = ORIENTED_EDGE ( 'NONE', *, *, #1731, .T. ) ;
#1386 = VERTEX_POINT ( 'NONE', #242 ) ;
#1387 = ORIENTED_EDGE ( 'NONE', *, *, #3065, .F. ) ;
#1388 = ADVANCED_FACE ( 'NONE', ( #1014 ), #3127, .F. ) ;
#1389 = CARTESIAN_POINT ( 'NONE',  ( -199.8299527773968691, 0.000000000000000000, 23.08999999746103526 ) ) ;
#1390 = CIRCLE ( 'NONE', #2286, 1.000000000000000888 ) ;
#1391 = ORIENTED_EDGE ( 'NONE', *, *, #518, .T. ) ;
#1392 = LINE ( 'NONE', #2701, #1952 ) ;
#1393 = EDGE_CURVE ( 'NONE', #573, #2338, #610, .T. ) ;
#1394 = EDGE_LOOP ( 'NONE', ( #2317, #3067, #2604, #1890 ) ) ;
#1395 = CIRCLE ( 'NONE', #2675, 1.000000000000000888 ) ;
#1396 = CARTESIAN_POINT ( 'NONE',  ( -244.0043805048687204, 0.000000000000000000, 15.49999999999999645 ) ) ;
#1397 = CYLINDRICAL_SURFACE ( 'NONE', #1933, 39.53333333333335986 ) ;
#1398 = CARTESIAN_POINT ( 'NONE',  ( -131.9666666666666401, 0.000000000000000000, -27.89999999999999503 ) ) ;
#1399 = CARTESIAN_POINT ( 'NONE',  ( -240.0000000000000000, 0.000000000000000000, -31.00000000000000000 ) ) ;
#1400 = CARTESIAN_POINT ( 'NONE',  ( -123.9666666666666401, -20.00000000000000355, 27.89999999999999503 ) ) ;
#1401 = CIRCLE ( 'NONE', #2295, 1.499999999999997780 ) ;
#1402 = EDGE_LOOP ( 'NONE', ( #1387, #75, #2672, #812 ) ) ;
#1403 = CARTESIAN_POINT ( 'NONE',  ( -173.2500000000000284, -20.00000000000000355, 23.08999999999999986 ) ) ;
#1404 = LINE ( 'NONE', #1143, #1592 ) ;
#1405 = VECTOR ( 'NONE', #1746, 1000.000000000000000 ) ;
#1406 = CARTESIAN_POINT ( 'NONE',  ( -115.9956194951312654, 6.000000000000000000, -13.99999999999999822 ) ) ;
#1407 = ORIENTED_EDGE ( 'NONE', *, *, #1093, .T. ) ;
#1408 = VERTEX_POINT ( 'NONE', #708 ) ;
#1409 = CYLINDRICAL_SURFACE ( 'NONE', #504, 1.499999999999997780 ) ;
#1410 = ADVANCED_FACE ( 'NONE', ( #3179 ), #1778, .F. ) ;
#1411 = CARTESIAN_POINT ( 'NONE',  ( -173.2500000000000284, 0.000000000000000000, -23.08999999999999986 ) ) ;
#1412 = DIRECTION ( 'NONE',  ( 0.000000000000000000, 0.000000000000000000, -1.000000000000000000 ) ) ;
#1413 = ORIENTED_EDGE ( 'NONE', *, *, #3445, .F. ) ;
#1414 = PLANE ( 'NONE',  #3238 ) ;
#1415 = CARTESIAN_POINT ( 'NONE',  ( -122.9666666666666544, 6.000000000000000000, 31.00000000000002487 ) ) ;
#1416 = SURFACE_SIDE_STYLE ('',( #3053 ) ) ;
#1417 = EDGE_CURVE ( 'NONE', #922, #1906, #2705, .T. ) ;
#1418 = CYLINDRICAL_SURFACE ( 'NONE', #1471, 1.000000000000000888 ) ;
#1419 = ORIENTED_EDGE ( 'NONE', *, *, #1869, .T. ) ;
#1420 = ORIENTED_EDGE ( 'NONE', *, *, #2311, .T. ) ;
#1421 = CARTESIAN_POINT ( 'NONE',  ( -244.0043805048687204, 0.000000000000000000, -22.00000000000000000 ) ) ;
#1422 = ORIENTED_EDGE ( 'NONE', *, *, #2070, .T. ) ;
#1423 = EDGE_LOOP ( 'NONE', ( #2610, #3412, #3128, #2527 ) ) ;
#1424 = CARTESIAN_POINT ( 'NONE',  ( -199.8299527773968691, 6.000000000000000000, 21.58999999746103526 ) ) ;
#1425 = EDGE_CURVE ( 'NONE', #481, #1934, #1675, .T. ) ;
#1426 = FACE_OUTER_BOUND ( 'NONE', #3148, .T. ) ;
#1427 = DIRECTION ( 'NONE',  ( -0.000000000000000000, 1.000000000000000000, -0.000000000000000000 ) ) ;
#1428 = AXIS2_PLACEMENT_3D ( 'NONE', #1364, #1918, #2221 ) ;
#1429 = EDGE_LOOP ( 'NONE', ( #224, #2153 ) ) ;
#1430 = CARTESIAN_POINT ( 'NONE',  ( -150.9666666666666686, 0.000000000000000000, 30.00000000000001776 ) ) ;
#1431 = CARTESIAN_POINT ( 'NONE',  ( -131.9666666666666401, -20.00000000000000355, -27.89999999999999503 ) ) ;
#1432 = EDGE_CURVE ( 'NONE', #1453, #61, #2953, .T. ) ;
#1433 = CARTESIAN_POINT ( 'NONE',  ( -163.2500000000000000, -20.00000000000000355, -21.58999999999999986 ) ) ;
#1434 = CARTESIAN_POINT ( 'NONE',  ( -149.9666666666666686, 6.000000000000000000, 30.99999999999999289 ) ) ;
#1435 = CIRCLE ( 'NONE', #2376, 1.499999999999997780 ) ;
#1436 = ORIENTED_EDGE ( 'NONE', *, *, #2557, .T. ) ;
#1437 = ORIENTED_EDGE ( 'NONE', *, *, #1067, .T. ) ;
#1438 = DIRECTION ( 'NONE',  ( -0.000000000000000000, -1.000000000000000000, 0.000000000000000000 ) ) ;
#1439 = VECTOR ( 'NONE', #1234, 1000.000000000000000 ) ;
#1440 = ORIENTED_EDGE ( 'NONE', *, *, #863, .T. ) ;
#1441 = ORIENTED_EDGE ( 'NONE', *, *, #2456, .T. ) ;
#1442 = CYLINDRICAL_SURFACE ( 'NONE', #185, 1.499999999999997780 ) ;
#1443 = CARTESIAN_POINT ( 'NONE',  ( -173.2500000000000284, -20.00000000000000355, 20.09000000000000341 ) ) ;
#1444 = CYLINDRICAL_SURFACE ( 'NONE', #2577, 1.499999999999997780 ) ;
#1445 = AXIS2_PLACEMENT_3D ( 'NONE', #3203, #2455, #2944 ) ;
#1446 = VERTEX_POINT ( 'NONE', #818 ) ;
#1447 = CYLINDRICAL_SURFACE ( 'NONE', #530, 1.499999999999997780 ) ;
#1448 = DIRECTION ( 'NONE',  ( -0.000000000000000000, 1.000000000000000000, -0.000000000000000000 ) ) ;
#1449 = DIRECTION ( 'NONE',  ( 1.000000000000000000, 0.000000000000000000, 2.023844055306275026E-16 ) ) ;
#1450 = FACE_OUTER_BOUND ( 'NONE', #3278, .T. ) ;
#1451 = ADVANCED_FACE ( 'NONE', ( #312 ), #1656, .F. ) ;
#1452 = EDGE_CURVE ( 'NONE', #2390, #3325, #3026, .T. ) ;
#1453 = VERTEX_POINT ( 'NONE', #569 ) ;
#1454 = DIRECTION ( 'NONE',  ( 0.000000000000000000, 0.000000000000000000, -1.000000000000000000 ) ) ;
#1455 = CARTESIAN_POINT ( 'NONE',  ( -150.9666666666666686, 0.000000000000000000, 31.00000000000001776 ) ) ;
#1456 = CARTESIAN_POINT ( 'NONE',  ( -199.8299527773968691, 0.000000000000000000, -21.58999999746103526 ) ) ;
#1457 = VECTOR ( 'NONE', #613, 1000.000000000000000 ) ;
#1458 = ORIENTED_EDGE ( 'NONE', *, *, #1296, .F. ) ;
#1459 = AXIS2_PLACEMENT_3D ( 'NONE', #836, #1920, #2992 ) ;
#1460 = EDGE_LOOP ( 'NONE', ( #3246, #669, #76, #1621 ) ) ;
#1461 = EDGE_CURVE ( 'NONE', #1370, #1494, #2738, .T. ) ;
#1462 = DIRECTION ( 'NONE',  ( -0.000000000000000000, -1.000000000000000000, 0.000000000000000000 ) ) ;
#1463 = PLANE ( 'NONE',  #766 ) ;
#1464 = CIRCLE ( 'NONE', #2805, 1.499999999999997780 ) ;
#1465 = VERTEX_POINT ( 'NONE', #2669 ) ;
#1466 = FACE_OUTER_BOUND ( 'NONE', #859, .T. ) ;
#1467 = CARTESIAN_POINT ( 'NONE',  ( -248.9999999999998863, 0.000000000000000000, -5.000000000000000000 ) ) ;
#1468 =( NAMED_UNIT ( * ) PLANE_ANGLE_UNIT ( ) SI_UNIT ( $, .RADIAN. ) );
#1469 = EDGE_CURVE ( 'NONE', #1588, #227, #2572, .T. ) ;
#1470 = DIRECTION ( 'NONE',  ( 0.000000000000000000, 0.000000000000000000, 1.000000000000000000 ) ) ;
#1471 = AXIS2_PLACEMENT_3D ( 'NONE', #2955, #1383, #3305 ) ;
#1472 = VERTEX_POINT ( 'NONE', #2465 ) ;
#1473 = FACE_BOUND ( 'NONE', #366, .T. ) ;
#1474 = CARTESIAN_POINT ( 'NONE',  ( -158.0000000000000000, -20.00000000000000355, -8.999999999999756639 ) ) ;
#1475 = EDGE_CURVE ( 'NONE', #2210, #136, #391, .T. ) ;
#1476 = VERTEX_POINT ( 'NONE', #2445 ) ;
#1477 = ORIENTED_EDGE ( 'NONE', *, *, #1814, .T. ) ;
#1478 = DIRECTION ( 'NONE',  ( 0.000000000000000000, 0.000000000000000000, 1.000000000000000000 ) ) ;
#1479 = EDGE_CURVE ( 'NONE', #213, #2194, #3145, .T. ) ;
#1480 = DIRECTION ( 'NONE',  ( -0.000000000000000000, 1.000000000000000000, -0.000000000000000000 ) ) ;
#1481 = DIRECTION ( 'NONE',  ( -0.000000000000000000, -1.000000000000000000, 0.000000000000000000 ) ) ;
#1482 = DIRECTION ( 'NONE',  ( 0.000000000000000000, 0.000000000000000000, 1.000000000000000000 ) ) ;
#1483 = ORIENTED_EDGE ( 'NONE', *, *, #2659, .F. ) ;
#1484 = DIRECTION ( 'NONE',  ( -0.000000000000000000, 1.000000000000000000, -0.000000000000000000 ) ) ;
#1485 = DIRECTION ( 'NONE',  ( -0.000000000000000000, -1.000000000000000000, 0.000000000000000000 ) ) ;
#1486 = LINE ( 'NONE', #640, #1008 ) ;
#1487 = CARTESIAN_POINT ( 'NONE',  ( -131.9666666666666401, 0.000000000000000000, 30.00000000000002132 ) ) ;
#1488 = ORIENTED_EDGE ( 'NONE', *, *, #1731, .F. ) ;
#1489 = DIRECTION ( 'NONE',  ( -0.000000000000000000, -1.000000000000000000, 0.000000000000000000 ) ) ;
#1490 = VECTOR ( 'NONE', #1306, 1000.000000000000000 ) ;
#1491 = CARTESIAN_POINT ( 'NONE',  ( -127.5000000000000000, 0.000000000000000000, 20.00000000000000000 ) ) ;
#1492 = AXIS2_PLACEMENT_3D ( 'NONE', #2405, #834, #310 ) ;
#1493 = EDGE_CURVE ( 'NONE', #10, #3307, #1284, .T. ) ;
#1494 = VERTEX_POINT ( 'NONE', #1365 ) ;
#1495 = ORIENTED_EDGE ( 'NONE', *, *, #3403, .F. ) ;
#1496 = DIRECTION ( 'NONE',  ( 1.000000000000000000, 0.000000000000000000, 0.000000000000000000 ) ) ;
#1497 = EDGE_CURVE ( 'NONE', #573, #1353, #1672, .T. ) ;
#1498 = CARTESIAN_POINT ( 'NONE',  ( -158.0000000000000000, 0.000000000000000000, -8.999999999999756639 ) ) ;
#1499 = FACE_OUTER_BOUND ( 'NONE', #1821, .T. ) ;
#1500 = VERTEX_POINT ( 'NONE', #3272 ) ;
#1501 = DIRECTION ( 'NONE',  ( -0.000000000000000000, -1.000000000000000000, 0.000000000000000000 ) ) ;
#1502 = LINE ( 'NONE', #2546, #3348 ) ;
#1503 = DIRECTION ( 'NONE',  ( 0.000000000000000000, 0.000000000000000000, -1.000000000000000000 ) ) ;
#1504 = ADVANCED_FACE ( 'NONE', ( #26 ), #2388, .F. ) ;
#1505 = ORIENTED_EDGE ( 'NONE', *, *, #104, .F. ) ;
#1506 = CIRCLE ( 'NONE', #2063, 1.499999999999997335 ) ;
#1507 = FACE_BOUND ( 'NONE', #2852, .T. ) ;
#1508 = LINE ( 'NONE', #3452, #785 ) ;
#1509 = ORIENTED_EDGE ( 'NONE', *, *, #317, .T. ) ;
#1510 = ORIENTED_EDGE ( 'NONE', *, *, #2430, .F. ) ;
#1511 = CARTESIAN_POINT ( 'NONE',  ( -203.6249999999998579, 0.000000000000000000, -8.686827961951888362E-15 ) ) ;
#1512 = AXIS2_PLACEMENT_3D ( 'NONE', #1002, #745, #516 ) ;
#1513 = AXIS2_PLACEMENT_3D ( 'NONE', #323, #287, #1135 ) ;
#1514 = CIRCLE ( 'NONE', #223, 1.499999999999997780 ) ;
#1515 = CARTESIAN_POINT ( 'NONE',  ( -203.6249999999998579, -20.00000000000000355, -11.00000000000000000 ) ) ;
#1516 = EDGE_CURVE ( 'NONE', #3120, #964, #1139, .T. ) ;
#1517 = VERTEX_POINT ( 'NONE', #2208 ) ;
#1518 = CARTESIAN_POINT ( 'NONE',  ( -245.6249999999998579, 6.000000000000000000, -11.00000000000000000 ) ) ;
#1519 = DIRECTION ( 'NONE',  ( 0.000000000000000000, 0.000000000000000000, -1.000000000000000000 ) ) ;
#1520 = VERTEX_POINT ( 'NONE', #2130 ) ;
#1521 = EDGE_CURVE ( 'NONE', #744, #1375, #2908, .T. ) ;
#1522 = FACE_OUTER_BOUND ( 'NONE', #360, .T. ) ;
#1523 = PLANE ( 'NONE',  #1130 ) ;
#1524 = AXIS2_PLACEMENT_3D ( 'NONE', #2823, #423, #234 ) ;
#1525 = AXIS2_PLACEMENT_3D ( 'NONE', #2670, #1105, #2746 ) ;
#1526 = EDGE_LOOP ( 'NONE', ( #2439, #3139, #1017, #2737 ) ) ;
#1527 = ORIENTED_EDGE ( 'NONE', *, *, #1368, .F. ) ;
#1528 = CYLINDRICAL_SURFACE ( 'NONE', #2397, 1.499999999999996891 ) ;
#1529 = DIRECTION ( 'NONE',  ( 0.000000000000000000, 1.000000000000000000, 0.000000000000000000 ) ) ;
#1530 = EDGE_CURVE ( 'NONE', #2045, #2421, #2016, .T. ) ;
#1531 = VERTEX_POINT ( 'NONE', #583 ) ;
#1532 = CARTESIAN_POINT ( 'NONE',  ( -123.9666666666666544, 6.000000000000000000, -30.00000000000001066 ) ) ;
#1533 = ORIENTED_EDGE ( 'NONE', *, *, #1067, .F. ) ;
#1534 = FACE_OUTER_BOUND ( 'NONE', #407, .T. ) ;
#1535 = EDGE_CURVE ( 'NONE', #1494, #2279, #672, .T. ) ;
#1536 = ORIENTED_EDGE ( 'NONE', *, *, #1368, .T. ) ;
#1537 = LINE ( 'NONE', #3407, #1038 ) ;
#1538 = EDGE_LOOP ( 'NONE', ( #2887, #1420, #850, #3401 ) ) ;
#1539 = ORIENTED_EDGE ( 'NONE', *, *, #1637, .F. ) ;
#1540 = DIRECTION ( 'NONE',  ( -0.000000000000000000, 1.000000000000000000, -0.000000000000000000 ) ) ;
#1541 = VECTOR ( 'NONE', #3249, 1000.000000000000000 ) ;
#1542 = ORIENTED_EDGE ( 'NONE', *, *, #190, .F. ) ;
#1543 = DIRECTION ( 'NONE',  ( 0.000000000000000000, 1.000000000000000000, 0.000000000000000000 ) ) ;
#1544 = PLANE ( 'NONE',  #2 ) ;
#1545 = ORIENTED_EDGE ( 'NONE', *, *, #210, .F. ) ;
#1546 = CARTESIAN_POINT ( 'NONE',  ( -114.5000000000000142, 6.000000000000000000, 6.499999999999996447 ) ) ;
#1547 = CARTESIAN_POINT ( 'NONE',  ( -200.2499999999998295, -20.00000000000000355, -4.999999999999999112 ) ) ;
#1548 = ORIENTED_EDGE ( 'NONE', *, *, #148, .F. ) ;
#1549 = DIRECTION ( 'NONE',  ( 0.000000000000000000, 0.000000000000000000, 1.000000000000000000 ) ) ;
#1550 = CARTESIAN_POINT ( 'NONE',  ( -115.9956194951312654, 0.000000000000000000, 23.49999999999999645 ) ) ;
#1551 = CARTESIAN_POINT ( 'NONE',  ( -122.9666666666666544, 6.000000000000000000, -31.00000000000001421 ) ) ;
#1552 = EDGE_CURVE ( 'NONE', #2316, #3476, #1486, .T. ) ;
#1553 = ORIENTED_EDGE ( 'NONE', *, *, #713, .F. ) ;
#1554 = ORIENTED_EDGE ( 'NONE', *, *, #3034, .T. ) ;
#1555 = DIRECTION ( 'NONE',  ( 0.000000000000000000, 0.000000000000000000, 1.000000000000000000 ) ) ;
#1556 = ORIENTED_EDGE ( 'NONE', *, *, #440, .T. ) ;
#1557 = ADVANCED_FACE ( 'NONE', ( #363 ), #155, .F. ) ;
#1558 = CARTESIAN_POINT ( 'NONE',  ( -248.9999999999998295, 6.000000000000000000, 3.000000000000003109 ) ) ;
#1559 = CARTESIAN_POINT ( 'NONE',  ( -153.5000000000000000, -20.00000000000000355, -20.00000000000000000 ) ) ;
#1560 = CIRCLE ( 'NONE', #491, 1.499999999999997780 ) ;
#1561 = AXIS2_PLACEMENT_3D ( 'NONE', #3454, #759, #1256 ) ;
#1562 = CARTESIAN_POINT ( 'NONE',  ( -139.9666666666666686, 0.000000000000000000, -8.686827961951888362E-15 ) ) ;
#1563 = LINE ( 'NONE', #2631, #2350 ) ;
#1564 = DIRECTION ( 'NONE',  ( -0.000000000000000000, 1.000000000000000000, -0.000000000000000000 ) ) ;
#1565 = ORIENTED_EDGE ( 'NONE', *, *, #3085, .T. ) ;
#1566 = AXIS2_PLACEMENT_3D ( 'NONE', #826, #2677, #1112 ) ;
#1567 = DIRECTION ( 'NONE',  ( 0.000000000000000000, 0.000000000000000000, 1.000000000000000000 ) ) ;
#1568 = DIRECTION ( 'NONE',  ( 1.156482317317871478E-16, -0.000000000000000000, 1.000000000000000000 ) ) ;
#1569 = CIRCLE ( 'NONE', #1354, 1.499999999999997780 ) ;
#1570 = ORIENTED_EDGE ( 'NONE', *, *, #1856, .F. ) ;
#1571 = ADVANCED_FACE ( 'NONE', ( #410 ), #1218, .T. ) ;
#1572 = EDGE_LOOP ( 'NONE', ( #2544, #1391, #3409, #822 ) ) ;
#1573 = EDGE_CURVE ( 'NONE', #727, #895, #2496, .T. ) ;
#1574 = DIRECTION ( 'NONE',  ( 1.000000000000000000, 0.000000000000000000, 0.000000000000000000 ) ) ;
#1575 = AXIS2_PLACEMENT_3D ( 'NONE', #1121, #2973, #2991 ) ;
#1576 = ORIENTED_EDGE ( 'NONE', *, *, #2581, .F. ) ;
#1577 = ADVANCED_FACE ( 'NONE', ( #2239 ), #3372, .F. ) ;
#1578 = CARTESIAN_POINT ( 'NONE',  ( -158.0000000000000000, 0.000000000000000000, 9.000000000000239808 ) ) ;
#1579 = CIRCLE ( 'NONE', #74, 1.499999999999997780 ) ;
#1580 = CARTESIAN_POINT ( 'NONE',  ( -240.0000000000000000, 6.000000000000000000, 31.00000000000000000 ) ) ;
#1581 = AXIS2_PLACEMENT_3D ( 'NONE', #1113, #1855, #3264 ) ;
#1582 = CARTESIAN_POINT ( 'NONE',  ( -139.9666666666666686, 6.000000000000000000, 30.99999999999999289 ) ) ;
#1583 = DIRECTION ( 'NONE',  ( 0.000000000000000000, 0.000000000000000000, 1.000000000000000000 ) ) ;
#1584 = ORIENTED_EDGE ( 'NONE', *, *, #2663, .T. ) ;
#1585 = DIRECTION ( 'NONE',  ( 0.000000000000000000, 0.000000000000000000, -1.000000000000000000 ) ) ;
#1586 = CARTESIAN_POINT ( 'NONE',  ( -163.2500000000000000, 0.000000000000000000, 23.08999999999999986 ) ) ;
#1587 = CARTESIAN_POINT ( 'NONE',  ( -238.9333333333333371, 6.000000000000000000, -28.00000000000001776 ) ) ;
#1588 = VERTEX_POINT ( 'NONE', #85 ) ;
#1589 = CIRCLE ( 'NONE', #577, 1.499999999999996891 ) ;
#1590 = VERTEX_POINT ( 'NONE', #1992 ) ;
#1591 = CARTESIAN_POINT ( 'NONE',  ( -115.9956194951312654, -20.00000000000000355, -20.50000000000000000 ) ) ;
#1592 = VECTOR ( 'NONE', #2212, 1000.000000000000000 ) ;
#1593 = EDGE_LOOP ( 'NONE', ( #1666, #3170 ) ) ;
#1594 = FACE_BOUND ( 'NONE', #2862, .T. ) ;
#1595 = CYLINDRICAL_SURFACE ( 'NONE', #1581, 1.499999999999997780 ) ;
#1596 = EDGE_CURVE ( 'NONE', #2810, #3221, #3107, .T. ) ;
#1597 = AXIS2_PLACEMENT_3D ( 'NONE', #794, #2204, #776 ) ;
#1598 = CARTESIAN_POINT ( 'NONE',  ( -248.9999999999998863, 0.000000000000000000, -3.000000000000003997 ) ) ;
#1599 = CARTESIAN_POINT ( 'NONE',  ( -138.9666666666666686, 6.000000000000000000, -31.00000000000001066 ) ) ;
#1600 = CIRCLE ( 'NONE', #986, 1.499999999999997780 ) ;
#1601 = EDGE_LOOP ( 'NONE', ( #1965, #2977 ) ) ;
#1602 = FACE_OUTER_BOUND ( 'NONE', #1966, .T. ) ;
#1603 = DIRECTION ( 'NONE',  ( 0.000000000000000000, 0.000000000000000000, 1.000000000000000000 ) ) ;
#1604 = EDGE_CURVE ( 'NONE', #3318, #3331, #960, .T. ) ;
#1605 = CARTESIAN_POINT ( 'NONE',  ( -123.0000000000000000, -20.00000000000000355, -7.500000000000003553 ) ) ;
#1606 = ORIENTED_EDGE ( 'NONE', *, *, #1784, .T. ) ;
#1607 = CARTESIAN_POINT ( 'NONE',  ( -200.2499999999998295, 0.000000000000000000, -4.999999999999999112 ) ) ;
#1608 = ORIENTED_EDGE ( 'NONE', *, *, #1530, .F. ) ;
#1609 = DIRECTION ( 'NONE',  ( 0.000000000000000000, 0.000000000000000000, -1.000000000000000000 ) ) ;
#1610 = ORIENTED_EDGE ( 'NONE', *, *, #732, .F. ) ;
#1611 = ORIENTED_EDGE ( 'NONE', *, *, #1516, .F. ) ;
#1612 = VECTOR ( 'NONE', #2285, 1000.000000000000000 ) ;
#1613 = FACE_BOUND ( 'NONE', #825, .T. ) ;
#1614 = CYLINDRICAL_SURFACE ( 'NONE', #2281, 1.499999999999997780 ) ;
#1615 = CARTESIAN_POINT ( 'NONE',  ( -123.9666666666665122, 0.000000000000000000, 8.338408684903298414E-14 ) ) ;
#1616 = ADVANCED_FACE ( 'NONE', ( #1693 ), #2827, .F. ) ;
#1617 = ORIENTED_EDGE ( 'NONE', *, *, #3427, .F. ) ;
#1618 = AXIS2_PLACEMENT_3D ( 'NONE', #1721, #2736, #2775 ) ;
#1619 = DIRECTION ( 'NONE',  ( -0.000000000000000000, -1.000000000000000000, 0.000000000000000000 ) ) ;
#1620 = AXIS2_PLACEMENT_3D ( 'NONE', #658, #396, #3321 ) ;
#1621 = ORIENTED_EDGE ( 'NONE', *, *, #2606, .T. ) ;
#1622 = CARTESIAN_POINT ( 'NONE',  ( -119.7227407025181378, 6.000000000000000000, 30.77854671280279675 ) ) ;
#1623 = DIRECTION ( 'NONE',  ( -0.000000000000000000, -1.000000000000000000, 0.000000000000000000 ) ) ;
#1624 = CARTESIAN_POINT ( 'NONE',  ( -244.0043805048687204, -20.00000000000000355, 15.49999999999999645 ) ) ;
#1625 = FACE_OUTER_BOUND ( 'NONE', #897, .T. ) ;
#1626 = MANIFOLD_SOLID_BREP ( 'Stock-26an_chassis bod-1', #2155 ) ;
#1627 = ADVANCED_FACE ( 'NONE', ( #1956 ), #2222, .F. ) ;
#1628 = EDGE_LOOP ( 'NONE', ( #571, #1737, #574, #1712 ) ) ;
#1629 = CYLINDRICAL_SURFACE ( 'NONE', #3234, 1.499999999999997780 ) ;
#1630 = DIRECTION ( 'NONE',  ( -0.000000000000000000, -1.000000000000000000, -0.000000000000000000 ) ) ;
#1631 = ORIENTED_EDGE ( 'NONE', *, *, #297, .T. ) ;
#1632 = ORIENTED_EDGE ( 'NONE', *, *, #127, .F. ) ;
#1633 = DIRECTION ( 'NONE',  ( 1.000000000000000000, 0.000000000000000000, -1.156482317317871478E-16 ) ) ;
#1634 = CARTESIAN_POINT ( 'NONE',  ( -149.9666666666666686, 0.000000000000000000, -27.89999999999999503 ) ) ;
#1635 = VERTEX_POINT ( 'NONE', #1265 ) ;
#1636 = CARTESIAN_POINT ( 'NONE',  ( -150.9666666666666686, 6.000000000000000000, 30.00000000000001776 ) ) ;
#1637 = EDGE_CURVE ( 'NONE', #1106, #761, #3418, .T. ) ;
#1638 = ORIENTED_EDGE ( 'NONE', *, *, #2267, .T. ) ;
#1639 = DIRECTION ( 'NONE',  ( -0.000000000000000000, 1.000000000000000000, -0.000000000000000000 ) ) ;
#1640 = DIRECTION ( 'NONE',  ( 0.000000000000000000, 0.000000000000000000, -1.000000000000000000 ) ) ;
#1641 = CARTESIAN_POINT ( 'NONE',  ( -123.0000000000000000, -20.00000000000000355, -9.000000000000001776 ) ) ;
#1642 = ADVANCED_FACE ( 'NONE', ( #1026 ), #1302, .F. ) ;
#1643 = ORIENTED_EDGE ( 'NONE', *, *, #2232, .F. ) ;
#1644 = VERTEX_POINT ( 'NONE', #703 ) ;
#1645 = VERTEX_POINT ( 'NONE', #220 ) ;
#1646 = ORIENTED_EDGE ( 'NONE', *, *, #633, .F. ) ;
#1647 = FACE_BOUND ( 'NONE', #2434, .T. ) ;
#1648 = CIRCLE ( 'NONE', #1706, 1.499999999999997780 ) ;
#1649 = ORIENTED_EDGE ( 'NONE', *, *, #1493, .F. ) ;
#1650 = DIRECTION ( 'NONE',  ( 0.000000000000000000, 0.000000000000000000, -1.000000000000000000 ) ) ;
#1651 = AXIS2_PLACEMENT_3D ( 'NONE', #3031, #621, #1692 ) ;
#1652 = VERTEX_POINT ( 'NONE', #2878 ) ;
#1653 = DIRECTION ( 'NONE',  ( -0.000000000000000000, 1.000000000000000000, -0.000000000000000000 ) ) ;
#1654 = LINE ( 'NONE', #1884, #1333 ) ;
#1655 = AXIS2_PLACEMENT_3D ( 'NONE', #379, #1935, #3012 ) ;
#1656 = CYLINDRICAL_SURFACE ( 'NONE', #1059, 1.499999999999997780 ) ;
#1657 = EDGE_CURVE ( 'NONE', #679, #915, #473, .T. ) ;
#1658 = CARTESIAN_POINT ( 'NONE',  ( -158.0000000000000000, 0.000000000000000000, -8.999999999999756639 ) ) ;
#1659 = VERTEX_POINT ( 'NONE', #1286 ) ;
#1660 = CARTESIAN_POINT ( 'NONE',  ( -149.9666666666666686, 6.000000000000000000, 27.89999999999999503 ) ) ;
#1661 = EDGE_CURVE ( 'NONE', #1659, #213, #1563, .T. ) ;
#1662 = ORIENTED_EDGE ( 'NONE', *, *, #377, .F. ) ;
#1663 = ORIENTED_EDGE ( 'NONE', *, *, #2516, .T. ) ;
#1664 = DIRECTION ( 'NONE',  ( -1.000000000000000000, 0.000000000000000000, -3.469446951953611231E-16 ) ) ;
#1665 = DIRECTION ( 'NONE',  ( 0.000000000000000000, 0.000000000000000000, 1.000000000000000000 ) ) ;
#1666 = ORIENTED_EDGE ( 'NONE', *, *, #1109, .F. ) ;
#1667 = CARTESIAN_POINT ( 'NONE',  ( -114.5000000000000142, 0.000000000000000000, -6.499999999999999112 ) ) ;
#1668 = CIRCLE ( 'NONE', #3472, 1.499999999999997780 ) ;
#1669 = ORIENTED_EDGE ( 'NONE', *, *, #3181, .T. ) ;
#1670 = FACE_OUTER_BOUND ( 'NONE', #3329, .T. ) ;
#1671 = CARTESIAN_POINT ( 'NONE',  ( -153.5000000000000000, 6.000000000000000000, -20.00000000000000000 ) ) ;
#1672 = LINE ( 'NONE', #1624, #52 ) ;
#1673 = DIRECTION ( 'NONE',  ( 0.000000000000000000, 0.000000000000000000, -1.000000000000000000 ) ) ;
#1674 = CIRCLE ( 'NONE', #1006, 1.000000000000000888 ) ;
#1675 = CIRCLE ( 'NONE', #2517, 1.999999999999996669 ) ;
#1676 = ORIENTED_EDGE ( 'NONE', *, *, #3378, .T. ) ;
#1677 = ORIENTED_EDGE ( 'NONE', *, *, #2105, .F. ) ;
#1678 = AXIS2_PLACEMENT_3D ( 'NONE', #556, #1630, #1609 ) ;
#1679 = EDGE_CURVE ( 'NONE', #2377, #903, #716, .T. ) ;
#1680 = EDGE_CURVE ( 'NONE', #1494, #2073, #58, .T. ) ;
#1681 = ORIENTED_EDGE ( 'NONE', *, *, #245, .F. ) ;
#1682 = EDGE_LOOP ( 'NONE', ( #860, #1798 ) ) ;
#1683 = DIRECTION ( 'NONE',  ( 0.000000000000000000, 0.000000000000000000, 1.000000000000000000 ) ) ;
#1684 = AXIS2_PLACEMENT_3D ( 'NONE', #1999, #107, #911 ) ;
#1685 = DIRECTION ( 'NONE',  ( 0.000000000000000000, 1.000000000000000000, 0.000000000000000000 ) ) ;
#1686 = CIRCLE ( 'NONE', #3099, 1.499999999999997780 ) ;
#1687 = EDGE_CURVE ( 'NONE', #1926, #3124, #1005, .T. ) ;
#1688 = CARTESIAN_POINT ( 'NONE',  ( -239.6496726373432011, 0.000000000000000000, 30.00000000000000000 ) ) ;
#1689 = AXIS2_PLACEMENT_3D ( 'NONE', #984, #3100, #513 ) ;
#1690 = ORIENTED_EDGE ( 'NONE', *, *, #1210, .F. ) ;
#1691 = DIRECTION ( 'NONE',  ( 0.000000000000000000, 0.000000000000000000, -1.000000000000000000 ) ) ;
#1692 = DIRECTION ( 'NONE',  ( 0.000000000000000000, 0.000000000000000000, 1.000000000000000000 ) ) ;
#1693 = FACE_OUTER_BOUND ( 'NONE', #1981, .T. ) ;
#1694 = DIRECTION ( 'NONE',  ( -0.000000000000000000, -1.000000000000000000, 0.000000000000000000 ) ) ;
#1695 = ORIENTED_EDGE ( 'NONE', *, *, #167, .T. ) ;
#1696 = DIRECTION ( 'NONE',  ( -0.000000000000000000, 1.000000000000000000, -0.000000000000000000 ) ) ;
#1697 = AXIS2_PLACEMENT_3D ( 'NONE', #2786, #1222, #2533 ) ;
#1698 = LINE ( 'NONE', #931, #498 ) ;
#1699 = EDGE_LOOP ( 'NONE', ( #587, #3424, #3416, #1033 ) ) ;
#1700 = ORIENTED_EDGE ( 'NONE', *, *, #2030, .T. ) ;
#1701 = DIRECTION ( 'NONE',  ( 0.000000000000000000, 0.000000000000000000, 1.000000000000000000 ) ) ;
#1702 = DIRECTION ( 'NONE',  ( 0.000000000000000000, 1.000000000000000000, 0.000000000000000000 ) ) ;
#1703 = CARTESIAN_POINT ( 'NONE',  ( -238.9333333333333371, -20.00000000000000355, 26.50000000000002132 ) ) ;
#1704 = EDGE_CURVE ( 'NONE', #2073, #949, #1895, .T. ) ;
#1705 = DIRECTION ( 'NONE',  ( 0.000000000000000000, 1.000000000000000000, 0.000000000000000000 ) ) ;
#1706 = AXIS2_PLACEMENT_3D ( 'NONE', #1762, #142, #2313 ) ;
#1707 = EDGE_LOOP ( 'NONE', ( #2941, #693 ) ) ;
#1708 = DIRECTION ( 'NONE',  ( 0.000000000000000000, 0.000000000000000000, -1.000000000000000000 ) ) ;
#1709 = CARTESIAN_POINT ( 'NONE',  ( -248.9999999999998295, 0.000000000000000000, 4.999999999999999112 ) ) ;
#1710 = FILL_AREA_STYLE ('',( #1758 ) ) ;
#1711 = CARTESIAN_POINT ( 'NONE',  ( -200.2499999999998295, 6.000000000000000000, 6.999999999999995559 ) ) ;
#1712 = ORIENTED_EDGE ( 'NONE', *, *, #3411, .F. ) ;
#1713 = CIRCLE ( 'NONE', #1875, 1.499999999999997780 ) ;
#1714 = PRODUCT ( '26an_chassis body_6mm poly_1pc', '26an_chassis body_6mm poly_1pc', '', ( #2649 ) ) ;
#1715 = FACE_BOUND ( 'NONE', #1003, .T. ) ;
#1716 = FACE_OUTER_BOUND ( 'NONE', #3360, .T. ) ;
#1717 = ORIENTED_EDGE ( 'NONE', *, *, #2707, .F. ) ;
#1718 = ORIENTED_EDGE ( 'NONE', *, *, #3111, .T. ) ;
#1719 = DIRECTION ( 'NONE',  ( -1.000000000000000000, 0.000000000000000000, 0.000000000000000000 ) ) ;
#1720 = AXIS2_PLACEMENT_3D ( 'NONE', #1636, #3283, #1650 ) ;
#1721 = CARTESIAN_POINT ( 'NONE',  ( -121.0666666666666629, 6.000000000000000000, -28.00000000000001776 ) ) ;
#1722 = CARTESIAN_POINT ( 'NONE',  ( -203.6249999999998579, -20.00000000000000355, 11.00000000000000000 ) ) ;
#1723 = EDGE_CURVE ( 'NONE', #302, #1408, #3048, .T. ) ;
#1724 = EDGE_CURVE ( 'NONE', #130, #2099, #169, .T. ) ;
#1725 = ORIENTED_EDGE ( 'NONE', *, *, #2206, .T. ) ;
#1726 = CARTESIAN_POINT ( 'NONE',  ( -149.9666666666666686, -20.00000000000000355, -30.99999999999999289 ) ) ;
#1727 = LINE ( 'NONE', #1742, #3453 ) ;
#1728 = VECTOR ( 'NONE', #1427, 1000.000000000000000 ) ;
#1729 = CARTESIAN_POINT ( 'NONE',  ( -248.9999999999998295, 0.000000000000000000, 3.000000000000003109 ) ) ;
#1730 = CIRCLE ( 'NONE', #1618, 1.499999999999997780 ) ;
#1731 = EDGE_CURVE ( 'NONE', #3340, #3380, #2735, .T. ) ;
#1732 = ORIENTED_EDGE ( 'NONE', *, *, #2475, .T. ) ;
#1733 = DIRECTION ( 'NONE',  ( 0.000000000000000000, 0.000000000000000000, -1.000000000000000000 ) ) ;
#1734 = VECTOR ( 'NONE', #1769, 1000.000000000000000 ) ;
#1735 = AXIS2_PLACEMENT_3D ( 'NONE', #294, #1081, #3232 ) ;
#1736 = VERTEX_POINT ( 'NONE', #2216 ) ;
#1737 = ORIENTED_EDGE ( 'NONE', *, *, #2680, .F. ) ;
#1738 = DIRECTION ( 'NONE',  ( 1.000000000000000000, 0.000000000000000000, 2.023844055306275026E-16 ) ) ;
#1739 = DIRECTION ( 'NONE',  ( 0.000000000000000000, 0.000000000000000000, 1.000000000000000000 ) ) ;
#1740 = EDGE_LOOP ( 'NONE', ( #3274, #1419, #324, #2818 ) ) ;
#1741 = FACE_OUTER_BOUND ( 'NONE', #355, .T. ) ;
#1742 = CARTESIAN_POINT ( 'NONE',  ( -240.0000000000000000, 0.000000000000000000, -31.00000000000000000 ) ) ;
#1743 = DIRECTION ( 'NONE',  ( 0.000000000000000000, 1.000000000000000000, 0.000000000000000000 ) ) ;
#1744 = ORIENTED_EDGE ( 'NONE', *, *, #2284, .F. ) ;
#1745 = CARTESIAN_POINT ( 'NONE',  ( -138.9666666666666686, 0.000000000000000000, -31.00000000000001066 ) ) ;
#1746 = DIRECTION ( 'NONE',  ( -0.000000000000000000, 1.000000000000000000, -0.000000000000000000 ) ) ;
#1747 = EDGE_CURVE ( 'NONE', #3078, #1805, #1395, .T. ) ;
#1748 = ORIENTED_EDGE ( 'NONE', *, *, #3150, .F. ) ;
#1749 = ORIENTED_EDGE ( 'NONE', *, *, #297, .F. ) ;
#1750 = LINE ( 'NONE', #2555, #2637 ) ;
#1751 = ADVANCED_FACE ( 'NONE', ( #652 ), #96, .F. ) ;
#1752 = CARTESIAN_POINT ( 'NONE',  ( -115.9956194951312654, -20.00000000000000355, 15.49999999999999645 ) ) ;
#1753 = DIRECTION ( 'NONE',  ( -0.000000000000000000, 1.000000000000000000, -0.000000000000000000 ) ) ;
#1754 = CIRCLE ( 'NONE', #3343, 1.499999999999997780 ) ;
#1755 = ORIENTED_EDGE ( 'NONE', *, *, #190, .T. ) ;
#1756 = FACE_OUTER_BOUND ( 'NONE', #3183, .T. ) ;
#1757 = DIRECTION ( 'NONE',  ( 0.000000000000000000, 0.000000000000000000, -1.000000000000000000 ) ) ;
#1758 = FILL_AREA_STYLE_COLOUR ( '', #2965 ) ;
#1759 = DIRECTION ( 'NONE',  ( -0.000000000000000000, -1.000000000000000000, 0.000000000000000000 ) ) ;
#1760 = ORIENTED_EDGE ( 'NONE', *, *, #2924, .F. ) ;
#1761 = EDGE_CURVE ( 'NONE', #1178, #1024, #1730, .T. ) ;
#1762 = CARTESIAN_POINT ( 'NONE',  ( -173.2500000000000284, 0.000000000000000000, 21.58999999999999986 ) ) ;
#1763 = AXIS2_PLACEMENT_3D ( 'NONE', #1887, #1489, #1454 ) ;
#1764 = FACE_OUTER_BOUND ( 'NONE', #3296, .T. ) ;
#1765 = AXIS2_PLACEMENT_3D ( 'NONE', #2422, #1653, #2166 ) ;
#1766 = ORIENTED_EDGE ( 'NONE', *, *, #2245, .T. ) ;
#1767 = ORIENTED_EDGE ( 'NONE', *, *, #1088, .F. ) ;
#1768 = EDGE_CURVE ( 'NONE', #805, #3266, #1148, .T. ) ;
#1769 = DIRECTION ( 'NONE',  ( -0.000000000000000000, 1.000000000000000000, -0.000000000000000000 ) ) ;
#1770 = DIRECTION ( 'NONE',  ( -0.000000000000000000, 1.000000000000000000, -0.000000000000000000 ) ) ;
#1771 = DIRECTION ( 'NONE',  ( 0.000000000000000000, 0.000000000000000000, -1.000000000000000000 ) ) ;
#1772 = ORIENTED_EDGE ( 'NONE', *, *, #937, .T. ) ;
#1773 = LINE ( 'NONE', #1562, #3477 ) ;
#1774 = CARTESIAN_POINT ( 'NONE',  ( -139.9666666666666686, 0.000000000000000000, -27.89999999999999858 ) ) ;
#1775 = ORIENTED_EDGE ( 'NONE', *, *, #2774, .T. ) ;
#1776 = FACE_OUTER_BOUND ( 'NONE', #1394, .T. ) ;
#1777 = CARTESIAN_POINT ( 'NONE',  ( -144.5333333333333599, 0.000000000000000000, 11.00000000000000000 ) ) ;
#1778 = CYLINDRICAL_SURFACE ( 'NONE', #3199, 1.999999999999996225 ) ;
#1779 = EDGE_CURVE ( 'NONE', #298, #3156, #357, .T. ) ;
#1780 = ORIENTED_EDGE ( 'NONE', *, *, #110, .F. ) ;
#1781 = ORIENTED_EDGE ( 'NONE', *, *, #2561, .T. ) ;
#1782 = CARTESIAN_POINT ( 'NONE',  ( -121.0666666666666629, 0.000000000000000000, 28.00000000000001776 ) ) ;
#1783 = CIRCLE ( 'NONE', #1055, 1.499999999999997780 ) ;
#1784 = EDGE_CURVE ( 'NONE', #70, #2351, #1783, .T. ) ;
#1785 = AXIS2_PLACEMENT_3D ( 'NONE', #1937, #2188, #1640 ) ;
#1786 = DIRECTION ( 'NONE',  ( -0.000000000000000000, -1.000000000000000000, 0.000000000000000000 ) ) ;
#1787 = DIRECTION ( 'NONE',  ( -1.000000000000000000, 0.000000000000000000, -0.000000000000000000 ) ) ;
#1788 = EDGE_CURVE ( 'NONE', #2810, #3396, #2393, .T. ) ;
#1789 = EDGE_LOOP ( 'NONE', ( #1007, #1643 ) ) ;
#1790 = DIRECTION ( 'NONE',  ( 0.000000000000000000, 0.000000000000000000, 1.000000000000000000 ) ) ;
#1791 = LINE ( 'NONE', #2863, #2711 ) ;
#1792 = AXIS2_PLACEMENT_3D ( 'NONE', #3314, #2504, #1194 ) ;
#1793 = ORIENTED_EDGE ( 'NONE', *, *, #2508, .T. ) ;
#1794 = CARTESIAN_POINT ( 'NONE',  ( -119.7227407025180952, 0.000000000000000000, -30.77854671280278254 ) ) ;
#1795 = CARTESIAN_POINT ( 'NONE',  ( -123.9666666666666401, 6.000000000000000000, -27.89999999999999503 ) ) ;
#1796 = VECTOR ( 'NONE', #2525, 1000.000000000000000 ) ;
#1797 = DIRECTION ( 'NONE',  ( -0.000000000000000000, 1.000000000000000000, -0.000000000000000000 ) ) ;
#1798 = ORIENTED_EDGE ( 'NONE', *, *, #1042, .F. ) ;
#1799 = VERTEX_POINT ( 'NONE', #2791 ) ;
#1800 = LINE ( 'NONE', #2871, #3086 ) ;
#1801 = ORIENTED_EDGE ( 'NONE', *, *, #591, .F. ) ;
#1802 = ADVANCED_FACE ( 'NONE', ( #1426 ), #150, .F. ) ;
#1803 = CARTESIAN_POINT ( 'NONE',  ( -244.0043805048687204, -20.00000000000000355, -13.99999999999999822 ) ) ;
#1804 = DIRECTION ( 'NONE',  ( -0.000000000000000000, 1.000000000000000000, -0.000000000000000000 ) ) ;
#1805 = VERTEX_POINT ( 'NONE', #2268 ) ;
#1806 = PLANE ( 'NONE',  #1880 ) ;
#1807 = EDGE_CURVE ( 'NONE', #1917, #2742, #390, .T. ) ;
#1808 = DIRECTION ( 'NONE',  ( 0.000000000000000000, 0.000000000000000000, 1.000000000000000000 ) ) ;
#1809 = LINE ( 'NONE', #2093, #2928 ) ;
#1810 = VERTEX_POINT ( 'NONE', #1411 ) ;
#1811 = CARTESIAN_POINT ( 'NONE',  ( -121.0666666666666629, 6.000000000000000000, 28.00000000000001776 ) ) ;
#1812 = DIRECTION ( 'NONE',  ( -0.000000000000000000, 1.000000000000000000, -0.000000000000000000 ) ) ;
#1813 = DIRECTION ( 'NONE',  ( 0.000000000000000000, 0.000000000000000000, 1.000000000000000000 ) ) ;
#1814 = EDGE_CURVE ( 'NONE', #3017, #2876, #667, .T. ) ;
#1815 = ORIENTED_EDGE ( 'NONE', *, *, #2116, .F. ) ;
#1816 = ORIENTED_EDGE ( 'NONE', *, *, #1881, .T. ) ;
#1817 = CIRCLE ( 'NONE', #2275, 1.499999999999997780 ) ;
#1818 = ORIENTED_EDGE ( 'NONE', *, *, #3427, .T. ) ;
#1819 = DIRECTION ( 'NONE',  ( 0.000000000000000000, 0.000000000000000000, 1.000000000000000000 ) ) ;
#1820 = AXIS2_PLACEMENT_3D ( 'NONE', #1102, #529, #1381 ) ;
#1821 = EDGE_LOOP ( 'NONE', ( #81, #747, #2619, #2904 ) ) ;
#1822 = DIRECTION ( 'NONE',  ( 0.000000000000000000, 0.000000000000000000, 1.000000000000000000 ) ) ;
#1823 = CARTESIAN_POINT ( 'NONE',  ( -150.9666666666666686, 6.000000000000000000, 31.00000000000001776 ) ) ;
#1824 = EDGE_CURVE ( 'NONE', #386, #3124, #3334, .T. ) ;
#1825 = EDGE_CURVE ( 'NONE', #3017, #2316, #2253, .T. ) ;
#1826 = ORIENTED_EDGE ( 'NONE', *, *, #3020, .T. ) ;
#1827 = CARTESIAN_POINT ( 'NONE',  ( -199.8299527773968691, -20.00000000000000355, 21.58999999746103526 ) ) ;
#1828 = CARTESIAN_POINT ( 'NONE',  ( -240.0000000000000000, 6.000000000000000000, -31.00000000000000000 ) ) ;
#1829 = CARTESIAN_POINT ( 'NONE',  ( -248.9999999999998863, -20.00000000000000355, -5.000000000000000000 ) ) ;
#1830 = EDGE_CURVE ( 'NONE', #2279, #3325, #79, .T. ) ;
#1831 = ORIENTED_EDGE ( 'NONE', *, *, #2389, .T. ) ;
#1832 = ORIENTED_EDGE ( 'NONE', *, *, #459, .T. ) ;
#1833 = DIRECTION ( 'NONE',  ( 0.000000000000000000, 0.000000000000000000, -1.000000000000000000 ) ) ;
#1834 = ORIENTED_EDGE ( 'NONE', *, *, #459, .F. ) ;
#1835 = AXIS2_PLACEMENT_3D ( 'NONE', #3245, #2438, #1912 ) ;
#1836 = FACE_BOUND ( 'NONE', #1951, .T. ) ;
#1837 = VECTOR ( 'NONE', #2946, 1000.000000000000000 ) ;
#1838 = VECTOR ( 'NONE', #753, 1000.000000000000000 ) ;
#1839 = CIRCLE ( 'NONE', #2909, 1.499999999999997780 ) ;
#1840 = FACE_OUTER_BOUND ( 'NONE', #1894, .T. ) ;
#1841 = ADVANCED_FACE ( 'NONE', ( #2808 ), #617, .F. ) ;
#1842 = CARTESIAN_POINT ( 'NONE',  ( -163.2500000000000000, -20.00000000000000355, -21.58999999999999986 ) ) ;
#1843 = EDGE_LOOP ( 'NONE', ( #49, #183, #1090, #3035 ) ) ;
#1844 = VECTOR ( 'NONE', #2326, 1000.000000000000000 ) ;
#1845 = LINE ( 'NONE', #2917, #2491 ) ;
#1846 = CARTESIAN_POINT ( 'NONE',  ( -199.8299527773968691, -20.00000000000000355, 20.08999999746103882 ) ) ;
#1847 = LINE ( 'NONE', #1291, #1844 ) ;
#1848 = DIRECTION ( 'NONE',  ( 0.000000000000000000, 0.000000000000000000, 1.000000000000000000 ) ) ;
#1849 = ORIENTED_EDGE ( 'NONE', *, *, #3285, .F. ) ;
#1850 = EDGE_LOOP ( 'NONE', ( #2929, #1815 ) ) ;
#1851 = ADVANCED_FACE ( 'NONE', ( #2318 ), #3385, .T. ) ;
#1852 = CIRCLE ( 'NONE', #1022, 1.499999999999997780 ) ;
#1853 = EDGE_LOOP ( 'NONE', ( #1369, #619 ) ) ;
#1854 = FACE_BOUND ( 'NONE', #675, .T. ) ;
#1855 = DIRECTION ( 'NONE',  ( -0.000000000000000000, 1.000000000000000000, -0.000000000000000000 ) ) ;
#1856 = EDGE_CURVE ( 'NONE', #665, #878, #1579, .T. ) ;
#1857 = CARTESIAN_POINT ( 'NONE',  ( -127.5000000000000000, -20.00000000000000355, -20.00000000000000000 ) ) ;
#1858 = DIRECTION ( 'NONE',  ( -0.000000000000000000, -1.000000000000000000, 0.000000000000000000 ) ) ;
#1859 = ORIENTED_EDGE ( 'NONE', *, *, #937, .F. ) ;
#1860 = DIRECTION ( 'NONE',  ( -0.000000000000000000, 1.000000000000000000, -0.000000000000000000 ) ) ;
#1861 = CARTESIAN_POINT ( 'NONE',  ( -121.0666666666666629, 6.000000000000000000, 28.00000000000001776 ) ) ;
#1862 = DIRECTION ( 'NONE',  ( -0.000000000000000000, 1.000000000000000000, -0.000000000000000000 ) ) ;
#1863 = DIRECTION ( 'NONE',  ( -0.000000000000000000, -1.000000000000000000, 0.000000000000000000 ) ) ;
#1864 = DIRECTION ( 'NONE',  ( -0.000000000000000000, 0.000000000000000000, 1.000000000000000000 ) ) ;
#1865 = VERTEX_POINT ( 'NONE', #470 ) ;
#1866 = CIRCLE ( 'NONE', #1034, 1.000000000000000888 ) ;
#1867 = ORIENTED_EDGE ( 'NONE', *, *, #1001, .F. ) ;
#1868 = FACE_OUTER_BOUND ( 'NONE', #2869, .T. ) ;
#1869 = EDGE_CURVE ( 'NONE', #2814, #2039, #2029, .T. ) ;
#1870 = EDGE_CURVE ( 'NONE', #1531, #1736, #1852, .T. ) ;
#1871 = ORIENTED_EDGE ( 'NONE', *, *, #853, .T. ) ;
#1872 = VECTOR ( 'NONE', #118, 1000.000000000000000 ) ;
#1873 = DIRECTION ( 'NONE',  ( 0.000000000000000000, 1.000000000000000000, -0.000000000000000000 ) ) ;
#1874 = UNCERTAINTY_MEASURE_WITH_UNIT (LENGTH_MEASURE( 1.000000000000000082E-05 ), #2796, 'distance_accuracy_value', 'NONE');
#1875 = AXIS2_PLACEMENT_3D ( 'NONE', #3303, #2528, #2758 ) ;
#1876 = CARTESIAN_POINT ( 'NONE',  ( -248.9999999999998863, 0.000000000000000000, -6.999999999999995559 ) ) ;
#1877 = CARTESIAN_POINT ( 'NONE',  ( -163.2500000000000000, 6.000000000000000000, -21.58999999999999986 ) ) ;
#1878 = ORIENTED_EDGE ( 'NONE', *, *, #140, .F. ) ;
#1879 = CARTESIAN_POINT ( 'NONE',  ( -121.0666666666666629, 0.000000000000000000, -29.50000000000001421 ) ) ;
#1880 = AXIS2_PLACEMENT_3D ( 'NONE', #720, #1009, #219 ) ;
#1881 = EDGE_CURVE ( 'NONE', #558, #903, #2559, .T. ) ;
#1882 = ORIENTED_EDGE ( 'NONE', *, *, #2199, .F. ) ;
#1883 = CARTESIAN_POINT ( 'NONE',  ( -144.5333333333333599, 6.000000000000000000, -8.686827961951888362E-15 ) ) ;
#1884 = CARTESIAN_POINT ( 'NONE',  ( -132.9666666666666401, 6.000000000000000000, 31.00000000000002132 ) ) ;
#1885 = FACE_OUTER_BOUND ( 'NONE', #3357, .T. ) ;
#1886 = VERTEX_POINT ( 'NONE', #437 ) ;
#1887 = CARTESIAN_POINT ( 'NONE',  ( -173.2500000000000284, 0.000000000000000000, -21.58999999999999986 ) ) ;
#1888 = DIRECTION ( 'NONE',  ( -1.000000000000000000, 0.000000000000000000, -0.000000000000000000 ) ) ;
#1889 = EDGE_LOOP ( 'NONE', ( #3166, #1780 ) ) ;
#1890 = ORIENTED_EDGE ( 'NONE', *, *, #2695, .T. ) ;
#1891 = CARTESIAN_POINT ( 'NONE',  ( -244.0043805048687204, 0.000000000000000000, 23.49999999999999645 ) ) ;
#1892 = FACE_OUTER_BOUND ( 'NONE', #2777, .T. ) ;
#1893 = DIRECTION ( 'NONE',  ( -0.000000000000000000, 1.000000000000000000, -0.000000000000000000 ) ) ;
#1894 = EDGE_LOOP ( 'NONE', ( #316, #2647, #2024, #2185 ) ) ;
#1895 = CIRCLE ( 'NONE', #1835, 1.000000000000000888 ) ;
#1896 = EDGE_CURVE ( 'NONE', #3156, #1106, #2575, .T. ) ;
#1897 = LINE ( 'NONE', #1, #488 ) ;
#1898 = VECTOR ( 'NONE', #419, 1000.000000000000000 ) ;
#1899 = MECHANICAL_DESIGN_GEOMETRIC_PRESENTATION_REPRESENTATION (  '', ( #3265 ), #2623 ) ;
#1900 = ORIENTED_EDGE ( 'NONE', *, *, #2985, .T. ) ;
#1901 = CARTESIAN_POINT ( 'NONE',  ( -123.9666666666666401, -20.00000000000000355, -27.89999999999999503 ) ) ;
#1902 = LINE ( 'NONE', #2479, #30 ) ;
#1903 = DIRECTION ( 'NONE',  ( -0.000000000000000000, -1.000000000000000000, -0.000000000000000000 ) ) ;
#1904 = CARTESIAN_POINT ( 'NONE',  ( -138.9666666666666686, 6.000000000000000000, -30.00000000000001066 ) ) ;
#1905 = ORIENTED_EDGE ( 'NONE', *, *, #1082, .F. ) ;
#1906 = VERTEX_POINT ( 'NONE', #187 ) ;
#1907 = CARTESIAN_POINT ( 'NONE',  ( -144.5333333333333599, 0.000000000000000000, -27.89999999999999503 ) ) ;
#1908 = ORIENTED_EDGE ( 'NONE', *, *, #1211, .T. ) ;
#1909 = VERTEX_POINT ( 'NONE', #2364 ) ;
#1910 = FACE_BOUND ( 'NONE', #2921, .T. ) ;
#1911 = LINE ( 'NONE', #862, #482 ) ;
#1912 = DIRECTION ( 'NONE',  ( 0.000000000000000000, 0.000000000000000000, -1.000000000000000000 ) ) ;
#1913 = ORIENTED_EDGE ( 'NONE', *, *, #657, .F. ) ;
#1914 = CARTESIAN_POINT ( 'NONE',  ( -144.5333333333333599, 0.000000000000000000, 27.89999999999999503 ) ) ;
#1915 = EDGE_CURVE ( 'NONE', #3029, #246, #2753, .T. ) ;
#1916 = EDGE_CURVE ( 'NONE', #1446, #53, #188, .T. ) ;
#1917 = VERTEX_POINT ( 'NONE', #2627 ) ;
#1918 = DIRECTION ( 'NONE',  ( -0.000000000000000000, -1.000000000000000000, 0.000000000000000000 ) ) ;
#1919 = DIRECTION ( 'NONE',  ( 0.000000000000000000, 1.000000000000000000, -0.000000000000000000 ) ) ;
#1920 = DIRECTION ( 'NONE',  ( 0.000000000000000000, 1.000000000000000000, 0.000000000000000000 ) ) ;
#1921 = LINE ( 'NONE', #1366, #383 ) ;
#1922 = ORIENTED_EDGE ( 'NONE', *, *, #1604, .F. ) ;
#1923 = CARTESIAN_POINT ( 'NONE',  ( -123.9666666666666544, -20.00000000000000355, -30.00000000000001066 ) ) ;
#1924 = EDGE_CURVE ( 'NONE', #249, #213, #2855, .T. ) ;
#1925 = ORIENTED_EDGE ( 'NONE', *, *, #178, .T. ) ;
#1926 = VERTEX_POINT ( 'NONE', #3152 ) ;
#1927 = DIRECTION ( 'NONE',  ( 0.000000000000000000, 0.000000000000000000, 1.000000000000000000 ) ) ;
#1928 = DIRECTION ( 'NONE',  ( -0.000000000000000000, -0.000000000000000000, 1.000000000000000000 ) ) ;
#1929 = AXIS2_PLACEMENT_3D ( 'NONE', #676, #690, #2551 ) ;
#1930 = DIRECTION ( 'NONE',  ( -0.000000000000000000, 1.000000000000000000, -0.000000000000000000 ) ) ;
#1931 = ORIENTED_EDGE ( 'NONE', *, *, #1425, .T. ) ;
#1932 = CARTESIAN_POINT ( 'NONE',  ( -239.6496726373432011, 0.000000000000000000, 31.00000000000000000 ) ) ;
#1933 = AXIS2_PLACEMENT_3D ( 'NONE', #1883, #2951, #869 ) ;
#1934 = VERTEX_POINT ( 'NONE', #1558 ) ;
#1935 = DIRECTION ( 'NONE',  ( -1.000000000000000000, 0.000000000000000000, -0.000000000000000000 ) ) ;
#1936 = CARTESIAN_POINT ( 'NONE',  ( -163.2500000000000000, -20.00000000000000355, 21.58999999999999986 ) ) ;
#1937 = CARTESIAN_POINT ( 'NONE',  ( -138.9666666666666686, 5.999999999999998224, 30.00000000000002132 ) ) ;
#1938 = LINE ( 'NONE', #2481, #2558 ) ;
#1939 = CIRCLE ( 'NONE', #157, 1.499999999999997780 ) ;
#1940 = ADVANCED_FACE ( 'NONE', ( #953 ), #731, .F. ) ;
#1941 = ORIENTED_EDGE ( 'NONE', *, *, #692, .F. ) ;
#1942 = FACE_OUTER_BOUND ( 'NONE', #2477, .T. ) ;
#1943 = EDGE_CURVE ( 'NONE', #2484, #1370, #233, .T. ) ;
#1944 = ORIENTED_EDGE ( 'NONE', *, *, #3172, .F. ) ;
#1945 = VERTEX_POINT ( 'NONE', #1299 ) ;
#1946 = VECTOR ( 'NONE', #3233, 1000.000000000000000 ) ;
#1947 = DIRECTION ( 'NONE',  ( 3.469446951953611231E-16, 0.000000000000000000, -1.000000000000000000 ) ) ;
#1948 = VECTOR ( 'NONE', #438, 1000.000000000000000 ) ;
#1949 = AXIS2_PLACEMENT_3D ( 'NONE', #1950, #1987, #2541 ) ;
#1950 = CARTESIAN_POINT ( 'NONE',  ( -123.0000000000000000, -20.00000000000000355, 8.999999999999998224 ) ) ;
#1951 = EDGE_LOOP ( 'NONE', ( #2593, #3431 ) ) ;
#1952 = VECTOR ( 'NONE', #2683, 1000.000000000000000 ) ;
#1953 = AXIS2_PLACEMENT_3D ( 'NONE', #2075, #735, #1808 ) ;
#1954 = CARTESIAN_POINT ( 'NONE',  ( -115.9956194951312654, 0.000000000000000000, -12.50000000000000000 ) ) ;
#1955 = DIRECTION ( 'NONE',  ( 0.000000000000000000, 0.000000000000000000, -1.000000000000000000 ) ) ;
#1956 = FACE_OUTER_BOUND ( 'NONE', #40, .T. ) ;
#1957 = CARTESIAN_POINT ( 'NONE',  ( -173.2500000000000284, 0.000000000000000000, -21.58999999999999986 ) ) ;
#1958 = AXIS2_PLACEMENT_3D ( 'NONE', #3268, #562, #2143 ) ;
#1959 = VECTOR ( 'NONE', #1122, 1000.000000000000000 ) ;
#1960 = ORIENTED_EDGE ( 'NONE', *, *, #2597, .T. ) ;
#1961 = CARTESIAN_POINT ( 'NONE',  ( -248.9999999999998295, 6.000000000000000000, 4.999999999999999112 ) ) ;
#1962 = ADVANCED_FACE ( 'NONE', ( #1021 ), #3429, .F. ) ;
#1963 = DIRECTION ( 'NONE',  ( -0.000000000000000000, 1.000000000000000000, -0.000000000000000000 ) ) ;
#1964 = LINE ( 'NONE', #3038, #3374 ) ;
#1965 = ORIENTED_EDGE ( 'NONE', *, *, #1393, .F. ) ;
#1966 = EDGE_LOOP ( 'NONE', ( #1162, #2213, #1322, #2573 ) ) ;
#1967 = EDGE_CURVE ( 'NONE', #2588, #182, #1246, .T. ) ;
#1968 = FACE_OUTER_BOUND ( 'NONE', #2615, .T. ) ;
#1969 = CARTESIAN_POINT ( 'NONE',  ( -132.9666666666666401, 6.000000000000000000, 31.00000000000002132 ) ) ;
#1970 = CIRCLE ( 'NONE', #2858, 1.499999999999997780 ) ;
#1971 = CARTESIAN_POINT ( 'NONE',  ( -115.9956194951312654, -20.00000000000000355, -13.99999999999999822 ) ) ;
#1972 = CARTESIAN_POINT ( 'NONE',  ( -114.5000000000000142, 6.000000000000000000, -5.000000000000000888 ) ) ;
#1973 = EDGE_LOOP ( 'NONE', ( #228, #2905, #1384, #2950 ) ) ;
#1974 = FACE_OUTER_BOUND ( 'NONE', #2923, .T. ) ;
#1975 = FACE_OUTER_BOUND ( 'NONE', #141, .T. ) ;
#1976 = CARTESIAN_POINT ( 'NONE',  ( -158.0000000000000000, -20.00000000000000355, -8.999999999999756639 ) ) ;
#1977 = CARTESIAN_POINT ( 'NONE',  ( -115.9956194951312654, 6.000000000000000000, -13.99999999999999822 ) ) ;
#1978 = ORIENTED_EDGE ( 'NONE', *, *, #1432, .T. ) ;
#1979 = DIRECTION ( 'NONE',  ( 0.000000000000000000, 0.000000000000000000, 1.000000000000000000 ) ) ;
#1980 = EDGE_CURVE ( 'NONE', #559, #2351, #682, .T. ) ;
#1981 = EDGE_LOOP ( 'NONE', ( #1542, #2115, #1725, #2731 ) ) ;
#1982 = ORIENTED_EDGE ( 'NONE', *, *, #2659, .T. ) ;
#1983 = EDGE_CURVE ( 'NONE', #2703, #2340, #1464, .T. ) ;
#1984 = ADVANCED_FACE ( 'NONE', ( #3117, #3202, #2160, #767, #2436, #2943, #539, #304, #37, #807, #788, #2925, #520, #2983, #3262, #2378, #3459, #1854, #1613, #2698, #1647, #2394, #3242, #2911, #321, #505, #1330, #1836, #1910, #1594, #2658 ), #264, .T. ) ;
#1985 = AXIS2_PLACEMENT_3D ( 'NONE', #343, #579, #1376 ) ;
#1986 = DIRECTION ( 'NONE',  ( -0.000000000000000000, 1.000000000000000000, -0.000000000000000000 ) ) ;
#1987 = DIRECTION ( 'NONE',  ( -0.000000000000000000, 1.000000000000000000, -0.000000000000000000 ) ) ;
#1988 = CIRCLE ( 'NONE', #2270, 1.499999999999997780 ) ;
#1989 = ORIENTED_EDGE ( 'NONE', *, *, #732, .T. ) ;
#1990 = CARTESIAN_POINT ( 'NONE',  ( -240.0000000000000000, 6.000000000000000000, 31.00000000000000000 ) ) ;
#1991 = CARTESIAN_POINT ( 'NONE',  ( -138.9666666666666686, 6.000000000000000000, -31.00000000000001066 ) ) ;
#1992 = CARTESIAN_POINT ( 'NONE',  ( -173.2500000000000284, 0.000000000000000000, -20.09000000000000341 ) ) ;
#1993 = DIRECTION ( 'NONE',  ( 0.000000000000000000, 0.000000000000000000, 1.000000000000000000 ) ) ;
#1994 = CIRCLE ( 'NONE', #588, 1.499999999999997780 ) ;
#1995 = ORIENTED_EDGE ( 'NONE', *, *, #773, .F. ) ;
#1996 = CIRCLE ( 'NONE', #3125, 1.499999999999997780 ) ;
#1997 = PRODUCT_DEFINITION_SHAPE ( 'NONE', 'NONE',  #3461 ) ;
#1998 = FACE_BOUND ( 'NONE', #2864, .T. ) ;
#1999 = CARTESIAN_POINT ( 'NONE',  ( -239.6496726373432011, 6.000000000000000000, 30.00000000000000000 ) ) ;
#2000 = EDGE_LOOP ( 'NONE', ( #2065, #387, #2819, #3261 ) ) ;
#2001 = VERTEX_POINT ( 'NONE', #1314 ) ;
#2002 = CYLINDRICAL_SURFACE ( 'NONE', #2179, 1.999999999999995781 ) ;
#2003 = DIRECTION ( 'NONE',  ( -0.000000000000000000, -1.000000000000000000, 0.000000000000000000 ) ) ;
#2004 = DIRECTION ( 'NONE',  ( -0.000000000000000000, 1.000000000000000000, -0.000000000000000000 ) ) ;
#2005 = CARTESIAN_POINT ( 'NONE',  ( -158.0000000000000000, 0.000000000000000000, 9.000000000000239808 ) ) ;
#2006 = DIRECTION ( 'NONE',  ( -0.000000000000000000, 1.000000000000000000, -0.000000000000000000 ) ) ;
#2007 = VECTOR ( 'NONE', #1083, 1000.000000000000000 ) ;
#2008 = ORIENTED_EDGE ( 'NONE', *, *, #2070, .F. ) ;
#2009 = DIRECTION ( 'NONE',  ( 2.023844055306275026E-16, 0.000000000000000000, -1.000000000000000000 ) ) ;
#2010 = CARTESIAN_POINT ( 'NONE',  ( -200.2499999999998295, -20.00000000000000355, 6.999999999999995559 ) ) ;
#2011 = EDGE_CURVE ( 'NONE', #2338, #573, #3101, .T. ) ;
#2012 = DIRECTION ( 'NONE',  ( 0.000000000000000000, 1.000000000000000000, -0.000000000000000000 ) ) ;
#2013 = ORIENTED_EDGE ( 'NONE', *, *, #1916, .T. ) ;
#2014 = FACE_BOUND ( 'NONE', #1146, .T. ) ;
#2015 = VECTOR ( 'NONE', #93, 1000.000000000000000 ) ;
#2016 = CIRCLE ( 'NONE', #1459, 1.999999999999995781 ) ;
#2017 = EDGE_CURVE ( 'NONE', #2062, #2001, #2175, .T. ) ;
#2018 = AXIS2_PLACEMENT_3D ( 'NONE', #1421, #877, #33 ) ;
#2019 = EDGE_LOOP ( 'NONE', ( #2654, #1360, #2441, #3043 ) ) ;
#2020 = ORIENTED_EDGE ( 'NONE', *, *, #2389, .F. ) ;
#2021 = CARTESIAN_POINT ( 'NONE',  ( -123.9666666666666401, 0.000000000000000000, -27.89999999999999503 ) ) ;
#2022 = CARTESIAN_POINT ( 'NONE',  ( -163.2500000000000000, 0.000000000000000000, 21.58999999999999986 ) ) ;
#2023 = CARTESIAN_POINT ( 'NONE',  ( -121.0666666666666629, -20.00000000000000355, -26.50000000000002132 ) ) ;
#2024 = ORIENTED_EDGE ( 'NONE', *, *, #3195, .F. ) ;
#2025 = FACE_OUTER_BOUND ( 'NONE', #452, .T. ) ;
#2026 = CARTESIAN_POINT ( 'NONE',  ( -139.9666666666666686, 6.000000000000000000, -30.99999999999999289 ) ) ;
#2027 = DIRECTION ( 'NONE',  ( -0.000000000000000000, 1.000000000000000000, -0.000000000000000000 ) ) ;
#2028 = CYLINDRICAL_SURFACE ( 'NONE', #436, 1.000000000000000888 ) ;
#2029 = CIRCLE ( 'NONE', #132, 1.499999999999997780 ) ;
#2030 = EDGE_CURVE ( 'NONE', #1020, #727, #399, .T. ) ;
#2031 = VERTEX_POINT ( 'NONE', #1389 ) ;
#2032 = CARTESIAN_POINT ( 'NONE',  ( -123.9666666666665122, 0.000000000000000000, -1.007577427729367514E-13 ) ) ;
#2033 = LINE ( 'NONE', #967, #1405 ) ;
#2034 = CIRCLE ( 'NONE', #799, 1.000000000000000888 ) ;
#2035 = ORIENTED_EDGE ( 'NONE', *, *, #3347, .F. ) ;
#2036 = ORIENTED_EDGE ( 'NONE', *, *, #2680, .T. ) ;
#2037 = CYLINDRICAL_SURFACE ( 'NONE', #3024, 1.499999999999997780 ) ;
#2038 = DIRECTION ( 'NONE',  ( 0.000000000000000000, 0.000000000000000000, -1.000000000000000000 ) ) ;
#2039 = VERTEX_POINT ( 'NONE', #1891 ) ;
#2040 = DIRECTION ( 'NONE',  ( 0.000000000000000000, 0.000000000000000000, 1.000000000000000000 ) ) ;
#2041 = DIRECTION ( 'NONE',  ( 0.000000000000000000, 0.000000000000000000, -1.000000000000000000 ) ) ;
#2042 = EDGE_CURVE ( 'NONE', #2099, #130, #1686, .T. ) ;
#2043 = CYLINDRICAL_SURFACE ( 'NONE', #2874, 1.499999999999997780 ) ;
#2044 = CIRCLE ( 'NONE', #2596, 1.999999999999996225 ) ;
#2045 = VERTEX_POINT ( 'NONE', #3444 ) ;
#2046 = FACE_BOUND ( 'NONE', #1850, .T. ) ;
#2047 = AXIS2_PLACEMENT_3D ( 'NONE', #2811, #670, #1691 ) ;
#2048 = DIRECTION ( 'NONE',  ( 0.000000000000000000, 1.000000000000000000, 0.000000000000000000 ) ) ;
#2049 = ADVANCED_FACE ( 'NONE', ( #16 ), #1091, .F. ) ;
#2050 = VECTOR ( 'NONE', #1484, 1000.000000000000000 ) ;
#2051 = ORIENTED_EDGE ( 'NONE', *, *, #1276, .T. ) ;
#2052 = VERTEX_POINT ( 'NONE', #2104 ) ;
#2053 = EDGE_CURVE ( 'NONE', #590, #302, #3186, .T. ) ;
#2054 = CARTESIAN_POINT ( 'NONE',  ( -240.2772592974818622, 6.000000000000000000, -30.77854671280277543 ) ) ;
#2055 = CARTESIAN_POINT ( 'NONE',  ( -123.0000000000000000, 6.000000000000000000, -9.000000000000001776 ) ) ;
#2056 = DIRECTION ( 'NONE',  ( 1.000000000000000000, 0.000000000000000000, 3.469446951953611231E-16 ) ) ;
#2057 = ORIENTED_EDGE ( 'NONE', *, *, #1417, .F. ) ;
#2058 = DIRECTION ( 'NONE',  ( 0.000000000000000000, 0.000000000000000000, 1.000000000000000000 ) ) ;
#2059 = CARTESIAN_POINT ( 'NONE',  ( -245.6249999999998579, 6.000000000000000000, -11.00000000000000000 ) ) ;
#2060 = DIRECTION ( 'NONE',  ( 0.000000000000000000, 1.000000000000000000, 0.000000000000000000 ) ) ;
#2061 = AXIS2_PLACEMENT_3D ( 'NONE', #642, #411, #1470 ) ;
#2062 = VERTEX_POINT ( 'NONE', #2733 ) ;
#2063 = AXIS2_PLACEMENT_3D ( 'NONE', #1972, #2756, #2252 ) ;
#2064 = CARTESIAN_POINT ( 'NONE',  ( -114.5000000000000142, -20.00000000000000355, -5.000000000000000888 ) ) ;
#2065 = ORIENTED_EDGE ( 'NONE', *, *, #67, .T. ) ;
#2066 = EDGE_LOOP ( 'NONE', ( #1905, #3112, #1982, #726 ) ) ;
#2067 = DIRECTION ( 'NONE',  ( -0.000000000000000000, 1.000000000000000000, -0.000000000000000000 ) ) ;
#2068 = CIRCLE ( 'NONE', #2571, 1.499999999999997780 ) ;
#2069 = VECTOR ( 'NONE', #2027, 1000.000000000000000 ) ;
#2070 = EDGE_CURVE ( 'NONE', #3443, #3286, #1970, .T. ) ;
#2071 = VERTEX_POINT ( 'NONE', #916 ) ;
#2072 = DIRECTION ( 'NONE',  ( 0.000000000000000000, 0.000000000000000000, -1.000000000000000000 ) ) ;
#2073 = VERTEX_POINT ( 'NONE', #1969 ) ;
#2074 = CARTESIAN_POINT ( 'NONE',  ( -153.5000000000000000, 0.000000000000000000, -20.00000000000000000 ) ) ;
#2075 = CARTESIAN_POINT ( 'NONE',  ( -199.8299527773968691, -20.00000000000000355, 21.58999999746103526 ) ) ;
#2076 = DIRECTION ( 'NONE',  ( 0.000000000000000000, 0.000000000000000000, -1.000000000000000000 ) ) ;
#2077 = ORIENTED_EDGE ( 'NONE', *, *, #1704, .T. ) ;
#2078 = DIRECTION ( 'NONE',  ( 0.000000000000000000, -1.000000000000000000, 0.000000000000000000 ) ) ;
#2079 = CARTESIAN_POINT ( 'NONE',  ( -199.8299527773968691, 6.000000000000000000, 20.08999999746103882 ) ) ;
#2080 = VECTOR ( 'NONE', #1804, 1000.000000000000000 ) ;
#2081 = CARTESIAN_POINT ( 'NONE',  ( -131.9666666666666401, -20.00000000000000355, -30.99999999999999289 ) ) ;
#2082 = VECTOR ( 'NONE', #2466, 1000.000000000000000 ) ;
#2083 = ORIENTED_EDGE ( 'NONE', *, *, #400, .T. ) ;
#2084 = ORIENTED_EDGE ( 'NONE', *, *, #2456, .F. ) ;
#2085 = CARTESIAN_POINT ( 'NONE',  ( -115.9956194951312654, 6.000000000000000000, 22.00000000000000000 ) ) ;
#2086 = EDGE_CURVE ( 'NONE', #832, #386, #1569, .T. ) ;
#2087 = ORIENTED_EDGE ( 'NONE', *, *, #1197, .T. ) ;
#2088 = CARTESIAN_POINT ( 'NONE',  ( -121.0666666666666629, -20.00000000000000355, 28.00000000000001776 ) ) ;
#2089 = ADVANCED_FACE ( 'NONE', ( #595 ), #3299, .F. ) ;
#2090 = ORIENTED_EDGE ( 'NONE', *, *, #1475, .T. ) ;
#2091 = DIRECTION ( 'NONE',  ( -0.000000000000000000, -1.000000000000000000, 0.000000000000000000 ) ) ;
#2092 = ADVANCED_FACE ( 'NONE', ( #1164 ), #131, .F. ) ;
#2093 = CARTESIAN_POINT ( 'NONE',  ( -163.2500000000000000, -20.00000000000000355, -23.08999999999999986 ) ) ;
#2094 = ORIENTED_EDGE ( 'NONE', *, *, #3195, .T. ) ;
#2095 = ADVANCED_FACE ( 'NONE', ( #95 ), #1409, .F. ) ;
#2096 = DIRECTION ( 'NONE',  ( 0.000000000000000000, 1.000000000000000000, -0.000000000000000000 ) ) ;
#2097 = CARTESIAN_POINT ( 'NONE',  ( -200.2499999999998295, 6.000000000000000000, -3.000000000000003109 ) ) ;
#2098 = DIRECTION ( 'NONE',  ( 0.000000000000000000, 0.000000000000000000, -1.000000000000000000 ) ) ;
#2099 = VERTEX_POINT ( 'NONE', #2266 ) ;
#2100 = EDGE_LOOP ( 'NONE', ( #1245, #3313, #2427, #1772 ) ) ;
#2101 = LINE ( 'NONE', #3184, #2297 ) ;
#2102 = CIRCLE ( 'NONE', #3298, 1.000000000000000888 ) ;
#2103 = ORIENTED_EDGE ( 'NONE', *, *, #358, .T. ) ;
#2104 = CARTESIAN_POINT ( 'NONE',  ( -121.0666666666666629, 0.000000000000000000, -26.50000000000002132 ) ) ;
#2105 = EDGE_CURVE ( 'NONE', #3307, #10, #62, .T. ) ;
#2106 = EDGE_CURVE ( 'NONE', #2039, #2747, #2806, .T. ) ;
#2107 = DIRECTION ( 'NONE',  ( 0.000000000000000000, 0.000000000000000000, 1.000000000000000000 ) ) ;
#2108 = ORIENTED_EDGE ( 'NONE', *, *, #1151, .F. ) ;
#2109 = CARTESIAN_POINT ( 'NONE',  ( -163.2500000000000000, 6.000000000000000000, 23.08999999999999986 ) ) ;
#2110 = EDGE_CURVE ( 'NONE', #2194, #3420, #899, .T. ) ;
#2111 = VERTEX_POINT ( 'NONE', #935 ) ;
#2112 = CYLINDRICAL_SURFACE ( 'NONE', #3295, 1.499999999999997780 ) ;
#2113 = CARTESIAN_POINT ( 'NONE',  ( -132.9666666666666401, 0.000000000000000000, 31.00000000000002132 ) ) ;
#2114 = EDGE_LOOP ( 'NONE', ( #1663, #280, #821, #1834 ) ) ;
#2115 = ORIENTED_EDGE ( 'NONE', *, *, #2358, .T. ) ;
#2116 = EDGE_CURVE ( 'NONE', #2567, #733, #3382, .T. ) ;
#2117 = AXIS2_PLACEMENT_3D ( 'NONE', #2147, #3231, #2387 ) ;
#2118 = EDGE_LOOP ( 'NONE', ( #1125, #1068 ) ) ;
#2119 = CIRCLE ( 'NONE', #1054, 1.499999999999997780 ) ;
#2120 = AXIS2_PLACEMENT_3D ( 'NONE', #2005, #113, #2523 ) ;
#2121 = FACE_OUTER_BOUND ( 'NONE', #109, .T. ) ;
#2122 = CIRCLE ( 'NONE', #2621, 1.499999999999997780 ) ;
#2123 = AXIS2_PLACEMENT_3D ( 'NONE', #798, #1863, #2167 ) ;
#2124 = CIRCLE ( 'NONE', #616, 1.499999999999997780 ) ;
#2125 = DIRECTION ( 'NONE',  ( 0.000000000000000000, 1.000000000000000000, -0.000000000000000000 ) ) ;
#2126 = CARTESIAN_POINT ( 'NONE',  ( -239.6496726373432011, 0.000000000000000000, -30.00000000000000000 ) ) ;
#2127 = ORIENTED_EDGE ( 'NONE', *, *, #1281, .T. ) ;
#2128 = DIRECTION ( 'NONE',  ( 0.000000000000000000, 0.000000000000000000, -1.000000000000000000 ) ) ;
#2129 = CARTESIAN_POINT ( 'NONE',  ( -131.9666666666666401, 0.000000000000000000, -8.686827961951888362E-15 ) ) ;
#2130 = CARTESIAN_POINT ( 'NONE',  ( -240.2772592974818622, 6.000000000000000000, 30.77854671280277543 ) ) ;
#2131 = CARTESIAN_POINT ( 'NONE',  ( -153.5000000000000000, -20.00000000000000355, 20.00000000000000000 ) ) ;
#2132 = ADVANCED_FACE ( 'NONE', ( #373 ), #1442, .F. ) ;
#2133 = EDGE_CURVE ( 'NONE', #2052, #2693, #3384, .T. ) ;
#2134 = ORIENTED_EDGE ( 'NONE', *, *, #335, .F. ) ;
#2135 = VECTOR ( 'NONE', #2365, 1000.000000000000000 ) ;
#2136 = ORIENTED_EDGE ( 'NONE', *, *, #1521, .T. ) ;
#2137 = ORIENTED_EDGE ( 'NONE', *, *, #1825, .T. ) ;
#2138 = DIRECTION ( 'NONE',  ( 0.000000000000000000, 0.000000000000000000, 1.000000000000000000 ) ) ;
#2139 =( GEOMETRIC_REPRESENTATION_CONTEXT ( 3 ) GLOBAL_UNCERTAINTY_ASSIGNED_CONTEXT ( ( #2197 ) ) GLOBAL_UNIT_ASSIGNED_CONTEXT ( ( #582, #3469, #311 ) ) REPRESENTATION_CONTEXT ( 'NONE', 'WORKASPACE' ) );
#2140 = VECTOR ( 'NONE', #124, 1000.000000000000000 ) ;
#2141 = LINE ( 'NONE', #2418, #1837 ) ;
#2142 = ORIENTED_EDGE ( 'NONE', *, *, #2835, .F. ) ;
#2143 = DIRECTION ( 'NONE',  ( 0.000000000000000000, 0.000000000000000000, -1.000000000000000000 ) ) ;
#2144 = EDGE_LOOP ( 'NONE', ( #1760, #2535 ) ) ;
#2145 = LINE ( 'NONE', #3229, #2159 ) ;
#2146 = CARTESIAN_POINT ( 'NONE',  ( -245.6249999999998579, 0.000000000000000000, -11.00000000000000000 ) ) ;
#2147 = CARTESIAN_POINT ( 'NONE',  ( -163.2500000000000000, 6.000000000000000000, 21.58999999999999986 ) ) ;
#2148 = DIRECTION ( 'NONE',  ( 0.000000000000000000, 1.000000000000000000, 0.000000000000000000 ) ) ;
#2149 = DIRECTION ( 'NONE',  ( -0.000000000000000000, 1.000000000000000000, -0.000000000000000000 ) ) ;
#2150 = ORIENTED_EDGE ( 'NONE', *, *, #913, .F. ) ;
#2151 = LINE ( 'NONE', #1403, #301 ) ;
#2152 = CIRCLE ( 'NONE', #746, 1.499999999999997780 ) ;
#2153 = ORIENTED_EDGE ( 'NONE', *, *, #3064, .F. ) ;
#2154 = DIRECTION ( 'NONE',  ( 1.000000000000000000, 0.000000000000000000, 2.023844055306275026E-16 ) ) ;
#2155 = CLOSED_SHELL ( 'NONE', ( #1627, #1642, #2938, #1315, #168, #787, #755, #1751, #2366, #723, #9, #1451, #2842, #1841, #1273, #288, #497, #3206, #318, #186, #1962, #194, #1557, #1342, #36, #334, #781, #1410, #1577, #2049, #2967, #696, #367, #3330, #2304, #3115, #78, #1984, #3092, #585, #2178, #651, #1193, #3131, #517, #1150, #211, #829, #3047, #2089, #2542, #1053, #1504, #2754, #2382, #1032, #2537, #2292, #1616, #2945, #2095, #232, #3310, #98, #1320, #3129, #1802, #2820, #2092, #1230, #801, #1940, #2409, #1316, #475, #618, #2770, #738, #3146, #418, #612, #1388, #893, #963, #164, #2132, #1057, #2381, #1851, #882, #1571, #2262, #1227, #999, #956, #2330, #674, #3239 ) ) ;
#2156 = ORIENTED_EDGE ( 'NONE', *, *, #2817, .T. ) ;
#2157 = ORIENTED_EDGE ( 'NONE', *, *, #2303, .F. ) ;
#2158 = EDGE_CURVE ( 'NONE', #3380, #3340, #2306, .T. ) ;
#2159 = VECTOR ( 'NONE', #510, 1000.000000000000000 ) ;
#2160 = FACE_BOUND ( 'NONE', #171, .T. ) ;
#2161 = DIRECTION ( 'NONE',  ( 2.023844055306275026E-16, 0.000000000000000000, -1.000000000000000000 ) ) ;
#2162 = LINE ( 'NONE', #1582, #222 ) ;
#2163 = ORIENTED_EDGE ( 'NONE', *, *, #541, .T. ) ;
#2164 = CARTESIAN_POINT ( 'NONE',  ( -239.6496726373432011, 6.000000000000000000, 30.00000000000000000 ) ) ;
#2165 = ORIENTED_EDGE ( 'NONE', *, *, #1779, .F. ) ;
#2166 = DIRECTION ( 'NONE',  ( 0.000000000000000000, 0.000000000000000000, 1.000000000000000000 ) ) ;
#2167 = DIRECTION ( 'NONE',  ( 0.000000000000000000, 0.000000000000000000, -1.000000000000000000 ) ) ;
#2168 = CARTESIAN_POINT ( 'NONE',  ( -245.6249999999998579, 0.000000000000000000, 11.00000000000000000 ) ) ;
#2169 = ORIENTED_EDGE ( 'NONE', *, *, #2881, .T. ) ;
#2170 = ORIENTED_EDGE ( 'NONE', *, *, #2816, .T. ) ;
#2171 = DIRECTION ( 'NONE',  ( 0.000000000000000000, 1.000000000000000000, -0.000000000000000000 ) ) ;
#2172 = CIRCLE ( 'NONE', #1115, 1.499999999999997780 ) ;
#2173 = ORIENTED_EDGE ( 'NONE', *, *, #1042, .T. ) ;
#2174 = ORIENTED_EDGE ( 'NONE', *, *, #1469, .F. ) ;
#2175 = LINE ( 'NONE', #2416, #2975 ) ;
#2176 = DIRECTION ( 'NONE',  ( 0.000000000000000000, 0.000000000000000000, -1.000000000000000000 ) ) ;
#2177 = CIRCLE ( 'NONE', #769, 1.499999999999997780 ) ;
#2178 = ADVANCED_FACE ( 'NONE', ( #3471 ), #420, .F. ) ;
#2179 = AXIS2_PLACEMENT_3D ( 'NONE', #146, #3080, #1208 ) ;
#2180 = CARTESIAN_POINT ( 'NONE',  ( -240.0000000000000000, 6.000000000000000000, 31.00000000000000000 ) ) ;
#2181 = VERTEX_POINT ( 'NONE', #2021 ) ;
#2182 = AXIS2_PLACEMENT_3D ( 'NONE', #1433, #2257, #687 ) ;
#2183 = FACE_OUTER_BOUND ( 'NONE', #1460, .T. ) ;
#2184 = VECTOR ( 'NONE', #2154, 1000.000000000000000 ) ;
#2185 = ORIENTED_EDGE ( 'NONE', *, *, #3190, .F. ) ;
#2186 = DIRECTION ( 'NONE',  ( 0.000000000000000000, 0.000000000000000000, 1.000000000000000000 ) ) ;
#2187 = CARTESIAN_POINT ( 'NONE',  ( -240.2772592974818622, 0.000000000000000000, 30.77854671280277543 ) ) ;
#2188 = DIRECTION ( 'NONE',  ( 0.000000000000000000, 1.000000000000000000, -0.000000000000000000 ) ) ;
#2189 = EDGE_CURVE ( 'NONE', #2717, #3292, #1065, .T. ) ;
#2190 = FACE_OUTER_BOUND ( 'NONE', #1423, .T. ) ;
#2191 = ORIENTED_EDGE ( 'NONE', *, *, #2348, .F. ) ;
#2192 = ORIENTED_EDGE ( 'NONE', *, *, #2598, .F. ) ;
#2193 = CARTESIAN_POINT ( 'NONE',  ( -238.9333333333333371, 6.000000000000000000, 28.00000000000001776 ) ) ;
#2194 = VERTEX_POINT ( 'NONE', #2054 ) ;
#2195 = VERTEX_POINT ( 'NONE', #697 ) ;
#2196 = CARTESIAN_POINT ( 'NONE',  ( -238.9333333333333371, -20.00000000000000355, -28.00000000000001776 ) ) ;
#2197 = UNCERTAINTY_MEASURE_WITH_UNIT (LENGTH_MEASURE( 1.000000000000000082E-05 ), #582, 'distance_accuracy_value', 'NONE');
#2198 = EDGE_CURVE ( 'NONE', #2968, #2742, #289, .T. ) ;
#2199 = EDGE_CURVE ( 'NONE', #1293, #842, #1309, .T. ) ;
#2200 = ORIENTED_EDGE ( 'NONE', *, *, #2329, .F. ) ;
#2201 = DIRECTION ( 'NONE',  ( 1.000000000000000000, 0.000000000000000000, 2.023844055306275026E-16 ) ) ;
#2202 = VECTOR ( 'NONE', #572, 1000.000000000000000 ) ;
#2203 = EDGE_LOOP ( 'NONE', ( #1859, #1608 ) ) ;
#2204 = DIRECTION ( 'NONE',  ( 1.000000000000000000, 0.000000000000000000, 0.000000000000000000 ) ) ;
#2205 = DIRECTION ( 'NONE',  ( -0.000000000000000000, -1.000000000000000000, 0.000000000000000000 ) ) ;
#2206 = EDGE_CURVE ( 'NONE', #2703, #733, #1750, .T. ) ;
#2207 = CARTESIAN_POINT ( 'NONE',  ( -115.9956194951312654, 6.000000000000000000, 20.50000000000000000 ) ) ;
#2208 = CARTESIAN_POINT ( 'NONE',  ( -123.9666666666666401, 0.000000000000000000, 27.89999999999999503 ) ) ;
#2209 = DIRECTION ( 'NONE',  ( 0.000000000000000000, 0.000000000000000000, 1.000000000000000000 ) ) ;
#2210 = VERTEX_POINT ( 'NONE', #3383 ) ;
#2211 = FACE_OUTER_BOUND ( 'NONE', #701, .T. ) ;
#2212 = DIRECTION ( 'NONE',  ( -0.000000000000000000, 1.000000000000000000, -0.000000000000000000 ) ) ;
#2213 = ORIENTED_EDGE ( 'NONE', *, *, #2976, .T. ) ;
#2214 = ORIENTED_EDGE ( 'NONE', *, *, #980, .F. ) ;
#2215 = AXIS2_PLACEMENT_3D ( 'NONE', #106, #910, #1979 ) ;
#2216 = CARTESIAN_POINT ( 'NONE',  ( -123.0000000000000000, 6.000000000000000000, -10.49999999999999822 ) ) ;
#2217 = DIRECTION ( 'NONE',  ( -0.000000000000000000, 1.000000000000000000, -0.000000000000000000 ) ) ;
#2218 = AXIS2_PLACEMENT_3D ( 'NONE', #1467, #409, #1757 ) ;
#2219 = ORIENTED_EDGE ( 'NONE', *, *, #3084, .T. ) ;
#2220 = DIRECTION ( 'NONE',  ( 1.000000000000000000, 0.000000000000000000, -0.000000000000000000 ) ) ;
#2221 = DIRECTION ( 'NONE',  ( 0.000000000000000000, 0.000000000000000000, -1.000000000000000000 ) ) ;
#2222 = CYLINDRICAL_SURFACE ( 'NONE', #3260, 1.499999999999997780 ) ;
#2223 = CYLINDRICAL_SURFACE ( 'NONE', #2061, 1.499999999999997780 ) ;
#2224 = EDGE_CURVE ( 'NONE', #3156, #2062, #434, .T. ) ;
#2225 = EDGE_LOOP ( 'NONE', ( #3375, #2518, #2638, #1931 ) ) ;
#2226 = ORIENTED_EDGE ( 'NONE', *, *, #913, .T. ) ;
#2227 = DIRECTION ( 'NONE',  ( 0.000000000000000000, 0.000000000000000000, 1.000000000000000000 ) ) ;
#2228 = ORIENTED_EDGE ( 'NONE', *, *, #229, .T. ) ;
#2229 = ORIENTED_EDGE ( 'NONE', *, *, #2520, .T. ) ;
#2230 = DIRECTION ( 'NONE',  ( 0.000000000000000000, 1.000000000000000000, 0.000000000000000000 ) ) ;
#2231 = DIRECTION ( 'NONE',  ( 0.000000000000000000, 0.000000000000000000, 1.000000000000000000 ) ) ;
#2232 = EDGE_CURVE ( 'NONE', #1465, #2747, #3042, .T. ) ;
#2233 = DIRECTION ( 'NONE',  ( 0.000000000000000000, 0.000000000000000000, -1.000000000000000000 ) ) ;
#2234 = DIRECTION ( 'NONE',  ( -0.000000000000000000, 1.000000000000000000, -0.000000000000000000 ) ) ;
#2235 = VECTOR ( 'NONE', #1903, 1000.000000000000000 ) ;
#2236 = ORIENTED_EDGE ( 'NONE', *, *, #2830, .T. ) ;
#2237 = DIRECTION ( 'NONE',  ( 0.000000000000000000, 0.000000000000000000, 1.000000000000000000 ) ) ;
#2238 = LINE ( 'NONE', #1991, #3400 ) ;
#2239 = FACE_OUTER_BOUND ( 'NONE', #2996, .T. ) ;
#2240 = DIRECTION ( 'NONE',  ( -0.000000000000000000, -0.000000000000000000, 1.000000000000000000 ) ) ;
#2241 = ORIENTED_EDGE ( 'NONE', *, *, #2780, .T. ) ;
#2242 = FACE_BOUND ( 'NONE', #1089, .T. ) ;
#2243 = LINE ( 'NONE', #3327, #451 ) ;
#2244 = CARTESIAN_POINT ( 'NONE',  ( -244.0043805048687204, -20.00000000000000355, -22.00000000000000000 ) ) ;
#2245 = EDGE_CURVE ( 'NONE', #1517, #2961, #2993, .T. ) ;
#2246 = EDGE_CURVE ( 'NONE', #2657, #1645, #564, .T. ) ;
#2247 = ORIENTED_EDGE ( 'NONE', *, *, #2995, .F. ) ;
#2248 = EDGE_LOOP ( 'NONE', ( #2263, #1343 ) ) ;
#2249 = CARTESIAN_POINT ( 'NONE',  ( -200.2499999999998295, -20.00000000000000355, 3.000000000000003997 ) ) ;
#2250 = CARTESIAN_POINT ( 'NONE',  ( -153.5000000000000000, 6.000000000000000000, 20.00000000000000000 ) ) ;
#2251 = VECTOR ( 'NONE', #243, 1000.000000000000000 ) ;
#2252 = DIRECTION ( 'NONE',  ( 0.000000000000000000, 0.000000000000000000, 1.000000000000000000 ) ) ;
#2253 = CIRCLE ( 'NONE', #2526, 1.499999999999997780 ) ;
#2254 = ORIENTED_EDGE ( 'NONE', *, *, #3446, .F. ) ;
#2255 = FACE_OUTER_BOUND ( 'NONE', #393, .T. ) ;
#2256 = CARTESIAN_POINT ( 'NONE',  ( -163.2500000000000000, 0.000000000000000000, -20.09000000000000341 ) ) ;
#2257 = DIRECTION ( 'NONE',  ( -0.000000000000000000, 1.000000000000000000, -0.000000000000000000 ) ) ;
#2258 = FACE_OUTER_BOUND ( 'NONE', #1111, .T. ) ;
#2259 = VERTEX_POINT ( 'NONE', #3273 ) ;
#2260 = FACE_BOUND ( 'NONE', #13, .T. ) ;
#2261 = VECTOR ( 'NONE', #2428, 1000.000000000000000 ) ;
#2262 = ADVANCED_FACE ( 'NONE', ( #1885 ), #1418, .T. ) ;
#2263 = ORIENTED_EDGE ( 'NONE', *, *, #2830, .F. ) ;
#2264 = VERTEX_POINT ( 'NONE', #2168 ) ;
#2265 = DIRECTION ( 'NONE',  ( 0.000000000000000000, 1.000000000000000000, 0.000000000000000000 ) ) ;
#2266 = CARTESIAN_POINT ( 'NONE',  ( -158.0000000000000000, 0.000000000000000000, 7.500000000000242473 ) ) ;
#2267 = EDGE_CURVE ( 'NONE', #1590, #1810, #2980, .T. ) ;
#2268 = CARTESIAN_POINT ( 'NONE',  ( -123.9666666666666544, 0.000000000000000000, 30.00000000000002132 ) ) ;
#2269 = FACE_OUTER_BOUND ( 'NONE', #3060, .T. ) ;
#2270 = AXIS2_PLACEMENT_3D ( 'NONE', #196, #757, #2866 ) ;
#2271 = ORIENTED_EDGE ( 'NONE', *, *, #416, .F. ) ;
#2272 = DIRECTION ( 'NONE',  ( -1.000000000000000000, 0.000000000000000000, 0.000000000000000000 ) ) ;
#2273 = CARTESIAN_POINT ( 'NONE',  ( -123.9666666666666544, -20.00000000000000355, -30.99999999999999289 ) ) ;
#2274 = CARTESIAN_POINT ( 'NONE',  ( -139.9666666666666686, 0.000000000000000000, 30.00000000000002132 ) ) ;
#2275 = AXIS2_PLACEMENT_3D ( 'NONE', #309, #2989, #2128 ) ;
#2276 = ORIENTED_EDGE ( 'NONE', *, *, #2629, .T. ) ;
#2277 = DIRECTION ( 'NONE',  ( -0.000000000000000000, 1.000000000000000000, -0.000000000000000000 ) ) ;
#2278 = DIRECTION ( 'NONE',  ( -0.000000000000000000, -1.000000000000000000, 0.000000000000000000 ) ) ;
#2279 = VERTEX_POINT ( 'NONE', #551 ) ;
#2280 = ORIENTED_EDGE ( 'NONE', *, *, #3378, .F. ) ;
#2281 = AXIS2_PLACEMENT_3D ( 'NONE', #1092, #1373, #2437 ) ;
#2282 = CARTESIAN_POINT ( 'NONE',  ( -144.5333333333333599, 0.000000000000000000, -11.00000000000000000 ) ) ;
#2283 = EDGE_CURVE ( 'NONE', #2448, #590, #1938, .T. ) ;
#2284 = EDGE_CURVE ( 'NONE', #3055, #1531, #888, .T. ) ;
#2285 = DIRECTION ( 'NONE',  ( 0.000000000000000000, 0.000000000000000000, 1.000000000000000000 ) ) ;
#2286 = AXIS2_PLACEMENT_3D ( 'NONE', #1904, #570, #2446 ) ;
#2287 = ORIENTED_EDGE ( 'NONE', *, *, #1535, .T. ) ;
#2288 = DIRECTION ( 'NONE',  ( -1.000000000000000000, 0.000000000000000000, -0.000000000000000000 ) ) ;
#2289 = DIRECTION ( 'NONE',  ( 0.000000000000000000, 1.000000000000000000, 0.000000000000000000 ) ) ;
#2290 = CARTESIAN_POINT ( 'NONE',  ( -115.9956194951312654, -20.00000000000000355, -23.49999999999999645 ) ) ;
#2291 = CARTESIAN_POINT ( 'NONE',  ( -115.9956194951312654, 0.000000000000000000, -13.99999999999999822 ) ) ;
#2292 = ADVANCED_FACE ( 'NONE', ( #1625 ), #7, .F. ) ;
#2293 = EDGE_LOOP ( 'NONE', ( #2839, #2682, #1606, #177 ) ) ;
#2294 = FACE_BOUND ( 'NONE', #2793, .T. ) ;
#2295 = AXIS2_PLACEMENT_3D ( 'NONE', #2085, #1312, #262 ) ;
#2296 = AXIS2_PLACEMENT_3D ( 'NONE', #1031, #2618, #2098 ) ;
#2297 = VECTOR ( 'NONE', #1574, 1000.000000000000000 ) ;
#2298 = ORIENTED_EDGE ( 'NONE', *, *, #2303, .T. ) ;
#2299 = ORIENTED_EDGE ( 'NONE', *, *, #3392, .F. ) ;
#2300 = VECTOR ( 'NONE', #1307, 1000.000000000000000 ) ;
#2301 = DIRECTION ( 'NONE',  ( -0.000000000000000000, 1.000000000000000000, -0.000000000000000000 ) ) ;
#2302 = AXIS2_PLACEMENT_3D ( 'NONE', #3081, #631, #666 ) ;
#2303 = EDGE_CURVE ( 'NONE', #1202, #3120, #1921, .T. ) ;
#2304 = ADVANCED_FACE ( 'NONE', ( #2190 ), #1156, .T. ) ;
#2305 = ORIENTED_EDGE ( 'NONE', *, *, #3191, .F. ) ;
#2306 = CIRCLE ( 'NONE', #455, 1.499999999999997780 ) ;
#2307 = FACE_OUTER_BOUND ( 'NONE', #1311, .T. ) ;
#2308 = DIRECTION ( 'NONE',  ( 1.000000000000000000, 0.000000000000000000, -4.476705744456278510E-15 ) ) ;
#2309 = DIRECTION ( 'NONE',  ( 0.000000000000000000, 0.000000000000000000, -1.000000000000000000 ) ) ;
#2310 = VECTOR ( 'NONE', #1738, 1000.000000000000000 ) ;
#2311 = EDGE_CURVE ( 'NONE', #2264, #2697, #2408, .T. ) ;
#2312 = ORIENTED_EDGE ( 'NONE', *, *, #1916, .F. ) ;
#2313 = DIRECTION ( 'NONE',  ( 0.000000000000000000, 0.000000000000000000, -1.000000000000000000 ) ) ;
#2314 = CARTESIAN_POINT ( 'NONE',  ( -244.0043805048687204, 0.000000000000000000, -13.99999999999999822 ) ) ;
#2315 = CARTESIAN_POINT ( 'NONE',  ( -115.9956194951312654, 0.000000000000000000, -22.00000000000000000 ) ) ;
#2316 = VERTEX_POINT ( 'NONE', #871 ) ;
#2317 = ORIENTED_EDGE ( 'NONE', *, *, #84, .F. ) ;
#2318 = FACE_OUTER_BOUND ( 'NONE', #99, .T. ) ;
#2319 = VECTOR ( 'NONE', #3463, 1000.000000000000000 ) ;
#2320 = ORIENTED_EDGE ( 'NONE', *, *, #586, .F. ) ;
#2321 = FACE_OUTER_BOUND ( 'NONE', #2000, .T. ) ;
#2322 = CARTESIAN_POINT ( 'NONE',  ( -150.9666666666666686, 0.000000000000000000, -30.00000000000001066 ) ) ;
#2323 = VECTOR ( 'NONE', #1324, 1000.000000000000000 ) ;
#2324 = ORIENTED_EDGE ( 'NONE', *, *, #2471, .F. ) ;
#2325 = LINE ( 'NONE', #3451, #2374 ) ;
#2326 = DIRECTION ( 'NONE',  ( -0.000000000000000000, 1.000000000000000000, -0.000000000000000000 ) ) ;
#2327 = AXIS2_PLACEMENT_3D ( 'NONE', #2971, #2404, #1061 ) ;
#2328 = DIRECTION ( 'NONE',  ( -0.000000000000000000, -1.000000000000000000, 0.000000000000000000 ) ) ;
#2329 = EDGE_CURVE ( 'NONE', #3124, #1926, #2451, .T. ) ;
#2330 = ADVANCED_FACE ( 'NONE', ( #819 ), #2974, .T. ) ;
#2331 = EDGE_LOOP ( 'NONE', ( #1539, #1126, #1371, #2192 ) ) ;
#2332 = ORIENTED_EDGE ( 'NONE', *, *, #2954, .T. ) ;
#2333 = CYLINDRICAL_SURFACE ( 'NONE', #170, 1.000000000000000888 ) ;
#2334 = AXIS2_PLACEMENT_3D ( 'NONE', #3402, #2091, #2861 ) ;
#2335 = ORIENTED_EDGE ( 'NONE', *, *, #56, .T. ) ;
#2336 = DIRECTION ( 'NONE',  ( 0.000000000000000000, 0.000000000000000000, 1.000000000000000000 ) ) ;
#2337 = DIRECTION ( 'NONE',  ( 2.023844055306275026E-16, 0.000000000000000000, -1.000000000000000000 ) ) ;
#2338 = VERTEX_POINT ( 'NONE', #837 ) ;
#2339 = LINE ( 'NONE', #202, #1439 ) ;
#2340 = VERTEX_POINT ( 'NONE', #313 ) ;
#2341 = CIRCLE ( 'NONE', #2668, 1.000000000000000888 ) ;
#2342 = LINE ( 'NONE', #1823, #2994 ) ;
#2343 = ORIENTED_EDGE ( 'NONE', *, *, #148, .T. ) ;
#2344 = CYLINDRICAL_SURFACE ( 'NONE', #2772, 1.499999999999997780 ) ;
#2345 = DIRECTION ( 'NONE',  ( -0.000000000000000000, 1.000000000000000000, -0.000000000000000000 ) ) ;
#2346 = ORIENTED_EDGE ( 'NONE', *, *, #2663, .F. ) ;
#2347 = ORIENTED_EDGE ( 'NONE', *, *, #2116, .T. ) ;
#2348 = EDGE_CURVE ( 'NONE', #2803, #2665, #1390, .T. ) ;
#2349 = DIRECTION ( 'NONE',  ( 0.000000000000000000, 0.000000000000000000, 1.000000000000000000 ) ) ;
#2350 = VECTOR ( 'NONE', #2368, 1000.000000000000000 ) ;
#2351 = VERTEX_POINT ( 'NONE', #584 ) ;
#2352 = DIRECTION ( 'NONE',  ( -0.000000000000000000, 1.000000000000000000, 0.000000000000000000 ) ) ;
#2353 = ORIENTED_EDGE ( 'NONE', *, *, #1679, .F. ) ;
#2354 = CARTESIAN_POINT ( 'NONE',  ( -244.0043805048687204, 0.000000000000000000, -22.00000000000000000 ) ) ;
#2355 = DIRECTION ( 'NONE',  ( 0.000000000000000000, 1.000000000000000000, 0.000000000000000000 ) ) ;
#2356 = ORIENTED_EDGE ( 'NONE', *, *, #1023, .T. ) ;
#2357 = DIRECTION ( 'NONE',  ( 0.000000000000000000, 0.000000000000000000, -1.000000000000000000 ) ) ;
#2358 = EDGE_CURVE ( 'NONE', #2340, #2703, #765, .T. ) ;
#2359 = ORIENTED_EDGE ( 'NONE', *, *, #126, .T. ) ;
#2360 = AXIS2_PLACEMENT_3D ( 'NONE', #2755, #3167, #456 ) ;
#2361 = ORIENTED_EDGE ( 'NONE', *, *, #3224, .F. ) ;
#2362 = DIRECTION ( 'NONE',  ( -0.000000000000000000, 1.000000000000000000, -0.000000000000000000 ) ) ;
#2363 = ORIENTED_EDGE ( 'NONE', *, *, #1768, .F. ) ;
#2364 = CARTESIAN_POINT ( 'NONE',  ( -115.9956194951312654, 0.000000000000000000, -15.49999999999999645 ) ) ;
#2365 = DIRECTION ( 'NONE',  ( 4.476705744456278510E-15, 0.000000000000000000, -1.000000000000000000 ) ) ;
#2366 = ADVANCED_FACE ( 'NONE', ( #86 ), #2223, .F. ) ;
#2367 = DIRECTION ( 'NONE',  ( -0.000000000000000000, 1.000000000000000000, 0.000000000000000000 ) ) ;
#2368 = DIRECTION ( 'NONE',  ( -1.000000000000000000, -0.000000000000000000, 1.156482317317871478E-16 ) ) ;
#2369 = CARTESIAN_POINT ( 'NONE',  ( -149.9666666666666686, 0.000000000000000000, 30.00000000000001776 ) ) ;
#2370 = CIRCLE ( 'NONE', #864, 1.499999999999997780 ) ;
#2371 = ORIENTED_EDGE ( 'NONE', *, *, #3285, .T. ) ;
#2372 = LINE ( 'NONE', #1846, #1490 ) ;
#2373 = ORIENTED_EDGE ( 'NONE', *, *, #1881, .F. ) ;
#2374 = VECTOR ( 'NONE', #2584, 1000.000000000000000 ) ;
#2375 = ORIENTED_EDGE ( 'NONE', *, *, #3263, .F. ) ;
#2376 = AXIS2_PLACEMENT_3D ( 'NONE', #2704, #2687, #1154 ) ;
#2377 = VERTEX_POINT ( 'NONE', #3339 ) ;
#2378 = FACE_BOUND ( 'NONE', #2730, .T. ) ;
#2379 = DIRECTION ( 'NONE',  ( -0.000000000000000000, 1.000000000000000000, -0.000000000000000000 ) ) ;
#2380 = CARTESIAN_POINT ( 'NONE',  ( -115.9956194951312654, 6.000000000000000000, -23.49999999999999645 ) ) ;
#2381 = ADVANCED_FACE ( 'NONE', ( #1450 ), #2028, .T. ) ;
#2382 = ADVANCED_FACE ( 'NONE', ( #2515 ), #961, .F. ) ;
#2383 = LINE ( 'NONE', #3158, #2319 ) ;
#2384 = ORIENTED_EDGE ( 'NONE', *, *, #1657, .T. ) ;
#2385 = FACE_OUTER_BOUND ( 'NONE', #1572, .T. ) ;
#2386 = DIRECTION ( 'NONE',  ( -0.000000000000000000, 1.000000000000000000, -0.000000000000000000 ) ) ;
#2387 = DIRECTION ( 'NONE',  ( 0.000000000000000000, 0.000000000000000000, 1.000000000000000000 ) ) ;
#2388 = CYLINDRICAL_SURFACE ( 'NONE', #3478, 1.499999999999997780 ) ;
#2389 = EDGE_CURVE ( 'NONE', #895, #2671, #2177, .T. ) ;
#2390 = VERTEX_POINT ( 'NONE', #1487 ) ;
#2391 = DIRECTION ( 'NONE',  ( 0.000000000000000000, 0.000000000000000000, -1.000000000000000000 ) ) ;
#2392 = ORIENTED_EDGE ( 'NONE', *, *, #2471, .T. ) ;
#2393 = CIRCLE ( 'NONE', #3023, 1.000000000000000888 ) ;
#2394 = FACE_BOUND ( 'NONE', #710, .T. ) ;
#2395 = CARTESIAN_POINT ( 'NONE',  ( -149.9666666666666686, 6.000000000000000000, -27.89999999999999503 ) ) ;
#2396 = AXIS2_PLACEMENT_3D ( 'NONE', #3165, #1327, #248 ) ;
#2397 = AXIS2_PLACEMENT_3D ( 'NONE', #1050, #2362, #2907 ) ;
#2398 = CYLINDRICAL_SURFACE ( 'NONE', #608, 1.499999999999997780 ) ;
#2399 = ORIENTED_EDGE ( 'NONE', *, *, #2245, .F. ) ;
#2400 = DIRECTION ( 'NONE',  ( 0.000000000000000000, 0.000000000000000000, 1.000000000000000000 ) ) ;
#2401 = EDGE_CURVE ( 'NONE', #878, #665, #486, .T. ) ;
#2402 = EDGE_LOOP ( 'NONE', ( #3164, #2890 ) ) ;
#2403 = VECTOR ( 'NONE', #740, 1000.000000000000000 ) ;
#2404 = DIRECTION ( 'NONE',  ( -0.000000000000000000, -1.000000000000000000, 0.000000000000000000 ) ) ;
#2405 = CARTESIAN_POINT ( 'NONE',  ( -138.9666666666666686, 0.000000000000000000, 30.00000000000002132 ) ) ;
#2406 = CARTESIAN_POINT ( 'NONE',  ( -131.9666666666666401, 0.000000000000000000, 27.89999999999999503 ) ) ;
#2407 = CARTESIAN_POINT ( 'NONE',  ( -244.0043805048687204, -20.00000000000000355, 13.99999999999999822 ) ) ;
#2408 = LINE ( 'NONE', #3291, #2007 ) ;
#2409 = ADVANCED_FACE ( 'NONE', ( #2258 ), #926, .F. ) ;
#2410 = ORIENTED_EDGE ( 'NONE', *, *, #1452, .T. ) ;
#2411 = AXIS2_PLACEMENT_3D ( 'NONE', #3083, #3103, #668 ) ;
#2412 = ORIENTED_EDGE ( 'NONE', *, *, #158, .F. ) ;
#2413 = DIRECTION ( 'NONE',  ( -1.000000000000000000, 0.000000000000000000, 0.000000000000000000 ) ) ;
#2414 = ORIENTED_EDGE ( 'NONE', *, *, #873, .T. ) ;
#2415 = ORIENTED_EDGE ( 'NONE', *, *, #2901, .T. ) ;
#2416 = CARTESIAN_POINT ( 'NONE',  ( -203.6249999999998579, -20.00000000000000355, 11.00000000000000000 ) ) ;
#2417 = FACE_OUTER_BOUND ( 'NONE', #3000, .T. ) ;
#2418 = CARTESIAN_POINT ( 'NONE',  ( -132.9666666666666401, 6.000000000000000000, -31.00000000000001421 ) ) ;
#2419 = EDGE_LOOP ( 'NONE', ( #1826, #3208, #889, #161 ) ) ;
#2420 = CARTESIAN_POINT ( 'NONE',  ( -245.6249999999998579, 6.000000000000000000, 11.00000000000000000 ) ) ;
#2421 = VERTEX_POINT ( 'NONE', #1711 ) ;
#2422 = CARTESIAN_POINT ( 'NONE',  ( -123.0000000000000000, -20.00000000000000355, -9.000000000000001776 ) ) ;
#2423 = CARTESIAN_POINT ( 'NONE',  ( -149.9666666666666686, -20.00000000000000355, 30.00000000000001776 ) ) ;
#2424 = DIRECTION ( 'NONE',  ( -0.000000000000000000, 1.000000000000000000, -0.000000000000000000 ) ) ;
#2425 = EDGE_CURVE ( 'NONE', #182, #2588, #1332, .T. ) ;
#2426 = DIRECTION ( 'NONE',  ( 0.000000000000000000, 0.000000000000000000, 1.000000000000000000 ) ) ;
#2427 = ORIENTED_EDGE ( 'NONE', *, *, #416, .T. ) ;
#2428 = DIRECTION ( 'NONE',  ( -0.000000000000000000, -1.000000000000000000, -0.000000000000000000 ) ) ;
#2429 = VERTEX_POINT ( 'NONE', #2548 ) ;
#2430 = EDGE_CURVE ( 'NONE', #2195, #1207, #3364, .T. ) ;
#2431 = EDGE_CURVE ( 'NONE', #227, #2824, #139, .T. ) ;
#2432 = AXIS2_PLACEMENT_3D ( 'NONE', #2064, #3140, #225 ) ;
#2433 = VERTEX_POINT ( 'NONE', #1238 ) ;
#2434 = EDGE_LOOP ( 'NONE', ( #2700, #1118 ) ) ;
#2435 = AXIS2_PLACEMENT_3D ( 'NONE', #1120, #2205, #3271 ) ;
#2436 = FACE_OUTER_BOUND ( 'NONE', #2482, .T. ) ;
#2437 = DIRECTION ( 'NONE',  ( 0.000000000000000000, 0.000000000000000000, 1.000000000000000000 ) ) ;
#2438 = DIRECTION ( 'NONE',  ( 0.000000000000000000, 1.000000000000000000, -0.000000000000000000 ) ) ;
#2439 = ORIENTED_EDGE ( 'NONE', *, *, #2425, .T. ) ;
#2440 = CARTESIAN_POINT ( 'NONE',  ( -158.0000000000000000, 0.000000000000000000, -7.499999999999758415 ) ) ;
#2441 = ORIENTED_EDGE ( 'NONE', *, *, #2430, .T. ) ;
#2442 = LINE ( 'NONE', #3467, #2829 ) ;
#2443 = CYLINDRICAL_SURFACE ( 'NONE', #525, 1.499999999999997780 ) ;
#2444 = APPLICATION_PROTOCOL_DEFINITION ( 'draft international standard', 'automotive_design', 1998, #3110 ) ;
#2445 = CARTESIAN_POINT ( 'NONE',  ( -114.5000000000000142, 6.000000000000000000, -3.500000000000003553 ) ) ;
#2446 = DIRECTION ( 'NONE',  ( 0.000000000000000000, 0.000000000000000000, -1.000000000000000000 ) ) ;
#2447 = VECTOR ( 'NONE', #542, 1000.000000000000000 ) ;
#2448 = VERTEX_POINT ( 'NONE', #103 ) ;
#2449 = ORIENTED_EDGE ( 'NONE', *, *, #806, .F. ) ;
#2450 = CARTESIAN_POINT ( 'NONE',  ( -153.5000000000000000, -20.00000000000000355, -20.00000000000000000 ) ) ;
#2451 = CIRCLE ( 'NONE', #944, 1.499999999999997780 ) ;
#2452 = EDGE_CURVE ( 'NONE', #915, #2728, #552, .T. ) ;
#2453 = VERTEX_POINT ( 'NONE', #1729 ) ;
#2454 = VERTEX_POINT ( 'NONE', #2783 ) ;
#2455 = DIRECTION ( 'NONE',  ( -1.000000000000000000, 0.000000000000000000, -0.000000000000000000 ) ) ;
#2456 = EDGE_CURVE ( 'NONE', #922, #957, #1161, .T. ) ;
#2457 = AXIS2_PLACEMENT_3D ( 'NONE', #546, #1858, #20 ) ;
#2458 = EDGE_LOOP ( 'NONE', ( #514, #3282, #2083, #2932, #1554, #2241, #272, #1553, #1867, #195, #2502, #2077, #705, #198, #2247, #2094, #3061, #34, #1000, #800, #2642, #1436, #2488, #2363, #401, #3079, #2127, #1011, #857, #1611, #2157, #2219 ) ) ;
#2459 = CIRCLE ( 'NONE', #951, 1.499999999999997780 ) ;
#2460 = CARTESIAN_POINT ( 'NONE',  ( -244.0043805048687204, 6.000000000000000000, -22.00000000000000000 ) ) ;
#2461 = CIRCLE ( 'NONE', #952, 1.499999999999997780 ) ;
#2462 = ORIENTED_EDGE ( 'NONE', *, *, #828, .F. ) ;
#2463 = LINE ( 'NONE', #64, #2656 ) ;
#2464 = LINE ( 'NONE', #550, #2843 ) ;
#2465 = CARTESIAN_POINT ( 'NONE',  ( -115.9956194951312654, 0.000000000000000000, 12.50000000000000000 ) ) ;
#2466 = DIRECTION ( 'NONE',  ( -0.000000000000000000, 1.000000000000000000, -0.000000000000000000 ) ) ;
#2467 = ORIENTED_EDGE ( 'NONE', *, *, #140, .T. ) ;
#2468 = ORIENTED_EDGE ( 'NONE', *, *, #1151, .T. ) ;
#2469 = CARTESIAN_POINT ( 'NONE',  ( -149.9666666666666686, 6.000000000000000000, -30.00000000000001066 ) ) ;
#2470 = AXIS2_PLACEMENT_3D ( 'NONE', #1131, #1702, #2474 ) ;
#2471 = EDGE_CURVE ( 'NONE', #1909, #679, #1939, .T. ) ;
#2472 = ORIENTED_EDGE ( 'NONE', *, *, #1497, .T. ) ;
#2473 = EDGE_LOOP ( 'NONE', ( #2414, #92, #995, #3 ) ) ;
#2474 = DIRECTION ( 'NONE',  ( 0.000000000000000000, 0.000000000000000000, 1.000000000000000000 ) ) ;
#2475 = EDGE_CURVE ( 'NONE', #136, #2521, #1201, .T. ) ;
#2476 = CARTESIAN_POINT ( 'NONE',  ( -123.0000000000000000, 0.000000000000000000, 8.999999999999998224 ) ) ;
#2477 = EDGE_LOOP ( 'NONE', ( #465, #647, #680, #1483 ) ) ;
#2478 = CARTESIAN_POINT ( 'NONE',  ( -150.9666666666666686, 6.000000000000000000, 30.00000000000001776 ) ) ;
#2479 = CARTESIAN_POINT ( 'NONE',  ( -131.9666666666666401, -20.00000000000000355, -30.00000000000001421 ) ) ;
#2480 = SURFACE_STYLE_USAGE ( .BOTH. , #1416 ) ;
#2481 = CARTESIAN_POINT ( 'NONE',  ( -127.5000000000000000, 6.000000000000000000, 20.00000000000000000 ) ) ;
#2482 = EDGE_LOOP ( 'NONE', ( #2142, #2170, #3255, #2229, #2960, #2784, #468, #1171, #718, #575, #1075, #1690, #1505, #1129, #2709, #1440, #2174, #2882, #1198, #145, #3217, #2562, #1310, #2410, #48, #2103, #597, #2550, #2449, #1989, #286, #3097 ) ) ;
#2483 = EDGE_CURVE ( 'NONE', #3286, #3443, #3073, .T. ) ;
#2484 = VERTEX_POINT ( 'NONE', #2274 ) ;
#2485 = DIRECTION ( 'NONE',  ( 0.000000000000000000, 1.000000000000000000, 0.000000000000000000 ) ) ;
#2486 = CIRCLE ( 'NONE', #3059, 1.499999999999997780 ) ;
#2487 = ORIENTED_EDGE ( 'NONE', *, *, #2284, .T. ) ;
#2488 = ORIENTED_EDGE ( 'NONE', *, *, #3111, .F. ) ;
#2489 = CYLINDRICAL_SURFACE ( 'NONE', #1177, 1.000000000000000888 ) ;
#2490 = AXIS2_PLACEMENT_3D ( 'NONE', #3436, #2096, #3176 ) ;
#2491 = VECTOR ( 'NONE', #1860, 1000.000000000000000 ) ;
#2492 = EDGE_CURVE ( 'NONE', #3393, #3331, #143, .T. ) ;
#2493 = ORIENTED_EDGE ( 'NONE', *, *, #2598, .T. ) ;
#2494 = DIRECTION ( 'NONE',  ( -0.000000000000000000, -1.000000000000000000, 0.000000000000000000 ) ) ;
#2495 = LINE ( 'NONE', #2779, #646 ) ;
#2496 = LINE ( 'NONE', #2290, #719 ) ;
#2497 = CARTESIAN_POINT ( 'NONE',  ( -173.2500000000000284, 6.000000000000000000, 21.58999999999999986 ) ) ;
#2498 = EDGE_LOOP ( 'NONE', ( #730, #1163, #567, #1141 ) ) ;
#2499 = DIRECTION ( 'NONE',  ( 4.476705744456278510E-15, 0.000000000000000000, 1.000000000000000000 ) ) ;
#2500 = CYLINDRICAL_SURFACE ( 'NONE', #1684, 1.000000000000000888 ) ;
#2501 = CYLINDRICAL_SURFACE ( 'NONE', #1066, 1.499999999999997780 ) ;
#2502 = ORIENTED_EDGE ( 'NONE', *, *, #1680, .T. ) ;
#2503 = ORIENTED_EDGE ( 'NONE', *, *, #3004, .T. ) ;
#2504 = DIRECTION ( 'NONE',  ( -0.000000000000000000, 0.000000000000000000, 1.000000000000000000 ) ) ;
#2505 = VECTOR ( 'NONE', #2056, 1000.000000000000000 ) ;
#2506 = DIRECTION ( 'NONE',  ( 0.000000000000000000, 0.000000000000000000, 1.000000000000000000 ) ) ;
#2507 = LINE ( 'NONE', #3317, #1071 ) ;
#2508 = EDGE_CURVE ( 'NONE', #19, #1886, #2762, .T. ) ;
#2509 = AXIS2_PLACEMENT_3D ( 'NONE', #1977, #397, #2309 ) ;
#2510 = ORIENTED_EDGE ( 'NONE', *, *, #847, .F. ) ;
#2511 = VECTOR ( 'NONE', #598, 1000.000000000000000 ) ;
#2512 = CARTESIAN_POINT ( 'NONE',  ( -115.9956194951312654, -20.00000000000000355, -13.99999999999999822 ) ) ;
#2513 = CARTESIAN_POINT ( 'NONE',  ( -200.2499999999998295, -20.00000000000000355, -6.999999999999995559 ) ) ;
#2514 = DIRECTION ( 'NONE',  ( -0.000000000000000000, -1.000000000000000000, -0.000000000000000000 ) ) ;
#2515 = FACE_OUTER_BOUND ( 'NONE', #2225, .T. ) ;
#2516 = EDGE_CURVE ( 'NONE', #2031, #742, #1754, .T. ) ;
#2517 = AXIS2_PLACEMENT_3D ( 'NONE', #531, #2148, #1603 ) ;
#2518 = ORIENTED_EDGE ( 'NONE', *, *, #641, .T. ) ;
#2519 = FACE_BOUND ( 'NONE', #2676, .T. ) ;
#2520 = EDGE_CURVE ( 'NONE', #1386, #1192, #743, .T. ) ;
#2521 = VERTEX_POINT ( 'NONE', #2614 ) ;
#2522 = ORIENTED_EDGE ( 'NONE', *, *, #1924, .T. ) ;
#2523 = DIRECTION ( 'NONE',  ( 0.000000000000000000, 0.000000000000000000, -1.000000000000000000 ) ) ;
#2524 = AXIS2_PLACEMENT_3D ( 'NONE', #1123, #349, #27 ) ;
#2525 = DIRECTION ( 'NONE',  ( -0.000000000000000000, 1.000000000000000000, -0.000000000000000000 ) ) ;
#2526 = AXIS2_PLACEMENT_3D ( 'NONE', #3063, #1462, #134 ) ;
#2527 = ORIENTED_EDGE ( 'NONE', *, *, #377, .T. ) ;
#2528 = DIRECTION ( 'NONE',  ( 0.000000000000000000, 1.000000000000000000, 0.000000000000000000 ) ) ;
#2529 = CARTESIAN_POINT ( 'NONE',  ( -244.0043805048687204, 6.000000000000000000, 22.00000000000000000 ) ) ;
#2530 = DIRECTION ( 'NONE',  ( 0.000000000000000000, 0.000000000000000000, 1.000000000000000000 ) ) ;
#2531 = EDGE_LOOP ( 'NONE', ( #1638, #2720, #537, #839 ) ) ;
#2532 = PLANE ( 'NONE',  #810 ) ;
#2533 = DIRECTION ( 'NONE',  ( 0.000000000000000000, 0.000000000000000000, 1.000000000000000000 ) ) ;
#2534 = DIRECTION ( 'NONE',  ( -0.000000000000000000, 1.000000000000000000, -0.000000000000000000 ) ) ;
#2535 = ORIENTED_EDGE ( 'NONE', *, *, #251, .F. ) ;
#2536 = ORIENTED_EDGE ( 'NONE', *, *, #692, .T. ) ;
#2537 = ADVANCED_FACE ( 'NONE', ( #1010 ), #2595, .F. ) ;
#2538 = VECTOR ( 'NONE', #2632, 1000.000000000000000 ) ;
#2539 = CIRCLE ( 'NONE', #1985, 1.499999999999997780 ) ;
#2540 = DIRECTION ( 'NONE',  ( 0.000000000000000000, 0.000000000000000000, -1.000000000000000000 ) ) ;
#2541 = DIRECTION ( 'NONE',  ( 0.000000000000000000, 0.000000000000000000, 1.000000000000000000 ) ) ;
#2542 = ADVANCED_FACE ( 'NONE', ( #1534 ), #2043, .F. ) ;
#2543 = AXIS2_PLACEMENT_3D ( 'NONE', #1811, #3421, #3468 ) ;
#2544 = ORIENTED_EDGE ( 'NONE', *, *, #1210, .T. ) ;
#2545 = FACE_OUTER_BOUND ( 'NONE', #2293, .T. ) ;
#2546 = CARTESIAN_POINT ( 'NONE',  ( -120.3503273626567562, 6.000000000000000000, -31.00000000000001421 ) ) ;
#2547 = DIRECTION ( 'NONE',  ( -0.000000000000000000, 1.000000000000000000, -0.000000000000000000 ) ) ;
#2548 = CARTESIAN_POINT ( 'NONE',  ( -121.0666666666666629, 6.000000000000000000, 29.50000000000001421 ) ) ;
#2549 = AXIS2_PLACEMENT_3D ( 'NONE', #1345, #1623, #3013 ) ;
#2550 = ORIENTED_EDGE ( 'NONE', *, *, #3020, .F. ) ;
#2551 = DIRECTION ( 'NONE',  ( 0.000000000000000000, 0.000000000000000000, 1.000000000000000000 ) ) ;
#2552 = ORIENTED_EDGE ( 'NONE', *, *, #1114, .F. ) ;
#2553 = EDGE_LOOP ( 'NONE', ( #2896, #982, #998, #848 ) ) ;
#2554 = DIRECTION ( 'NONE',  ( 0.000000000000000000, 0.000000000000000000, -1.000000000000000000 ) ) ;
#2555 = CARTESIAN_POINT ( 'NONE',  ( -158.0000000000000000, -20.00000000000000355, -7.499999999999758415 ) ) ;
#2556 = EDGE_CURVE ( 'NONE', #2693, #2052, #2370, .T. ) ;
#2557 = EDGE_CURVE ( 'NONE', #1224, #782, #2646, .T. ) ;
#2558 = VECTOR ( 'NONE', #68, 1000.000000000000000 ) ;
#2559 = LINE ( 'NONE', #1232, #353 ) ;
#2560 = CARTESIAN_POINT ( 'NONE',  ( -244.0043805048687204, 6.000000000000000000, 12.50000000000000000 ) ) ;
#2561 = EDGE_CURVE ( 'NONE', #51, #3393, #2879, .T. ) ;
#2562 = ORIENTED_EDGE ( 'NONE', *, *, #2713, .F. ) ;
#2563 = CYLINDRICAL_SURFACE ( 'NONE', #2942, 1.499999999999997780 ) ;
#2564 = FACE_OUTER_BOUND ( 'NONE', #3197, .T. ) ;
#2565 = CARTESIAN_POINT ( 'NONE',  ( -244.0043805048687204, -20.00000000000000355, -15.49999999999999645 ) ) ;
#2566 = VECTOR ( 'NONE', #634, 1000.000000000000000 ) ;
#2567 = VERTEX_POINT ( 'NONE', #508 ) ;
#2568 = CARTESIAN_POINT ( 'NONE',  ( -239.6496726373432011, 6.000000000000000000, 31.00000000000000000 ) ) ;
#2569 = CARTESIAN_POINT ( 'NONE',  ( -114.5000000000000142, 0.000000000000000000, 3.500000000000001776 ) ) ;
#2570 = LINE ( 'NONE', #678, #1349 ) ;
#2571 = AXIS2_PLACEMENT_3D ( 'NONE', #2769, #523, #3225 ) ;
#2572 = CIRCLE ( 'NONE', #3316, 39.53333333333335986 ) ;
#2573 = ORIENTED_EDGE ( 'NONE', *, *, #2708, .F. ) ;
#2574 = EDGE_LOOP ( 'NONE', ( #2690, #2156, #59, #3359 ) ) ;
#2575 = LINE ( 'NONE', #1515, #791 ) ;
#2576 = VECTOR ( 'NONE', #614, 1000.000000000000000 ) ;
#2577 = AXIS2_PLACEMENT_3D ( 'NONE', #115, #1753, #151 ) ;
#2578 = EDGE_LOOP ( 'NONE', ( #162, #3136 ) ) ;
#2579 = AXIS2_PLACEMENT_3D ( 'NONE', #712, #2854, #454 ) ;
#2580 = DIRECTION ( 'NONE',  ( 0.000000000000000000, 0.000000000000000000, -1.000000000000000000 ) ) ;
#2581 = EDGE_CURVE ( 'NONE', #215, #3336, #1589, .T. ) ;
#2582 = CARTESIAN_POINT ( 'NONE',  ( -139.9666666666666686, 6.000000000000000000, -30.00000000000001066 ) ) ;
#2583 = EDGE_LOOP ( 'NONE', ( #629, #3474, #2254, #320 ) ) ;
#2584 = DIRECTION ( 'NONE',  ( -0.000000000000000000, 1.000000000000000000, -0.000000000000000000 ) ) ;
#2585 = DIRECTION ( 'NONE',  ( 1.000000000000000000, 0.000000000000000000, -1.156482317317871478E-16 ) ) ;
#2586 = CARTESIAN_POINT ( 'NONE',  ( -139.9666666666666686, 6.000000000000000000, 30.00000000000002132 ) ) ;
#2587 = CIRCLE ( 'NONE', #1084, 1.000000000000000888 ) ;
#2588 = VERTEX_POINT ( 'NONE', #3122 ) ;
#2589 = ORIENTED_EDGE ( 'NONE', *, *, #2232, .T. ) ;
#2590 = DIRECTION ( 'NONE',  ( -0.000000000000000000, -1.000000000000000000, 0.000000000000000000 ) ) ;
#2591 = AXIS2_PLACEMENT_3D ( 'NONE', #2322, #461, #3173 ) ;
#2592 = DIRECTION ( 'NONE',  ( -1.000000000000000000, 0.000000000000000000, -2.023844055306275026E-16 ) ) ;
#2593 = ORIENTED_EDGE ( 'NONE', *, *, #2425, .F. ) ;
#2594 = DIRECTION ( 'NONE',  ( 0.000000000000000000, 1.000000000000000000, 0.000000000000000000 ) ) ;
#2595 = CYLINDRICAL_SURFACE ( 'NONE', #365, 1.999999999999996225 ) ;
#2596 = AXIS2_PLACEMENT_3D ( 'NONE', #795, #2930, #2357 ) ;
#2597 = EDGE_CURVE ( 'NONE', #3221, #1652, #2342, .T. ) ;
#2598 = EDGE_CURVE ( 'NONE', #761, #2697, #993, .T. ) ;
#2599 = ORIENTED_EDGE ( 'NONE', *, *, #435, .T. ) ;
#2600 = DIRECTION ( 'NONE',  ( 0.000000000000000000, 1.000000000000000000, -0.000000000000000000 ) ) ;
#2601 = CIRCLE ( 'NONE', #2218, 1.999999999999995781 ) ;
#2602 = CARTESIAN_POINT ( 'NONE',  ( -114.5000000000000142, -20.00000000000000355, -5.000000000000000888 ) ) ;
#2603 = AXIS2_PLACEMENT_3D ( 'NONE', #1216, #3030, #361 ) ;
#2604 = ORIENTED_EDGE ( 'NONE', *, *, #1980, .T. ) ;
#2605 = ORIENTED_EDGE ( 'NONE', *, *, #1723, .T. ) ;
#2606 = EDGE_CURVE ( 'NONE', #1024, #1178, #2486, .T. ) ;
#2607 = EDGE_LOOP ( 'NONE', ( #1570, #2789 ) ) ;
#2608 = DIRECTION ( 'NONE',  ( 0.000000000000000000, 0.000000000000000000, 1.000000000000000000 ) ) ;
#2609 = CARTESIAN_POINT ( 'NONE',  ( -123.9666666666666544, 6.000000000000000000, 30.99999999999999289 ) ) ;
#2610 = ORIENTED_EDGE ( 'NONE', *, *, #400, .F. ) ;
#2611 = CARTESIAN_POINT ( 'NONE',  ( -173.2500000000000284, -20.00000000000000355, 21.58999999999999986 ) ) ;
#2612 = CARTESIAN_POINT ( 'NONE',  ( -115.9956194951312654, -20.00000000000000355, -12.50000000000000000 ) ) ;
#2613 = AXIS2_PLACEMENT_3D ( 'NONE', #1957, #532, #47 ) ;
#2614 = CARTESIAN_POINT ( 'NONE',  ( -244.0043805048687204, 6.000000000000000000, -15.49999999999999645 ) ) ;
#2615 = EDGE_LOOP ( 'NONE', ( #843, #3041, #2276, #218 ) ) ;
#2616 = LINE ( 'NONE', #1062, #3116 ) ;
#2617 = FACE_OUTER_BOUND ( 'NONE', #1355, .T. ) ;
#2618 = DIRECTION ( 'NONE',  ( -0.000000000000000000, -1.000000000000000000, 0.000000000000000000 ) ) ;
#2619 = ORIENTED_EDGE ( 'NONE', *, *, #847, .T. ) ;
#2620 = VERTEX_POINT ( 'NONE', #2109 ) ;
#2621 = AXIS2_PLACEMENT_3D ( 'NONE', #3426, #1018, #1833 ) ;
#2622 = CARTESIAN_POINT ( 'NONE',  ( -244.0043805048687204, 0.000000000000000000, -20.50000000000000000 ) ) ;
#2623 =( GEOMETRIC_REPRESENTATION_CONTEXT ( 3 ) GLOBAL_UNCERTAINTY_ASSIGNED_CONTEXT ( ( #1874 ) ) GLOBAL_UNIT_ASSIGNED_CONTEXT ( ( #2796, #1468, #887 ) ) REPRESENTATION_CONTEXT ( 'NONE', 'WORKASPACE' ) );
#2624 = EDGE_CURVE ( 'NONE', #832, #1926, #1809, .T. ) ;
#2625 = VECTOR ( 'NONE', #2413, 1000.000000000000000 ) ;
#2626 = ORIENTED_EDGE ( 'NONE', *, *, #2206, .F. ) ;
#2627 = CARTESIAN_POINT ( 'NONE',  ( -244.0043805048687204, 0.000000000000000000, -23.49999999999999645 ) ) ;
#2628 = CARTESIAN_POINT ( 'NONE',  ( -144.5333333333333599, 0.000000000000000000, 20.00000000000000000 ) ) ;
#2629 = EDGE_CURVE ( 'NONE', #1086, #2968, #490, .T. ) ;
#2630 = DIRECTION ( 'NONE',  ( -0.000000000000000000, 1.000000000000000000, -0.000000000000000000 ) ) ;
#2631 = CARTESIAN_POINT ( 'NONE',  ( -240.0000000000000000, 6.000000000000000000, -31.00000000000000000 ) ) ;
#2632 = DIRECTION ( 'NONE',  ( -0.000000000000000000, 1.000000000000000000, -0.000000000000000000 ) ) ;
#2633 = VERTEX_POINT ( 'NONE', #3138 ) ;
#2634 = DIRECTION ( 'NONE',  ( 0.000000000000000000, 0.000000000000000000, -1.000000000000000000 ) ) ;
#2635 = CARTESIAN_POINT ( 'NONE',  ( -244.0043805048687204, -20.00000000000000355, 12.50000000000000000 ) ) ;
#2636 = DIRECTION ( 'NONE',  ( -0.000000000000000000, 0.000000000000000000, -1.000000000000000000 ) ) ;
#2637 = VECTOR ( 'NONE', #1770, 1000.000000000000000 ) ;
#2638 = ORIENTED_EDGE ( 'NONE', *, *, #2708, .T. ) ;
#2639 = VERTEX_POINT ( 'NONE', #2369 ) ;
#2640 = CARTESIAN_POINT ( 'NONE',  ( -163.2500000000000000, 6.000000000000000000, 21.58999999999999986 ) ) ;
#2641 = EDGE_CURVE ( 'NONE', #2824, #3302, #1866, .T. ) ;
#2642 = ORIENTED_EDGE ( 'NONE', *, *, #3284, .T. ) ;
#2643 = DIRECTION ( 'NONE',  ( 0.000000000000000000, 0.000000000000000000, -1.000000000000000000 ) ) ;
#2644 = CARTESIAN_POINT ( 'NONE',  ( -199.8299527773968691, 6.000000000000000000, -23.08999999746103526 ) ) ;
#2645 = CARTESIAN_POINT ( 'NONE',  ( -122.9666666666666544, 6.000000000000000000, -30.00000000000001421 ) ) ;
#2646 = CIRCLE ( 'NONE', #3168, 1.000000000000000888 ) ;
#2647 = ORIENTED_EDGE ( 'NONE', *, *, #545, .F. ) ;
#2648 = DIRECTION ( 'NONE',  ( -0.000000000000000000, 1.000000000000000000, -0.000000000000000000 ) ) ;
#2649 = PRODUCT_CONTEXT ( 'NONE', #3110, 'mechanical' ) ;
#2650 = CYLINDRICAL_SURFACE ( 'NONE', #492, 1.499999999999997335 ) ;
#2651 = DIRECTION ( 'NONE',  ( 0.000000000000000000, 1.000000000000000000, -0.000000000000000000 ) ) ;
#2652 = ORIENTED_EDGE ( 'NONE', *, *, #1176, .T. ) ;
#2653 = VECTOR ( 'NONE', #2499, 1000.000000000000000 ) ;
#2654 = ORIENTED_EDGE ( 'NONE', *, *, #1724, .T. ) ;
#2655 = DIRECTION ( 'NONE',  ( -0.000000000000000000, -1.000000000000000000, 0.000000000000000000 ) ) ;
#2656 = VECTOR ( 'NONE', #1137, 1000.000000000000000 ) ;
#2657 = VERTEX_POINT ( 'NONE', #1321 ) ;
#2658 = FACE_BOUND ( 'NONE', #3466, .T. ) ;
#2659 = EDGE_CURVE ( 'NONE', #215, #802, #2383, .T. ) ;
#2660 = PLANE ( 'NONE',  #3391 ) ;
#2661 = DIRECTION ( 'NONE',  ( -0.000000000000000000, 1.000000000000000000, -0.000000000000000000 ) ) ;
#2662 = VERTEX_POINT ( 'NONE', #1774 ) ;
#2663 = EDGE_CURVE ( 'NONE', #903, #2377, #808, .T. ) ;
#2664 = DIRECTION ( 'NONE',  ( 0.000000000000000000, 1.000000000000000000, -0.000000000000000000 ) ) ;
#2665 = VERTEX_POINT ( 'NONE', #2582 ) ;
#2666 = CARTESIAN_POINT ( 'NONE',  ( -127.5000000000000000, 6.000000000000000000, -20.00000000000000000 ) ) ;
#2667 = DIRECTION ( 'NONE',  ( 0.000000000000000000, 0.000000000000000000, 1.000000000000000000 ) ) ;
#2668 = AXIS2_PLACEMENT_3D ( 'NONE', #2699, #1073, #3280 ) ;
#2669 = CARTESIAN_POINT ( 'NONE',  ( -244.0043805048687204, 6.000000000000000000, 20.50000000000000000 ) ) ;
#2670 = CARTESIAN_POINT ( 'NONE',  ( -244.0043805048687204, 6.000000000000000000, 22.00000000000000000 ) ) ;
#2671 = VERTEX_POINT ( 'NONE', #193 ) ;
#2672 = ORIENTED_EDGE ( 'NONE', *, *, #2557, .F. ) ;
#2673 = PLANE ( 'NONE',  #2741 ) ;
#2674 = VERTEX_POINT ( 'NONE', #722 ) ;
#2675 = AXIS2_PLACEMENT_3D ( 'NONE', #405, #1481, #2540 ) ;
#2676 = EDGE_LOOP ( 'NONE', ( #1677, #1649 ) ) ;
#2677 = DIRECTION ( 'NONE',  ( 0.000000000000000000, -1.000000000000000000, 0.000000000000000000 ) ) ;
#2678 = PLANE ( 'NONE',  #1445 ) ;
#2679 = AXIS2_PLACEMENT_3D ( 'NONE', #2782, #102, #1169 ) ;
#2680 = EDGE_CURVE ( 'NONE', #949, #2390, #1791, .T. ) ;
#2681 = CARTESIAN_POINT ( 'NONE',  ( -131.9666666666666401, 6.000000000000000000, -30.00000000000001421 ) ) ;
#2682 = ORIENTED_EDGE ( 'NONE', *, *, #84, .T. ) ;
#2683 = DIRECTION ( 'NONE',  ( -0.000000000000000000, -1.000000000000000000, -0.000000000000000000 ) ) ;
#2684 = EDGE_CURVE ( 'NONE', #2742, #2968, #2152, .T. ) ;
#2685 = VERTEX_POINT ( 'NONE', #271 ) ;
#2686 = PLANE ( 'NONE',  #94 ) ;
#2687 = DIRECTION ( 'NONE',  ( -0.000000000000000000, -1.000000000000000000, 0.000000000000000000 ) ) ;
#2688 = DIRECTION ( 'NONE',  ( 0.000000000000000000, 0.000000000000000000, -1.000000000000000000 ) ) ;
#2689 = CARTESIAN_POINT ( 'NONE',  ( -163.2500000000000000, 6.000000000000000000, -21.58999999999999986 ) ) ;
#2690 = ORIENTED_EDGE ( 'NONE', *, *, #2133, .T. ) ;
#2691 = VECTOR ( 'NONE', #135, 1000.000000000000000 ) ;
#2692 = DIRECTION ( 'NONE',  ( -0.000000000000000000, 1.000000000000000000, -0.000000000000000000 ) ) ;
#2693 = VERTEX_POINT ( 'NONE', #1879 ) ;
#2694 = DIRECTION ( 'NONE',  ( -0.000000000000000000, 0.000000000000000000, 1.000000000000000000 ) ) ;
#2695 = EDGE_CURVE ( 'NONE', #2351, #70, #2539, .T. ) ;
#2696 = ORIENTED_EDGE ( 'NONE', *, *, #918, .F. ) ;
#2697 = VERTEX_POINT ( 'NONE', #2420 ) ;
#2698 = FACE_BOUND ( 'NONE', #2910, .T. ) ;
#2699 = CARTESIAN_POINT ( 'NONE',  ( -122.9666666666666544, 0.000000000000000000, -30.00000000000001421 ) ) ;
#2700 = ORIENTED_EDGE ( 'NONE', *, *, #476, .F. ) ;
#2701 = CARTESIAN_POINT ( 'NONE',  ( -119.7227407025181378, 6.000000000000000000, 30.77854671280279675 ) ) ;
#2702 = EDGE_CURVE ( 'NONE', #1520, #91, #3169, .T. ) ;
#2703 = VERTEX_POINT ( 'NONE', #2440 ) ;
#2704 = CARTESIAN_POINT ( 'NONE',  ( -115.9956194951312654, 0.000000000000000000, 13.99999999999999822 ) ) ;
#2705 = LINE ( 'NONE', #275, #114 ) ;
#2706 = DIRECTION ( 'NONE',  ( 0.000000000000000000, 0.000000000000000000, 1.000000000000000000 ) ) ;
#2707 = EDGE_CURVE ( 'NONE', #1588, #1500, #2875, .T. ) ;
#2708 = EDGE_CURVE ( 'NONE', #909, #481, #1897, .T. ) ;
#2709 = ORIENTED_EDGE ( 'NONE', *, *, #649, .F. ) ;
#2710 = CARTESIAN_POINT ( 'NONE',  ( -122.9666666666666544, 5.999999999999998224, 30.00000000000002487 ) ) ;
#2711 = VECTOR ( 'NONE', #3227, 1000.000000000000000 ) ;
#2712 = CARTESIAN_POINT ( 'NONE',  ( -200.2499999999998295, 6.000000000000000000, -6.999999999999995559 ) ) ;
#2713 = EDGE_CURVE ( 'NONE', #3410, #1517, #2948, .T. ) ;
#2714 = ORIENTED_EDGE ( 'NONE', *, *, #268, .F. ) ;
#2715 = ORIENTED_EDGE ( 'NONE', *, *, #1604, .T. ) ;
#2716 = DIRECTION ( 'NONE',  ( 0.000000000000000000, 0.000000000000000000, -1.000000000000000000 ) ) ;
#2717 = VERTEX_POINT ( 'NONE', #1667 ) ;
#2718 = LINE ( 'NONE', #1339, #3010 ) ;
#2719 = CIRCLE ( 'NONE', #1720, 1.000000000000000888 ) ;
#2720 = ORIENTED_EDGE ( 'NONE', *, *, #3392, .T. ) ;
#2721 = FACE_OUTER_BOUND ( 'NONE', #2583, .T. ) ;
#2722 = CARTESIAN_POINT ( 'NONE',  ( -132.9666666666666401, 0.000000000000000000, 30.00000000000002132 ) ) ;
#2723 = DIRECTION ( 'NONE',  ( -0.000000000000000000, -1.000000000000000000, 0.000000000000000000 ) ) ;
#2724 = AXIS2_PLACEMENT_3D ( 'NONE', #1658, #2723, #329 ) ;
#2725 = ORIENTED_EDGE ( 'NONE', *, *, #918, .T. ) ;
#2726 = CARTESIAN_POINT ( 'NONE',  ( -203.6249999999998579, 0.000000000000000000, -11.00000000000000000 ) ) ;
#2727 = EDGE_CURVE ( 'NONE', #1945, #538, #3259, .T. ) ;
#2728 = VERTEX_POINT ( 'NONE', #1361 ) ;
#2729 = CARTESIAN_POINT ( 'NONE',  ( -149.9666666666666686, 0.000000000000000000, -30.00000000000001066 ) ) ;
#2730 = EDGE_LOOP ( 'NONE', ( #3455, #412 ) ) ;
#2731 = ORIENTED_EDGE ( 'NONE', *, *, #57, .T. ) ;
#2732 = EDGE_CURVE ( 'NONE', #538, #1945, #2119, .T. ) ;
#2733 = CARTESIAN_POINT ( 'NONE',  ( -203.6249999999998579, 0.000000000000000000, 11.00000000000000000 ) ) ;
#2734 = AXIS2_PLACEMENT_3D ( 'NONE', #3373, #2828, #1993 ) ;
#2735 = CIRCLE ( 'NONE', #2903, 1.499999999999997780 ) ;
#2736 = DIRECTION ( 'NONE',  ( 0.000000000000000000, 1.000000000000000000, 0.000000000000000000 ) ) ;
#2737 = ORIENTED_EDGE ( 'NONE', *, *, #3074, .F. ) ;
#2738 = CIRCLE ( 'NONE', #1785, 1.000000000000000888 ) ;
#2739 = DIRECTION ( 'NONE',  ( -0.000000000000000000, -1.000000000000000000, 0.000000000000000000 ) ) ;
#2740 = EDGE_CURVE ( 'NONE', #594, #1588, #1392, .T. ) ;
#2741 = AXIS2_PLACEMENT_3D ( 'NONE', #2450, #606, #333 ) ;
#2742 = VERTEX_POINT ( 'NONE', #813 ) ;
#2743 = PLANE ( 'NONE',  #1655 ) ;
#2744 = CARTESIAN_POINT ( 'NONE',  ( -123.0000000000000000, 6.000000000000000000, 7.500000000000000000 ) ) ;
#2745 = DIRECTION ( 'NONE',  ( -1.000000000000000000, -0.000000000000000000, 1.156482317317871478E-16 ) ) ;
#2746 = DIRECTION ( 'NONE',  ( 0.000000000000000000, 0.000000000000000000, -1.000000000000000000 ) ) ;
#2747 = VERTEX_POINT ( 'NONE', #3247 ) ;
#2748 = ORIENTED_EDGE ( 'NONE', *, *, #1788, .F. ) ;
#2749 = ORIENTED_EDGE ( 'NONE', *, *, #980, .T. ) ;
#2750 = ORIENTED_EDGE ( 'NONE', *, *, #591, .T. ) ;
#2751 = CARTESIAN_POINT ( 'NONE',  ( -132.9666666666666401, 5.999999999999998224, -30.00000000000001421 ) ) ;
#2752 = CARTESIAN_POINT ( 'NONE',  ( -163.2500000000000000, 0.000000000000000000, -21.58999999999999986 ) ) ;
#2753 = CIRCLE ( 'NONE', #3214, 1.499999999999997780 ) ;
#2754 = ADVANCED_FACE ( 'NONE', ( #2183 ), #1117, .F. ) ;
#2755 = CARTESIAN_POINT ( 'NONE',  ( -158.0000000000000000, -20.00000000000000355, 9.000000000000239808 ) ) ;
#2756 = DIRECTION ( 'NONE',  ( 0.000000000000000000, 1.000000000000000000, 0.000000000000000000 ) ) ;
#2757 = ORIENTED_EDGE ( 'NONE', *, *, #2684, .T. ) ;
#2758 = DIRECTION ( 'NONE',  ( 0.000000000000000000, 0.000000000000000000, 1.000000000000000000 ) ) ;
#2759 = LINE ( 'NONE', #1431, #1541 ) ;
#2760 = SHAPE_DEFINITION_REPRESENTATION ( #1997, #3281 ) ;
#2761 = CARTESIAN_POINT ( 'NONE',  ( -138.9666666666666686, 6.000000000000000000, 31.00000000000002132 ) ) ;
#2762 = LINE ( 'NONE', #1434, #921 ) ;
#2763 = ORIENTED_EDGE ( 'NONE', *, *, #3465, .F. ) ;
#2764 = DIRECTION ( 'NONE',  ( 0.000000000000000000, 0.000000000000000000, 1.000000000000000000 ) ) ;
#2765 = CARTESIAN_POINT ( 'NONE',  ( -123.9666666666666401, -20.00000000000000355, -27.89999999999999503 ) ) ;
#2766 = DIRECTION ( 'NONE',  ( 1.000000000000000000, 0.000000000000000000, 0.000000000000000000 ) ) ;
#2767 = ORIENTED_EDGE ( 'NONE', *, *, #2516, .F. ) ;
#2768 = ORIENTED_EDGE ( 'NONE', *, *, #2105, .T. ) ;
#2769 = CARTESIAN_POINT ( 'NONE',  ( -123.0000000000000000, 0.000000000000000000, -9.000000000000001776 ) ) ;
#2770 = ADVANCED_FACE ( 'NONE', ( #41 ), #307, .F. ) ;
#2771 = CARTESIAN_POINT ( 'NONE',  ( -240.2772592974818622, 6.000000000000000000, -30.77854671280277543 ) ) ;
#2772 = AXIS2_PLACEMENT_3D ( 'NONE', #739, #2648, #2883 ) ;
#2773 = CIRCLE ( 'NONE', #1098, 1.499999999999997780 ) ;
#2774 = EDGE_CURVE ( 'NONE', #2521, #2433, #2848, .T. ) ;
#2775 = DIRECTION ( 'NONE',  ( 0.000000000000000000, 0.000000000000000000, 1.000000000000000000 ) ) ;
#2776 = DIRECTION ( 'NONE',  ( 0.000000000000000000, 0.000000000000000000, 1.000000000000000000 ) ) ;
#2777 = EDGE_LOOP ( 'NONE', ( #1565, #2036, #1925, #384 ) ) ;
#2778 = LINE ( 'NONE', #1199, #592 ) ;
#2779 = CARTESIAN_POINT ( 'NONE',  ( -199.8299527773968691, -20.00000000000000355, 23.08999999746103526 ) ) ;
#2780 = EDGE_CURVE ( 'NONE', #1652, #1886, #2719, .T. ) ;
#2781 = CIRCLE ( 'NONE', #2334, 1.499999999999997780 ) ;
#2782 = CARTESIAN_POINT ( 'NONE',  ( -122.9666666666666544, 6.000000000000000000, -30.00000000000001421 ) ) ;
#2783 = CARTESIAN_POINT ( 'NONE',  ( -123.9666666666666544, 6.000000000000000000, 30.00000000000002132 ) ) ;
#2784 = ORIENTED_EDGE ( 'NONE', *, *, #3371, .F. ) ;
#2785 = DIRECTION ( 'NONE',  ( 0.000000000000000000, -0.000000000000000000, -1.000000000000000000 ) ) ;
#2786 = CARTESIAN_POINT ( 'NONE',  ( -248.9999999999998863, 6.000000000000000000, -5.000000000000000000 ) ) ;
#2787 = DIRECTION ( 'NONE',  ( -0.000000000000000000, 1.000000000000000000, -0.000000000000000000 ) ) ;
#2788 = ORIENTED_EDGE ( 'NONE', *, *, #126, .F. ) ;
#2789 = ORIENTED_EDGE ( 'NONE', *, *, #2401, .F. ) ;
#2790 = AXIS2_PLACEMENT_3D ( 'NONE', #683, #1705, #2776 ) ;
#2791 = CARTESIAN_POINT ( 'NONE',  ( -122.9666666666666544, 0.000000000000000000, -31.00000000000001421 ) ) ;
#2792 = CARTESIAN_POINT ( 'NONE',  ( -158.0000000000000000, -20.00000000000000355, 7.500000000000242473 ) ) ;
#2793 = EDGE_LOOP ( 'NONE', ( #3397, #1913 ) ) ;
#2794 = DIRECTION ( 'NONE',  ( -1.000000000000000000, 0.000000000000000000, -2.023844055306275026E-16 ) ) ;
#2795 = LINE ( 'NONE', #2010, #315 ) ;
#2796 =( LENGTH_UNIT ( ) NAMED_UNIT ( * ) SI_UNIT ( .MILLI., .METRE. ) );
#2797 = CARTESIAN_POINT ( 'NONE',  ( -115.9956194951312654, 6.000000000000000000, 22.00000000000000000 ) ) ;
#2798 = VECTOR ( 'NONE', #721, 1000.000000000000000 ) ;
#2799 = EDGE_CURVE ( 'NONE', #3078, #1500, #2718, .T. ) ;
#2800 = EDGE_LOOP ( 'NONE', ( #1288, #1960, #350, #1695 ) ) ;
#2801 = LINE ( 'NONE', #2032, #2653 ) ;
#2802 = FACE_OUTER_BOUND ( 'NONE', #3254, .T. ) ;
#2803 = VERTEX_POINT ( 'NONE', #1599 ) ;
#2804 = VERTEX_POINT ( 'NONE', #866 ) ;
#2805 = AXIS2_PLACEMENT_3D ( 'NONE', #1498, #165, #2038 ) ;
#2806 = LINE ( 'NONE', #1147, #962 ) ;
#2807 = AXIS2_PLACEMENT_3D ( 'NONE', #1072, #1357, #2716 ) ;
#2808 = FACE_OUTER_BOUND ( 'NONE', #2019, .T. ) ;
#2809 = LINE ( 'NONE', #392, #3039 ) ;
#2810 = VERTEX_POINT ( 'NONE', #1932 ) ;
#2811 = CARTESIAN_POINT ( 'NONE',  ( -248.9999999999998295, 0.000000000000000000, 4.999999999999999112 ) ) ;
#2812 = DIRECTION ( 'NONE',  ( -1.000000000000000000, -0.000000000000000000, 1.156482317317871478E-16 ) ) ;
#2813 = DIRECTION ( 'NONE',  ( 0.000000000000000000, 0.000000000000000000, 1.000000000000000000 ) ) ;
#2814 = VERTEX_POINT ( 'NONE', #1056 ) ;
#2815 = FACE_BOUND ( 'NONE', #1028, .T. ) ;
#2816 = EDGE_CURVE ( 'NONE', #3420, #249, #1108, .T. ) ;
#2817 = EDGE_CURVE ( 'NONE', #2693, #1178, #524, .T. ) ;
#2818 = ORIENTED_EDGE ( 'NONE', *, *, #501, .T. ) ;
#2819 = ORIENTED_EDGE ( 'NONE', *, *, #2401, .T. ) ;
#2820 = ADVANCED_FACE ( 'NONE', ( #3049 ), #1463, .F. ) ;
#2821 = DIRECTION ( 'NONE',  ( 0.000000000000000000, 0.000000000000000000, -1.000000000000000000 ) ) ;
#2822 = DIRECTION ( 'NONE',  ( -0.000000000000000000, 1.000000000000000000, -0.000000000000000000 ) ) ;
#2823 = CARTESIAN_POINT ( 'NONE',  ( -244.0043805048687204, 6.000000000000000000, 13.99999999999999822 ) ) ;
#2824 = VERTEX_POINT ( 'NONE', #3027 ) ;
#2825 = FACE_OUTER_BOUND ( 'NONE', #927, .T. ) ;
#2826 = DIRECTION ( 'NONE',  ( 0.000000000000000000, 0.000000000000000000, 1.000000000000000000 ) ) ;
#2827 = CYLINDRICAL_SURFACE ( 'NONE', #3368, 1.499999999999997780 ) ;
#2828 = DIRECTION ( 'NONE',  ( -0.000000000000000000, 1.000000000000000000, -0.000000000000000000 ) ) ;
#2829 = VECTOR ( 'NONE', #1323, 1000.000000000000000 ) ;
#2830 = EDGE_CURVE ( 'NONE', #1476, #3292, #1506, .T. ) ;
#2831 = ORIENTED_EDGE ( 'NONE', *, *, #2816, .F. ) ;
#2832 = CARTESIAN_POINT ( 'NONE',  ( -115.9956194951312654, 6.000000000000000000, 12.50000000000000000 ) ) ;
#2833 = ORIENTED_EDGE ( 'NONE', *, *, #267, .T. ) ;
#2834 = EDGE_LOOP ( 'NONE', ( #2468, #2226, #116, #879 ) ) ;
#2835 = EDGE_CURVE ( 'NONE', #3420, #3396, #547, .T. ) ;
#2836 = AXIS2_PLACEMENT_3D ( 'NONE', #1641, #2149, #3016 ) ;
#2837 = DIRECTION ( 'NONE',  ( 0.000000000000000000, 0.000000000000000000, 1.000000000000000000 ) ) ;
#2838 = CARTESIAN_POINT ( 'NONE',  ( -123.0000000000000000, 6.000000000000000000, 10.49999999999999467 ) ) ;
#2839 = ORIENTED_EDGE ( 'NONE', *, *, #2924, .T. ) ;
#2840 = CARTESIAN_POINT ( 'NONE',  ( -245.6249999999998579, -20.00000000000000355, -11.00000000000000000 ) ) ;
#2841 = CARTESIAN_POINT ( 'NONE',  ( -199.8299527773968691, 6.000000000000000000, -21.58999999746103526 ) ) ;
#2842 = ADVANCED_FACE ( 'NONE', ( #1499 ), #938, .F. ) ;
#2843 = VECTOR ( 'NONE', #65, 1000.000000000000000 ) ;
#2844 = VECTOR ( 'NONE', #1374, 1000.000000000000000 ) ;
#2845 = ORIENTED_EDGE ( 'NONE', *, *, #536, .F. ) ;
#2846 = FACE_BOUND ( 'NONE', #689, .T. ) ;
#2847 = CARTESIAN_POINT ( 'NONE',  ( -139.9666666666666686, -20.00000000000000355, 27.89999999999999858 ) ) ;
#2848 = CIRCLE ( 'NONE', #3144, 1.499999999999997780 ) ;
#2849 = VECTOR ( 'NONE', #2048, 1000.000000000000000 ) ;
#2850 = AXIS2_PLACEMENT_3D ( 'NONE', #1456, #1438, #3095 ) ;
#2851 = ORIENTED_EDGE ( 'NONE', *, *, #341, .T. ) ;
#2852 = EDGE_LOOP ( 'NONE', ( #945, #2020 ) ) ;
#2853 = DIRECTION ( 'NONE',  ( 0.000000000000000000, 0.000000000000000000, -1.000000000000000000 ) ) ;
#2854 = DIRECTION ( 'NONE',  ( 0.000000000000000000, 1.000000000000000000, 0.000000000000000000 ) ) ;
#2855 = LINE ( 'NONE', #2892, #403 ) ;
#2856 = EDGE_CURVE ( 'NONE', #1590, #1645, #635, .T. ) ;
#2857 = LINE ( 'NONE', #265, #433 ) ;
#2858 = AXIS2_PLACEMENT_3D ( 'NONE', #1424, #1685, #1927 ) ;
#2859 = VECTOR ( 'NONE', #3399, 1000.000000000000000 ) ;
#2860 = ORIENTED_EDGE ( 'NONE', *, *, #1552, .F. ) ;
#2861 = DIRECTION ( 'NONE',  ( 0.000000000000000000, 0.000000000000000000, -1.000000000000000000 ) ) ;
#2862 = EDGE_LOOP ( 'NONE', ( #503, #2108, #1882, #578 ) ) ;
#2863 = CARTESIAN_POINT ( 'NONE',  ( -131.9666666666666401, -20.00000000000000355, 30.00000000000002132 ) ) ;
#2864 = EDGE_LOOP ( 'NONE', ( #2200, #939 ) ) ;
#2865 = EDGE_CURVE ( 'NONE', #2099, #2195, #359, .T. ) ;
#2866 = DIRECTION ( 'NONE',  ( 0.000000000000000000, 0.000000000000000000, -1.000000000000000000 ) ) ;
#2867 = DIRECTION ( 'NONE',  ( -0.000000000000000000, 1.000000000000000000, -0.000000000000000000 ) ) ;
#2868 = CYLINDRICAL_SURFACE ( 'NONE', #1561, 1.499999999999997780 ) ;
#2869 = EDGE_LOOP ( 'NONE', ( #2361, #751, #1717, #1305 ) ) ;
#2870 = ORIENTED_EDGE ( 'NONE', *, *, #3371, .T. ) ;
#2871 = CARTESIAN_POINT ( 'NONE',  ( -114.5000000000000142, -20.00000000000000355, 3.500000000000002220 ) ) ;
#2872 = ORIENTED_EDGE ( 'NONE', *, *, #663, .T. ) ;
#2873 = DIRECTION ( 'NONE',  ( -0.000000000000000000, 1.000000000000000000, -0.000000000000000000 ) ) ;
#2874 = AXIS2_PLACEMENT_3D ( 'NONE', #1842, #204, #1583 ) ;
#2875 = CIRCLE ( 'NONE', #2457, 1.000000000000000888 ) ;
#2876 = VERTEX_POINT ( 'NONE', #80 ) ;
#2877 = CARTESIAN_POINT ( 'NONE',  ( -123.0000000000000000, 6.000000000000000000, 8.999999999999998224 ) ) ;
#2878 = CARTESIAN_POINT ( 'NONE',  ( -150.9666666666666686, 6.000000000000000000, 31.00000000000001776 ) ) ;
#2879 = LINE ( 'NONE', #221, #3114 ) ;
#2880 = AXIS2_PLACEMENT_3D ( 'NONE', #886, #568, #292 ) ;
#2881 = EDGE_CURVE ( 'NONE', #466, #1269, #3301, .T. ) ;
#2882 = ORIENTED_EDGE ( 'NONE', *, *, #2707, .T. ) ;
#2883 = DIRECTION ( 'NONE',  ( 0.000000000000000000, 0.000000000000000000, 1.000000000000000000 ) ) ;
#2884 = CARTESIAN_POINT ( 'NONE',  ( -200.2499999999998295, -20.00000000000000355, -3.000000000000003109 ) ) ;
#2885 = AXIS2_PLACEMENT_3D ( 'NONE', #941, #1200, #138 ) ;
#2886 = ORIENTED_EDGE ( 'NONE', *, *, #2597, .F. ) ;
#2887 = ORIENTED_EDGE ( 'NONE', *, *, #3263, .T. ) ;
#2888 = FACE_OUTER_BOUND ( 'NONE', #3192, .T. ) ;
#2889 = PRODUCT_DEFINITION_FORMATION_WITH_SPECIFIED_SOURCE ( 'ANY', '', #1714, .NOT_KNOWN. ) ;
#2890 = ORIENTED_EDGE ( 'NONE', *, *, #2358, .F. ) ;
#2891 = AXIS2_PLACEMENT_3D ( 'NONE', #977, #3356, #3033 ) ;
#2892 = CARTESIAN_POINT ( 'NONE',  ( -239.6496726373432011, 6.000000000000000000, -31.00000000000000000 ) ) ;
#2893 = CARTESIAN_POINT ( 'NONE',  ( -248.9999999999998295, -20.00000000000000355, 3.000000000000003109 ) ) ;
#2894 = PLANE ( 'NONE',  #374 ) ;
#2895 = DIRECTION ( 'NONE',  ( -0.000000000000000000, -1.000000000000000000, 0.000000000000000000 ) ) ;
#2896 = ORIENTED_EDGE ( 'NONE', *, *, #3306, .F. ) ;
#2897 = CARTESIAN_POINT ( 'NONE',  ( -238.9333333333333371, -20.00000000000000355, 28.00000000000001776 ) ) ;
#2898 = DIRECTION ( 'NONE',  ( -0.000000000000000000, 1.000000000000000000, -0.000000000000000000 ) ) ;
#2899 = DIRECTION ( 'NONE',  ( -0.000000000000000000, 1.000000000000000000, -0.000000000000000000 ) ) ;
#2900 = AXIS2_PLACEMENT_3D ( 'NONE', #2497, #1743, #120 ) ;
#2901 = EDGE_CURVE ( 'NONE', #3292, #1476, #3415, .T. ) ;
#2902 = EDGE_CURVE ( 'NONE', #2588, #2674, #2809, .T. ) ;
#2903 = AXIS2_PLACEMENT_3D ( 'NONE', #1182, #1212, #2233 ) ;
#2904 = ORIENTED_EDGE ( 'NONE', *, *, #3256, .F. ) ;
#2905 = ORIENTED_EDGE ( 'NONE', *, *, #2283, .F. ) ;
#2906 = VECTOR ( 'NONE', #2067, 1000.000000000000000 ) ;
#2907 = DIRECTION ( 'NONE',  ( 0.000000000000000000, 0.000000000000000000, 1.000000000000000000 ) ) ;
#2908 = CIRCLE ( 'NONE', #2123, 1.999999999999996225 ) ;
#2909 = AXIS2_PLACEMENT_3D ( 'NONE', #2193, #2979, #73 ) ;
#2910 = EDGE_LOOP ( 'NONE', ( #3182, #1545 ) ) ;
#2911 = FACE_BOUND ( 'NONE', #344, .T. ) ;
#2912 = LINE ( 'NONE', #972, #1948 ) ;
#2913 = DIRECTION ( 'NONE',  ( 0.000000000000000000, 0.000000000000000000, -1.000000000000000000 ) ) ;
#2914 = VECTOR ( 'NONE', #3045, 1000.000000000000000 ) ;
#2915 = DIRECTION ( 'NONE',  ( 0.000000000000000000, 1.000000000000000000, -0.000000000000000000 ) ) ;
#2916 = ORIENTED_EDGE ( 'NONE', *, *, #3458, .F. ) ;
#2917 = CARTESIAN_POINT ( 'NONE',  ( -115.9956194951312654, -20.00000000000000355, -15.49999999999999645 ) ) ;
#2918 = EDGE_CURVE ( 'NONE', #932, #805, #2507, .T. ) ;
#2919 = DIRECTION ( 'NONE',  ( 0.000000000000000000, 0.000000000000000000, -1.000000000000000000 ) ) ;
#2920 = ORIENTED_EDGE ( 'NONE', *, *, #3154, .T. ) ;
#2921 = EDGE_LOOP ( 'NONE', ( #1233, #2312 ) ) ;
#2922 = EDGE_CURVE ( 'NONE', #2052, #1024, #406, .T. ) ;
#2923 = EDGE_LOOP ( 'NONE', ( #1793, #1206, #201, #2920 ) ) ;
#2924 = EDGE_CURVE ( 'NONE', #559, #1472, #729, .T. ) ;
#2925 = FACE_BOUND ( 'NONE', #2144, .T. ) ;
#2926 = CARTESIAN_POINT ( 'NONE',  ( -163.2500000000000000, -20.00000000000000355, 23.08999999999999986 ) ) ;
#2927 = DIRECTION ( 'NONE',  ( 0.000000000000000000, 0.000000000000000000, -1.000000000000000000 ) ) ;
#2928 = VECTOR ( 'NONE', #754, 1000.000000000000000 ) ;
#2929 = ORIENTED_EDGE ( 'NONE', *, *, #57, .F. ) ;
#2930 = DIRECTION ( 'NONE',  ( -0.000000000000000000, -1.000000000000000000, 0.000000000000000000 ) ) ;
#2931 = CIRCLE ( 'NONE', #1428, 1.499999999999997780 ) ;
#2932 = ORIENTED_EDGE ( 'NONE', *, *, #2702, .T. ) ;
#2933 = AXIS2_PLACEMENT_3D ( 'NONE', #1726, #2272, #3354 ) ;
#2934 = DIRECTION ( 'NONE',  ( -0.000000000000000000, -1.000000000000000000, 0.000000000000000000 ) ) ;
#2935 = ORIENTED_EDGE ( 'NONE', *, *, #1479, .F. ) ;
#2936 = CARTESIAN_POINT ( 'NONE',  ( -240.0000000000000000, 6.000000000000000000, 31.00000000000000000 ) ) ;
#2937 = AXIS2_PLACEMENT_3D ( 'NONE', #2478, #885, #2237 ) ;
#2938 = ADVANCED_FACE ( 'NONE', ( #376 ), #1444, .F. ) ;
#2939 = EDGE_CURVE ( 'NONE', #130, #1207, #1213, .T. ) ;
#2940 = EDGE_LOOP ( 'NONE', ( #1337, #428, #838, #760 ) ) ;
#2941 = ORIENTED_EDGE ( 'NONE', *, *, #341, .F. ) ;
#2942 = AXIS2_PLACEMENT_3D ( 'NONE', #425, #2630, #2058 ) ;
#2943 = FACE_BOUND ( 'NONE', #308, .T. ) ;
#2944 = DIRECTION ( 'NONE',  ( -0.000000000000000000, 0.000000000000000000, 1.000000000000000000 ) ) ;
#2945 = ADVANCED_FACE ( 'NONE', ( #2269 ), #3365, .F. ) ;
#2946 = DIRECTION ( 'NONE',  ( -0.000000000000000000, -1.000000000000000000, -0.000000000000000000 ) ) ;
#2947 = VERTEX_POINT ( 'NONE', #954 ) ;
#2948 = LINE ( 'NONE', #1914, #2511 ) ;
#2949 = AXIS2_PLACEMENT_3D ( 'NONE', #1317, #2379, #2138 ) ;
#2950 = ORIENTED_EDGE ( 'NONE', *, *, #1723, .F. ) ;
#2951 = DIRECTION ( 'NONE',  ( -0.000000000000000000, -1.000000000000000000, -0.000000000000000000 ) ) ;
#2952 = DIRECTION ( 'NONE',  ( -0.000000000000000000, -1.000000000000000000, -0.000000000000000000 ) ) ;
#2953 = LINE ( 'NONE', #1399, #1229 ) ;
#2954 = EDGE_CURVE ( 'NONE', #1353, #3008, #1187, .T. ) ;
#2955 = CARTESIAN_POINT ( 'NONE',  ( -120.3503273626567562, 6.000000000000000000, -30.00000000000001421 ) ) ;
#2956 = ORIENTED_EDGE ( 'NONE', *, *, #565, .F. ) ;
#2957 = ORIENTED_EDGE ( 'NONE', *, *, #2727, .F. ) ;
#2958 = CARTESIAN_POINT ( 'NONE',  ( -245.6249999999998579, -20.00000000000000355, 11.00000000000000000 ) ) ;
#2959 = AXIS2_PLACEMENT_3D ( 'NONE', #3054, #364, #943 ) ;
#2960 = ORIENTED_EDGE ( 'NONE', *, *, #3040, .F. ) ;
#2961 = VERTEX_POINT ( 'NONE', #189 ) ;
#2962 = CARTESIAN_POINT ( 'NONE',  ( -244.0043805048687204, 0.000000000000000000, 13.99999999999999822 ) ) ;
#2963 = CARTESIAN_POINT ( 'NONE',  ( -123.0000000000000000, 0.000000000000000000, -7.500000000000003553 ) ) ;
#2964 = AXIS2_PLACEMENT_3D ( 'NONE', #2751, #2125, #3187 ) ;
#2965 = COLOUR_RGB ( '',0.7921568627450980005, 0.8196078431372548767, 0.9333333333333333481 ) ;
#2966 = CARTESIAN_POINT ( 'NONE',  ( -115.9956194951312654, 6.000000000000000000, -12.50000000000000000 ) ) ;
#2967 = ADVANCED_FACE ( 'NONE', ( #768 ), #1544, .F. ) ;
#2968 = VERTEX_POINT ( 'NONE', #3134 ) ;
#2969 = DIRECTION ( 'NONE',  ( 0.000000000000000000, 0.000000000000000000, -1.000000000000000000 ) ) ;
#2970 = EDGE_LOOP ( 'NONE', ( #3440, #3248 ) ) ;
#2971 = CARTESIAN_POINT ( 'NONE',  ( -114.5000000000000142, 0.000000000000000000, 4.999999999999999112 ) ) ;
#2972 = DIRECTION ( 'NONE',  ( -0.000000000000000000, 1.000000000000000000, -0.000000000000000000 ) ) ;
#2973 = DIRECTION ( 'NONE',  ( 0.000000000000000000, 1.000000000000000000, 0.000000000000000000 ) ) ;
#2974 = CYLINDRICAL_SURFACE ( 'NONE', #3362, 1.000000000000000888 ) ;
#2975 = VECTOR ( 'NONE', #844, 1000.000000000000000 ) ;
#2976 = EDGE_CURVE ( 'NONE', #2453, #1934, #989, .T. ) ;
#2977 = ORIENTED_EDGE ( 'NONE', *, *, #2011, .F. ) ;
#2978 = ORIENTED_EDGE ( 'NONE', *, *, #1243, .T. ) ;
#2979 = DIRECTION ( 'NONE',  ( 0.000000000000000000, 1.000000000000000000, 0.000000000000000000 ) ) ;
#2980 = CIRCLE ( 'NONE', #2613, 1.499999999999997780 ) ;
#2981 = ORIENTED_EDGE ( 'NONE', *, *, #1019, .F. ) ;
#2982 = ORIENTED_EDGE ( 'NONE', *, *, #2452, .F. ) ;
#2983 = FACE_BOUND ( 'NONE', #1601, .T. ) ;
#2984 = FACE_OUTER_BOUND ( 'NONE', #2553, .T. ) ;
#2985 = EDGE_CURVE ( 'NONE', #2633, #2717, #908, .T. ) ;
#2986 = EDGE_LOOP ( 'NONE', ( #1133, #2165, #764, #2375 ) ) ;
#2987 = DIRECTION ( 'NONE',  ( 0.000000000000000000, 1.000000000000000000, 0.000000000000000000 ) ) ;
#2988 = ORIENTED_EDGE ( 'NONE', *, *, #1088, .T. ) ;
#2989 = DIRECTION ( 'NONE',  ( -0.000000000000000000, -1.000000000000000000, 0.000000000000000000 ) ) ;
#2990 = CARTESIAN_POINT ( 'NONE',  ( -131.9666666666666401, 6.000000000000000000, 27.89999999999999503 ) ) ;
#2991 = DIRECTION ( 'NONE',  ( 0.000000000000000000, 0.000000000000000000, 1.000000000000000000 ) ) ;
#2992 = DIRECTION ( 'NONE',  ( 0.000000000000000000, 0.000000000000000000, 1.000000000000000000 ) ) ;
#2993 = LINE ( 'NONE', #1400, #2082 ) ;
#2994 = VECTOR ( 'NONE', #2355, 1000.000000000000000 ) ;
#2995 = EDGE_CURVE ( 'NONE', #2454, #2961, #749, .T. ) ;
#2996 = EDGE_LOOP ( 'NONE', ( #415, #1215, #1350, #1556 ) ) ;
#2997 = AXIS2_PLACEMENT_3D ( 'NONE', #2164, #2664, #60 ) ;
#2998 = ORIENTED_EDGE ( 'NONE', *, *, #404, .T. ) ;
#2999 = AXIS2_PLACEMENT_3D ( 'NONE', #1861, #2600, #2919 ) ;
#3000 = EDGE_LOOP ( 'NONE', ( #1070, #500, #159, #2228 ) ) ;
#3001 = EDGE_LOOP ( 'NONE', ( #2767, #2552 ) ) ;
#3002 = CIRCLE ( 'NONE', #2435, 1.000000000000000888 ) ;
#3003 = CARTESIAN_POINT ( 'NONE',  ( -123.9666666666666401, -20.00000000000000355, 27.89999999999999503 ) ) ;
#3004 = EDGE_CURVE ( 'NONE', #842, #302, #3153, .T. ) ;
#3005 = LINE ( 'NONE', #3223, #2447 ) ;
#3006 = PRODUCT_DEFINITION_CONTEXT ( 'detailed design', #235, 'design' ) ;
#3007 = DIRECTION ( 'NONE',  ( 0.000000000000000000, 0.000000000000000000, -1.000000000000000000 ) ) ;
#3008 = VERTEX_POINT ( 'NONE', #2560 ) ;
#3009 = DIRECTION ( 'NONE',  ( 0.000000000000000000, 0.000000000000000000, 1.000000000000000000 ) ) ;
#3010 = VECTOR ( 'NONE', #2201, 1000.000000000000000 ) ;
#3011 = ORIENTED_EDGE ( 'NONE', *, *, #987, .F. ) ;
#3012 = DIRECTION ( 'NONE',  ( -0.000000000000000000, 0.000000000000000000, 1.000000000000000000 ) ) ;
#3013 = DIRECTION ( 'NONE',  ( 0.000000000000000000, 0.000000000000000000, -1.000000000000000000 ) ) ;
#3014 = DIRECTION ( 'NONE',  ( -0.000000000000000000, 1.000000000000000000, -0.000000000000000000 ) ) ;
#3015 = EDGE_CURVE ( 'NONE', #1269, #1293, #217, .T. ) ;
#3016 = DIRECTION ( 'NONE',  ( 0.000000000000000000, 0.000000000000000000, 1.000000000000000000 ) ) ;
#3017 = VERTEX_POINT ( 'NONE', #1280 ) ;
#3018 = CARTESIAN_POINT ( 'NONE',  ( -114.5000000000000142, -20.00000000000000355, 4.999999999999999112 ) ) ;
#3019 = FACE_OUTER_BOUND ( 'NONE', #2834, .T. ) ;
#3020 = EDGE_CURVE ( 'NONE', #1865, #1220, #1040, .T. ) ;
#3021 = ORIENTED_EDGE ( 'NONE', *, *, #1281, .F. ) ;
#3022 = ORIENTED_EDGE ( 'NONE', *, *, #1087, .F. ) ;
#3023 = AXIS2_PLACEMENT_3D ( 'NONE', #1688, #881, #3007 ) ;
#3024 = AXIS2_PLACEMENT_3D ( 'NONE', #184, #214, #2349 ) ;
#3025 = CARTESIAN_POINT ( 'NONE',  ( -163.2500000000000000, -20.00000000000000355, -20.09000000000000341 ) ) ;
#3026 = CIRCLE ( 'NONE', #1341, 1.000000000000000888 ) ;
#3027 = CARTESIAN_POINT ( 'NONE',  ( -119.7227407025180952, 6.000000000000000000, -30.77854671280278254 ) ) ;
#3028 = CIRCLE ( 'NONE', #780, 1.499999999999997780 ) ;
#3029 = VERTEX_POINT ( 'NONE', #2838 ) ;
#3030 = DIRECTION ( 'NONE',  ( -0.000000000000000000, 1.000000000000000000, -0.000000000000000000 ) ) ;
#3031 = CARTESIAN_POINT ( 'NONE',  ( -163.2500000000000000, -20.00000000000000355, 21.58999999999999986 ) ) ;
#3032 = CARTESIAN_POINT ( 'NONE',  ( -238.9333333333333371, -20.00000000000000355, -28.00000000000001776 ) ) ;
#3033 = DIRECTION ( 'NONE',  ( 0.000000000000000000, 0.000000000000000000, 1.000000000000000000 ) ) ;
#3034 = EDGE_CURVE ( 'NONE', #91, #1652, #2912, .T. ) ;
#3035 = ORIENTED_EDGE ( 'NONE', *, *, #1497, .F. ) ;
#3036 = DIRECTION ( 'NONE',  ( 0.000000000000000000, 1.000000000000000000, 0.000000000000000000 ) ) ;
#3037 = FACE_OUTER_BOUND ( 'NONE', #604, .T. ) ;
#3038 = CARTESIAN_POINT ( 'NONE',  ( -245.6249999999998579, 6.000000000000000000, 11.00000000000000000 ) ) ;
#3039 = VECTOR ( 'NONE', #2234, 1000.000000000000000 ) ;
#3040 = EDGE_CURVE ( 'NONE', #3072, #1192, #2857, .T. ) ;
#3041 = ORIENTED_EDGE ( 'NONE', *, *, #1191, .T. ) ;
#3042 = CIRCLE ( 'NONE', #1525, 1.499999999999997780 ) ;
#3043 = ORIENTED_EDGE ( 'NONE', *, *, #2939, .F. ) ;
#3044 = DIRECTION ( 'NONE',  ( 0.000000000000000000, 0.000000000000000000, -1.000000000000000000 ) ) ;
#3045 = DIRECTION ( 'NONE',  ( -0.000000000000000000, -1.000000000000000000, -0.000000000000000000 ) ) ;
#3046 = AXIS2_PLACEMENT_3D ( 'NONE', #1803, #2873, #2608 ) ;
#3047 = ADVANCED_FACE ( 'NONE', ( #1892 ), #2678, .F. ) ;
#3048 = LINE ( 'NONE', #2250, #389 ) ;
#3049 = FACE_OUTER_BOUND ( 'NONE', #1096, .T. ) ;
#3050 = ORIENTED_EDGE ( 'NONE', *, *, #2561, .F. ) ;
#3051 = DIRECTION ( 'NONE',  ( -1.000000000000000000, 0.000000000000000000, -0.000000000000000000 ) ) ;
#3052 = FACE_OUTER_BOUND ( 'NONE', #212, .T. ) ;
#3053 = SURFACE_STYLE_FILL_AREA ( #1710 ) ;
#3054 = CARTESIAN_POINT ( 'NONE',  ( -248.9999999999998295, -20.00000000000000355, 4.999999999999999112 ) ) ;
#3055 = VERTEX_POINT ( 'NONE', #2963 ) ;
#3056 = FACE_BOUND ( 'NONE', #1351, .T. ) ;
#3057 = DIRECTION ( 'NONE',  ( 0.000000000000000000, 0.000000000000000000, 1.000000000000000000 ) ) ;
#3058 = DIRECTION ( 'NONE',  ( 0.000000000000000000, 0.000000000000000000, 1.000000000000000000 ) ) ;
#3059 = AXIS2_PLACEMENT_3D ( 'NONE', #238, #2060, #445 ) ;
#3060 = EDGE_LOOP ( 'NONE', ( #371, #3435, #1313, #306 ) ) ;
#3061 = ORIENTED_EDGE ( 'NONE', *, *, #1214, .T. ) ;
#3062 = CIRCLE ( 'NONE', #3178, 1.499999999999997780 ) ;
#3063 = CARTESIAN_POINT ( 'NONE',  ( -238.9333333333333371, 0.000000000000000000, 28.00000000000001776 ) ) ;
#3064 = EDGE_CURVE ( 'NONE', #3008, #1353, #2172, .T. ) ;
#3065 = EDGE_CURVE ( 'NONE', #2685, #1799, #2341, .T. ) ;
#3066 = CARTESIAN_POINT ( 'NONE',  ( -121.0666666666666629, -20.00000000000000355, -29.50000000000001421 ) ) ;
#3067 = ORIENTED_EDGE ( 'NONE', *, *, #251, .T. ) ;
#3068 = LINE ( 'NONE', #3088, #205 ) ;
#3069 = CARTESIAN_POINT ( 'NONE',  ( -139.9666666666666686, 6.000000000000000000, 27.89999999999999858 ) ) ;
#3070 = DIRECTION ( 'NONE',  ( -0.000000000000000000, 1.000000000000000000, -0.000000000000000000 ) ) ;
#3071 = DIRECTION ( 'NONE',  ( 0.000000000000000000, 0.000000000000000000, 1.000000000000000000 ) ) ;
#3072 = VERTEX_POINT ( 'NONE', #1634 ) ;
#3073 = CIRCLE ( 'NONE', #2891, 1.499999999999997780 ) ;
#3074 = EDGE_CURVE ( 'NONE', #182, #2620, #845, .T. ) ;
#3075 = DIRECTION ( 'NONE',  ( 0.000000000000000000, 0.000000000000000000, 1.000000000000000000 ) ) ;
#3076 = CARTESIAN_POINT ( 'NONE',  ( -153.5000000000000000, 0.000000000000000000, 20.00000000000000000 ) ) ;
#3077 = AXIS2_PLACEMENT_3D ( 'NONE', #1580, #2161, #1052 ) ;
#3078 = VERTEX_POINT ( 'NONE', #1358 ) ;
#3079 = ORIENTED_EDGE ( 'NONE', *, *, #955, .T. ) ;
#3080 = DIRECTION ( 'NONE',  ( -0.000000000000000000, 1.000000000000000000, -0.000000000000000000 ) ) ;
#3081 = CARTESIAN_POINT ( 'NONE',  ( -158.0000000000000000, 6.000000000000000000, -8.999999999999756639 ) ) ;
#3082 = CARTESIAN_POINT ( 'NONE',  ( -240.0000000000000000, 0.000000000000000000, 31.00000000000000000 ) ) ;
#3083 = CARTESIAN_POINT ( 'NONE',  ( -158.0000000000000000, -20.00000000000000355, 9.000000000000239808 ) ) ;
#3084 = EDGE_CURVE ( 'NONE', #1202, #1659, #1329, .T. ) ;
#3085 = EDGE_CURVE ( 'NONE', #263, #949, #1911, .T. ) ;
#3086 = VECTOR ( 'NONE', #3149, 1000.000000000000000 ) ;
#3087 = ORIENTED_EDGE ( 'NONE', *, *, #1856, .T. ) ;
#3088 = CARTESIAN_POINT ( 'NONE',  ( -139.9666666666666686, 6.000000000000000000, 27.89999999999999858 ) ) ;
#3089 = CARTESIAN_POINT ( 'NONE',  ( -127.5000000000000000, 0.000000000000000000, -20.00000000000000000 ) ) ;
#3090 = CARTESIAN_POINT ( 'NONE',  ( -158.0000000000000000, 6.000000000000000000, 9.000000000000239808 ) ) ;
#3091 = AXIS2_PLACEMENT_3D ( 'NONE', #1474, #2534, #947 ) ;
#3092 = ADVANCED_FACE ( 'NONE', ( #2984 ), #522, .F. ) ;
#3093 = ORIENTED_EDGE ( 'NONE', *, *, #2624, .F. ) ;
#3094 = FACE_BOUND ( 'NONE', #2248, .T. ) ;
#3095 = DIRECTION ( 'NONE',  ( 0.000000000000000000, 0.000000000000000000, -1.000000000000000000 ) ) ;
#3096 = ORIENTED_EDGE ( 'NONE', *, *, #506, .T. ) ;
#3097 = ORIENTED_EDGE ( 'NONE', *, *, #1788, .T. ) ;
#3098 = LINE ( 'NONE', #2249, #1734 ) ;
#3099 = AXIS2_PLACEMENT_3D ( 'NONE', #1578, #3222, #2643 ) ;
#3100 = DIRECTION ( 'NONE',  ( -0.000000000000000000, -1.000000000000000000, 0.000000000000000000 ) ) ;
#3101 = CIRCLE ( 'NONE', #1132, 1.499999999999997780 ) ;
#3102 = DIRECTION ( 'NONE',  ( -0.000000000000000000, -1.000000000000000000, 0.000000000000000000 ) ) ;
#3103 = DIRECTION ( 'NONE',  ( -0.000000000000000000, 1.000000000000000000, -0.000000000000000000 ) ) ;
#3104 = ORIENTED_EDGE ( 'NONE', *, *, #2133, .F. ) ;
#3105 = CYLINDRICAL_SURFACE ( 'NONE', #774, 1.000000000000000888 ) ;
#3106 = DIRECTION ( 'NONE',  ( 1.000000000000000000, 0.000000000000000000, -3.469446951953611231E-16 ) ) ;
#3107 = LINE ( 'NONE', #906, #557 ) ;
#3108 = CARTESIAN_POINT ( 'NONE',  ( -150.9666666666666686, -20.00000000000000355, -30.00000000000001066 ) ) ;
#3109 = ORIENTED_EDGE ( 'NONE', *, *, #1134, .T. ) ;
#3110 = APPLICATION_CONTEXT ( 'automotive_design' ) ;
#3111 = EDGE_CURVE ( 'NONE', #3266, #782, #3005, .T. ) ;
#3112 = ORIENTED_EDGE ( 'NONE', *, *, #565, .T. ) ;
#3113 = ORIENTED_EDGE ( 'NONE', *, *, #828, .T. ) ;
#3114 = VECTOR ( 'NONE', #1027, 1000.000000000000000 ) ;
#3115 = ADVANCED_FACE ( 'NONE', ( #3460 ), #809, .F. ) ;
#3116 = VECTOR ( 'NONE', #2078, 1000.000000000000000 ) ;
#3117 = FACE_BOUND ( 'NONE', #1378, .T. ) ;
#3118 = CARTESIAN_POINT ( 'NONE',  ( -144.5333333333333599, 0.000000000000000000, 27.89999999999999858 ) ) ;
#3119 = VECTOR ( 'NONE', #890, 1000.000000000000000 ) ;
#3120 = VERTEX_POINT ( 'NONE', #2395 ) ;
#3121 = CARTESIAN_POINT ( 'NONE',  ( -120.3503273626567562, 0.000000000000000000, -31.00000000000001421 ) ) ;
#3122 = CARTESIAN_POINT ( 'NONE',  ( -163.2500000000000000, 0.000000000000000000, 20.09000000000000341 ) ) ;
#3123 = VECTOR ( 'NONE', #549, 1000.000000000000000 ) ;
#3124 = VERTEX_POINT ( 'NONE', #827 ) ;
#3125 = AXIS2_PLACEMENT_3D ( 'NONE', #82, #940, #137 ) ;
#3126 = FACE_OUTER_BOUND ( 'NONE', #2458, .T. ) ;
#3127 = PLANE ( 'NONE',  #896 ) ;
#3128 = ORIENTED_EDGE ( 'NONE', *, *, #2835, .T. ) ;
#3129 = ADVANCED_FACE ( 'NONE', ( #2417 ), #1614, .F. ) ;
#3130 = VERTEX_POINT ( 'NONE', #38 ) ;
#3131 = ADVANCED_FACE ( 'NONE', ( #2121 ), #1595, .F. ) ;
#3132 = VECTOR ( 'NONE', #283, 1000.000000000000000 ) ;
#3133 = CARTESIAN_POINT ( 'NONE',  ( -173.2500000000000284, 0.000000000000000000, 21.58999999999999986 ) ) ;
#3134 = CARTESIAN_POINT ( 'NONE',  ( -244.0043805048687204, 6.000000000000000000, -20.50000000000000000 ) ) ;
#3135 = VECTOR ( 'NONE', #2217, 1000.000000000000000 ) ;
#3136 = ORIENTED_EDGE ( 'NONE', *, *, #2774, .F. ) ;
#3137 = DIRECTION ( 'NONE',  ( 0.000000000000000000, 0.000000000000000000, -1.000000000000000000 ) ) ;
#3138 = CARTESIAN_POINT ( 'NONE',  ( -114.5000000000000142, 0.000000000000000000, -3.500000000000003553 ) ) ;
#3139 = ORIENTED_EDGE ( 'NONE', *, *, #2902, .T. ) ;
#3140 = DIRECTION ( 'NONE',  ( -0.000000000000000000, 1.000000000000000000, -0.000000000000000000 ) ) ;
#3141 = CARTESIAN_POINT ( 'NONE',  ( -244.0043805048687204, -20.00000000000000355, 22.00000000000000000 ) ) ;
#3142 = CARTESIAN_POINT ( 'NONE',  ( -244.0043805048687204, 6.000000000000000000, 15.49999999999999645 ) ) ;
#3143 = VECTOR ( 'NONE', #1555, 1000.000000000000000 ) ;
#3144 = AXIS2_PLACEMENT_3D ( 'NONE', #3207, #2987, #2400 ) ;
#3145 = CIRCLE ( 'NONE', #172, 1.000000000000000888 ) ;
#3146 = ADVANCED_FACE ( 'NONE', ( #789 ), #2660, .F. ) ;
#3147 = ORIENTED_EDGE ( 'NONE', *, *, #1114, .T. ) ;
#3148 = EDGE_LOOP ( 'NONE', ( #2320, #2392, #2384, #3441 ) ) ;
#3149 = DIRECTION ( 'NONE',  ( -0.000000000000000000, 1.000000000000000000, -0.000000000000000000 ) ) ;
#3150 = EDGE_CURVE ( 'NONE', #1446, #878, #615, .T. ) ;
#3151 = ORIENTED_EDGE ( 'NONE', *, *, #1058, .T. ) ;
#3152 = CARTESIAN_POINT ( 'NONE',  ( -163.2500000000000000, 6.000000000000000000, -23.08999999999999986 ) ) ;
#3153 = LINE ( 'NONE', #1559, #2859 ) ;
#3154 = EDGE_CURVE ( 'NONE', #1865, #19, #917, .T. ) ;
#3155 = AXIS2_PLACEMENT_3D ( 'NONE', #1149, #902, #3335 ) ;
#3156 = VERTEX_POINT ( 'NONE', #2726 ) ;
#3157 = LINE ( 'NONE', #734, #820 ) ;
#3158 = CARTESIAN_POINT ( 'NONE',  ( -114.5000000000000142, -20.00000000000000355, 6.499999999999996447 ) ) ;
#3159 = EDGE_LOOP ( 'NONE', ( #1576, #2956 ) ) ;
#3160 = CARTESIAN_POINT ( 'NONE',  ( -244.0043805048687204, 0.000000000000000000, -15.49999999999999645 ) ) ;
#3161 = DIRECTION ( 'NONE',  ( 0.000000000000000000, 0.000000000000000000, 1.000000000000000000 ) ) ;
#3162 = DIRECTION ( 'NONE',  ( -1.000000000000000000, 0.000000000000000000, 0.000000000000000000 ) ) ;
#3163 = ORIENTED_EDGE ( 'NONE', *, *, #3084, .F. ) ;
#3164 = ORIENTED_EDGE ( 'NONE', *, *, #1983, .F. ) ;
#3165 = CARTESIAN_POINT ( 'NONE',  ( -199.8299527773968691, 0.000000000000000000, 21.58999999746103526 ) ) ;
#3166 = ORIENTED_EDGE ( 'NONE', *, *, #3212, .F. ) ;
#3167 = DIRECTION ( 'NONE',  ( -0.000000000000000000, 1.000000000000000000, -0.000000000000000000 ) ) ;
#3168 = AXIS2_PLACEMENT_3D ( 'NONE', #2645, #1044, #1268 ) ;
#3169 = CIRCLE ( 'NONE', #2997, 1.000000000000000888 ) ;
#3170 = ORIENTED_EDGE ( 'NONE', *, *, #2492, .F. ) ;
#3171 = DIRECTION ( 'NONE',  ( -0.000000000000000000, 1.000000000000000000, -0.000000000000000000 ) ) ;
#3172 = EDGE_CURVE ( 'NONE', #2259, #1048, #632, .T. ) ;
#3173 = DIRECTION ( 'NONE',  ( 0.000000000000000000, 0.000000000000000000, -1.000000000000000000 ) ) ;
#3174 = AXIS2_PLACEMENT_3D ( 'NONE', #3018, #1696, #2764 ) ;
#3175 = ORIENTED_EDGE ( 'NONE', *, *, #1352, .T. ) ;
#3176 = DIRECTION ( 'NONE',  ( 0.000000000000000000, 0.000000000000000000, -1.000000000000000000 ) ) ;
#3177 = LINE ( 'NONE', #1777, #3377 ) ;
#3178 = AXIS2_PLACEMENT_3D ( 'NONE', #2529, #426, #3389 ) ;
#3179 = FACE_OUTER_BOUND ( 'NONE', #1157, .T. ) ;
#3180 = CIRCLE ( 'NONE', #1103, 1.000000000000000888 ) ;
#3181 = EDGE_CURVE ( 'NONE', #53, #665, #2151, .T. ) ;
#3182 = ORIENTED_EDGE ( 'NONE', *, *, #1521, .F. ) ;
#3183 = EDGE_LOOP ( 'NONE', ( #2090, #1732, #1775, #1767 ) ) ;
#3184 = CARTESIAN_POINT ( 'NONE',  ( -144.5333333333333599, 0.000000000000000000, -20.00000000000000000 ) ) ;
#3185 = ORIENTED_EDGE ( 'NONE', *, *, #1197, .F. ) ;
#3186 = LINE ( 'NONE', #250, #2576 ) ;
#3187 = DIRECTION ( 'NONE',  ( 0.000000000000000000, 0.000000000000000000, -1.000000000000000000 ) ) ;
#3188 = CARTESIAN_POINT ( 'NONE',  ( -199.8299527773968691, 6.000000000000000000, -21.58999999746103526 ) ) ;
#3189 = CARTESIAN_POINT ( 'NONE',  ( -244.0043805048687204, -20.00000000000000355, -20.50000000000000000 ) ) ;
#3190 = EDGE_CURVE ( 'NONE', #1805, #2454, #331, .T. ) ;
#3191 = EDGE_CURVE ( 'NONE', #1659, #1386, #299, .T. ) ;
#3192 = EDGE_LOOP ( 'NONE', ( #2935, #477, #2831, #3345 ) ) ;
#3193 = CARTESIAN_POINT ( 'NONE',  ( -173.2500000000000284, -20.00000000000000355, -21.58999999999999986 ) ) ;
#3194 = CARTESIAN_POINT ( 'NONE',  ( -144.5333333333333599, 0.000000000000000000, -27.89999999999999858 ) ) ;
#3195 = EDGE_CURVE ( 'NONE', #2454, #290, #2034, .T. ) ;
#3196 = ORIENTED_EDGE ( 'NONE', *, *, #3351, .T. ) ;
#3197 = EDGE_LOOP ( 'NONE', ( #1254, #3096, #3480, #1849 ) ) ;
#3198 = CIRCLE ( 'NONE', #2396, 1.499999999999997780 ) ;
#3199 = AXIS2_PLACEMENT_3D ( 'NONE', #1829, #2899, #496 ) ;
#3200 = CIRCLE ( 'NONE', #176, 1.999999999999996669 ) ;
#3201 = EDGE_LOOP ( 'NONE', ( #2833, #548, #417, #3240 ) ) ;
#3202 = FACE_BOUND ( 'NONE', #3001, .T. ) ;
#3203 = CARTESIAN_POINT ( 'NONE',  ( -131.9666666666666401, -20.00000000000000355, 30.99999999999999289 ) ) ;
#3204 = VECTOR ( 'NONE', #180, 1000.000000000000000 ) ;
#3205 = DIRECTION ( 'NONE',  ( 0.000000000000000000, 1.000000000000000000, 0.000000000000000000 ) ) ;
#3206 = ADVANCED_FACE ( 'NONE', ( #2211 ), #3293, .F. ) ;
#3207 = CARTESIAN_POINT ( 'NONE',  ( -244.0043805048687204, 6.000000000000000000, -13.99999999999999822 ) ) ;
#3208 = ORIENTED_EDGE ( 'NONE', *, *, #3267, .T. ) ;
#3209 = FACE_OUTER_BOUND ( 'NONE', #2574, .T. ) ;
#3210 = CARTESIAN_POINT ( 'NONE',  ( -139.9666666666666686, -20.00000000000000355, -30.00000000000001066 ) ) ;
#3211 = DIRECTION ( 'NONE',  ( -0.000000000000000000, -1.000000000000000000, 0.000000000000000000 ) ) ;
#3212 = EDGE_CURVE ( 'NONE', #1906, #533, #1247, .T. ) ;
#3213 = CARTESIAN_POINT ( 'NONE',  ( -114.5000000000000142, -20.00000000000000355, -6.499999999999999112 ) ) ;
#3214 = AXIS2_PLACEMENT_3D ( 'NONE', #199, #1543, #1004 ) ;
#3215 = EDGE_LOOP ( 'NONE', ( #2353, #2346 ) ) ;
#3216 = CARTESIAN_POINT ( 'NONE',  ( -150.9666666666666686, 6.000000000000000000, -31.00000000000001066 ) ) ;
#3217 = ORIENTED_EDGE ( 'NONE', *, *, #892, .F. ) ;
#3218 = EDGE_CURVE ( 'NONE', #2181, #3266, #677, .T. ) ;
#3219 = AXIS2_PLACEMENT_3D ( 'NONE', #2088, #748, #1819 ) ;
#3220 = AXIS2_PLACEMENT_3D ( 'NONE', #3475, #1963, #3057 ) ;
#3221 = VERTEX_POINT ( 'NONE', #1455 ) ;
#3222 = DIRECTION ( 'NONE',  ( -0.000000000000000000, -1.000000000000000000, 0.000000000000000000 ) ) ;
#3223 = CARTESIAN_POINT ( 'NONE',  ( -123.9666666666666544, 6.000000000000000000, -30.99999999999999289 ) ) ;
#3224 = EDGE_CURVE ( 'NONE', #2111, #594, #2587, .T. ) ;
#3225 = DIRECTION ( 'NONE',  ( 0.000000000000000000, 0.000000000000000000, -1.000000000000000000 ) ) ;
#3226 = EDGE_LOOP ( 'NONE', ( #1258, #2998, #3196, #1646 ) ) ;
#3227 = DIRECTION ( 'NONE',  ( -0.000000000000000000, -1.000000000000000000, -0.000000000000000000 ) ) ;
#3228 = ORIENTED_EDGE ( 'NONE', *, *, #3447, .T. ) ;
#3229 = CARTESIAN_POINT ( 'NONE',  ( -199.8299527773968691, -20.00000000000000355, -20.08999999746103882 ) ) ;
#3230 = CARTESIAN_POINT ( 'NONE',  ( -248.9999999999998295, -20.00000000000000355, 4.999999999999999112 ) ) ;
#3231 = DIRECTION ( 'NONE',  ( 0.000000000000000000, 1.000000000000000000, 0.000000000000000000 ) ) ;
#3232 = DIRECTION ( 'NONE',  ( 0.000000000000000000, 0.000000000000000000, 1.000000000000000000 ) ) ;
#3233 = DIRECTION ( 'NONE',  ( -0.000000000000000000, 1.000000000000000000, -0.000000000000000000 ) ) ;
#3234 = AXIS2_PLACEMENT_3D ( 'NONE', #858, #300, #3308 ) ;
#3235 = ORIENTED_EDGE ( 'NONE', *, *, #2713, .T. ) ;
#3236 = VECTOR ( 'NONE', #1955, 1000.000000000000000 ) ;
#3237 = CARTESIAN_POINT ( 'NONE',  ( -173.2500000000000284, 0.000000000000000000, 23.08999999999999986 ) ) ;
#3238 = AXIS2_PLACEMENT_3D ( 'NONE', #153, #3051, #3337 ) ;
#3239 = ADVANCED_FACE ( 'NONE', ( #3037 ), #2500, .T. ) ;
#3240 = ORIENTED_EDGE ( 'NONE', *, *, #518, .F. ) ;
#3241 = EDGE_LOOP ( 'NONE', ( #2163, #2467, #2493, #231 ) ) ;
#3242 = FACE_BOUND ( 'NONE', #1682, .T. ) ;
#3243 = DIRECTION ( 'NONE',  ( 0.000000000000000000, 1.000000000000000000, -0.000000000000000000 ) ) ;
#3244 = CARTESIAN_POINT ( 'NONE',  ( -244.0043805048687204, -20.00000000000000355, 20.50000000000000000 ) ) ;
#3245 = CARTESIAN_POINT ( 'NONE',  ( -132.9666666666666401, 6.000000000000000000, 30.00000000000002132 ) ) ;
#3246 = ORIENTED_EDGE ( 'NONE', *, *, #2817, .F. ) ;
#3247 = CARTESIAN_POINT ( 'NONE',  ( -244.0043805048687204, 6.000000000000000000, 23.49999999999999645 ) ) ;
#3248 = ORIENTED_EDGE ( 'NONE', *, *, #2684, .F. ) ;
#3249 = DIRECTION ( 'NONE',  ( -0.000000000000000000, 1.000000000000000000, -0.000000000000000000 ) ) ;
#3250 = CARTESIAN_POINT ( 'NONE',  ( -123.0000000000000000, 6.000000000000000000, -9.000000000000001776 ) ) ;
#3251 = CARTESIAN_POINT ( 'NONE',  ( -240.2772592974818622, 0.000000000000000000, -30.77854671280277543 ) ) ;
#3252 = DIRECTION ( 'NONE',  ( -0.000000000000000000, -1.000000000000000000, 0.000000000000000000 ) ) ;
#3253 = CARTESIAN_POINT ( 'NONE',  ( -215.4666666666666401, 6.000000000000000000, 0.000000000000000000 ) ) ;
#3254 = EDGE_LOOP ( 'NONE', ( #1871, #1128, #2757, #793 ) ) ;
#3255 = ORIENTED_EDGE ( 'NONE', *, *, #480, .F. ) ;
#3256 = EDGE_CURVE ( 'NONE', #1945, #3029, #2243, .T. ) ;
#3257 = CIRCLE ( 'NONE', #279, 1.499999999999996891 ) ;
#3258 = ORIENTED_EDGE ( 'NONE', *, *, #1573, .T. ) ;
#3259 = CIRCLE ( 'NONE', #1225, 1.499999999999997780 ) ;
#3260 = AXIS2_PLACEMENT_3D ( 'NONE', #3032, #622, #460 ) ;
#3261 = ORIENTED_EDGE ( 'NONE', *, *, #3181, .F. ) ;
#3262 = FACE_BOUND ( 'NONE', #1326, .T. ) ;
#3263 = EDGE_CURVE ( 'NONE', #2062, #2264, #3177, .T. ) ;
#3264 = DIRECTION ( 'NONE',  ( 0.000000000000000000, 0.000000000000000000, 1.000000000000000000 ) ) ;
#3265 = STYLED_ITEM ( 'NONE', ( #381 ), #1626 ) ;
#3266 = VERTEX_POINT ( 'NONE', #1795 ) ;
#3267 = EDGE_CURVE ( 'NONE', #1220, #462, #430, .T. ) ;
#3268 = CARTESIAN_POINT ( 'NONE',  ( -139.9666666666666686, -20.00000000000000355, 30.99999999999999289 ) ) ;
#3269 = EDGE_LOOP ( 'NONE', ( #1037, #1180, #2298, #1749 ) ) ;
#3270 = DIRECTION ( 'NONE',  ( 0.000000000000000000, 0.000000000000000000, -1.000000000000000000 ) ) ;
#3271 = DIRECTION ( 'NONE',  ( 0.000000000000000000, 0.000000000000000000, -1.000000000000000000 ) ) ;
#3272 = CARTESIAN_POINT ( 'NONE',  ( -120.3503273626567989, 0.000000000000000000, 31.00000000000002487 ) ) ;
#3273 = CARTESIAN_POINT ( 'NONE',  ( -200.2499999999998295, 0.000000000000000000, -3.000000000000003109 ) ) ;
#3274 = ORIENTED_EDGE ( 'NONE', *, *, #1015, .F. ) ;
#3275 = EDGE_LOOP ( 'NONE', ( #1407, #1781, #981, #1922 ) ) ;
#3276 = CARTESIAN_POINT ( 'NONE',  ( -158.0000000000000000, 6.000000000000000000, 10.50000000000023803 ) ) ;
#3277 = EDGE_LOOP ( 'NONE', ( #2749, #1477, #447, #2860 ) ) ;
#3278 = EDGE_LOOP ( 'NONE', ( #21, #2305, #3163, #544 ) ) ;
#3279 = DIRECTION ( 'NONE',  ( -0.000000000000000000, 1.000000000000000000, -0.000000000000000000 ) ) ;
#3280 = DIRECTION ( 'NONE',  ( 0.000000000000000000, 0.000000000000000000, -1.000000000000000000 ) ) ;
#3281 = ADVANCED_BREP_SHAPE_REPRESENTATION ( '26an_chassis body_6mm poly_1pc', ( #1626, #1820 ), #2139 ) ;
#3282 = ORIENTED_EDGE ( 'NONE', *, *, #1479, .T. ) ;
#3283 = DIRECTION ( 'NONE',  ( 0.000000000000000000, 1.000000000000000000, -0.000000000000000000 ) ) ;
#3284 = EDGE_CURVE ( 'NONE', #3302, #1224, #1013, .T. ) ;
#3285 = EDGE_CURVE ( 'NONE', #2259, #3307, #707, .T. ) ;
#3286 = VERTEX_POINT ( 'NONE', #2079 ) ;
#3287 = CARTESIAN_POINT ( 'NONE',  ( -115.9956194951312654, 0.000000000000000000, -23.49999999999999645 ) ) ;
#3288 = CYLINDRICAL_SURFACE ( 'NONE', #814, 1.999999999999996669 ) ;
#3289 = LINE ( 'NONE', #5, #715 ) ;
#3290 = DIRECTION ( 'NONE',  ( 0.000000000000000000, 0.000000000000000000, 1.000000000000000000 ) ) ;
#3291 = CARTESIAN_POINT ( 'NONE',  ( -245.6249999999998579, -20.00000000000000355, 11.00000000000000000 ) ) ;
#3292 = VERTEX_POINT ( 'NONE', #997 ) ;
#3293 = CYLINDRICAL_SURFACE ( 'NONE', #3220, 1.999999999999995781 ) ;
#3294 = DIRECTION ( 'NONE',  ( 0.000000000000000000, 0.000000000000000000, 1.000000000000000000 ) ) ;
#3295 = AXIS2_PLACEMENT_3D ( 'NONE', #3193, #2386, #1549 ) ;
#3296 = EDGE_LOOP ( 'NONE', ( #1077, #1755, #2347, #2626 ) ) ;
#3297 = ORIENTED_EDGE ( 'NONE', *, *, #1267, .F. ) ;
#3298 = AXIS2_PLACEMENT_3D ( 'NONE', #1119, #1078, #3270 ) ;
#3299 = PLANE ( 'NONE',  #345 ) ;
#3300 = CARTESIAN_POINT ( 'NONE',  ( -244.0043805048687204, -20.00000000000000355, -23.49999999999999645 ) ) ;
#3301 = LINE ( 'NONE', #97, #1612 ) ;
#3302 = VERTEX_POINT ( 'NONE', #241 ) ;
#3303 = CARTESIAN_POINT ( 'NONE',  ( -238.9333333333333371, 6.000000000000000000, 28.00000000000001776 ) ) ;
#3304 = LINE ( 'NONE', #326, #3123 ) ;
#3305 = DIRECTION ( 'NONE',  ( 0.000000000000000000, 0.000000000000000000, -1.000000000000000000 ) ) ;
#3306 = EDGE_CURVE ( 'NONE', #957, #533, #1271, .T. ) ;
#3307 = VERTEX_POINT ( 'NONE', #2097 ) ;
#3308 = DIRECTION ( 'NONE',  ( 0.000000000000000000, 0.000000000000000000, 1.000000000000000000 ) ) ;
#3309 = CARTESIAN_POINT ( 'NONE',  ( -122.9666666666666544, 6.000000000000000000, -31.00000000000001421 ) ) ;
#3310 = ADVANCED_FACE ( 'NONE', ( #449 ), #758, .F. ) ;
#3311 = ORIENTED_EDGE ( 'NONE', *, *, #56, .F. ) ;
#3312 = AXIS2_PLACEMENT_3D ( 'NONE', #623, #1694, #659 ) ;
#3313 = ORIENTED_EDGE ( 'NONE', *, *, #210, .T. ) ;
#3314 = CARTESIAN_POINT ( 'NONE',  ( -245.6249999999998579, -20.00000000000000355, 11.00000000000000000 ) ) ;
#3315 = AXIS2_PLACEMENT_3D ( 'NONE', #3482, #1074, #3044 ) ;
#3316 = AXIS2_PLACEMENT_3D ( 'NONE', #602, #328, #2688 ) ;
#3317 = CARTESIAN_POINT ( 'NONE',  ( -131.9666666666666401, 6.000000000000000000, -30.99999999999999289 ) ) ;
#3318 = VERTEX_POINT ( 'NONE', #1550 ) ;
#3319 = FACE_OUTER_BOUND ( 'NONE', #3269, .T. ) ;
#3320 = DIRECTION ( 'NONE',  ( -0.000000000000000000, 1.000000000000000000, -0.000000000000000000 ) ) ;
#3321 = DIRECTION ( 'NONE',  ( 1.000000000000000000, 0.000000000000000000, -1.156482317317871478E-16 ) ) ;
#3322 = CARTESIAN_POINT ( 'NONE',  ( -199.8299527773968691, 0.000000000000000000, 21.58999999746103526 ) ) ;
#3323 = AXIS2_PLACEMENT_3D ( 'NONE', #2022, #3102, #1771 ) ;
#3324 = VECTOR ( 'NONE', #2867, 1000.000000000000000 ) ;
#3325 = VERTEX_POINT ( 'NONE', #2113 ) ;
#3326 = FACE_BOUND ( 'NONE', #2203, .T. ) ;
#3327 = CARTESIAN_POINT ( 'NONE',  ( -123.0000000000000000, -20.00000000000000355, 10.49999999999999467 ) ) ;
#3328 = DIRECTION ( 'NONE',  ( -0.000000000000000000, 1.000000000000000000, -0.000000000000000000 ) ) ;
#3329 = EDGE_LOOP ( 'NONE', ( #1110, #29, #2087, #203 ) ) ;
#3330 = ADVANCED_FACE ( 'NONE', ( #2617 ), #1523, .F. ) ;
#3331 = VERTEX_POINT ( 'NONE', #226 ) ;
#3332 = EDGE_CURVE ( 'NONE', #3410, #263, #1847, .T. ) ;
#3333 = DIRECTION ( 'NONE',  ( -0.000000000000000000, 1.000000000000000000, -0.000000000000000000 ) ) ;
#3334 = LINE ( 'NONE', #3025, #296 ) ;
#3335 = DIRECTION ( 'NONE',  ( 0.000000000000000000, 0.000000000000000000, -1.000000000000000000 ) ) ;
#3336 = VERTEX_POINT ( 'NONE', #2569 ) ;
#3337 = DIRECTION ( 'NONE',  ( -0.000000000000000000, 0.000000000000000000, 1.000000000000000000 ) ) ;
#3338 = PLANE ( 'NONE',  #200 ) ;
#3339 = CARTESIAN_POINT ( 'NONE',  ( -199.8299527773968691, 6.000000000000000000, -20.08999999746103882 ) ) ;
#3340 = VERTEX_POINT ( 'NONE', #3437 ) ;
#3341 = CARTESIAN_POINT ( 'NONE',  ( -115.9956194951312654, -20.00000000000000355, 12.50000000000000000 ) ) ;
#3342 = CYLINDRICAL_SURFACE ( 'NONE', #3091, 1.499999999999997780 ) ;
#3343 = AXIS2_PLACEMENT_3D ( 'NONE', #3322, #2895, #474 ) ;
#3344 = ORIENTED_EDGE ( 'NONE', *, *, #2086, .T. ) ;
#3345 = ORIENTED_EDGE ( 'NONE', *, *, #2110, .F. ) ;
#3346 = CARTESIAN_POINT ( 'NONE',  ( -115.9956194951312654, 0.000000000000000000, -20.50000000000000000 ) ) ;
#3347 = EDGE_CURVE ( 'NONE', #2338, #3008, #1030, .T. ) ;
#3348 = VECTOR ( 'NONE', #362, 1000.000000000000000 ) ;
#3349 = DIRECTION ( 'NONE',  ( 0.000000000000000000, 0.000000000000000000, 1.000000000000000000 ) ) ;
#3350 = DIRECTION ( 'NONE',  ( 0.000000000000000000, 0.000000000000000000, -1.000000000000000000 ) ) ;
#3351 = EDGE_CURVE ( 'NONE', #1408, #2448, #1508, .T. ) ;
#3352 = AXIS2_PLACEMENT_3D ( 'NONE', #1990, #2009, #2794 ) ;
#3353 = ORIENTED_EDGE ( 'NONE', *, *, #1475, .F. ) ;
#3354 = DIRECTION ( 'NONE',  ( 0.000000000000000000, 0.000000000000000000, 1.000000000000000000 ) ) ;
#3355 = LINE ( 'NONE', #2026, #1318 ) ;
#3356 = DIRECTION ( 'NONE',  ( 0.000000000000000000, 1.000000000000000000, 0.000000000000000000 ) ) ;
#3357 = EDGE_LOOP ( 'NONE', ( #684, #1244, #933, #1107 ) ) ;
#3358 = FACE_BOUND ( 'NONE', #1429, .T. ) ;
#3359 = ORIENTED_EDGE ( 'NONE', *, *, #2922, .F. ) ;
#3360 = EDGE_LOOP ( 'NONE', ( #398, #1263, #3109, #2978 ) ) ;
#3361 = DIRECTION ( 'NONE',  ( -0.000000000000000000, -1.000000000000000000, 0.000000000000000000 ) ) ;
#3362 = AXIS2_PLACEMENT_3D ( 'NONE', #295, #856, #2426 ) ;
#3363 = CARTESIAN_POINT ( 'NONE',  ( -115.9956194951312654, -20.00000000000000355, -22.00000000000000000 ) ) ;
#3364 = CIRCLE ( 'NONE', #111, 1.499999999999997780 ) ;
#3365 = CYLINDRICAL_SURFACE ( 'NONE', #2411, 1.499999999999997780 ) ;
#3366 = AXIS2_PLACEMENT_3D ( 'NONE', #2354, #1501, #3432 ) ;
#3367 = ORIENTED_EDGE ( 'NONE', *, *, #15, .T. ) ;
#3368 = AXIS2_PLACEMENT_3D ( 'NONE', #1976, #3070, #942 ) ;
#3369 = DIRECTION ( 'NONE',  ( 0.000000000000000000, 0.000000000000000000, 1.000000000000000000 ) ) ;
#3370 = CARTESIAN_POINT ( 'NONE',  ( -139.9666666666666686, -20.00000000000000355, -27.89999999999999858 ) ) ;
#3371 = EDGE_CURVE ( 'NONE', #2662, #3072, #1241, .T. ) ;
#3372 = PLANE ( 'NONE',  #1620 ) ;
#3373 = CARTESIAN_POINT ( 'NONE',  ( -238.9333333333333371, -20.00000000000000355, 28.00000000000001776 ) ) ;
#3374 = VECTOR ( 'NONE', #2766, 1000.000000000000000 ) ;
#3375 = ORIENTED_EDGE ( 'NONE', *, *, #2976, .F. ) ;
#3376 = FACE_BOUND ( 'NONE', #3215, .T. ) ;
#3377 = VECTOR ( 'NONE', #208, 1000.000000000000000 ) ;
#3378 = EDGE_CURVE ( 'NONE', #136, #2210, #1668, .T. ) ;
#3379 = EDGE_LOOP ( 'NONE', ( #3353, #2280 ) ) ;
#3380 = VERTEX_POINT ( 'NONE', #1138 ) ;
#3381 = CARTESIAN_POINT ( 'NONE',  ( -200.2499999999998295, 0.000000000000000000, -6.999999999999995559 ) ) ;
#3382 = CIRCLE ( 'NONE', #2302, 1.499999999999997780 ) ;
#3383 = CARTESIAN_POINT ( 'NONE',  ( -244.0043805048687204, 0.000000000000000000, -12.50000000000000000 ) ) ;
#3384 = CIRCLE ( 'NONE', #1689, 1.499999999999997780 ) ;
#3385 = CYLINDRICAL_SURFACE ( 'NONE', #1140, 1.000000000000000888 ) ;
#3386 = CARTESIAN_POINT ( 'NONE',  ( -114.5000000000000142, 0.000000000000000000, -5.000000000000000888 ) ) ;
#3387 = VERTEX_POINT ( 'NONE', #1398 ) ;
#3388 = DIRECTION ( 'NONE',  ( 0.000000000000000000, 0.000000000000000000, 1.000000000000000000 ) ) ;
#3389 = DIRECTION ( 'NONE',  ( 0.000000000000000000, 0.000000000000000000, -1.000000000000000000 ) ) ;
#3390 = DIRECTION ( 'NONE',  ( 0.000000000000000000, 1.000000000000000000, 0.000000000000000000 ) ) ;
#3391 = AXIS2_PLACEMENT_3D ( 'NONE', #1331, #1947, #1664 ) ;
#3392 = EDGE_CURVE ( 'NONE', #1810, #2657, #2464, .T. ) ;
#3393 = VERTEX_POINT ( 'NONE', #2207 ) ;
#3394 = FACE_BOUND ( 'NONE', #2970, .T. ) ;
#3395 = DIRECTION ( 'NONE',  ( -0.000000000000000000, -1.000000000000000000, 0.000000000000000000 ) ) ;
#3396 = VERTEX_POINT ( 'NONE', #2187 ) ;
#3397 = ORIENTED_EDGE ( 'NONE', *, *, #1211, .F. ) ;
#3398 = CARTESIAN_POINT ( 'NONE',  ( -138.9666666666666686, 6.000000000000000000, -30.00000000000001066 ) ) ;
#3399 = DIRECTION ( 'NONE',  ( -0.000000000000000000, 1.000000000000000000, -0.000000000000000000 ) ) ;
#3400 = VECTOR ( 'NONE', #2289, 1000.000000000000000 ) ;
#3401 = ORIENTED_EDGE ( 'NONE', *, *, #2017, .F. ) ;
#3402 = CARTESIAN_POINT ( 'NONE',  ( -163.2500000000000000, 0.000000000000000000, -21.58999999999999986 ) ) ;
#3403 = EDGE_CURVE ( 'NONE', #1886, #2639, #293, .T. ) ;
#3404 = CARTESIAN_POINT ( 'NONE',  ( -121.0666666666666629, 0.000000000000000000, -28.00000000000001776 ) ) ;
#3405 = ORIENTED_EDGE ( 'NONE', *, *, #245, .T. ) ;
#3406 = AXIS2_PLACEMENT_3D ( 'NONE', #992, #173, #3137 ) ;
#3407 = CARTESIAN_POINT ( 'NONE',  ( -245.6249999999998579, -20.00000000000000355, -11.00000000000000000 ) ) ;
#3408 = FACE_OUTER_BOUND ( 'NONE', #493, .T. ) ;
#3409 = ORIENTED_EDGE ( 'NONE', *, *, #1768, .T. ) ;
#3410 = VERTEX_POINT ( 'NONE', #2406 ) ;
#3411 = EDGE_CURVE ( 'NONE', #3325, #2073, #1654, .T. ) ;
#3412 = ORIENTED_EDGE ( 'NONE', *, *, #2110, .T. ) ;
#3413 = CARTESIAN_POINT ( 'NONE',  ( -244.0043805048687204, 0.000000000000000000, 22.00000000000000000 ) ) ;
#3414 = DIRECTION ( 'NONE',  ( -0.000000000000000000, -1.000000000000000000, 0.000000000000000000 ) ) ;
#3415 = CIRCLE ( 'NONE', #2790, 1.499999999999997335 ) ;
#3416 = ORIENTED_EDGE ( 'NONE', *, *, #3256, .T. ) ;
#3417 = CARTESIAN_POINT ( 'NONE',  ( -131.9666666666666401, 0.000000000000000000, -30.00000000000001421 ) ) ;
#3418 = LINE ( 'NONE', #2059, #2798 ) ;
#3419 = DIRECTION ( 'NONE',  ( 0.000000000000000000, 0.000000000000000000, -1.000000000000000000 ) ) ;
#3420 = VERTEX_POINT ( 'NONE', #3251 ) ;
#3421 = DIRECTION ( 'NONE',  ( 0.000000000000000000, 1.000000000000000000, -0.000000000000000000 ) ) ;
#3422 = CIRCLE ( 'NONE', #894, 1.999999999999995781 ) ;
#3423 = PRESENTATION_LAYER_ASSIGNMENT (  '', '', ( #3265 ) ) ;
#3424 = ORIENTED_EDGE ( 'NONE', *, *, #2732, .T. ) ;
#3425 = ORIENTED_EDGE ( 'NONE', *, *, #480, .T. ) ;
#3426 = CARTESIAN_POINT ( 'NONE',  ( -121.0666666666666629, 0.000000000000000000, 28.00000000000001776 ) ) ;
#3427 = EDGE_CURVE ( 'NONE', #2633, #1476, #3289, .T. ) ;
#3428 = VERTEX_POINT ( 'NONE', #854 ) ;
#3429 = CYLINDRICAL_SURFACE ( 'NONE', #3219, 1.499999999999997780 ) ;
#3430 = CARTESIAN_POINT ( 'NONE',  ( -240.0000000000000000, 6.000000000000000000, 31.00000000000000000 ) ) ;
#3431 = ORIENTED_EDGE ( 'NONE', *, *, #1967, .F. ) ;
#3432 = DIRECTION ( 'NONE',  ( 0.000000000000000000, 0.000000000000000000, -1.000000000000000000 ) ) ;
#3433 = CARTESIAN_POINT ( 'NONE',  ( -245.6249999999998579, 6.000000000000000000, 11.00000000000000000 ) ) ;
#3434 = AXIS2_PLACEMENT_3D ( 'NONE', #3133, #1786, #2072 ) ;
#3435 = ORIENTED_EDGE ( 'NONE', *, *, #2042, .T. ) ;
#3436 = CARTESIAN_POINT ( 'NONE',  ( -115.9956194951312654, 6.000000000000000000, -22.00000000000000000 ) ) ;
#3437 = CARTESIAN_POINT ( 'NONE',  ( -238.9333333333333371, 6.000000000000000000, -26.50000000000002132 ) ) ;
#3438 = DIRECTION ( 'NONE',  ( 1.000000000000000000, 0.000000000000000000, -0.000000000000000000 ) ) ;
#3439 = CIRCLE ( 'NONE', #790, 39.53333333333335986 ) ;
#3440 = ORIENTED_EDGE ( 'NONE', *, *, #2198, .F. ) ;
#3441 = ORIENTED_EDGE ( 'NONE', *, *, #2452, .T. ) ;
#3442 = DIRECTION ( 'NONE',  ( 0.000000000000000000, 0.000000000000000000, -1.000000000000000000 ) ) ;
#3443 = VERTEX_POINT ( 'NONE', #1080 ) ;
#3444 = CARTESIAN_POINT ( 'NONE',  ( -200.2499999999998295, 6.000000000000000000, 3.000000000000003997 ) ) ;
#3445 = EDGE_CURVE ( 'NONE', #2674, #2620, #166, .T. ) ;
#3446 = EDGE_CURVE ( 'NONE', #594, #2824, #3439, .T. ) ;
#3447 = EDGE_CURVE ( 'NONE', #2947, #1736, #835, .T. ) ;
#3448 = DIRECTION ( 'NONE',  ( -0.000000000000000000, -1.000000000000000000, 0.000000000000000000 ) ) ;
#3449 = AXIS2_PLACEMENT_3D ( 'NONE', #2897, #494, #1567 ) ;
#3450 = VERTEX_POINT ( 'NONE', #25 ) ;
#3451 = CARTESIAN_POINT ( 'NONE',  ( -238.9333333333333371, -20.00000000000000355, -29.50000000000001421 ) ) ;
#3452 = CARTESIAN_POINT ( 'NONE',  ( -153.5000000000000000, 6.000000000000000000, 20.00000000000000000 ) ) ;
#3453 = VECTOR ( 'NONE', #2812, 1000.000000000000000 ) ;
#3454 = CARTESIAN_POINT ( 'NONE',  ( -115.9956194951312654, -20.00000000000000355, 22.00000000000000000 ) ) ;
#3455 = ORIENTED_EDGE ( 'NONE', *, *, #1724, .F. ) ;
#3456 = AXIS2_PLACEMENT_3D ( 'NONE', #1219, #1759, #382 ) ;
#3457 = ORIENTED_EDGE ( 'NONE', *, *, #2267, .F. ) ;
#3458 = EDGE_CURVE ( 'NONE', #3450, #802, #236, .T. ) ;
#3459 = FACE_BOUND ( 'NONE', #2402, .T. ) ;
#3460 = FACE_OUTER_BOUND ( 'NONE', #2800, .T. ) ;
#3461 = PRODUCT_DEFINITION ( 'UNKNOWN', '', #2889, #3006 ) ;
#3462 = CARTESIAN_POINT ( 'NONE',  ( -248.9999999999998295, 0.000000000000000000, 6.999999999999995559 ) ) ;
#3463 = DIRECTION ( 'NONE',  ( -0.000000000000000000, 1.000000000000000000, -0.000000000000000000 ) ) ;
#3464 = AXIS2_PLACEMENT_3D ( 'NONE', #883, #920, #1482 ) ;
#3465 = EDGE_CURVE ( 'NONE', #2665, #1644, #512, .T. ) ;
#3466 = EDGE_LOOP ( 'NONE', ( #2084, #534 ) ) ;
#3467 = CARTESIAN_POINT ( 'NONE',  ( -121.0666666666666629, -20.00000000000000355, 26.50000000000002132 ) ) ;
#3468 = DIRECTION ( 'NONE',  ( 0.000000000000000000, 0.000000000000000000, -1.000000000000000000 ) ) ;
#3469 =( NAMED_UNIT ( * ) PLANE_ANGLE_UNIT ( ) SI_UNIT ( $, .RADIAN. ) );
#3470 = CARTESIAN_POINT ( 'NONE',  ( -121.0666666666666629, -20.00000000000000355, 28.00000000000001776 ) ) ;
#3471 = FACE_OUTER_BOUND ( 'NONE', #3226, .T. ) ;
#3472 = AXIS2_PLACEMENT_3D ( 'NONE', #2314, #3395, #1063 ) ;
#3473 = VECTOR ( 'NONE', #936, 1000.000000000000000 ) ;
#3474 = ORIENTED_EDGE ( 'NONE', *, *, #2431, .T. ) ;
#3475 = CARTESIAN_POINT ( 'NONE',  ( -200.2499999999998295, -20.00000000000000355, 5.000000000000000000 ) ) ;
#3476 = VERTEX_POINT ( 'NONE', #796 ) ;
#3477 = VECTOR ( 'NONE', #3369, 1000.000000000000000 ) ;
#3478 = AXIS2_PLACEMENT_3D ( 'NONE', #3470, #1064, #3290 ) ;
#3479 = AXIS2_PLACEMENT_3D ( 'NONE', #1308, #3438, #2636 ) ;
#3480 = ORIENTED_EDGE ( 'NONE', *, *, #1493, .T. ) ;
#3481 = DIRECTION ( 'NONE',  ( 0.000000000000000000, 0.000000000000000000, -1.000000000000000000 ) ) ;
#3482 = CARTESIAN_POINT ( 'NONE',  ( -238.9333333333333371, 0.000000000000000000, 28.00000000000001776 ) ) ;
#3483 = EDGE_LOOP ( 'NONE', ( #1700, #3258, #1831, #3022 ) ) ;
ENDSEC;
END-ISO-10303-21;
