ISO-10303-21;
HEADER;
FILE_DESCRIPTION (( 'STEP AP214' ),
    '1' );
FILE_NAME ('chassis_Polycarbonate_6mm thickness_qty1pc.STEP',
    '2026-07-20T05:38:55',
    ( '' ),
    ( '' ),
    'SwSTEP 2.0',
    'SolidWorks 2025',
    '' );
FILE_SCHEMA (( 'AUTOMOTIVE_DESIGN' ));
ENDSEC;

DATA;
#1 = AXIS2_PLACEMENT_3D ( 'NONE', #1955, #7333, #4708 ) ;
#2 = ADVANCED_FACE ( 'NONE', ( #504 ), #4911, .F. ) ;
#3 = CYLINDRICAL_SURFACE ( 'NONE', #8126, 1.499999999999994449 ) ;
#4 = ADVANCED_FACE ( 'NONE', ( #10189 ), #7712, .T. ) ;
#5 = CARTESIAN_POINT ( 'NONE',  ( 132.0000000000000000, 2.500000000000000000, -56.00000000000000711 ) ) ;
#6 = DIRECTION ( 'NONE',  ( -0.5854410483392259446, 0.000000000000000000, 0.8107149800759005931 ) ) ;
#7 = ORIENTED_EDGE ( 'NONE', *, *, #1067, .T. ) ;
#8 = ORIENTED_EDGE ( 'NONE', *, *, #4604, .T. ) ;
#9 = CYLINDRICAL_SURFACE ( 'NONE', #9690, 1.500000000000001332 ) ;
#10 = CARTESIAN_POINT ( 'NONE',  ( 98.85412195973844973, -3.500000000000000000, -33.99999999999690203 ) ) ;
#11 = DIRECTION ( 'NONE',  ( -0.5854410483392260556, 0.000000000000000000, 0.8107149800759005931 ) ) ;
#12 = VERTEX_POINT ( 'NONE', #8474 ) ;
#13 = EDGE_CURVE ( 'NONE', #11552, #3103, #8839, .T. ) ;
#14 = LINE ( 'NONE', #904, #6548 ) ;
#15 = DIRECTION ( 'NONE',  ( -0.000000000000000000, -0.000000000000000000, 1.000000000000000000 ) ) ;
#16 = ORIENTED_EDGE ( 'NONE', *, *, #1783, .F. ) ;
#17 = AXIS2_PLACEMENT_3D ( 'NONE', #10802, #6338, #125 ) ;
#18 = ADVANCED_FACE ( 'NONE', ( #4972 ), #3211, .T. ) ;
#19 = APPLICATION_PROTOCOL_DEFINITION ( 'draft international standard', 'automotive_design', 1998, #2236 ) ;
#20 = LINE ( 'NONE', #5650, #2701 ) ;
#21 = DIRECTION ( 'NONE',  ( -0.000000000000000000, -1.000000000000000000, -0.000000000000000000 ) ) ;
#22 = ORIENTED_EDGE ( 'NONE', *, *, #8565, .F. ) ;
#23 = AXIS2_PLACEMENT_3D ( 'NONE', #2901, #3169, #1960 ) ;
#24 = CARTESIAN_POINT ( 'NONE',  ( 56.74999999999997868, -3.500000000000000000, 25.60000000009224053 ) ) ;
#25 = FACE_OUTER_BOUND ( 'NONE', #2460, .T. ) ;
#26 = ORIENTED_EDGE ( 'NONE', *, *, #1211, .T. ) ;
#27 = VECTOR ( 'NONE', #3925, 1000.000000000000000 ) ;
#28 = VECTOR ( 'NONE', #1166, 1000.000000000000000 ) ;
#29 = CARTESIAN_POINT ( 'NONE',  ( 77.59056977575612279, 2.500000000000000000, 54.61559535584993341 ) ) ;
#30 = ORIENTED_EDGE ( 'NONE', *, *, #7149, .T. ) ;
#31 = DIRECTION ( 'NONE',  ( 0.000000000000000000, 1.000000000000000000, 0.000000000000000000 ) ) ;
#32 = FACE_OUTER_BOUND ( 'NONE', #5636, .T. ) ;
#33 = VERTEX_POINT ( 'NONE', #9419 ) ;
#34 = DIRECTION ( 'NONE',  ( 1.000000000000000000, 0.000000000000000000, 0.000000000000000000 ) ) ;
#35 = DIRECTION ( 'NONE',  ( 0.000000000000000000, 1.000000000000000000, 0.000000000000000000 ) ) ;
#36 = CIRCLE ( 'NONE', #8082, 5.500000000000001776 ) ;
#37 = ORIENTED_EDGE ( 'NONE', *, *, #4355, .T. ) ;
#38 = EDGE_CURVE ( 'NONE', #1993, #3133, #2261, .T. ) ;
#39 = EDGE_LOOP ( 'NONE', ( #4694, #1929, #4326, #5874 ) ) ;
#40 = AXIS2_PLACEMENT_3D ( 'NONE', #5256, #8933, #4542 ) ;
#41 = ADVANCED_FACE ( 'NONE', ( #8532 ), #5788, .F. ) ;
#42 = CARTESIAN_POINT ( 'NONE',  ( 45.89255334071719972, 2.500000000000000000, -40.34046474372370028 ) ) ;
#43 = CARTESIAN_POINT ( 'NONE',  ( 79.50000000000051159, -3.500000000000000000, 57.24999999999916866 ) ) ;
#44 = CARTESIAN_POINT ( 'NONE',  ( 79.50000000000051159, -3.500000000000000000, 54.74999999999916866 ) ) ;
#45 = CIRCLE ( 'NONE', #5483, 1.500000000000001332 ) ;
#46 = EDGE_LOOP ( 'NONE', ( #977, #6284 ) ) ;
#47 = CIRCLE ( 'NONE', #8847, 5.500000000000001776 ) ;
#48 = CARTESIAN_POINT ( 'NONE',  ( 75.54886228667969306, 2.500000000000000000, 35.00147820589290859 ) ) ;
#49 = DIRECTION ( 'NONE',  ( 0.000000000000000000, 1.000000000000000000, 0.000000000000000000 ) ) ;
#50 = ORIENTED_EDGE ( 'NONE', *, *, #6866, .F. ) ;
#51 = CARTESIAN_POINT ( 'NONE',  ( 24.37500000000000355, 2.500000000000000000, -7.000000000000006217 ) ) ;
#52 = AXIS2_PLACEMENT_3D ( 'NONE', #4701, #10094, #3764 ) ;
#53 = EDGE_CURVE ( 'NONE', #6987, #2092, #8343, .T. ) ;
#54 = ORIENTED_EDGE ( 'NONE', *, *, #708, .F. ) ;
#55 = AXIS2_PLACEMENT_3D ( 'NONE', #4397, #6958, #8720 ) ;
#56 = EDGE_CURVE ( 'NONE', #8959, #6113, #9155, .T. ) ;
#57 = DIRECTION ( 'NONE',  ( 0.000000000000000000, 0.000000000000000000, 1.000000000000000000 ) ) ;
#58 = CARTESIAN_POINT ( 'NONE',  ( 89.24999999999995737, -3.500000000000000000, -25.60000000009247145 ) ) ;
#59 = VECTOR ( 'NONE', #1126, 1000.000000000000000 ) ;
#60 = VECTOR ( 'NONE', #601, 1000.000000000000000 ) ;
#61 = DIRECTION ( 'NONE',  ( 0.000000000000000000, 1.000000000000000000, 0.000000000000000000 ) ) ;
#62 = AXIS2_PLACEMENT_3D ( 'NONE', #3197, #7524, #10344 ) ;
#63 = DIRECTION ( 'NONE',  ( -1.000000000000000000, 0.000000000000000000, -1.321694076934709021E-15 ) ) ;
#64 = DIRECTION ( 'NONE',  ( -0.8107149800759007041, 0.000000000000000000, -0.5854410483392260556 ) ) ;
#65 = ORIENTED_EDGE ( 'NONE', *, *, #2848, .T. ) ;
#66 = ORIENTED_EDGE ( 'NONE', *, *, #941, .F. ) ;
#67 = CIRCLE ( 'NONE', #6616, 1.000000000000000888 ) ;
#68 = CIRCLE ( 'NONE', #3254, 5.250000000000004441 ) ;
#69 = CARTESIAN_POINT ( 'NONE',  ( 74.01707195013521812, -3.500000000000000000, -58.99999999999921130 ) ) ;
#70 = VECTOR ( 'NONE', #10050, 1000.000000000000000 ) ;
#71 = CIRCLE ( 'NONE', #9055, 5.499999999999991118 ) ;
#72 = CARTESIAN_POINT ( 'NONE',  ( 128.6458980337503135, 2.500000000000000000, -60.00000000000000000 ) ) ;
#73 = AXIS2_PLACEMENT_3D ( 'NONE', #7005, #10589, #1491 ) ;
#74 = EDGE_CURVE ( 'NONE', #10805, #8533, #312, .T. ) ;
#75 = VECTOR ( 'NONE', #5425, 999.9999999999998863 ) ;
#76 = DIRECTION ( 'NONE',  ( -0.000000000000000000, 1.000000000000000000, -0.000000000000000000 ) ) ;
#77 = EDGE_LOOP ( 'NONE', ( #4689, #1920, #9061, #8189 ) ) ;
#78 = CIRCLE ( 'NONE', #9999, 1.250000000000001110 ) ;
#79 = AXIS2_PLACEMENT_3D ( 'NONE', #4115, #10384, #7677 ) ;
#80 =( NAMED_UNIT ( * ) SI_UNIT ( $, .STERADIAN. ) SOLID_ANGLE_UNIT ( ) );
#81 = DIRECTION ( 'NONE',  ( 0.000000000000000000, 1.000000000000000000, 0.000000000000000000 ) ) ;
#82 = ORIENTED_EDGE ( 'NONE', *, *, #4369, .F. ) ;
#83 = AXIS2_PLACEMENT_3D ( 'NONE', #5859, #3408, #7730 ) ;
#84 = CARTESIAN_POINT ( 'NONE',  ( 67.50000000000052580, -3.500000000000000000, 60.00000000000000000 ) ) ;
#85 = CARTESIAN_POINT ( 'NONE',  ( 26.37500000000000355, -3.500000000000000000, -11.18581490044991789 ) ) ;
#86 = DIRECTION ( 'NONE',  ( 1.000000000000000000, 0.000000000000000000, 7.692556537664882126E-15 ) ) ;
#87 = ORIENTED_EDGE ( 'NONE', *, *, #10936, .F. ) ;
#88 = DIRECTION ( 'NONE',  ( -0.2873478855662357501, 0.000000000000000000, 0.9578262852211841816 ) ) ;
#89 = EDGE_CURVE ( 'NONE', #10534, #3107, #8589, .T. ) ;
#90 = DIRECTION ( 'NONE',  ( 0.000000000000000000, 0.000000000000000000, 1.000000000000000000 ) ) ;
#91 = EDGE_CURVE ( 'NONE', #7251, #8616, #3914, .T. ) ;
#92 = EDGE_LOOP ( 'NONE', ( #7964, #9872, #2905, #6290 ) ) ;
#93 = VECTOR ( 'NONE', #2106, 1000.000000000000000 ) ;
#94 = DIRECTION ( 'NONE',  ( -0.000000000000000000, -1.000000000000000000, -0.000000000000000000 ) ) ;
#95 = ORIENTED_EDGE ( 'NONE', *, *, #11268, .T. ) ;
#96 = DIRECTION ( 'NONE',  ( -0.000000000000000000, -1.000000000000000000, -0.000000000000000000 ) ) ;
#97 = CYLINDRICAL_SURFACE ( 'NONE', #5784, 1.250000000000007994 ) ;
#98 = ORIENTED_EDGE ( 'NONE', *, *, #5040, .T. ) ;
#99 = LINE ( 'NONE', #1093, #3812 ) ;
#100 = LINE ( 'NONE', #4615, #10577 ) ;
#101 = LINE ( 'NONE', #7191, #2589 ) ;
#102 = AXIS2_PLACEMENT_3D ( 'NONE', #5969, #1581, #3470 ) ;
#103 = VERTEX_POINT ( 'NONE', #6604 ) ;
#104 = ORIENTED_EDGE ( 'NONE', *, *, #9325, .T. ) ;
#105 = CARTESIAN_POINT ( 'NONE',  ( -24.23371870266458927, -3.500000000000000000, 57.99999999999993605 ) ) ;
#106 = DIRECTION ( 'NONE',  ( 0.000000000000000000, 1.000000000000000000, 0.000000000000000000 ) ) ;
#107 = FACE_OUTER_BOUND ( 'NONE', #10396, .T. ) ;
#108 = ORIENTED_EDGE ( 'NONE', *, *, #3310, .F. ) ;
#109 = EDGE_CURVE ( 'NONE', #4910, #3974, #4817, .T. ) ;
#110 = CARTESIAN_POINT ( 'NONE',  ( 132.2587238320729739, -3.500000000000000000, -49.90220843430040532 ) ) ;
#111 = CYLINDRICAL_SURFACE ( 'NONE', #9771, 1.000000000000000888 ) ;
#112 = ORIENTED_EDGE ( 'NONE', *, *, #6450, .F. ) ;
#113 = DIRECTION ( 'NONE',  ( 0.000000000000000000, 1.000000000000000000, 0.000000000000000000 ) ) ;
#114 = EDGE_LOOP ( 'NONE', ( #1946, #5586, #10289, #7408 ) ) ;
#115 = PLANE ( 'NONE',  #10715 ) ;
#116 = DIRECTION ( 'NONE',  ( -0.000000000000000000, -1.000000000000000000, -0.000000000000000000 ) ) ;
#117 = EDGE_CURVE ( 'NONE', #522, #7045, #7419, .T. ) ;
#118 = FACE_OUTER_BOUND ( 'NONE', #6191, .T. ) ;
#119 = EDGE_CURVE ( 'NONE', #1170, #10981, #7539, .T. ) ;
#120 = CARTESIAN_POINT ( 'NONE',  ( 126.0000000000015490, -3.500000000000000000, 35.99999999999688782 ) ) ;
#121 = CARTESIAN_POINT ( 'NONE',  ( 80.99728228756691806, -3.500000000000000000, 32.75000000000000711 ) ) ;
#122 = ORIENTED_EDGE ( 'NONE', *, *, #2421, .F. ) ;
#123 = ORIENTED_EDGE ( 'NONE', *, *, #9840, .F. ) ;
#124 = DIRECTION ( 'NONE',  ( 0.7928260876681227920, 0.000000000000000000, -0.6094479425782467485 ) ) ;
#125 = DIRECTION ( 'NONE',  ( 0.000000000000000000, 0.000000000000000000, -1.000000000000000000 ) ) ;
#126 = CARTESIAN_POINT ( 'NONE',  ( -30.00000000000000355, -3.500000000000000000, 55.99999999999997868 ) ) ;
#127 = ORIENTED_EDGE ( 'NONE', *, *, #724, .T. ) ;
#128 = DIRECTION ( 'NONE',  ( 0.1921353852253153971, 0.000000000000000000, -0.9813684291561043382 ) ) ;
#129 = CARTESIAN_POINT ( 'NONE',  ( -27.55385631544756819, 2.500000000000000000, -16.13546048867516802 ) ) ;
#130 = ORIENTED_EDGE ( 'NONE', *, *, #4288, .T. ) ;
#131 = EDGE_CURVE ( 'NONE', #9310, #4266, #11127, .T. ) ;
#132 =( LENGTH_UNIT ( ) NAMED_UNIT ( * ) SI_UNIT ( .MILLI., .METRE. ) );
#133 = DIRECTION ( 'NONE',  ( 0.000000000000000000, 0.000000000000000000, 1.000000000000000000 ) ) ;
#134 = CARTESIAN_POINT ( 'NONE',  ( 130.0384615384617746, 2.500000000000000000, -4.120838902256624081 ) ) ;
#135 = AXIS2_PLACEMENT_3D ( 'NONE', #10998, #7527, #1265 ) ;
#136 = VERTEX_POINT ( 'NONE', #6016 ) ;
#137 = LINE ( 'NONE', #8054, #5569 ) ;
#138 = CIRCLE ( 'NONE', #8748, 5.250000000000004441 ) ;
#139 = CARTESIAN_POINT ( 'NONE',  ( -33.00000000000000000, -3.500000000000000000, -52.64589803375029220 ) ) ;
#140 = ORIENTED_EDGE ( 'NONE', *, *, #10803, .F. ) ;
#141 = AXIS2_PLACEMENT_3D ( 'NONE', #4124, #9564, #5185 ) ;
#142 = DIRECTION ( 'NONE',  ( 0.000000000000000000, -1.000000000000000000, 0.000000000000000000 ) ) ;
#143 = ORIENTED_EDGE ( 'NONE', *, *, #1215, .F. ) ;
#144 = EDGE_CURVE ( 'NONE', #2092, #7300, #9838, .T. ) ;
#145 = CARTESIAN_POINT ( 'NONE',  ( 45.89255334071719972, 2.500000000000000000, 40.34046474372370028 ) ) ;
#146 = DIRECTION ( 'NONE',  ( 1.000000000000000000, 0.000000000000000000, 7.216449660063522246E-15 ) ) ;
#147 = ORIENTED_EDGE ( 'NONE', *, *, #2654, .F. ) ;
#148 = EDGE_CURVE ( 'NONE', #10780, #1395, #6085, .T. ) ;
#149 = CARTESIAN_POINT ( 'NONE',  ( 44.98292804986587612, -3.500000000000000000, 57.99999999999941735 ) ) ;
#150 = DIRECTION ( 'NONE',  ( -0.000000000000000000, 1.000000000000000000, -0.000000000000000000 ) ) ;
#151 = DIRECTION ( 'NONE',  ( 6.938893903907222067E-15, 0.000000000000000000, 1.000000000000000000 ) ) ;
#152 = ORIENTED_EDGE ( 'NONE', *, *, #10911, .F. ) ;
#153 = VECTOR ( 'NONE', #2750, 1000.000000000000000 ) ;
#154 = ORIENTED_EDGE ( 'NONE', *, *, #1978, .F. ) ;
#155 = CARTESIAN_POINT ( 'NONE',  ( 94.00000000000153477, -3.500000000000000000, -35.99999999999690203 ) ) ;
#156 = ORIENTED_EDGE ( 'NONE', *, *, #3495, .T. ) ;
#157 = AXIS2_PLACEMENT_3D ( 'NONE', #5276, #8843, #9785 ) ;
#158 = CARTESIAN_POINT ( 'NONE',  ( -26.37499999999999645, 2.500000000000000000, 11.32455532033676704 ) ) ;
#159 = CARTESIAN_POINT ( 'NONE',  ( 133.0293885607873676, -3.500000000000000000, 50.59718969508274711 ) ) ;
#160 = ORIENTED_EDGE ( 'NONE', *, *, #6212, .F. ) ;
#161 = ORIENTED_EDGE ( 'NONE', *, *, #4221, .T. ) ;
#162 = EDGE_CURVE ( 'NONE', #6756, #2253, #9775, .T. ) ;
#163 = DIRECTION ( 'NONE',  ( -1.000000000000000000, 0.000000000000000000, 0.000000000000000000 ) ) ;
#164 = CARTESIAN_POINT ( 'NONE',  ( 128.6458980337503135, -3.500000000000000000, 60.00000000000000000 ) ) ;
#165 = CIRCLE ( 'NONE', #9906, 1.250000000000007994 ) ;
#166 = EDGE_LOOP ( 'NONE', ( #4175, #1872, #9477, #7683 ) ) ;
#167 = DIRECTION ( 'NONE',  ( -0.7235268277883527555, 0.000000000000000000, 0.6902962621009354205 ) ) ;
#168 = EDGE_CURVE ( 'NONE', #8542, #10841, #5379, .T. ) ;
#169 = ORIENTED_EDGE ( 'NONE', *, *, #7252, .F. ) ;
#170 = DIRECTION ( 'NONE',  ( -0.000000000000000000, -1.000000000000000000, -0.000000000000000000 ) ) ;
#171 = EDGE_CURVE ( 'NONE', #11286, #6079, #10710, .T. ) ;
#172 = ORIENTED_EDGE ( 'NONE', *, *, #9245, .F. ) ;
#173 = CIRCLE ( 'NONE', #3560, 1.499999999999996891 ) ;
#174 = DIRECTION ( 'NONE',  ( 0.000000000000000000, 0.000000000000000000, 1.000000000000000000 ) ) ;
#175 = LINE ( 'NONE', #9533, #1019 ) ;
#176 = DIRECTION ( 'NONE',  ( 0.1327433628318585301, 0.000000000000000000, -0.9911504424778759814 ) ) ;
#177 = CARTESIAN_POINT ( 'NONE',  ( 136.0000000000000000, 2.500000000000000000, 56.99999999999999289 ) ) ;
#178 = ORIENTED_EDGE ( 'NONE', *, *, #4352, .F. ) ;
#179 = VECTOR ( 'NONE', #3512, 1000.000000000000000 ) ;
#180 = ORIENTED_EDGE ( 'NONE', *, *, #2478, .F. ) ;
#181 = AXIS2_PLACEMENT_3D ( 'NONE', #6291, #10806, #2773 ) ;
#182 = PLANE ( 'NONE',  #52 ) ;
#183 = ADVANCED_FACE ( 'NONE', ( #2677 ), #6253, .F. ) ;
#184 = CARTESIAN_POINT ( 'NONE',  ( 45.89255334071719972, -3.500000000000000000, 40.34046474372370028 ) ) ;
#185 = EDGE_CURVE ( 'NONE', #5278, #950, #4258, .T. ) ;
#186 = CARTESIAN_POINT ( 'NONE',  ( -30.00000000000000355, 2.500000000000000000, -57.49999999999997868 ) ) ;
#187 = ORIENTED_EDGE ( 'NONE', *, *, #10351, .F. ) ;
#188 = CARTESIAN_POINT ( 'NONE',  ( -30.00000000000000355, 2.500000000000000000, 54.49999999999997868 ) ) ;
#189 = VERTEX_POINT ( 'NONE', #6140 ) ;
#190 = DIRECTION ( 'NONE',  ( 0.000000000000000000, 1.000000000000000000, 0.000000000000000000 ) ) ;
#191 = LINE ( 'NONE', #9826, #434 ) ;
#192 = FACE_OUTER_BOUND ( 'NONE', #10789, .T. ) ;
#193 = FACE_OUTER_BOUND ( 'NONE', #9585, .T. ) ;
#194 = VERTEX_POINT ( 'NONE', #1631 ) ;
#195 = CARTESIAN_POINT ( 'NONE',  ( 78.12972322633679312, -3.500000000000000000, 38.94330427634486824 ) ) ;
#196 = EDGE_CURVE ( 'NONE', #5977, #6854, #8923, .T. ) ;
#197 = FACE_OUTER_BOUND ( 'NONE', #8754, .T. ) ;
#198 = EDGE_CURVE ( 'NONE', #10128, #9194, #9870, .T. ) ;
#199 = VERTEX_POINT ( 'NONE', #6195 ) ;
#200 = LINE ( 'NONE', #4442, #6235 ) ;
#201 = ORIENTED_EDGE ( 'NONE', *, *, #10630, .F. ) ;
#202 = DIRECTION ( 'NONE',  ( 0.05547001962248444829, 0.000000000000000000, 0.9984603532054145969 ) ) ;
#203 = DIRECTION ( 'NONE',  ( 0.000000000000000000, 1.000000000000000000, 0.000000000000000000 ) ) ;
#204 = ORIENTED_EDGE ( 'NONE', *, *, #3924, .F. ) ;
#205 = CARTESIAN_POINT ( 'NONE',  ( 42.99769075490628012, -3.500000000000000000, -34.20480962656461088 ) ) ;
#206 = DIRECTION ( 'NONE',  ( 0.000000000000000000, 1.000000000000000000, 0.000000000000000000 ) ) ;
#207 = DIRECTION ( 'NONE',  ( 0.000000000000000000, 1.000000000000000000, 0.000000000000000000 ) ) ;
#208 = ORIENTED_EDGE ( 'NONE', *, *, #10212, .F. ) ;
#209 = VERTEX_POINT ( 'NONE', #11358 ) ;
#210 = CARTESIAN_POINT ( 'NONE',  ( -27.88348565673954127, -3.500000000000000000, 25.13002623698856652 ) ) ;
#211 = CIRCLE ( 'NONE', #4520, 1.250000000000001110 ) ;
#212 = EDGE_CURVE ( 'NONE', #342, #8267, #2753, .T. ) ;
#213 = CIRCLE ( 'NONE', #4522, 4.000000000000000000 ) ;
#214 = ORIENTED_EDGE ( 'NONE', *, *, #9193, .F. ) ;
#215 = EDGE_CURVE ( 'NONE', #5434, #3726, #7020, .T. ) ;
#216 = CARTESIAN_POINT ( 'NONE',  ( 95.25000000000153477, 2.500000000000000000, 37.99999999999690203 ) ) ;
#217 = FACE_OUTER_BOUND ( 'NONE', #3799, .T. ) ;
#218 = EDGE_LOOP ( 'NONE', ( #3412, #6599, #3628, #5779 ) ) ;
#219 = EDGE_LOOP ( 'NONE', ( #10613, #3371, #5676, #9115, #10221, #10685 ) ) ;
#220 = AXIS2_PLACEMENT_3D ( 'NONE', #345, #170, #3756 ) ;
#221 = CARTESIAN_POINT ( 'NONE',  ( 39.50000000000052580, 2.500000000000000000, -55.99999999999945288 ) ) ;
#222 = DIRECTION ( 'NONE',  ( 0.000000000000000000, 0.000000000000000000, -1.000000000000000000 ) ) ;
#223 = AXIS2_PLACEMENT_3D ( 'NONE', #10730, #9080, #6272 ) ;
#224 = EDGE_LOOP ( 'NONE', ( #5541, #401, #4193, #10460 ) ) ;
#225 = CARTESIAN_POINT ( 'NONE',  ( 39.50000000000052580, -3.500000000000000000, -55.99999999999945288 ) ) ;
#226 = ORIENTED_EDGE ( 'NONE', *, *, #862, .F. ) ;
#227 = DIRECTION ( 'NONE',  ( 0.000000000000000000, 1.000000000000000000, 0.000000000000000000 ) ) ;
#228 = CIRCLE ( 'NONE', #4535, 6.000000000000001776 ) ;
#229 = EDGE_CURVE ( 'NONE', #2335, #355, #9919, .T. ) ;
#230 = ORIENTED_EDGE ( 'NONE', *, *, #4670, .T. ) ;
#231 = CIRCLE ( 'NONE', #2476, 5.500000000000005329 ) ;
#232 = DIRECTION ( 'NONE',  ( 0.000000000000000000, 1.000000000000000000, 0.000000000000000000 ) ) ;
#233 = AXIS2_PLACEMENT_3D ( 'NONE', #7057, #854, #8879 ) ;
#234 = EDGE_CURVE ( 'NONE', #10456, #7330, #1691, .T. ) ;
#235 = CARTESIAN_POINT ( 'NONE',  ( -34.00000000000000000, 2.500000000000000000, 56.99999999999999289 ) ) ;
#236 = DIRECTION ( 'NONE',  ( 0.000000000000000000, 0.000000000000000000, 1.000000000000000000 ) ) ;
#237 = DIRECTION ( 'NONE',  ( 0.000000000000000000, 1.000000000000000000, 0.000000000000000000 ) ) ;
#238 = ORIENTED_EDGE ( 'NONE', *, *, #10940, .F. ) ;
#239 = AXIS2_PLACEMENT_3D ( 'NONE', #6551, #9904, #2926 ) ;
#240 = ORIENTED_EDGE ( 'NONE', *, *, #162, .T. ) ;
#241 = DIRECTION ( 'NONE',  ( 0.000000000000000000, 0.000000000000000000, 1.000000000000000000 ) ) ;
#242 = CARTESIAN_POINT ( 'NONE',  ( 80.99728228756691806, 2.500000000000000000, -34.25000000000000000 ) ) ;
#243 = CIRCLE ( 'NONE', #3808, 1.000000000000000888 ) ;
#244 = VECTOR ( 'NONE', #11, 1000.000000000000114 ) ;
#245 = AXIS2_PLACEMENT_3D ( 'NONE', #3682, #5606, #34 ) ;
#246 = DIRECTION ( 'NONE',  ( 0.000000000000000000, 0.000000000000000000, 1.000000000000000000 ) ) ;
#247 = ORIENTED_EDGE ( 'NONE', *, *, #10030, .F. ) ;
#248 = ADVANCED_FACE ( 'NONE', ( #2567 ), #9594, .F. ) ;
#249 = DIRECTION ( 'NONE',  ( 0.000000000000000000, 0.000000000000000000, 1.000000000000000000 ) ) ;
#250 = CARTESIAN_POINT ( 'NONE',  ( 98.85412195973844973, -3.500000000000000000, 33.99999999999690203 ) ) ;
#251 = VECTOR ( 'NONE', #4285, 1000.000000000000000 ) ;
#252 = VERTEX_POINT ( 'NONE', #11547 ) ;
#253 = VECTOR ( 'NONE', #2086, 999.9999999999998863 ) ;
#254 = AXIS2_PLACEMENT_3D ( 'NONE', #7449, #5644, #5809 ) ;
#255 = EDGE_CURVE ( 'NONE', #7807, #3852, #3745, .T. ) ;
#256 = DIRECTION ( 'NONE',  ( -0.000000000000000000, 1.000000000000000000, -0.000000000000000000 ) ) ;
#257 = LINE ( 'NONE', #6521, #5827 ) ;
#258 = VERTEX_POINT ( 'NONE', #11421 ) ;
#259 = CARTESIAN_POINT ( 'NONE',  ( 136.0000000000000000, -3.500000000000000000, -56.99999999999999289 ) ) ;
#260 = CIRCLE ( 'NONE', #7548, 5.499999999999998224 ) ;
#261 = CARTESIAN_POINT ( 'NONE',  ( -26.38384955752211880, -3.500000000000000000, 13.93274336283183779 ) ) ;
#262 = ORIENTED_EDGE ( 'NONE', *, *, #10940, .T. ) ;
#263 = CIRCLE ( 'NONE', #3463, 5.250000000000004441 ) ;
#264 = CIRCLE ( 'NONE', #4401, 5.250000000000004441 ) ;
#265 = FACE_OUTER_BOUND ( 'NONE', #10072, .T. ) ;
#266 = ORIENTED_EDGE ( 'NONE', *, *, #2163, .T. ) ;
#267 = EDGE_CURVE ( 'NONE', #10446, #11579, #6956, .T. ) ;
#268 = AXIS2_PLACEMENT_3D ( 'NONE', #9465, #10345, #8460 ) ;
#269 = PRODUCT_RELATED_PRODUCT_CATEGORY ( 'part', '', ( #955 ) ) ;
#270 = DIRECTION ( 'NONE',  ( 0.4154496880128091818, 0.000000000000000000, 0.9096161590088753801 ) ) ;
#271 = CARTESIAN_POINT ( 'NONE',  ( -28.57412527334259167, 2.500000000000000000, -0.7142857142857150787 ) ) ;
#272 = VERTEX_POINT ( 'NONE', #8773 ) ;
#273 = EDGE_CURVE ( 'NONE', #5051, #9747, #4328, .T. ) ;
#274 = FACE_OUTER_BOUND ( 'NONE', #3454, .T. ) ;
#275 = CARTESIAN_POINT ( 'NONE',  ( 45.46762553391260298, 2.500000000000000000, 31.75017591079638990 ) ) ;
#276 = DIRECTION ( 'NONE',  ( 0.000000000000000000, 1.000000000000000000, 0.000000000000000000 ) ) ;
#277 = ORIENTED_EDGE ( 'NONE', *, *, #3080, .F. ) ;
#278 = VERTEX_POINT ( 'NONE', #7075 ) ;
#279 = LINE ( 'NONE', #771, #5121 ) ;
#280 = ORIENTED_EDGE ( 'NONE', *, *, #2016, .F. ) ;
#281 = LINE ( 'NONE', #9126, #4079 ) ;
#282 = DIRECTION ( 'NONE',  ( 0.000000000000000000, 1.000000000000000000, 0.000000000000000000 ) ) ;
#283 = VERTEX_POINT ( 'NONE', #10116 ) ;
#284 = ORIENTED_EDGE ( 'NONE', *, *, #2921, .T. ) ;
#285 = FACE_OUTER_BOUND ( 'NONE', #11442, .T. ) ;
#286 = CYLINDRICAL_SURFACE ( 'NONE', #8643, 5.250000000000011546 ) ;
#287 = ORIENTED_EDGE ( 'NONE', *, *, #656, .T. ) ;
#288 = LINE ( 'NONE', #7146, #8383 ) ;
#289 = ADVANCED_FACE ( 'NONE', ( #1037 ), #6360, .F. ) ;
#290 = ORIENTED_EDGE ( 'NONE', *, *, #10601, .F. ) ;
#291 = CARTESIAN_POINT ( 'NONE',  ( 78.60598772863293959, 2.500000000000000000, 39.86531035049824112 ) ) ;
#292 = EDGE_LOOP ( 'NONE', ( #10524, #775, #1620, #876 ) ) ;
#293 = FACE_OUTER_BOUND ( 'NONE', #6508, .T. ) ;
#294 = DIRECTION ( 'NONE',  ( 0.000000000000000000, 1.000000000000000000, 0.000000000000000000 ) ) ;
#295 = EDGE_CURVE ( 'NONE', #9658, #7245, #8223, .T. ) ;
#296 = DIRECTION ( 'NONE',  ( -0.9911504424778760924, 0.000000000000000000, 0.1327433628318585856 ) ) ;
#297 = DIRECTION ( 'NONE',  ( 0.000000000000000000, 1.000000000000000000, 0.000000000000000000 ) ) ;
#298 = VERTEX_POINT ( 'NONE', #8061 ) ;
#299 = EDGE_CURVE ( 'NONE', #9846, #10504, #10942, .T. ) ;
#300 = VERTEX_POINT ( 'NONE', #9060 ) ;
#301 = LINE ( 'NONE', #9271, #452 ) ;
#302 = DIRECTION ( 'NONE',  ( -0.000000000000000000, -1.000000000000000000, -0.000000000000000000 ) ) ;
#303 = CARTESIAN_POINT ( 'NONE',  ( 24.37500000000000355, -3.500000000000000000, -5.000000000000003553 ) ) ;
#304 = CARTESIAN_POINT ( 'NONE',  ( 125.2188800135601525, 2.500000000000000000, 14.00464700128622475 ) ) ;
#305 = DIRECTION ( 'NONE',  ( 0.6902962621009354205, 0.000000000000000000, -0.7235268277883527555 ) ) ;
#306 = ORIENTED_EDGE ( 'NONE', *, *, #5361, .T. ) ;
#307 = DIRECTION ( 'NONE',  ( 0.000000000000000000, 1.000000000000000000, 0.000000000000000000 ) ) ;
#308 = ORIENTED_EDGE ( 'NONE', *, *, #10052, .F. ) ;
#309 = CARTESIAN_POINT ( 'NONE',  ( -26.64589803375033839, 2.500000000000000000, -60.00000000000000000 ) ) ;
#310 = ADVANCED_FACE ( 'NONE', ( #6534 ), #6475, .F. ) ;
#311 = DIRECTION ( 'NONE',  ( 0.000000000000000000, 1.000000000000000000, 0.000000000000000000 ) ) ;
#312 = CIRCLE ( 'NONE', #3876, 1.000000000000000888 ) ;
#313 = ORIENTED_EDGE ( 'NONE', *, *, #8118, .F. ) ;
#314 = EDGE_CURVE ( 'NONE', #4418, #6609, #2024, .T. ) ;
#315 = DIRECTION ( 'NONE',  ( -0.000000000000000000, -1.000000000000000000, -0.000000000000000000 ) ) ;
#316 = ORIENTED_EDGE ( 'NONE', *, *, #5787, .F. ) ;
#317 = VECTOR ( 'NONE', #88, 1000.000000000000227 ) ;
#318 = CARTESIAN_POINT ( 'NONE',  ( 98.85412195973844973, -3.500000000000000000, 37.99999999999690203 ) ) ;
#319 = CARTESIAN_POINT ( 'NONE',  ( 92.50000000000022737, -3.500000000000000000, -9.000000000001710632 ) ) ;
#320 = ORIENTED_EDGE ( 'NONE', *, *, #2039, .T. ) ;
#321 = AXIS2_PLACEMENT_3D ( 'NONE', #2202, #8530, #1326 ) ;
#322 = LINE ( 'NONE', #2142, #1556 ) ;
#323 = CARTESIAN_POINT ( 'NONE',  ( -34.00000000000000000, 2.500000000000000000, 56.99999999999999289 ) ) ;
#324 = LINE ( 'NONE', #11169, #11199 ) ;
#325 = VERTEX_POINT ( 'NONE', #8946 ) ;
#326 = ORIENTED_EDGE ( 'NONE', *, *, #1753, .T. ) ;
#327 = CARTESIAN_POINT ( 'NONE',  ( -27.78504933807234067, 2.500000000000000000, -16.10836839094013229 ) ) ;
#328 = EDGE_CURVE ( 'NONE', #5625, #2268, #5604, .T. ) ;
#329 = AXIS2_PLACEMENT_3D ( 'NONE', #10450, #3186, #6114 ) ;
#330 = ORIENTED_EDGE ( 'NONE', *, *, #6337, .F. ) ;
#331 = VECTOR ( 'NONE', #1272, 1000.000000000000000 ) ;
#332 = EDGE_CURVE ( 'NONE', #6074, #627, #4500, .T. ) ;
#333 = DIRECTION ( 'NONE',  ( 0.000000000000000000, 1.000000000000000000, 0.000000000000000000 ) ) ;
#334 = ORIENTED_EDGE ( 'NONE', *, *, #11094, .T. ) ;
#335 = VERTEX_POINT ( 'NONE', #9002 ) ;
#336 = EDGE_LOOP ( 'NONE', ( #6111, #1731, #758, #6435 ) ) ;
#337 = CARTESIAN_POINT ( 'NONE',  ( 40.75000000000054712, -3.500000000000000000, -57.99999999999944578 ) ) ;
#338 = AXIS2_PLACEMENT_3D ( 'NONE', #8422, #4976, #6610 ) ;
#339 = LINE ( 'NONE', #1279, #9962 ) ;
#340 = ORIENTED_EDGE ( 'NONE', *, *, #8692, .F. ) ;
#341 = DIRECTION ( 'NONE',  ( -1.000000000000000000, 0.000000000000000000, -2.523234146875353335E-15 ) ) ;
#342 = VERTEX_POINT ( 'NONE', #271 ) ;
#343 = AXIS2_PLACEMENT_3D ( 'NONE', #2576, #9726, #4279 ) ;
#344 = EDGE_CURVE ( 'NONE', #8896, #7218, #4553, .T. ) ;
#345 = CARTESIAN_POINT ( 'NONE',  ( 129.2995191861324429, 2.500000000000000000, 30.69192378159589296 ) ) ;
#346 = ADVANCED_FACE ( 'NONE', ( #7407 ), #3847, .T. ) ;
#347 = VERTEX_POINT ( 'NONE', #5491 ) ;
#348 = CARTESIAN_POINT ( 'NONE',  ( 22.37500000000000711, -3.500000000000000000, -14.00000000000000533 ) ) ;
#349 = CARTESIAN_POINT ( 'NONE',  ( -28.84167316508822054, 2.500000000000000000, 23.99782629932536793 ) ) ;
#351 = CARTESIAN_POINT ( 'NONE',  ( 80.75000000000051159, -3.500000000000000000, -53.99999999999998579 ) ) ;
#350 = AXIS2_PLACEMENT_3D ( 'NONE', #1236, #11026, #236 ) ;
#352 = VECTOR ( 'NONE', #5309, 1000.000000000000000 ) ;
#353 = DIRECTION ( 'NONE',  ( -0.000000000000000000, 1.000000000000000000, -0.000000000000000000 ) ) ;
#354 = CARTESIAN_POINT ( 'NONE',  ( -28.70982142857141994, 2.500000000000000000, 20.00000000000000711 ) ) ;
#355 = VERTEX_POINT ( 'NONE', #4612 ) ;
#356 = EDGE_LOOP ( 'NONE', ( #9920, #7428, #5397, #7108 ) ) ;
#357 = CARTESIAN_POINT ( 'NONE',  ( 92.50000000000022737, 2.500000000000000000, 9.000000000001710632 ) ) ;
#358 = CARTESIAN_POINT ( 'NONE',  ( 92.50000000000022737, 2.500000000000000000, -9.000000000001710632 ) ) ;
#359 = CIRCLE ( 'NONE', #6909, 2.000000000000003109 ) ;
#360 = EDGE_CURVE ( 'NONE', #8604, #10823, #9909, .T. ) ;
#361 = ADVANCED_FACE ( 'NONE', ( #32 ), #9114, .T. ) ;
#362 = CARTESIAN_POINT ( 'NONE',  ( -24.23371870266458217, -3.500000000000000000, 58.99999999999994316 ) ) ;
#363 = DIRECTION ( 'NONE',  ( 0.000000000000000000, 0.000000000000000000, 1.000000000000000000 ) ) ;
#364 = CARTESIAN_POINT ( 'NONE',  ( -27.37499999999999645, -3.500000000000000000, -13.79999999999997939 ) ) ;
#365 = AXIS2_PLACEMENT_3D ( 'NONE', #7622, #2232, #4884 ) ;
#366 = EDGE_LOOP ( 'NONE', ( #10686, #3771, #2930, #7229 ) ) ;
#367 = AXIS2_PLACEMENT_3D ( 'NONE', #4104, #4158, #5970 ) ;
#368 = DIRECTION ( 'NONE',  ( 0.1921353852253143424, 0.000000000000000000, 0.9813684291561045603 ) ) ;
#369 = ORIENTED_EDGE ( 'NONE', *, *, #654, .T. ) ;
#370 = CYLINDRICAL_SURFACE ( 'NONE', #8374, 6.000000000000003553 ) ;
#371 = FACE_OUTER_BOUND ( 'NONE', #6928, .T. ) ;
#372 = ORIENTED_EDGE ( 'NONE', *, *, #712, .F. ) ;
#373 = AXIS2_PLACEMENT_3D ( 'NONE', #2538, #7864, #6983 ) ;
#374 = EDGE_CURVE ( 'NONE', #9577, #10805, #3680, .T. ) ;
#375 = FACE_OUTER_BOUND ( 'NONE', #2775, .T. ) ;
#376 = ORIENTED_EDGE ( 'NONE', *, *, #9619, .T. ) ;
#377 = DIRECTION ( 'NONE',  ( -0.000000000000000000, -1.000000000000000000, -0.000000000000000000 ) ) ;
#378 = DIRECTION ( 'NONE',  ( 0.000000000000000000, 1.000000000000000000, 0.000000000000000000 ) ) ;
#379 = ORIENTED_EDGE ( 'NONE', *, *, #5219, .F. ) ;
#380 = LINE ( 'NONE', #1263, #5318 ) ;
#381 = DIRECTION ( 'NONE',  ( 0.000000000000000000, 0.000000000000000000, -1.000000000000000000 ) ) ;
#382 = CARTESIAN_POINT ( 'NONE',  ( 76.48960135530326454, 2.500000000000000000, -60.00000000000000000 ) ) ;
#383 = ORIENTED_EDGE ( 'NONE', *, *, #3574, .T. ) ;
#384 = ORIENTED_EDGE ( 'NONE', *, *, #10898, .F. ) ;
#385 = DIRECTION ( 'NONE',  ( -0.000000000000000000, 1.000000000000000000, -0.000000000000000000 ) ) ;
#386 = VERTEX_POINT ( 'NONE', #3622 ) ;
#387 = FACE_OUTER_BOUND ( 'NONE', #5659, .T. ) ;
#388 = VERTEX_POINT ( 'NONE', #2965 ) ;
#389 = DIRECTION ( 'NONE',  ( 0.000000000000000000, 1.000000000000000000, 0.000000000000000000 ) ) ;
#390 = VERTEX_POINT ( 'NONE', #7188 ) ;
#391 = FACE_OUTER_BOUND ( 'NONE', #7076, .T. ) ;
#392 = EDGE_CURVE ( 'NONE', #8238, #6169, #2975, .T. ) ;
#393 = LINE ( 'NONE', #3102, #28 ) ;
#394 = VERTEX_POINT ( 'NONE', #8230 ) ;
#395 = CYLINDRICAL_SURFACE ( 'NONE', #1456, 1.000000000000000888 ) ;
#396 = VECTOR ( 'NONE', #3597, 1000.000000000000000 ) ;
#397 = ADVANCED_FACE ( 'NONE', ( #1857 ), #97, .F. ) ;
#398 = VERTEX_POINT ( 'NONE', #6588 ) ;
#399 = AXIS2_PLACEMENT_3D ( 'NONE', #8219, #6795, #3836 ) ;
#400 = FACE_BOUND ( 'NONE', #2920, .T. ) ;
#401 = ORIENTED_EDGE ( 'NONE', *, *, #552, .F. ) ;
#402 = DIRECTION ( 'NONE',  ( -0.000000000000000000, -1.000000000000000000, -0.000000000000000000 ) ) ;
#403 = CYLINDRICAL_SURFACE ( 'NONE', #6173, 1.500000000000001332 ) ;
#404 = AXIS2_PLACEMENT_3D ( 'NONE', #5401, #5517, #8969 ) ;
#405 = AXIS2_PLACEMENT_3D ( 'NONE', #11246, #5101, #3226 ) ;
#406 = LINE ( 'NONE', #3112, #5972 ) ;
#407 = DIRECTION ( 'NONE',  ( 0.000000000000000000, 1.000000000000000000, 0.000000000000000000 ) ) ;
#408 = VERTEX_POINT ( 'NONE', #6758 ) ;
#409 = EDGE_CURVE ( 'NONE', #10246, #7018, #488, .T. ) ;
#410 = ORIENTED_EDGE ( 'NONE', *, *, #10574, .F. ) ;
#411 = DIRECTION ( 'NONE',  ( 0.7235268277883527555, -0.000000000000000000, 0.6902962621009354205 ) ) ;
#412 = DIRECTION ( 'NONE',  ( 1.000000000000000000, 0.000000000000000000, 0.000000000000000000 ) ) ;
#413 = DIRECTION ( 'NONE',  ( 0.000000000000000000, 1.000000000000000000, 0.000000000000000000 ) ) ;
#414 = VECTOR ( 'NONE', #6666, 1000.000000000000000 ) ;
#415 = ORIENTED_EDGE ( 'NONE', *, *, #6848, .T. ) ;
#416 = LINE ( 'NONE', #10157, #8411 ) ;
#417 = CARTESIAN_POINT ( 'NONE',  ( -31.00000000000000355, -3.500000000000000000, -56.99999999999998579 ) ) ;
#418 = ORIENTED_EDGE ( 'NONE', *, *, #9370, .F. ) ;
#419 = DIRECTION ( 'NONE',  ( 0.000000000000000000, 0.000000000000000000, 1.000000000000000000 ) ) ;
#420 = ORIENTED_EDGE ( 'NONE', *, *, #5060, .T. ) ;
#421 = CARTESIAN_POINT ( 'NONE',  ( 89.24999999999994316, -3.500000000000000000, 25.60000000009224408 ) ) ;
#422 = EDGE_CURVE ( 'NONE', #11022, #5855, #11025, .T. ) ;
#423 = AXIS2_PLACEMENT_3D ( 'NONE', #7635, #9400, #2185 ) ;
#424 = DIRECTION ( 'NONE',  ( 0.000000000000000000, 0.000000000000000000, 1.000000000000000000 ) ) ;
#425 = VECTOR ( 'NONE', #8405, 1000.000000000000000 ) ;
#426 = VERTEX_POINT ( 'NONE', #9232 ) ;
#427 = CARTESIAN_POINT ( 'NONE',  ( 80.58567302514160247, 2.500000000000000000, -31.78411723411560175 ) ) ;
#428 = EDGE_LOOP ( 'NONE', ( #2552, #1023, #5363, #2752 ) ) ;
#429 = AXIS2_PLACEMENT_3D ( 'NONE', #1497, #5261, #10596 ) ;
#430 = AXIS2_PLACEMENT_3D ( 'NONE', #11202, #7800, #1657 ) ;
#431 = CYLINDRICAL_SURFACE ( 'NONE', #11037, 1.250000000000001110 ) ;
#432 = CARTESIAN_POINT ( 'NONE',  ( 51.46907917169168201, -3.500000000000000000, 27.13683935576333539 ) ) ;
#433 = VERTEX_POINT ( 'NONE', #9405 ) ;
#434 = VECTOR ( 'NONE', #7171, 1000.000000000000000 ) ;
#435 = DIRECTION ( 'NONE',  ( 0.1921353852253153971, 0.000000000000000000, -0.9813684291561043382 ) ) ;
#436 = DIRECTION ( 'NONE',  ( 0.000000000000000000, 1.000000000000000000, 0.000000000000000000 ) ) ;
#437 = EDGE_CURVE ( 'NONE', #7402, #6796, #1209, .T. ) ;
#438 = DIRECTION ( 'NONE',  ( 0.000000000000000000, 0.000000000000000000, 1.000000000000000000 ) ) ;
#439 = ADVANCED_FACE ( 'NONE', ( #4077 ), #7638, .T. ) ;
#440 = ORIENTED_EDGE ( 'NONE', *, *, #3538, .T. ) ;
#441 = EDGE_LOOP ( 'NONE', ( #6017, #3559, #1354, #8851 ) ) ;
#442 = CARTESIAN_POINT ( 'NONE',  ( 86.34174532563687876, 2.500000000000000000, -32.95126413974819712 ) ) ;
#443 = VECTOR ( 'NONE', #4365, 1000.000000000000000 ) ;
#444 = VECTOR ( 'NONE', #8256, 1000.000000000000000 ) ;
#445 = EDGE_CURVE ( 'NONE', #4357, #11397, #6704, .T. ) ;
#446 = ORIENTED_EDGE ( 'NONE', *, *, #3225, .F. ) ;
#447 = VECTOR ( 'NONE', #10810, 1000.000000000000000 ) ;
#448 = DIRECTION ( 'NONE',  ( 0.000000000000000000, 0.000000000000000000, 1.000000000000000000 ) ) ;
#449 = ORIENTED_EDGE ( 'NONE', *, *, #38, .T. ) ;
#450 = DIRECTION ( 'NONE',  ( 0.000000000000000000, 1.000000000000000000, 0.000000000000000000 ) ) ;
#451 = EDGE_LOOP ( 'NONE', ( #2545, #2834, #7405, #743 ) ) ;
#452 = VECTOR ( 'NONE', #3116, 1000.000000000000000 ) ;
#453 = AXIS2_PLACEMENT_3D ( 'NONE', #8717, #2621, #3393 ) ;
#454 = CARTESIAN_POINT ( 'NONE',  ( 133.0000000000000000, -3.500000000000000000, -60.00000000000000000 ) ) ;
#455 = PLANE ( 'NONE',  #5476 ) ;
#456 = ORIENTED_EDGE ( 'NONE', *, *, #11066, .F. ) ;
#457 = CARTESIAN_POINT ( 'NONE',  ( 46.85657683199546142, -3.500000000000000000, 40.60628180161065615 ) ) ;
#458 = ORIENTED_EDGE ( 'NONE', *, *, #6559, .F. ) ;
#459 = DIRECTION ( 'NONE',  ( -0.000000000000000000, -1.000000000000000000, 0.000000000000000000 ) ) ;
#460 = DIRECTION ( 'NONE',  ( 0.000000000000000000, 0.000000000000000000, -1.000000000000000000 ) ) ;
#461 = CARTESIAN_POINT ( 'NONE',  ( 74.89434043811365882, 2.500000000000000000, -58.51999999999921442 ) ) ;
#462 = EDGE_CURVE ( 'NONE', #4912, #1544, #526, .T. ) ;
#463 = CIRCLE ( 'NONE', #6640, 1.499999999999994449 ) ;
#464 = EDGE_LOOP ( 'NONE', ( #9707, #3528 ) ) ;
#465 = CARTESIAN_POINT ( 'NONE',  ( 67.50000000000052580, -3.500000000000000000, -60.00000000000000000 ) ) ;
#466 = LINE ( 'NONE', #4049, #1191 ) ;
#467 = ORIENTED_EDGE ( 'NONE', *, *, #2769, .T. ) ;
#468 = DIRECTION ( 'NONE',  ( 0.000000000000000000, 1.000000000000000000, 0.000000000000000000 ) ) ;
#469 = ORIENTED_EDGE ( 'NONE', *, *, #6838, .F. ) ;
#470 = CARTESIAN_POINT ( 'NONE',  ( 76.88364003250397616, -3.500000000000000000, 50.32398374557551790 ) ) ;
#471 = CYLINDRICAL_SURFACE ( 'NONE', #8254, 3.000000000000002665 ) ;
#472 = EDGE_CURVE ( 'NONE', #11152, #8639, #11278, .T. ) ;
#473 = EDGE_CURVE ( 'NONE', #7093, #136, #2140, .T. ) ;
#474 = DIRECTION ( 'NONE',  ( 0.000000000000000000, 1.000000000000000000, 0.000000000000000000 ) ) ;
#475 = VERTEX_POINT ( 'NONE', #4842 ) ;
#476 = LINE ( 'NONE', #4825, #11230 ) ;
#477 = DIRECTION ( 'NONE',  ( -1.000000000000000000, 0.000000000000000000, 0.000000000000000000 ) ) ;
#478 = ORIENTED_EDGE ( 'NONE', *, *, #8840, .F. ) ;
#479 = LINE ( 'NONE', #7682, #1118 ) ;
#480 = ORIENTED_EDGE ( 'NONE', *, *, #7274, .T. ) ;
#481 = CARTESIAN_POINT ( 'NONE',  ( 127.1208389022546754, -3.500000000000000000, -58.53846153846153300 ) ) ;
#482 = FACE_OUTER_BOUND ( 'NONE', #7225, .T. ) ;
#483 = EDGE_LOOP ( 'NONE', ( #2462, #9043, #562, #7816 ) ) ;
#484 = CARTESIAN_POINT ( 'NONE',  ( 24.37500000000000355, -3.500000000000000000, -5.000000000000003553 ) ) ;
#485 = ORIENTED_EDGE ( 'NONE', *, *, #6707, .F. ) ;
#486 = EDGE_CURVE ( 'NONE', #7876, #10850, #9289, .T. ) ;
#487 = DIRECTION ( 'NONE',  ( 0.000000000000000000, 0.000000000000000000, 1.000000000000000000 ) ) ;
#488 = LINE ( 'NONE', #11220, #3731 ) ;
#489 = ORIENTED_EDGE ( 'NONE', *, *, #10055, .F. ) ;
#490 = FACE_OUTER_BOUND ( 'NONE', #4497, .T. ) ;
#491 = CARTESIAN_POINT ( 'NONE',  ( 50.91266865372425343, -3.500000000000000000, 33.28896383770575085 ) ) ;
#492 = DIRECTION ( 'NONE',  ( -0.000000000000000000, -1.000000000000000000, -0.000000000000000000 ) ) ;
#493 = DIRECTION ( 'NONE',  ( 0.000000000000000000, 0.000000000000000000, 1.000000000000000000 ) ) ;
#494 = ORIENTED_EDGE ( 'NONE', *, *, #984, .F. ) ;
#495 = ORIENTED_EDGE ( 'NONE', *, *, #6175, .F. ) ;
#496 = CARTESIAN_POINT ( 'NONE',  ( 92.50000000000022737, -3.500000000000000000, -9.000000000001710632 ) ) ;
#497 = EDGE_LOOP ( 'NONE', ( #11173, #2262, #5605, #10026 ) ) ;
#498 = EDGE_CURVE ( 'NONE', #2623, #4266, #7273, .T. ) ;
#499 = VECTOR ( 'NONE', #9050, 1000.000000000000000 ) ;
#500 = DIRECTION ( 'NONE',  ( -1.000000000000000000, 0.000000000000000000, 0.000000000000000000 ) ) ;
#501 = ORIENTED_EDGE ( 'NONE', *, *, #8647, .T. ) ;
#502 = EDGE_CURVE ( 'NONE', #7505, #10024, #10274, .T. ) ;
#503 = CIRCLE ( 'NONE', #10815, 5.499999999999991118 ) ;
#504 = FACE_OUTER_BOUND ( 'NONE', #3866, .T. ) ;
#505 = ORIENTED_EDGE ( 'NONE', *, *, #1300, .F. ) ;
#506 = DIRECTION ( 'NONE',  ( -0.000000000000000000, -1.000000000000000000, -0.000000000000000000 ) ) ;
#507 = CARTESIAN_POINT ( 'NONE',  ( -24.37499999999999645, -3.500000000000000000, 5.000000000000003553 ) ) ;
#508 = CYLINDRICAL_SURFACE ( 'NONE', #6699, 1.499999999999997780 ) ;
#509 = CIRCLE ( 'NONE', #714, 1.000000000000000888 ) ;
#510 = ORIENTED_EDGE ( 'NONE', *, *, #3620, .T. ) ;
#511 = CARTESIAN_POINT ( 'NONE',  ( -34.00000000000000000, -3.500000000000000000, 56.99999999999999289 ) ) ;
#512 = FACE_OUTER_BOUND ( 'NONE', #1101, .T. ) ;
#513 = DIRECTION ( 'NONE',  ( 0.000000000000000000, 0.000000000000000000, 1.000000000000000000 ) ) ;
#514 = EDGE_CURVE ( 'NONE', #1148, #602, #6821, .T. ) ;
#515 = AXIS2_PLACEMENT_3D ( 'NONE', #1819, #6325, #8140 ) ;
#516 = VERTEX_POINT ( 'NONE', #3017 ) ;
#517 = EDGE_CURVE ( 'NONE', #4266, #2623, #918, .T. ) ;
#518 = DIRECTION ( 'NONE',  ( -0.000000000000000000, -1.000000000000000000, -0.000000000000000000 ) ) ;
#519 = CYLINDRICAL_SURFACE ( 'NONE', #83, 5.250000000000011546 ) ;
#520 = EDGE_LOOP ( 'NONE', ( #8785, #3052, #4387, #1256 ) ) ;
#521 = DIRECTION ( 'NONE',  ( 1.000000000000000000, 0.000000000000000000, 0.000000000000000000 ) ) ;
#522 = VERTEX_POINT ( 'NONE', #4897 ) ;
#523 = FACE_OUTER_BOUND ( 'NONE', #6471, .T. ) ;
#524 = CIRCLE ( 'NONE', #5933, 1.000000000000000888 ) ;
#525 = CARTESIAN_POINT ( 'NONE',  ( 88.05394221400148069, -3.500000000000000000, -27.79532361463138912 ) ) ;
#526 = CIRCLE ( 'NONE', #7843, 5.250000000000004441 ) ;
#527 = CARTESIAN_POINT ( 'NONE',  ( 79.50000000000051159, -3.500000000000000000, 55.99999999999916866 ) ) ;
#528 = ORIENTED_EDGE ( 'NONE', *, *, #11263, .T. ) ;
#529 = LINE ( 'NONE', #3302, #5039 ) ;
#530 = CARTESIAN_POINT ( 'NONE',  ( 42.99769075490628012, -3.500000000000000000, 34.20480962656461088 ) ) ;
#531 = ORIENTED_EDGE ( 'NONE', *, *, #7526, .T. ) ;
#532 = DIRECTION ( 'NONE',  ( 0.000000000000000000, 1.000000000000000000, 0.000000000000000000 ) ) ;
#533 = EDGE_CURVE ( 'NONE', #11462, #408, #4854, .T. ) ;
#534 = ORIENTED_EDGE ( 'NONE', *, *, #5311, .T. ) ;
#535 = DIRECTION ( 'NONE',  ( -0.000000000000000000, -1.000000000000000000, -0.000000000000000000 ) ) ;
#536 = EDGE_CURVE ( 'NONE', #2448, #7012, #11112, .T. ) ;
#537 = CARTESIAN_POINT ( 'NONE',  ( 74.01707195013520391, 2.500000000000000000, 57.99999999999920419 ) ) ;
#538 = ORIENTED_EDGE ( 'NONE', *, *, #2474, .F. ) ;
#539 = CARTESIAN_POINT ( 'NONE',  ( 121.1458780402646482, 2.500000000000000000, 37.99999999999690203 ) ) ;
#540 = CIRCLE ( 'NONE', #5792, 1.000000000000000888 ) ;
#541 = CARTESIAN_POINT ( 'NONE',  ( 89.24999999999994316, -3.500000000000000000, 27.10000000009224053 ) ) ;
#542 = ORIENTED_EDGE ( 'NONE', *, *, #9068, .F. ) ;
#543 = AXIS2_PLACEMENT_3D ( 'NONE', #3245, #4122, #5761 ) ;
#544 = FACE_OUTER_BOUND ( 'NONE', #6308, .T. ) ;
#545 = CARTESIAN_POINT ( 'NONE',  ( 39.50000000000052580, -3.500000000000000000, 54.74999999999945288 ) ) ;
#546 = ORIENTED_EDGE ( 'NONE', *, *, #4407, .F. ) ;
#547 = EDGE_CURVE ( 'NONE', #3974, #4910, #5033, .T. ) ;
#548 = CARTESIAN_POINT ( 'NONE',  ( 2.000000000000007994, -3.500000000000000000, -52.00000000000000000 ) ) ;
#549 = CARTESIAN_POINT ( 'NONE',  ( 133.0000000000000000, -3.500000000000000000, -56.99999999999999289 ) ) ;
#550 = DIRECTION ( 'NONE',  ( 0.9984603532054145969, -0.000000000000000000, 0.05547001962248444829 ) ) ;
#551 = CARTESIAN_POINT ( 'NONE',  ( 44.10565956188742121, -3.500000000000000000, -58.51999999999942048 ) ) ;
#553 = ORIENTED_EDGE ( 'NONE', *, *, #7010, .T. ) ;
#552 = EDGE_CURVE ( 'NONE', #3707, #9109, #5415, .T. ) ;
#554 = VERTEX_POINT ( 'NONE', #545 ) ;
#555 = CARTESIAN_POINT ( 'NONE',  ( -30.00000000000000355, -3.500000000000000000, 55.99999999999997868 ) ) ;
#556 = CIRCLE ( 'NONE', #4870, 1.000000000000000888 ) ;
#557 = ORIENTED_EDGE ( 'NONE', *, *, #9160, .F. ) ;
#558 = CARTESIAN_POINT ( 'NONE',  ( -27.33759176332126373, -3.500000000000000000, 51.18735183279876821 ) ) ;
#559 = VERTEX_POINT ( 'NONE', #4132 ) ;
#560 = DIRECTION ( 'NONE',  ( 1.000000000000000000, 0.000000000000000000, 0.000000000000000000 ) ) ;
#561 = DIRECTION ( 'NONE',  ( 0.000000000000000000, 0.000000000000000000, 1.000000000000000000 ) ) ;
#562 = ORIENTED_EDGE ( 'NONE', *, *, #9370, .T. ) ;
#563 = LINE ( 'NONE', #4039, #4923 ) ;
#564 = DIRECTION ( 'NONE',  ( -0.2873478855662357501, 0.000000000000000000, 0.9578262852211841816 ) ) ;
#565 = FACE_BOUND ( 'NONE', #5611, .T. ) ;
#566 = EDGE_CURVE ( 'NONE', #10407, #2073, #5662, .T. ) ;
#567 = ORIENTED_EDGE ( 'NONE', *, *, #1874, .T. ) ;
#568 = EDGE_CURVE ( 'NONE', #1390, #11462, #5252, .T. ) ;
#569 = CARTESIAN_POINT ( 'NONE',  ( -22.62499999999999645, -3.500000000000000000, 16.00000000000000711 ) ) ;
#570 = DIRECTION ( 'NONE',  ( 0.000000000000000000, 1.000000000000000000, 0.000000000000000000 ) ) ;
#571 = CARTESIAN_POINT ( 'NONE',  ( 36.48960135530299453, -3.500000000000000000, 59.00000000000000000 ) ) ;
#572 = ORIENTED_EDGE ( 'NONE', *, *, #9791, .F. ) ;
#573 = AXIS2_PLACEMENT_3D ( 'NONE', #9750, #9923, #6391 ) ;
#574 = CARTESIAN_POINT ( 'NONE',  ( 74.01707195013520391, -3.500000000000000000, -57.99999999999920419 ) ) ;
#575 = DIRECTION ( 'NONE',  ( 0.000000000000000000, -1.000000000000000000, 0.000000000000000000 ) ) ;
#576 = VECTOR ( 'NONE', #10079, 1000.000000000000000 ) ;
#577 = EDGE_LOOP ( 'NONE', ( #6833, #9067, #2209, #5179 ) ) ;
#578 = DIRECTION ( 'NONE',  ( 0.000000000000000000, 1.000000000000000000, 0.000000000000000000 ) ) ;
#579 = EDGE_CURVE ( 'NONE', #11038, #7884, #6340, .T. ) ;
#580 = EDGE_LOOP ( 'NONE', ( #7601, #2620, #3383, #3750 ) ) ;
#581 = DIRECTION ( 'NONE',  ( 0.000000000000000000, -1.000000000000000000, 0.000000000000000000 ) ) ;
#582 = ADVANCED_FACE ( 'NONE', ( #1730 ), #4373, .T. ) ;
#583 = DIRECTION ( 'NONE',  ( 1.000000000000000000, 0.000000000000000000, 0.000000000000000000 ) ) ;
#584 = CIRCLE ( 'NONE', #7141, 1.499999999999996891 ) ;
#585 = VECTOR ( 'NONE', #10839, 1000.000000000000000 ) ;
#586 = DIRECTION ( 'NONE',  ( 0.000000000000000000, 1.000000000000000000, 0.000000000000000000 ) ) ;
#587 = ORIENTED_EDGE ( 'NONE', *, *, #10833, .T. ) ;
#588 = LINE ( 'NONE', #4176, #10096 ) ;
#589 = DIRECTION ( 'NONE',  ( 1.000000000000000000, -0.000000000000000000, 0.000000000000000000 ) ) ;
#590 = ORIENTED_EDGE ( 'NONE', *, *, #4355, .F. ) ;
#591 = VECTOR ( 'NONE', #1712, 1000.000000000000000 ) ;
#592 = DIRECTION ( 'NONE',  ( 0.9910643481421648193, 0.000000000000000000, -0.1333846237073302854 ) ) ;
#593 = ORIENTED_EDGE ( 'NONE', *, *, #10911, .T. ) ;
#594 = AXIS2_PLACEMENT_3D ( 'NONE', #5157, #10419, #2332 ) ;
#595 = FACE_OUTER_BOUND ( 'NONE', #9949, .T. ) ;
#596 = CARTESIAN_POINT ( 'NONE',  ( 89.24999999999994316, -3.500000000000000000, 25.60000000009224408 ) ) ;
#597 = EDGE_LOOP ( 'NONE', ( #10054, #2198 ) ) ;
#598 = VECTOR ( 'NONE', #6942, 1000.000000000000000 ) ;
#599 = CARTESIAN_POINT ( 'NONE',  ( -34.00000000000000000, 2.500000000000000000, 56.99999999999999289 ) ) ;
#600 = CIRCLE ( 'NONE', #2671, 5.500000000000001776 ) ;
#601 = DIRECTION ( 'NONE',  ( 0.000000000000000000, 0.000000000000000000, -1.000000000000000000 ) ) ;
#602 = VERTEX_POINT ( 'NONE', #11402 ) ;
#603 = AXIS2_PLACEMENT_3D ( 'NONE', #364, #11205, #9276 ) ;
#604 = EDGE_CURVE ( 'NONE', #4569, #9978, #733, .T. ) ;
#605 = CARTESIAN_POINT ( 'NONE',  ( 87.16033774973936943, -3.500000000000000000, -30.68756441539336777 ) ) ;
#606 = CYLINDRICAL_SURFACE ( 'NONE', #9218, 1.000000000000000888 ) ;
#607 = ORIENTED_EDGE ( 'NONE', *, *, #10978, .F. ) ;
#608 = CARTESIAN_POINT ( 'NONE',  ( -24.37499999999999645, 2.500000000000000000, 16.00000000000000711 ) ) ;
#609 = DIRECTION ( 'NONE',  ( 0.000000000000000000, 1.000000000000000000, 0.000000000000000000 ) ) ;
#610 = CARTESIAN_POINT ( 'NONE',  ( 39.50000000000052580, 2.500000000000000000, 55.99999999999945288 ) ) ;
#611 = CARTESIAN_POINT ( 'NONE',  ( 46.85657683199546142, -3.500000000000000000, -40.60628180161065615 ) ) ;
#612 = CIRCLE ( 'NONE', #9797, 1.000000000000000888 ) ;
#613 = ORIENTED_EDGE ( 'NONE', *, *, #7877, .F. ) ;
#614 = ORIENTED_EDGE ( 'NONE', *, *, #4686, .F. ) ;
#615 = DIRECTION ( 'NONE',  ( 0.000000000000000000, 0.000000000000000000, 1.000000000000000000 ) ) ;
#616 = ORIENTED_EDGE ( 'NONE', *, *, #1161, .T. ) ;
#617 = AXIS2_PLACEMENT_3D ( 'NONE', #2255, #1218, #5834 ) ;
#618 = EDGE_CURVE ( 'NONE', #4276, #2468, #7993, .T. ) ;
#619 = AXIS2_PLACEMENT_3D ( 'NONE', #3563, #6472, #4496 ) ;
#620 = EDGE_CURVE ( 'NONE', #10534, #258, #8576, .T. ) ;
#621 = LINE ( 'NONE', #748, #8377 ) ;
#622 = ORIENTED_EDGE ( 'NONE', *, *, #7809, .T. ) ;
#623 = AXIS2_PLACEMENT_3D ( 'NONE', #2429, #2368, #7059 ) ;
#624 = EDGE_CURVE ( 'NONE', #199, #7062, #3358, .T. ) ;
#625 = FACE_OUTER_BOUND ( 'NONE', #2634, .T. ) ;
#626 = DIRECTION ( 'NONE',  ( 0.000000000000000000, 0.000000000000000000, 1.000000000000000000 ) ) ;
#627 = VERTEX_POINT ( 'NONE', #11582 ) ;
#628 = DIRECTION ( 'NONE',  ( 0.000000000000000000, 1.000000000000000000, 0.000000000000000000 ) ) ;
#629 = LINE ( 'NONE', #4040, #1167 ) ;
#630 = CIRCLE ( 'NONE', #5127, 1.500000000000001332 ) ;
#631 = AXIS2_PLACEMENT_3D ( 'NONE', #11027, #10312, #10257 ) ;
#632 = FACE_BOUND ( 'NONE', #2197, .T. ) ;
#633 = AXIS2_PLACEMENT_3D ( 'NONE', #9526, #8641, #2435 ) ;
#634 = AXIS2_PLACEMENT_3D ( 'NONE', #10857, #6289, #4533 ) ;
#635 = ORIENTED_EDGE ( 'NONE', *, *, #4020, .T. ) ;
#636 = VECTOR ( 'NONE', #10698, 1000.000000000000000 ) ;
#637 = CARTESIAN_POINT ( 'NONE',  ( -32.20801575699088204, -3.500000000000000000, -49.88651765219851342 ) ) ;
#638 = CARTESIAN_POINT ( 'NONE',  ( 79.50000000000051159, 2.500000000000000000, 55.99999999999916866 ) ) ;
#639 = CARTESIAN_POINT ( 'NONE',  ( -29.27397948556635754, -3.500000000000000000, 0.000000000000000000 ) ) ;
#640 = AXIS2_PLACEMENT_3D ( 'NONE', #6244, #1795, #1029 ) ;
#641 = CIRCLE ( 'NONE', #6809, 6.000000000000001776 ) ;
#642 = ORIENTED_EDGE ( 'NONE', *, *, #4003, .T. ) ;
#643 = EDGE_CURVE ( 'NONE', #7052, #3137, #7092, .T. ) ;
#644 = AXIS2_PLACEMENT_3D ( 'NONE', #2369, #436, #7643 ) ;
#645 = CARTESIAN_POINT ( 'NONE',  ( -31.86832102514612686, 2.500000000000000000, -50.82705339801412947 ) ) ;
#646 = DIRECTION ( 'NONE',  ( 0.000000000000000000, -1.000000000000000000, 0.000000000000000000 ) ) ;
#647 = CARTESIAN_POINT ( 'NONE',  ( 89.24999999999995737, -3.500000000000000000, -25.60000000009247145 ) ) ;
#648 = ORIENTED_EDGE ( 'NONE', *, *, #6631, .T. ) ;
#649 = DIRECTION ( 'NONE',  ( 0.000000000000000000, 1.000000000000000000, 0.000000000000000000 ) ) ;
#650 = ORIENTED_EDGE ( 'NONE', *, *, #10716, .F. ) ;
#651 = FACE_OUTER_BOUND ( 'NONE', #1412, .T. ) ;
#652 = DIRECTION ( 'NONE',  ( 0.9910643481421647083, 0.000000000000000000, 0.1333846237073302854 ) ) ;
#653 = CIRCLE ( 'NONE', #11142, 1.000000000000000888 ) ;
#654 = EDGE_CURVE ( 'NONE', #7994, #3201, #752, .T. ) ;
#655 = DIRECTION ( 'NONE',  ( -0.000000000000000000, 1.000000000000000000, -0.000000000000000000 ) ) ;
#656 = EDGE_CURVE ( 'NONE', #3103, #11552, #7718, .T. ) ;
#657 = EDGE_LOOP ( 'NONE', ( #10048, #7927, #3062, #3196 ) ) ;
#658 = LINE ( 'NONE', #2411, #1312 ) ;
#659 = DIRECTION ( 'NONE',  ( 0.000000000000000000, 0.000000000000000000, 1.000000000000000000 ) ) ;
#660 = VERTEX_POINT ( 'NONE', #8701 ) ;
#661 = ADVANCED_FACE ( 'NONE', ( #10459 ), #7875, .T. ) ;
#662 = CIRCLE ( 'NONE', #4596, 2.000000000000003109 ) ;
#663 = DIRECTION ( 'NONE',  ( 0.4154496880128091263, 0.000000000000000000, -0.9096161590088752691 ) ) ;
#664 = ORIENTED_EDGE ( 'NONE', *, *, #3870, .T. ) ;
#665 = DIRECTION ( 'NONE',  ( 0.000000000000000000, 0.000000000000000000, 1.000000000000000000 ) ) ;
#666 = DIRECTION ( 'NONE',  ( -1.000000000000000000, 0.000000000000000000, 0.000000000000000000 ) ) ;
#667 = EDGE_LOOP ( 'NONE', ( #6555, #1321 ) ) ;
#668 = LINE ( 'NONE', #3253, #8900 ) ;
#669 = CARTESIAN_POINT ( 'NONE',  ( 127.5000000000002274, -3.500000000000000000, -10.50000000000195222 ) ) ;
#670 = ORIENTED_EDGE ( 'NONE', *, *, #3379, .F. ) ;
#671 = ADVANCED_FACE ( 'NONE', ( #5193 ), #606, .T. ) ;
#672 = DIRECTION ( 'NONE',  ( 0.000000000000000000, 0.000000000000000000, 1.000000000000000000 ) ) ;
#673 = CARTESIAN_POINT ( 'NONE',  ( 62.24760681940412610, 2.500000000000000000, -25.43776788477287099 ) ) ;
#674 = VERTEX_POINT ( 'NONE', #11345 ) ;
#675 = EDGE_CURVE ( 'NONE', #11416, #3785, #1615, .T. ) ;
#676 = CARTESIAN_POINT ( 'NONE',  ( 45.46762553391260298, -3.500000000000000000, -31.75017591079638990 ) ) ;
#677 = DIRECTION ( 'NONE',  ( 0.000000000000000000, 0.000000000000000000, 1.000000000000000000 ) ) ;
#678 = DIRECTION ( 'NONE',  ( 1.000000000000000000, 0.000000000000000000, 0.000000000000000000 ) ) ;
#679 = ORIENTED_EDGE ( 'NONE', *, *, #3326, .T. ) ;
#680 = LINE ( 'NONE', #6128, #10056 ) ;
#681 = ORIENTED_EDGE ( 'NONE', *, *, #7932, .F. ) ;
#682 = ORIENTED_EDGE ( 'NONE', *, *, #947, .F. ) ;
#683 = DIRECTION ( 'NONE',  ( 0.000000000000000000, 1.000000000000000000, 0.000000000000000000 ) ) ;
#684 = ADVANCED_FACE ( 'NONE', ( #8631 ), #11465, .F. ) ;
#685 = EDGE_LOOP ( 'NONE', ( #10466, #5594, #11294, #681 ) ) ;
#686 = DIRECTION ( 'NONE',  ( 0.000000000000000000, 1.000000000000000000, 0.000000000000000000 ) ) ;
#687 = ORIENTED_EDGE ( 'NONE', *, *, #196, .T. ) ;
#688 = DIRECTION ( 'NONE',  ( 0.1327433628318585579, 0.000000000000000000, -0.9911504424778759814 ) ) ;
#689 = CARTESIAN_POINT ( 'NONE',  ( 126.0000000000015490, -3.500000000000000000, -35.99999999999688782 ) ) ;
#690 = VERTEX_POINT ( 'NONE', #1547 ) ;
#691 = CYLINDRICAL_SURFACE ( 'NONE', #55, 5.499999999999998224 ) ;
#692 = DIRECTION ( 'NONE',  ( -0.000000000000000000, -1.000000000000000000, -0.000000000000000000 ) ) ;
#693 = FACE_BOUND ( 'NONE', #3008, .T. ) ;
#694 = EDGE_CURVE ( 'NONE', #5977, #7928, #2673, .T. ) ;
#695 = VERTEX_POINT ( 'NONE', #673 ) ;
#696 = EDGE_CURVE ( 'NONE', #7628, #2792, #4252, .T. ) ;
#697 = DIRECTION ( 'NONE',  ( 0.000000000000000000, 0.000000000000000000, 1.000000000000000000 ) ) ;
#698 = CARTESIAN_POINT ( 'NONE',  ( 21.49999999999999645, -3.500000000000000000, 10.26634360823522663 ) ) ;
#699 = DIRECTION ( 'NONE',  ( 0.000000000000000000, 0.000000000000000000, 1.000000000000000000 ) ) ;
#700 = ORIENTED_EDGE ( 'NONE', *, *, #1442, .T. ) ;
#701 = CARTESIAN_POINT ( 'NONE',  ( 51.89728435666194883, 2.500000000000000000, 33.11422999001588607 ) ) ;
#702 = VECTOR ( 'NONE', #5893, 999.9999999999998863 ) ;
#703 = CARTESIAN_POINT ( 'NONE',  ( -33.66666666666666430, -3.500000000000000000, 51.90054204125036108 ) ) ;
#704 = DIRECTION ( 'NONE',  ( 0.1327433628318585301, 0.000000000000000000, 0.9911504424778759814 ) ) ;
#705 = ORIENTED_EDGE ( 'NONE', *, *, #8029, .T. ) ;
#706 = DIRECTION ( 'NONE',  ( -0.2873478855662357501, 0.000000000000000000, 0.9578262852211841816 ) ) ;
#707 = VECTOR ( 'NONE', #7845, 1000.000000000000000 ) ;
#708 = EDGE_CURVE ( 'NONE', #1496, #11543, #9699, .T. ) ;
#709 = VERTEX_POINT ( 'NONE', #10921 ) ;
#710 = ORIENTED_EDGE ( 'NONE', *, *, #2258, .T. ) ;
#711 = CARTESIAN_POINT ( 'NONE',  ( 80.99728228756691806, -3.500000000000000000, 34.25000000000000000 ) ) ;
#712 = EDGE_CURVE ( 'NONE', #6862, #6870, #1545, .T. ) ;
#713 = DIRECTION ( 'NONE',  ( 1.000000000000000000, 0.000000000000000000, 0.000000000000000000 ) ) ;
#714 = AXIS2_PLACEMENT_3D ( 'NONE', #10747, #11523, #9979 ) ;
#715 = CARTESIAN_POINT ( 'NONE',  ( 77.88127890956920396, -3.500000000000000000, -50.39266176948437703 ) ) ;
#716 = ORIENTED_EDGE ( 'NONE', *, *, #5564, .F. ) ;
#717 = CARTESIAN_POINT ( 'NONE',  ( 88.92248353675768158, 2.500000000000000000, 37.33466346525224822 ) ) ;
#718 = DIRECTION ( 'NONE',  ( -0.000000000000000000, -1.000000000000000000, -0.000000000000000000 ) ) ;
#719 = ORIENTED_EDGE ( 'NONE', *, *, #1709, .F. ) ;
#720 = CARTESIAN_POINT ( 'NONE',  ( 82.75064805719480887, -3.500000000000000000, -32.46794823927666584 ) ) ;
#721 = AXIS2_PLACEMENT_3D ( 'NONE', #9480, #11135, #341 ) ;
#722 = ORIENTED_EDGE ( 'NONE', *, *, #10039, .T. ) ;
#723 = FACE_OUTER_BOUND ( 'NONE', #6361, .T. ) ;
#724 = EDGE_CURVE ( 'NONE', #2367, #11462, #3235, .T. ) ;
#725 = DIRECTION ( 'NONE',  ( 0.000000000000000000, 1.000000000000000000, 0.000000000000000000 ) ) ;
#726 = CIRCLE ( 'NONE', #9143, 1.000000000000000888 ) ;
#727 = EDGE_CURVE ( 'NONE', #5625, #10594, #5111, .T. ) ;
#728 = ORIENTED_EDGE ( 'NONE', *, *, #7863, .F. ) ;
#729 = LINE ( 'NONE', #7687, #8135 ) ;
#730 = DIRECTION ( 'NONE',  ( 0.000000000000000000, 1.000000000000000000, 0.000000000000000000 ) ) ;
#731 = ORIENTED_EDGE ( 'NONE', *, *, #11245, .T. ) ;
#732 = CARTESIAN_POINT ( 'NONE',  ( 76.88364003250396195, -3.500000000000000000, -50.32398374557552501 ) ) ;
#733 = LINE ( 'NONE', #6182, #352 ) ;
#734 = CIRCLE ( 'NONE', #8780, 5.249999999999991118 ) ;
#735 = ORIENTED_EDGE ( 'NONE', *, *, #10497, .F. ) ;
#736 = VECTOR ( 'NONE', #10283, 1000.000000000000000 ) ;
#737 = FACE_OUTER_BOUND ( 'NONE', #7412, .T. ) ;
#738 = CARTESIAN_POINT ( 'NONE',  ( -26.38384955752211880, -3.500000000000000000, -13.93274336283183779 ) ) ;
#739 = DIRECTION ( 'NONE',  ( 0.000000000000000000, 1.000000000000000000, 0.000000000000000000 ) ) ;
#740 = ORIENTED_EDGE ( 'NONE', *, *, #3225, .T. ) ;
#741 = LINE ( 'NONE', #11411, #9878 ) ;
#742 = ORIENTED_EDGE ( 'NONE', *, *, #498, .T. ) ;
#743 = ORIENTED_EDGE ( 'NONE', *, *, #2963, .F. ) ;
#744 = DIRECTION ( 'NONE',  ( -0.000000000000000000, -1.000000000000000000, -0.000000000000000000 ) ) ;
#745 = ADVANCED_FACE ( 'NONE', ( #5420 ), #3666, .F. ) ;
#746 = ORIENTED_EDGE ( 'NONE', *, *, #5808, .F. ) ;
#747 = VECTOR ( 'NONE', #5153, 1000.000000000000000 ) ;
#748 = CARTESIAN_POINT ( 'NONE',  ( 136.0000000000000000, 2.500000000000000000, -56.99999999999999289 ) ) ;
#749 = VERTEX_POINT ( 'NONE', #4538 ) ;
#750 = FACE_OUTER_BOUND ( 'NONE', #3909, .T. ) ;
#751 = DIRECTION ( 'NONE',  ( -1.000000000000000000, 0.000000000000000000, 0.000000000000000000 ) ) ;
#752 = CIRCLE ( 'NONE', #233, 2.000000000000003109 ) ;
#753 = ORIENTED_EDGE ( 'NONE', *, *, #1201, .T. ) ;
#754 = CARTESIAN_POINT ( 'NONE',  ( 21.49999999999999645, 6.500000000000000888, -11.00000000000000178 ) ) ;
#755 = DIRECTION ( 'NONE',  ( -7.692556537664882126E-15, 0.000000000000000000, 1.000000000000000000 ) ) ;
#756 = CIRCLE ( 'NONE', #6729, 1.000000000000000888 ) ;
#757 = FACE_BOUND ( 'NONE', #10690, .T. ) ;
#758 = ORIENTED_EDGE ( 'NONE', *, *, #7706, .F. ) ;
#759 = CYLINDRICAL_SURFACE ( 'NONE', #10724, 1.499999999999997780 ) ;
#760 = LINE ( 'NONE', #6965, #10060 ) ;
#761 = CARTESIAN_POINT ( 'NONE',  ( 56.74999999999997868, 2.500000000000000000, 25.60000000009224053 ) ) ;
#762 = ADVANCED_FACE ( 'NONE', ( #8102 ), #2774, .F. ) ;
#763 = ORIENTED_EDGE ( 'NONE', *, *, #11338, .F. ) ;
#764 = EDGE_CURVE ( 'NONE', #9109, #7402, #5537, .T. ) ;
#765 = DIRECTION ( 'NONE',  ( 0.000000000000000000, 0.000000000000000000, 1.000000000000000000 ) ) ;
#766 = CARTESIAN_POINT ( 'NONE',  ( 83.08694453782732126, -3.500000000000000000, -29.16243558469903974 ) ) ;
#767 = CARTESIAN_POINT ( 'NONE',  ( -27.81858407079645801, 2.500000000000000000, 54.77876106194688788 ) ) ;
#768 = VERTEX_POINT ( 'NONE', #905 ) ;
#769 = CARTESIAN_POINT ( 'NONE',  ( 94.00000000000153477, -3.500000000000000000, -37.24999999999690203 ) ) ;
#770 = ORIENTED_EDGE ( 'NONE', *, *, #3948, .F. ) ;
#771 = CARTESIAN_POINT ( 'NONE',  ( -31.78318584070796859, -3.500000000000000000, 54.24778761061944721 ) ) ;
#772 = CARTESIAN_POINT ( 'NONE',  ( -28.70982142857142350, -3.500000000000000000, -20.00000000000000711 ) ) ;
#773 = EDGE_CURVE ( 'NONE', #6782, #10167, #47, .T. ) ;
#774 = CARTESIAN_POINT ( 'NONE',  ( -26.38384955752211880, 2.500000000000000000, 13.93274336283183779 ) ) ;
#776 = EDGE_CURVE ( 'NONE', #2038, #863, #5588, .T. ) ;
#775 = ORIENTED_EDGE ( 'NONE', *, *, #10968, .F. ) ;
#777 = CARTESIAN_POINT ( 'NONE',  ( 74.89434043811365882, -3.500000000000000000, -58.51999999999921442 ) ) ;
#778 = DIRECTION ( 'NONE',  ( 0.000000000000000000, 0.000000000000000000, 1.000000000000000000 ) ) ;
#779 = ORIENTED_EDGE ( 'NONE', *, *, #7261, .T. ) ;
#780 = ORIENTED_EDGE ( 'NONE', *, *, #2452, .T. ) ;
#781 = CYLINDRICAL_SURFACE ( 'NONE', #4637, 1.000000000000000888 ) ;
#782 = CIRCLE ( 'NONE', #3955, 5.500000000000005329 ) ;
#783 = CARTESIAN_POINT ( 'NONE',  ( 40.75000000000051870, -3.500000000000000000, 53.99999999999944578 ) ) ;
#784 = AXIS2_PLACEMENT_3D ( 'NONE', #9376, #8499, #3776 ) ;
#785 = ORIENTED_EDGE ( 'NONE', *, *, #8209, .F. ) ;
#786 = CARTESIAN_POINT ( 'NONE',  ( -32.20801575699088204, -3.500000000000000000, 49.88651765219851342 ) ) ;
#787 = ORIENTED_EDGE ( 'NONE', *, *, #2867, .T. ) ;
#788 = CIRCLE ( 'NONE', #220, 0.9999999999999974465 ) ;
#789 = CARTESIAN_POINT ( 'NONE',  ( 127.5000000000002274, -3.500000000000000000, -9.000000000001953993 ) ) ;
#790 = CARTESIAN_POINT ( 'NONE',  ( 76.48960135530326454, -3.500000000000000000, -59.00000000000000000 ) ) ;
#791 = CIRCLE ( 'NONE', #6770, 0.9999999999999991118 ) ;
#792 = ORIENTED_EDGE ( 'NONE', *, *, #675, .F. ) ;
#793 = EDGE_CURVE ( 'NONE', #11343, #4574, #7224, .T. ) ;
#794 = LINE ( 'NONE', #9520, #1578 ) ;
#795 = DIRECTION ( 'NONE',  ( 0.000000000000000000, 1.000000000000000000, 0.000000000000000000 ) ) ;
#796 = DIRECTION ( 'NONE',  ( -0.000000000000000000, -1.000000000000000000, -0.000000000000000000 ) ) ;
#797 = ORIENTED_EDGE ( 'NONE', *, *, #2709, .T. ) ;
#798 = LINE ( 'NONE', #11283, #890 ) ;
#799 = ORIENTED_EDGE ( 'NONE', *, *, #9980, .T. ) ;
#800 = ORIENTED_EDGE ( 'NONE', *, *, #6847, .T. ) ;
#801 = CARTESIAN_POINT ( 'NONE',  ( 127.5000000000002274, 2.500000000000000000, 9.000000000001953993 ) ) ;
#802 = VECTOR ( 'NONE', #8524, 1000.000000000000000 ) ;
#803 = AXIS2_PLACEMENT_3D ( 'NONE', #6667, #5565, #10245 ) ;
#804 = ORIENTED_EDGE ( 'NONE', *, *, #11539, .F. ) ;
#805 = AXIS2_PLACEMENT_3D ( 'NONE', #7334, #1022, #8270 ) ;
#806 = CARTESIAN_POINT ( 'NONE',  ( -34.00000000000000000, -3.500000000000000000, 56.99999999999999289 ) ) ;
#807 = VERTEX_POINT ( 'NONE', #250 ) ;
#808 = EDGE_CURVE ( 'NONE', #5805, #8650, #2007, .T. ) ;
#809 = FACE_OUTER_BOUND ( 'NONE', #11018, .T. ) ;
#810 = DIRECTION ( 'NONE',  ( 0.000000000000000000, 1.000000000000000000, 0.000000000000000000 ) ) ;
#811 = ORIENTED_EDGE ( 'NONE', *, *, #6801, .T. ) ;
#812 = VECTOR ( 'NONE', #2624, 1000.000000000000000 ) ;
#813 = EDGE_CURVE ( 'NONE', #9124, #8231, #10758, .T. ) ;
#814 = FACE_OUTER_BOUND ( 'NONE', #8053, .T. ) ;
#815 = CARTESIAN_POINT ( 'NONE',  ( 126.0000000000015490, 2.500000000000000000, -35.99999999999688782 ) ) ;
#816 = FACE_BOUND ( 'NONE', #11364, .T. ) ;
#817 = EDGE_CURVE ( 'NONE', #8919, #2038, #4548, .T. ) ;
#818 = ORIENTED_EDGE ( 'NONE', *, *, #11292, .T. ) ;
#819 = CIRCLE ( 'NONE', #3631, 1.000000000000000888 ) ;
#820 = DIRECTION ( 'NONE',  ( 0.000000000000000000, 0.000000000000000000, 1.000000000000000000 ) ) ;
#821 = AXIS2_PLACEMENT_3D ( 'NONE', #754, #7781, #5334 ) ;
#822 = DIRECTION ( 'NONE',  ( 0.000000000000000000, 1.000000000000000000, 0.000000000000000000 ) ) ;
#823 = DIRECTION ( 'NONE',  ( -0.000000000000000000, -1.000000000000000000, -0.000000000000000000 ) ) ;
#824 = ORIENTED_EDGE ( 'NONE', *, *, #579, .F. ) ;
#825 = AXIS2_PLACEMENT_3D ( 'NONE', #7385, #297, #10970 ) ;
#826 = CIRCLE ( 'NONE', #2502, 1.500000000000001332 ) ;
#827 = CIRCLE ( 'NONE', #9624, 1.000000000000000888 ) ;
#828 = DIRECTION ( 'NONE',  ( 0.000000000000000000, 1.000000000000000000, 0.000000000000000000 ) ) ;
#829 = DIRECTION ( 'NONE',  ( -1.000000000000000000, 0.000000000000000000, 0.000000000000000000 ) ) ;
#830 = DIRECTION ( 'NONE',  ( 0.000000000000000000, 1.000000000000000000, 0.000000000000000000 ) ) ;
#831 = ORIENTED_EDGE ( 'NONE', *, *, #7773, .F. ) ;
#832 = CARTESIAN_POINT ( 'NONE',  ( 39.50000000000052580, -3.500000000000000000, 55.99999999999945288 ) ) ;
#833 = VERTEX_POINT ( 'NONE', #7167 ) ;
#834 = DIRECTION ( 'NONE',  ( 0.000000000000000000, 1.000000000000000000, 0.000000000000000000 ) ) ;
#835 = VECTOR ( 'NONE', #725, 1000.000000000000000 ) ;
#836 = CIRCLE ( 'NONE', #6260, 5.250000000000004441 ) ;
#837 = EDGE_CURVE ( 'NONE', #11543, #6269, #10695, .T. ) ;
#838 = CIRCLE ( 'NONE', #4012, 1.000000000000000888 ) ;
#839 = CARTESIAN_POINT ( 'NONE',  ( 79.50000000000051159, 2.500000000000000000, 55.99999999999916866 ) ) ;
#840 = ORIENTED_EDGE ( 'NONE', *, *, #11457, .F. ) ;
#841 = DIRECTION ( 'NONE',  ( -1.000000000000000000, 0.000000000000000000, 5.046468293750709826E-15 ) ) ;
#842 = CARTESIAN_POINT ( 'NONE',  ( 126.0000000000015490, 2.500000000000000000, 35.99999999999688782 ) ) ;
#843 = ORIENTED_EDGE ( 'NONE', *, *, #9497, .T. ) ;
#844 = ORIENTED_EDGE ( 'NONE', *, *, #1129, .T. ) ;
#845 = DIRECTION ( 'NONE',  ( 0.000000000000000000, 1.000000000000000000, 0.000000000000000000 ) ) ;
#846 = EDGE_CURVE ( 'NONE', #6782, #11065, #1893, .T. ) ;
#847 = DIRECTION ( 'NONE',  ( 0.000000000000000000, 1.000000000000000000, 0.000000000000000000 ) ) ;
#848 = ADVANCED_FACE ( 'NONE', ( #5364 ), #1075, .T. ) ;
#849 = EDGE_LOOP ( 'NONE', ( #1486, #9651, #8557, #1463, #8953, #1284, #4971, #9695, #10799, #10531, #8134, #9675, #5828, #6468, #6358, #10999, #4750, #2807, #7416, #11270, #2732 ) ) ;
#850 = DIRECTION ( 'NONE',  ( -1.000000000000000000, 0.000000000000000000, 1.892425610156519735E-15 ) ) ;
#851 = ORIENTED_EDGE ( 'NONE', *, *, #131, .T. ) ;
#852 = VECTOR ( 'NONE', #8084, 1000.000000000000000 ) ;
#853 = LINE ( 'NONE', #3259, #5054 ) ;
#854 = DIRECTION ( 'NONE',  ( 0.000000000000000000, 1.000000000000000000, 0.000000000000000000 ) ) ;
#855 = VERTEX_POINT ( 'NONE', #4484 ) ;
#856 = DIRECTION ( 'NONE',  ( 0.000000000000000000, 0.000000000000000000, 1.000000000000000000 ) ) ;
#857 = PLANE ( 'NONE',  #6067 ) ;
#858 = CARTESIAN_POINT ( 'NONE',  ( -24.37499999999999645, -3.500000000000000000, 5.000000000000003553 ) ) ;
#859 = VERTEX_POINT ( 'NONE', #188 ) ;
#860 = CARTESIAN_POINT ( 'NONE',  ( 125.4791691109702327, 2.500000000000000000, -41.22410137583473499 ) ) ;
#861 = CARTESIAN_POINT ( 'NONE',  ( 44.98292804986584770, 2.500000000000000000, 53.99999999999941735 ) ) ;
#862 = EDGE_CURVE ( 'NONE', #4801, #4392, #6402, .T. ) ;
#863 = VERTEX_POINT ( 'NONE', #1839 ) ;
#864 = EDGE_CURVE ( 'NONE', #8000, #7036, #3122, .T. ) ;
#865 = CYLINDRICAL_SURFACE ( 'NONE', #7438, 5.499999999999998224 ) ;
#866 = ORIENTED_EDGE ( 'NONE', *, *, #6304, .T. ) ;
#867 = DIRECTION ( 'NONE',  ( 0.000000000000000000, 0.000000000000000000, 1.000000000000000000 ) ) ;
#868 = DIRECTION ( 'NONE',  ( 1.000000000000000000, 0.000000000000000000, 0.000000000000000000 ) ) ;
#869 = ORIENTED_EDGE ( 'NONE', *, *, #888, .T. ) ;
#870 = CYLINDRICAL_SURFACE ( 'NONE', #3445, 1.000000000000000888 ) ;
#871 = DIRECTION ( 'NONE',  ( 0.000000000000000000, 1.000000000000000000, 0.000000000000000000 ) ) ;
#872 = LINE ( 'NONE', #4557, #7085 ) ;
#873 = ORIENTED_EDGE ( 'NONE', *, *, #8873, .T. ) ;
#874 = ADVANCED_FACE ( 'NONE', ( #10268 ), #11154, .F. ) ;
#875 = DIRECTION ( 'NONE',  ( 0.000000000000000000, 0.000000000000000000, 1.000000000000000000 ) ) ;
#876 = ORIENTED_EDGE ( 'NONE', *, *, #10120, .F. ) ;
#877 = EDGE_CURVE ( 'NONE', #7283, #3131, #8273, .T. ) ;
#878 = DIRECTION ( 'NONE',  ( -0.000000000000000000, 1.000000000000000000, -0.000000000000000000 ) ) ;
#879 = CARTESIAN_POINT ( 'NONE',  ( 80.99728228756691806, -3.500000000000000000, 34.25000000000000000 ) ) ;
#880 = VERTEX_POINT ( 'NONE', #1415 ) ;
#881 = CARTESIAN_POINT ( 'NONE',  ( 87.16033774973953996, -3.500000000000000000, 30.68756441539320079 ) ) ;
#882 = CARTESIAN_POINT ( 'NONE',  ( 43.21872773756807362, 2.500000000000000000, -59.70588235294130186 ) ) ;
#883 = ORIENTED_EDGE ( 'NONE', *, *, #5945, .F. ) ;
#884 = CARTESIAN_POINT ( 'NONE',  ( 132.9999999999999716, 2.500000000000000000, 60.00000000000000000 ) ) ;
#885 = ORIENTED_EDGE ( 'NONE', *, *, #9965, .F. ) ;
#886 = AXIS2_PLACEMENT_3D ( 'NONE', #11178, #389, #9302 ) ;
#887 = FACE_BOUND ( 'NONE', #5663, .T. ) ;
#888 = EDGE_CURVE ( 'NONE', #7343, #3707, #4995, .T. ) ;
#889 = ADVANCED_FACE ( 'NONE', ( #8390 ), #4885, .F. ) ;
#890 = VECTOR ( 'NONE', #5015, 1000.000000000000000 ) ;
#891 = DIRECTION ( 'NONE',  ( -0.000000000000000000, -1.000000000000000000, -0.000000000000000000 ) ) ;
#892 = CIRCLE ( 'NONE', #4267, 1.000000000000000888 ) ;
#893 = DIRECTION ( 'NONE',  ( 0.000000000000000000, -1.000000000000000000, 0.000000000000000000 ) ) ;
#894 = FACE_OUTER_BOUND ( 'NONE', #577, .T. ) ;
#895 = ORIENTED_EDGE ( 'NONE', *, *, #119, .F. ) ;
#896 = ORIENTED_EDGE ( 'NONE', *, *, #4066, .T. ) ;
#897 = LINE ( 'NONE', #4477, #6077 ) ;
#898 = CIRCLE ( 'NONE', #3134, 5.500000000000005329 ) ;
#899 = LINE ( 'NONE', #4478, #5824 ) ;
#900 = FACE_OUTER_BOUND ( 'NONE', #1135, .T. ) ;
#901 = ORIENTED_EDGE ( 'NONE', *, *, #9965, .T. ) ;
#902 = EDGE_CURVE ( 'NONE', #5182, #4886, #2949, .T. ) ;
#903 = CIRCLE ( 'NONE', #2207, 1.000000000000000000 ) ;
#904 = CARTESIAN_POINT ( 'NONE',  ( 94.00000000000153477, -3.500000000000000000, 34.74999999999690203 ) ) ;
#905 = CARTESIAN_POINT ( 'NONE',  ( -26.37499999999999645, -3.500000000000000000, 11.32455532033676704 ) ) ;
#906 = ORIENTED_EDGE ( 'NONE', *, *, #5848, .T. ) ;
#907 = ADVANCED_FACE ( 'NONE', ( #5813 ), #9387, .F. ) ;
#908 = DIRECTION ( 'NONE',  ( -0.000000000000000000, 1.000000000000000000, -0.000000000000000000 ) ) ;
#909 = CARTESIAN_POINT ( 'NONE',  ( 56.74999999999997868, 2.500000000000000000, -20.10000000009224763 ) ) ;
#910 = ORIENTED_EDGE ( 'NONE', *, *, #10381, .T. ) ;
#911 = CIRCLE ( 'NONE', #5432, 1.000000000000000888 ) ;
#912 = DIRECTION ( 'NONE',  ( 0.000000000000000000, 1.000000000000000000, 0.000000000000000000 ) ) ;
#913 = DIRECTION ( 'NONE',  ( -0.000000000000000000, -1.000000000000000000, -0.000000000000000000 ) ) ;
#914 = EDGE_LOOP ( 'NONE', ( #1276, #4543 ) ) ;
#915 = CIRCLE ( 'NONE', #7455, 5.249999999999991118 ) ;
#916 = LINE ( 'NONE', #1853, #10915 ) ;
#917 = ORIENTED_EDGE ( 'NONE', *, *, #5264, .T. ) ;
#918 = CIRCLE ( 'NONE', #5597, 1.499999999999994449 ) ;
#919 = EDGE_CURVE ( 'NONE', #10198, #3678, #4943, .T. ) ;
#920 = DIRECTION ( 'NONE',  ( 0.06867802390884975017, 0.000000000000000000, -0.9976388770652312443 ) ) ;
#921 = CARTESIAN_POINT ( 'NONE',  ( 56.74999999999997868, -3.500000000000000000, 25.60000000009224053 ) ) ;
#922 = ORIENTED_EDGE ( 'NONE', *, *, #2053, .T. ) ;
#923 = EDGE_CURVE ( 'NONE', #7218, #7883, #9790, .T. ) ;
#924 = DIRECTION ( 'NONE',  ( -0.5854410483392260556, 0.000000000000000000, -0.8107149800759005931 ) ) ;
#925 = DIRECTION ( 'NONE',  ( 0.000000000000000000, 0.000000000000000000, -1.000000000000000000 ) ) ;
#926 = DIRECTION ( 'NONE',  ( 0.000000000000000000, 1.000000000000000000, 0.000000000000000000 ) ) ;
#927 = EDGE_LOOP ( 'NONE', ( #5155, #1178, #7488, #1907 ) ) ;
#928 = ORIENTED_EDGE ( 'NONE', *, *, #4000, .T. ) ;
#929 = AXIS2_PLACEMENT_3D ( 'NONE', #9267, #8322, #3166 ) ;
#930 = DIRECTION ( 'NONE',  ( 0.000000000000000000, 0.000000000000000000, 1.000000000000000000 ) ) ;
#931 = DIRECTION ( 'NONE',  ( -0.000000000000000000, -1.000000000000000000, -0.000000000000000000 ) ) ;
#932 = CYLINDRICAL_SURFACE ( 'NONE', #10204, 5.499999999999998224 ) ;
#933 = ORIENTED_EDGE ( 'NONE', *, *, #11311, .F. ) ;
#934 = AXIS2_PLACEMENT_3D ( 'NONE', #789, #5133, #4372 ) ;
#935 = VECTOR ( 'NONE', #368, 1000.000000000000000 ) ;
#936 = LINE ( 'NONE', #2980, #2679 ) ;
#937 = ADVANCED_FACE ( 'NONE', ( #1303 ), #4775, .F. ) ;
#938 = DIRECTION ( 'NONE',  ( 0.000000000000000000, 1.000000000000000000, 0.000000000000000000 ) ) ;
#939 = ORIENTED_EDGE ( 'NONE', *, *, #9683, .T. ) ;
#940 = DIRECTION ( 'NONE',  ( 0.000000000000000000, 0.000000000000000000, 1.000000000000000000 ) ) ;
#941 = EDGE_CURVE ( 'NONE', #5293, #1692, #6518, .T. ) ;
#942 = ORIENTED_EDGE ( 'NONE', *, *, #9883, .T. ) ;
#943 = CARTESIAN_POINT ( 'NONE',  ( 132.0000000000000000, 2.500000000000000000, -56.00000000000000711 ) ) ;
#944 = AXIS2_PLACEMENT_3D ( 'NONE', #7941, #9643, #7818 ) ;
#945 = DIRECTION ( 'NONE',  ( 0.000000000000000000, 0.000000000000000000, -1.000000000000000000 ) ) ;
#946 = DIRECTION ( 'NONE',  ( -0.000000000000000000, -1.000000000000000000, -0.000000000000000000 ) ) ;
#947 = EDGE_CURVE ( 'NONE', #1388, #4357, #4399, .T. ) ;
#948 = DIRECTION ( 'NONE',  ( 0.000000000000000000, 1.000000000000000000, 0.000000000000000000 ) ) ;
#949 = CARTESIAN_POINT ( 'NONE',  ( 93.19777856741795574, 2.500000000000000000, 29.42949662270924094 ) ) ;
#950 = VERTEX_POINT ( 'NONE', #6690 ) ;
#951 = EDGE_CURVE ( 'NONE', #1099, #10861, #4944, .T. ) ;
#952 = ORIENTED_EDGE ( 'NONE', *, *, #9735, .F. ) ;
#953 = DIRECTION ( 'NONE',  ( 1.000000000000000000, 0.000000000000000000, 0.000000000000000000 ) ) ;
#954 = CARTESIAN_POINT ( 'NONE',  ( 129.4911603522845667, -3.500000000000000000, -40.67699683500193686 ) ) ;
#955 = PRODUCT ( 'chassis_Polycarbonate_6mm thickness_qty1pc', 'chassis_Polycarbonate_6mm thickness_qty1pc', '', ( #2899 ) ) ;
#956 = CYLINDRICAL_SURFACE ( 'NONE', #11502, 5.499999999999998224 ) ;
#957 = ORIENTED_EDGE ( 'NONE', *, *, #198, .T. ) ;
#958 = CARTESIAN_POINT ( 'NONE',  ( 132.2587238320729739, -3.500000000000000000, -49.90220843430040532 ) ) ;
#959 = DIRECTION ( 'NONE',  ( 0.000000000000000000, 1.000000000000000000, 0.000000000000000000 ) ) ;
#960 = ORIENTED_EDGE ( 'NONE', *, *, #5037, .F. ) ;
#961 = AXIS2_PLACEMENT_3D ( 'NONE', #772, #7859, #2349 ) ;
#962 = CARTESIAN_POINT ( 'NONE',  ( 27.69162479035540514, -0.5000000000000000000, 0.000000000000000000 ) ) ;
#963 = DIRECTION ( 'NONE',  ( 0.000000000000000000, 1.000000000000000000, 0.000000000000000000 ) ) ;
#964 = DIRECTION ( 'NONE',  ( 0.000000000000000000, 0.000000000000000000, -1.000000000000000000 ) ) ;
#965 = ORIENTED_EDGE ( 'NONE', *, *, #2670, .T. ) ;
#966 = VECTOR ( 'NONE', #2281, 1000.000000000000000 ) ;
#967 = DIRECTION ( 'NONE',  ( 0.000000000000000000, 0.000000000000000000, 1.000000000000000000 ) ) ;
#968 = DIRECTION ( 'NONE',  ( 0.000000000000000000, 0.000000000000000000, 1.000000000000000000 ) ) ;
#969 = EDGE_LOOP ( 'NONE', ( #3296, #8723, #2203, #2647 ) ) ;
#970 = AXIS2_PLACEMENT_3D ( 'NONE', #1580, #4978, #7604 ) ;
#971 = ADVANCED_FACE ( 'NONE', ( #9450 ), #3943, .T. ) ;
#972 = AXIS2_PLACEMENT_3D ( 'NONE', #11013, #5736, #3805 ) ;
#973 = CARTESIAN_POINT ( 'NONE',  ( 92.50000000000022737, -3.500000000000000000, 9.000000000001710632 ) ) ;
#974 = VERTEX_POINT ( 'NONE', #7623 ) ;
#975 = DIRECTION ( 'NONE',  ( 0.000000000000000000, 0.000000000000000000, -1.000000000000000000 ) ) ;
#976 = CARTESIAN_POINT ( 'NONE',  ( 45.49728228756692516, -3.500000000000000000, -34.25000000000000000 ) ) ;
#977 = ORIENTED_EDGE ( 'NONE', *, *, #579, .T. ) ;
#978 = FACE_OUTER_BOUND ( 'NONE', #7731, .T. ) ;
#979 = DIRECTION ( 'NONE',  ( 0.000000000000000000, 0.000000000000000000, 1.000000000000000000 ) ) ;
#980 = AXIS2_PLACEMENT_3D ( 'NONE', #3265, #7768, #3320 ) ;
#981 = ORIENTED_EDGE ( 'NONE', *, *, #8147, .T. ) ;
#982 = ORIENTED_EDGE ( 'NONE', *, *, #2814, .F. ) ;
#983 = FACE_OUTER_BOUND ( 'NONE', #6668, .T. ) ;
#984 = EDGE_CURVE ( 'NONE', #9986, #3564, #9215, .T. ) ;
#985 = ADVANCED_FACE ( 'NONE', ( #1246 ), #5759, .F. ) ;
#986 = ADVANCED_FACE ( 'NONE', ( #10217 ), #10445, .F. ) ;
#987 = CARTESIAN_POINT ( 'NONE',  ( 85.98105184898074071, 2.500000000000000000, -31.92362063310278586 ) ) ;
#988 = DIRECTION ( 'NONE',  ( 0.000000000000000000, 0.000000000000000000, 1.000000000000000000 ) ) ;
#989 = AXIS2_PLACEMENT_3D ( 'NONE', #2525, #6097, #11558 ) ;
#990 = VERTEX_POINT ( 'NONE', #11518 ) ;
#991 = VECTOR ( 'NONE', #6343, 1000.000000000000114 ) ;
#992 = DIRECTION ( 'NONE',  ( 0.000000000000000000, 1.000000000000000000, 0.000000000000000000 ) ) ;
#993 = CARTESIAN_POINT ( 'NONE',  ( 74.01707195013520391, -3.500000000000000000, -57.99999999999920419 ) ) ;
#994 = ORIENTED_EDGE ( 'NONE', *, *, #6259, .T. ) ;
#995 = CARTESIAN_POINT ( 'NONE',  ( 126.0000000000015490, 2.500000000000000000, -37.24999999999689493 ) ) ;
#996 = AXIS2_PLACEMENT_3D ( 'NONE', #3171, #4233, #2348 ) ;
#997 = VERTEX_POINT ( 'NONE', #2412 ) ;
#998 = AXIS2_PLACEMENT_3D ( 'NONE', #2738, #7128, #8175 ) ;
#999 = CARTESIAN_POINT ( 'NONE',  ( 74.01707195013520391, -3.500000000000000000, 57.99999999999920419 ) ) ;
#1000 = FACE_OUTER_BOUND ( 'NONE', #8206, .T. ) ;
#1001 = ADVANCED_FACE ( 'NONE', ( #1472 ), #4359, .T. ) ;
#1002 = VECTOR ( 'NONE', #7532, 1000.000000000000000 ) ;
#1003 = VECTOR ( 'NONE', #11342, 1000.000000000000000 ) ;
#1004 = CARTESIAN_POINT ( 'NONE',  ( -26.37499999999999645, -3.500000000000000000, -7.000000000000006217 ) ) ;
#1005 = CARTESIAN_POINT ( 'NONE',  ( 94.00000000000153477, 2.500000000000000000, -35.99999999999690203 ) ) ;
#1006 = CARTESIAN_POINT ( 'NONE',  ( -26.56270587296968699, -3.500000000000000000, -15.26820385150702641 ) ) ;
#1007 = ORIENTED_EDGE ( 'NONE', *, *, #11483, .T. ) ;
#1008 = ORIENTED_EDGE ( 'NONE', *, *, #6931, .F. ) ;
#1009 = VECTOR ( 'NONE', #305, 1000.000000000000000 ) ;
#1010 = PLANE ( 'NONE',  #5518 ) ;
#1011 = AXIS2_PLACEMENT_3D ( 'NONE', #7051, #1609, #4186 ) ;
#1012 = VECTOR ( 'NONE', #5706, 1000.000000000000000 ) ;
#1013 = CARTESIAN_POINT ( 'NONE',  ( 92.50000000000022737, -3.500000000000000000, -10.50000000000170886 ) ) ;
#1014 = EDGE_CURVE ( 'NONE', #10147, #1761, #10387, .T. ) ;
#1015 = EDGE_CURVE ( 'NONE', #7490, #9733, #10178, .T. ) ;
#1016 = DIRECTION ( 'NONE',  ( 0.000000000000000000, -1.000000000000000000, 0.000000000000000000 ) ) ;
#1017 = ORIENTED_EDGE ( 'NONE', *, *, #6783, .F. ) ;
#1018 = AXIS2_PLACEMENT_3D ( 'NONE', #3490, #7050, #7219 ) ;
#1019 = VECTOR ( 'NONE', #10967, 1000.000000000000000 ) ;
#1020 = EDGE_CURVE ( 'NONE', #4242, #11329, #630, .T. ) ;
#1021 = FACE_OUTER_BOUND ( 'NONE', #8563, .T. ) ;
#1022 = DIRECTION ( 'NONE',  ( 0.1333846237073302854, -0.000000000000000000, 0.9910643481421647083 ) ) ;
#1023 = ORIENTED_EDGE ( 'NONE', *, *, #11020, .F. ) ;
#1024 = CIRCLE ( 'NONE', #4209, 1.499999999999994449 ) ;
#1025 = CARTESIAN_POINT ( 'NONE',  ( 45.49728228756692516, -3.500000000000000000, 35.75000000000000000 ) ) ;
#1026 = CARTESIAN_POINT ( 'NONE',  ( 74.89434043811361619, -3.500000000000000000, -53.47999999999920107 ) ) ;
#1027 = ORIENTED_EDGE ( 'NONE', *, *, #4752, .F. ) ;
#1028 = CARTESIAN_POINT ( 'NONE',  ( 80.75000000000051159, -3.500000000000000000, -53.99999999999998579 ) ) ;
#1029 = DIRECTION ( 'NONE',  ( 1.000000000000000000, 0.000000000000000000, 0.000000000000000000 ) ) ;
#1030 = VERTEX_POINT ( 'NONE', #4177 ) ;
#1031 = ADVANCED_FACE ( 'NONE', ( #5053 ), #1531, .F. ) ;
#1032 = AXIS2_PLACEMENT_3D ( 'NONE', #599, #7871, #5063 ) ;
#1033 = CARTESIAN_POINT ( 'NONE',  ( 85.80820683080756339, -3.500000000000000000, 36.91552153231685907 ) ) ;
#1034 = ORIENTED_EDGE ( 'NONE', *, *, #3859, .T. ) ;
#1035 = EDGE_CURVE ( 'NONE', #8047, #1424, #9052, .T. ) ;
#1036 = LINE ( 'NONE', #6359, #6542 ) ;
#1037 = FACE_OUTER_BOUND ( 'NONE', #6939, .T. ) ;
#1038 = ORIENTED_EDGE ( 'NONE', *, *, #11288, .F. ) ;
#1039 = DIRECTION ( 'NONE',  ( 0.9911504424778760924, -0.000000000000000000, 0.1327433628318585856 ) ) ;
#1040 = CARTESIAN_POINT ( 'NONE',  ( 42.51039864469806417, -3.500000000000000000, 60.00000000000000000 ) ) ;
#1041 = FACE_OUTER_BOUND ( 'NONE', #7485, .T. ) ;
#1042 = ADVANCED_FACE ( 'NONE', ( #8684 ), #3242, .T. ) ;
#1043 = AXIS2_PLACEMENT_3D ( 'NONE', #4405, #5162, #7787 ) ;
#1044 = ORIENTED_EDGE ( 'NONE', *, *, #4981, .F. ) ;
#1045 = ORIENTED_EDGE ( 'NONE', *, *, #8166, .T. ) ;
#1046 = CARTESIAN_POINT ( 'NONE',  ( 44.98292804986584059, 2.500000000000000000, -52.99999999999941025 ) ) ;
#1047 = ORIENTED_EDGE ( 'NONE', *, *, #5333, .T. ) ;
#1048 = DIRECTION ( 'NONE',  ( 0.7928260876681227920, 0.000000000000000000, -0.6094479425782468596 ) ) ;
#1049 = DIRECTION ( 'NONE',  ( 0.000000000000000000, 0.000000000000000000, 1.000000000000000000 ) ) ;
#1050 = ORIENTED_EDGE ( 'NONE', *, *, #198, .F. ) ;
#1051 = EDGE_LOOP ( 'NONE', ( #6564, #8421, #3794, #5444 ) ) ;
#1052 = CARTESIAN_POINT ( 'NONE',  ( 125.4791691109702327, -3.500000000000000000, 41.22410137583473499 ) ) ;
#1053 = EDGE_CURVE ( 'NONE', #6982, #433, #6110, .T. ) ;
#1054 = DIRECTION ( 'NONE',  ( -0.000000000000000000, -1.000000000000000000, -0.000000000000000000 ) ) ;
#1055 = ORIENTED_EDGE ( 'NONE', *, *, #10782, .T. ) ;
#1056 = DIRECTION ( 'NONE',  ( 0.000000000000000000, 0.000000000000000000, 1.000000000000000000 ) ) ;
#1057 = EDGE_CURVE ( 'NONE', #10190, #5055, #67, .T. ) ;
#1058 = EDGE_LOOP ( 'NONE', ( #6376, #8212, #2047, #7886 ) ) ;
#1059 = CARTESIAN_POINT ( 'NONE',  ( 98.85412195973844973, 2.500000000000000000, -37.99999999999690203 ) ) ;
#1060 = ORIENTED_EDGE ( 'NONE', *, *, #1114, .F. ) ;
#1061 = FACE_OUTER_BOUND ( 'NONE', #10476, .T. ) ;
#1062 = CARTESIAN_POINT ( 'NONE',  ( -3.123475382979882475, -3.500000000000000000, -53.99999999999977263 ) ) ;
#1063 = ADVANCED_FACE ( 'NONE', ( #2353 ), #10628, .T. ) ;
#1064 = DIRECTION ( 'NONE',  ( -0.000000000000000000, 1.000000000000000000, -0.000000000000000000 ) ) ;
#1065 = CYLINDRICAL_SURFACE ( 'NONE', #2121, 1.000000000000000888 ) ;
#1066 = EDGE_LOOP ( 'NONE', ( #2351, #9677, #208, #3860 ) ) ;
#1067 = EDGE_CURVE ( 'NONE', #4714, #426, #6059, .T. ) ;
#1068 = VERTEX_POINT ( 'NONE', #3303 ) ;
#1069 = DIRECTION ( 'NONE',  ( 0.6902962621009354205, 0.000000000000000000, 0.7235268277883527555 ) ) ;
#1070 = CYLINDRICAL_SURFACE ( 'NONE', #7691, 5.250000000000004441 ) ;
#1071 = CIRCLE ( 'NONE', #5387, 1.000000000000000888 ) ;
#1072 = DIRECTION ( 'NONE',  ( 0.000000000000000000, 0.000000000000000000, 1.000000000000000000 ) ) ;
#1073 = EDGE_LOOP ( 'NONE', ( #10230, #9270, #316, #8404 ) ) ;
#1074 = SURFACE_STYLE_FILL_AREA ( #9099 ) ;
#1075 = PLANE ( 'NONE',  #11098 ) ;
#1076 = ORIENTED_EDGE ( 'NONE', *, *, #4691, .T. ) ;
#1077 = CARTESIAN_POINT ( 'NONE',  ( 80.99728228756691806, -3.500000000000000000, 34.25000000000000000 ) ) ;
#1078 = DIRECTION ( 'NONE',  ( 0.05547001962248444135, 0.000000000000000000, 0.9984603532054145969 ) ) ;
#1079 = LINE ( 'NONE', #6852, #10884 ) ;
#1080 = ADVANCED_FACE ( 'NONE', ( #5296 ), #6924, .T. ) ;
#1081 = ORIENTED_EDGE ( 'NONE', *, *, #8503, .F. ) ;
#1082 = FACE_OUTER_BOUND ( 'NONE', #3875, .T. ) ;
#1083 = EDGE_CURVE ( 'NONE', #11285, #6953, #11260, .T. ) ;
#1084 = CIRCLE ( 'NONE', #4456, 1.500000000000001332 ) ;
#1085 = CARTESIAN_POINT ( 'NONE',  ( 89.55931393138254748, -3.500000000000000000, -31.09129537476070837 ) ) ;
#1086 = ORIENTED_EDGE ( 'NONE', *, *, #1300, .T. ) ;
#1087 = CIRCLE ( 'NONE', #721, 5.500000000000005329 ) ;
#1088 = DIRECTION ( 'NONE',  ( 0.000000000000000000, 0.000000000000000000, -1.000000000000000000 ) ) ;
#1089 = ORIENTED_EDGE ( 'NONE', *, *, #11043, .F. ) ;
#1090 = CARTESIAN_POINT ( 'NONE',  ( -24.23371870266458927, -3.500000000000000000, -57.99999999999993605 ) ) ;
#1091 = DIRECTION ( 'NONE',  ( 0.000000000000000000, 0.000000000000000000, 1.000000000000000000 ) ) ;
#1092 = EDGE_LOOP ( 'NONE', ( #7354, #3887, #8381, #5427 ) ) ;
#1093 = CARTESIAN_POINT ( 'NONE',  ( 46.24055067520988160, -3.500000000000000000, 31.86304543320769866 ) ) ;
#1094 = LINE ( 'NONE', #275, #4019 ) ;
#1095 = DIRECTION ( 'NONE',  ( -0.000000000000000000, 1.000000000000000000, -0.000000000000000000 ) ) ;
#1096 = EDGE_CURVE ( 'NONE', #2958, #8919, #6047, .T. ) ;
#1097 = ORIENTED_EDGE ( 'NONE', *, *, #3298, .F. ) ;
#1098 = VECTOR ( 'NONE', #9179, 1000.000000000000000 ) ;
#1099 = VERTEX_POINT ( 'NONE', #9503 ) ;
#1100 = CARTESIAN_POINT ( 'NONE',  ( 136.0000000000000000, -3.500000000000000000, -56.99999999999999289 ) ) ;
#1101 = EDGE_LOOP ( 'NONE', ( #1998, #9092, #10385, #1007 ) ) ;
#1102 = CIRCLE ( 'NONE', #2600, 5.499999999999991118 ) ;
#1103 = DIRECTION ( 'NONE',  ( 0.000000000000000000, -1.000000000000000000, 0.000000000000000000 ) ) ;
#1104 = CARTESIAN_POINT ( 'NONE',  ( 89.24999999999994316, 2.500000000000000000, 27.10000000009224053 ) ) ;
#1105 = ORIENTED_EDGE ( 'NONE', *, *, #888, .F. ) ;
#1106 = ORIENTED_EDGE ( 'NONE', *, *, #6634, .F. ) ;
#1107 = CARTESIAN_POINT ( 'NONE',  ( 50.91266865372425343, 2.500000000000000000, -33.28896383770575085 ) ) ;
#1108 = LINE ( 'NONE', #8420, #8446 ) ;
#1109 = AXIS2_PLACEMENT_3D ( 'NONE', #10848, #1064, #9029 ) ;
#1110 = ORIENTED_EDGE ( 'NONE', *, *, #3282, .F. ) ;
#1111 = DIRECTION ( 'NONE',  ( 0.000000000000000000, 1.000000000000000000, 0.000000000000000000 ) ) ;
#1112 = ORIENTED_EDGE ( 'NONE', *, *, #4855, .F. ) ;
#1113 = FACE_BOUND ( 'NONE', #2354, .T. ) ;
#1114 = EDGE_CURVE ( 'NONE', #9362, #12, #7551, .T. ) ;
#1115 = ORIENTED_EDGE ( 'NONE', *, *, #10080, .F. ) ;
#1116 = VECTOR ( 'NONE', #3732, 1000.000000000000000 ) ;
#1117 = CARTESIAN_POINT ( 'NONE',  ( 45.89255334071719261, -3.500000000000000000, -40.34046474372370028 ) ) ;
#1118 = VECTOR ( 'NONE', #532, 1000.000000000000000 ) ;
#1119 = EDGE_CURVE ( 'NONE', #2577, #8188, #7736, .T. ) ;
#1120 = DIRECTION ( 'NONE',  ( 0.000000000000000000, 1.000000000000000000, 0.000000000000000000 ) ) ;
#1121 = DIRECTION ( 'NONE',  ( -0.000000000000000000, 1.000000000000000000, -0.000000000000000000 ) ) ;
#1122 = DIRECTION ( 'NONE',  ( 0.000000000000000000, 1.000000000000000000, 0.000000000000000000 ) ) ;
#1123 = EDGE_LOOP ( 'NONE', ( #5417, #2838, #1894, #5878 ) ) ;
#1124 = ORIENTED_EDGE ( 'NONE', *, *, #8978, .T. ) ;
#1125 = VECTOR ( 'NONE', #11344, 1000.000000000000000 ) ;
#1126 = DIRECTION ( 'NONE',  ( 0.000000000000000000, -1.000000000000000000, 0.000000000000000000 ) ) ;
#1127 = CARTESIAN_POINT ( 'NONE',  ( 44.98292804986584770, 2.500000000000000000, -53.99999999999941735 ) ) ;
#1128 = ADVANCED_FACE ( 'NONE', ( #10033 ), #6333, .F. ) ;
#1129 = EDGE_CURVE ( 'NONE', #5679, #3446, #4756, .T. ) ;
#1130 = ADVANCED_FACE ( 'NONE', ( #894 ), #3706, .T. ) ;
#1131 = LINE ( 'NONE', #4771, #5324 ) ;
#1132 = ORIENTED_EDGE ( 'NONE', *, *, #6525, .T. ) ;
#1133 = DIRECTION ( 'NONE',  ( 0.1921353852253143424, 0.000000000000000000, 0.9813684291561044493 ) ) ;
#1134 = DIRECTION ( 'NONE',  ( 1.000000000000000000, 0.000000000000000000, 0.000000000000000000 ) ) ;
#1135 = EDGE_LOOP ( 'NONE', ( #6010, #30, #9560, #11227 ) ) ;
#1136 = DIRECTION ( 'NONE',  ( 0.000000000000000000, 0.000000000000000000, 1.000000000000000000 ) ) ;
#1137 = CARTESIAN_POINT ( 'NONE',  ( 126.0000000000015490, 2.500000000000000000, -34.74999999999688072 ) ) ;
#1138 = VERTEX_POINT ( 'NONE', #8204 ) ;
#1139 = DIRECTION ( 'NONE',  ( -0.000000000000000000, -1.000000000000000000, -0.000000000000000000 ) ) ;
#1140 = CYLINDRICAL_SURFACE ( 'NONE', #1382, 6.000000000000003553 ) ;
#1141 = VERTEX_POINT ( 'NONE', #10684 ) ;
#1142 = DIRECTION ( 'NONE',  ( -1.000000000000000000, 0.000000000000000000, 0.000000000000000000 ) ) ;
#1143 = VERTEX_POINT ( 'NONE', #9091 ) ;
#1144 = ADVANCED_FACE ( 'NONE', ( #1997 ), #1065, .F. ) ;
#1145 = CARTESIAN_POINT ( 'NONE',  ( 84.98292804986539295, -3.500000000000000000, -57.99999999999998579 ) ) ;
#1146 = DIRECTION ( 'NONE',  ( -0.000000000000000000, -0.000000000000000000, 1.000000000000000000 ) ) ;
#1147 = VECTOR ( 'NONE', #1873, 1000.000000000000000 ) ;
#1148 = VERTEX_POINT ( 'NONE', #4642 ) ;
#1149 = LINE ( 'NONE', #2913, #7355 ) ;
#1150 = DIRECTION ( 'NONE',  ( 0.2658170578869502587, 0.000000000000000000, 0.9640234912782601473 ) ) ;
#1151 = DIRECTION ( 'NONE',  ( 0.000000000000000000, 1.000000000000000000, 0.000000000000000000 ) ) ;
#1152 = ORIENTED_EDGE ( 'NONE', *, *, #1467, .F. ) ;
#1153 = EDGE_LOOP ( 'NONE', ( #5187, #7771, #334, #9662 ) ) ;
#1154 = CARTESIAN_POINT ( 'NONE',  ( 40.75000000000051870, -3.500000000000000000, -53.99999999999944578 ) ) ;
#1155 = VECTOR ( 'NONE', #302, 1000.000000000000000 ) ;
#1156 = AXIS2_PLACEMENT_3D ( 'NONE', #9731, #1705, #829 ) ;
#1157 = ORIENTED_EDGE ( 'NONE', *, *, #6991, .F. ) ;
#1158 = EDGE_CURVE ( 'NONE', #3890, #4644, #10560, .T. ) ;
#1159 = CARTESIAN_POINT ( 'NONE',  ( 74.01707195013517548, -3.500000000000000000, -53.99999999999920419 ) ) ;
#1160 = CARTESIAN_POINT ( 'NONE',  ( -28.70982142857141994, 2.500000000000000000, 20.00000000000000711 ) ) ;
#1161 = EDGE_CURVE ( 'NONE', #7388, #9310, #2690, .T. ) ;
#1162 = ORIENTED_EDGE ( 'NONE', *, *, #1608, .T. ) ;
#1163 = ORIENTED_EDGE ( 'NONE', *, *, #360, .F. ) ;
#1164 = AXIS2_PLACEMENT_3D ( 'NONE', #9740, #9085, #57 ) ;
#1165 = CYLINDRICAL_SURFACE ( 'NONE', #9032, 1.000000000000000888 ) ;
#1166 = DIRECTION ( 'NONE',  ( 0.000000000000000000, 1.000000000000000000, 0.000000000000000000 ) ) ;
#1167 = VECTOR ( 'NONE', #10540, 1000.000000000000000 ) ;
#1168 = EDGE_LOOP ( 'NONE', ( #10870, #2056, #6639, #572 ) ) ;
#1169 = FACE_OUTER_BOUND ( 'NONE', #8122, .T. ) ;
#1170 = VERTEX_POINT ( 'NONE', #177 ) ;
#1171 = DIRECTION ( 'NONE',  ( 0.000000000000000000, 1.000000000000000000, 0.000000000000000000 ) ) ;
#1172 = CIRCLE ( 'NONE', #10156, 5.250000000000004441 ) ;
#1173 = VERTEX_POINT ( 'NONE', #1006 ) ;
#1174 = DIRECTION ( 'NONE',  ( 0.000000000000000000, 1.000000000000000000, 0.000000000000000000 ) ) ;
#1175 = FACE_OUTER_BOUND ( 'NONE', #1715, .T. ) ;
#1176 = CYLINDRICAL_SURFACE ( 'NONE', #11032, 5.499999999999998224 ) ;
#1177 = DIRECTION ( 'NONE',  ( -0.3360007070955605135, 0.000000000000000000, 0.9418617333936459834 ) ) ;
#1178 = ORIENTED_EDGE ( 'NONE', *, *, #10820, .T. ) ;
#1179 = VECTOR ( 'NONE', #7656, 1000.000000000000114 ) ;
#1180 = ORIENTED_EDGE ( 'NONE', *, *, #4640, .T. ) ;
#1181 = CARTESIAN_POINT ( 'NONE',  ( 133.0293885607873676, -3.500000000000000000, -50.59718969508274711 ) ) ;
#1182 = EDGE_CURVE ( 'NONE', #9617, #10598, #6219, .T. ) ;
#1183 = CARTESIAN_POINT ( 'NONE',  ( 74.89424117543212844, 2.500000000000000000, -34.19624887357070264 ) ) ;
#1184 = CIRCLE ( 'NONE', #7534, 1.499999999999996891 ) ;
#1185 = CIRCLE ( 'NONE', #5489, 1.000000000000000888 ) ;
#1186 = DIRECTION ( 'NONE',  ( -0.000000000000000000, -1.000000000000000000, -0.000000000000000000 ) ) ;
#1187 = ORIENTED_EDGE ( 'NONE', *, *, #1201, .F. ) ;
#1188 = FACE_OUTER_BOUND ( 'NONE', #3781, .T. ) ;
#1189 = DIRECTION ( 'NONE',  ( -0.000000000000000000, -1.000000000000000000, -0.000000000000000000 ) ) ;
#1190 = AXIS2_PLACEMENT_3D ( 'NONE', #2120, #10100, #2065 ) ;
#1191 = VECTOR ( 'NONE', #3933, 1000.000000000000000 ) ;
#1192 = ORIENTED_EDGE ( 'NONE', *, *, #1940, .T. ) ;
#1193 = CIRCLE ( 'NONE', #429, 1.000000000000000000 ) ;
#1194 = EDGE_CURVE ( 'NONE', #1219, #9781, #5506, .T. ) ;
#1195 = VECTOR ( 'NONE', #6043, 1000.000000000000000 ) ;
#1196 = DIRECTION ( 'NONE',  ( 0.4154496880128091818, 0.000000000000000000, 0.9096161590088753801 ) ) ;
#1197 = ORIENTED_EDGE ( 'NONE', *, *, #6132, .T. ) ;
#1198 = PLANE ( 'NONE',  #4075 ) ;
#1199 = CIRCLE ( 'NONE', #5327, 1.000000000000000888 ) ;
#1200 = CIRCLE ( 'NONE', #3262, 1.499999999999994449 ) ;
#1201 = EDGE_CURVE ( 'NONE', #6663, #7039, #3761, .T. ) ;
#1202 = DIRECTION ( 'NONE',  ( 0.000000000000000000, 0.000000000000000000, 1.000000000000000000 ) ) ;
#1203 = ORIENTED_EDGE ( 'NONE', *, *, #8666, .F. ) ;
#1204 = AXIS2_PLACEMENT_3D ( 'NONE', #10275, #2242, #6580 ) ;
#1205 = LINE ( 'NONE', #4784, #8858 ) ;
#1206 = ORIENTED_EDGE ( 'NONE', *, *, #10782, .F. ) ;
#1207 = AXIS2_PLACEMENT_3D ( 'NONE', #5891, #5777, #381 ) ;
#1208 = DIRECTION ( 'NONE',  ( -0.000000000000000000, -1.000000000000000000, -0.000000000000000000 ) ) ;
#1209 = LINE ( 'NONE', #7584, #8965 ) ;
#1210 = ORIENTED_EDGE ( 'NONE', *, *, #6586, .F. ) ;
#1211 = EDGE_CURVE ( 'NONE', #4859, #8810, #7266, .T. ) ;
#1212 = DIRECTION ( 'NONE',  ( 0.000000000000000000, 0.000000000000000000, 1.000000000000000000 ) ) ;
#1213 = CARTESIAN_POINT ( 'NONE',  ( 24.37500000000000355, 2.500000000000000000, -5.000000000000003553 ) ) ;
#1214 = FACE_OUTER_BOUND ( 'NONE', #9930, .T. ) ;
#1216 = ORIENTED_EDGE ( 'NONE', *, *, #3193, .F. ) ;
#1215 = EDGE_CURVE ( 'NONE', #2181, #5374, #11302, .T. ) ;
#1217 = VERTEX_POINT ( 'NONE', #8973 ) ;
#1218 = DIRECTION ( 'NONE',  ( 0.000000000000000000, 0.000000000000000000, 1.000000000000000000 ) ) ;
#1219 = VERTEX_POINT ( 'NONE', #949 ) ;
#1220 = CARTESIAN_POINT ( 'NONE',  ( 127.1208389022546754, -3.500000000000000000, 58.53846153846153300 ) ) ;
#1221 = ORIENTED_EDGE ( 'NONE', *, *, #9584, .T. ) ;
#1222 = ORIENTED_EDGE ( 'NONE', *, *, #6112, .T. ) ;
#1223 = EDGE_LOOP ( 'NONE', ( #160, #2523, #928, #8702 ) ) ;
#1224 = AXIS2_PLACEMENT_3D ( 'NONE', #11432, #1641, #8842 ) ;
#1225 = FACE_OUTER_BOUND ( 'NONE', #4560, .T. ) ;
#1226 = CARTESIAN_POINT ( 'NONE',  ( 125.2188800135601525, -3.500000000000000000, -14.00464700128622297 ) ) ;
#1227 = ORIENTED_EDGE ( 'NONE', *, *, #568, .T. ) ;
#1228 = LINE ( 'NONE', #3920, #1662 ) ;
#1229 = EDGE_CURVE ( 'NONE', #9081, #10527, #10849, .T. ) ;
#1230 = ORIENTED_EDGE ( 'NONE', *, *, #5147, .F. ) ;
#1231 = EDGE_CURVE ( 'NONE', #2812, #11586, #68, .T. ) ;
#1232 = CARTESIAN_POINT ( 'NONE',  ( 22.37500000000000711, -3.500000000000000000, -14.00000000000000533 ) ) ;
#1233 = ORIENTED_EDGE ( 'NONE', *, *, #6450, .T. ) ;
#1234 = DIRECTION ( 'NONE',  ( 0.000000000000000000, 1.000000000000000000, 0.000000000000000000 ) ) ;
#1235 = DIRECTION ( 'NONE',  ( 0.000000000000000000, 0.000000000000000000, 1.000000000000000000 ) ) ;
#1236 = CARTESIAN_POINT ( 'NONE',  ( 133.2165501172941333, -3.500000000000000000, -49.61486054873415696 ) ) ;
#1237 = DIRECTION ( 'NONE',  ( 0.9418617333936458724, 0.000000000000000000, 0.3360007070955604580 ) ) ;
#1238 = ORIENTED_EDGE ( 'NONE', *, *, #9469, .F. ) ;
#1239 = VERTEX_POINT ( 'NONE', #121 ) ;
#1240 = FACE_OUTER_BOUND ( 'NONE', #8740, .T. ) ;
#1241 = EDGE_CURVE ( 'NONE', #11322, #10123, #1828, .T. ) ;
#1242 = FACE_OUTER_BOUND ( 'NONE', #4844, .T. ) ;
#1243 = EDGE_CURVE ( 'NONE', #5160, #5749, #8479, .T. ) ;
#1244 = DIRECTION ( 'NONE',  ( 0.05547001962248444135, 0.000000000000000000, -0.9984603532054145969 ) ) ;
#1245 = DIRECTION ( 'NONE',  ( -0.000000000000000000, -1.000000000000000000, -0.000000000000000000 ) ) ;
#1246 = FACE_OUTER_BOUND ( 'NONE', #5544, .T. ) ;
#1247 = ORIENTED_EDGE ( 'NONE', *, *, #9358, .F. ) ;
#1248 = DIRECTION ( 'NONE',  ( 0.000000000000000000, 0.000000000000000000, 1.000000000000000000 ) ) ;
#1249 = ORIENTED_EDGE ( 'NONE', *, *, #846, .F. ) ;
#1250 = DIRECTION ( 'NONE',  ( 0.000000000000000000, 1.000000000000000000, 0.000000000000000000 ) ) ;
#1251 = DIRECTION ( 'NONE',  ( 1.000000000000000000, 0.000000000000000000, -0.000000000000000000 ) ) ;
#1252 = AXIS2_PLACEMENT_3D ( 'NONE', #10603, #2443, #3457 ) ;
#1253 = ORIENTED_EDGE ( 'NONE', *, *, #9787, .T. ) ;
#1254 = EDGE_CURVE ( 'NONE', #6854, #833, #1776, .T. ) ;
#1255 = CARTESIAN_POINT ( 'NONE',  ( 127.5000000000002274, -3.500000000000000000, -7.500000000001957545 ) ) ;
#1256 = ORIENTED_EDGE ( 'NONE', *, *, #2628, .F. ) ;
#1257 = EDGE_CURVE ( 'NONE', #8231, #4034, #8379, .T. ) ;
#1258 = VECTOR ( 'NONE', #2614, 1000.000000000000000 ) ;
#1259 = DIRECTION ( 'NONE',  ( 0.000000000000000000, 0.000000000000000000, 1.000000000000000000 ) ) ;
#1260 = CARTESIAN_POINT ( 'NONE',  ( 132.0000000000000000, 2.500000000000000000, -56.00000000000000711 ) ) ;
#1261 = VERTEX_POINT ( 'NONE', #2110 ) ;
#1262 = AXIS2_PLACEMENT_3D ( 'NONE', #7198, #2688, #3634 ) ;
#1263 = CARTESIAN_POINT ( 'NONE',  ( 75.78127226243331904, -3.500000000000000000, 59.70588235294136581 ) ) ;
#1264 = CARTESIAN_POINT ( 'NONE',  ( 94.00000000000153477, -3.500000000000000000, -35.99999999999690203 ) ) ;
#1265 = DIRECTION ( 'NONE',  ( 0.000000000000000000, 0.000000000000000000, 1.000000000000000000 ) ) ;
#1266 = ORIENTED_EDGE ( 'NONE', *, *, #11160, .T. ) ;
#1267 = ORIENTED_EDGE ( 'NONE', *, *, #8316, .F. ) ;
#1268 = DIRECTION ( 'NONE',  ( 0.000000000000000000, 1.000000000000000000, 0.000000000000000000 ) ) ;
#1269 = EDGE_LOOP ( 'NONE', ( #7292, #2201, #2925, #2303 ) ) ;
#1270 = VECTOR ( 'NONE', #2787, 1000.000000000000000 ) ;
#1271 = ADVANCED_FACE ( 'NONE', ( #9374 ), #6680, .F. ) ;
#1272 = DIRECTION ( 'NONE',  ( 0.000000000000000000, 1.000000000000000000, 0.000000000000000000 ) ) ;
#1273 = VERTEX_POINT ( 'NONE', #11194 ) ;
#1274 = ADVANCED_FACE ( 'NONE', ( #3992 ), #8431, .T. ) ;
#1275 = CARTESIAN_POINT ( 'NONE',  ( 45.49728228756692516, -3.500000000000000000, -34.25000000000000000 ) ) ;
#1276 = ORIENTED_EDGE ( 'NONE', *, *, #9977, .F. ) ;
#1277 = DIRECTION ( 'NONE',  ( 1.000000000000000000, 0.000000000000000000, 0.000000000000000000 ) ) ;
#1278 = AXIS2_PLACEMENT_3D ( 'NONE', #457, #6554, #7486 ) ;
#1279 = CARTESIAN_POINT ( 'NONE',  ( -28.50000000000001421, 2.500000000000000000, 53.99999999999996447 ) ) ;
#1280 = VERTEX_POINT ( 'NONE', #5802 ) ;
#1281 = CARTESIAN_POINT ( 'NONE',  ( 132.0000000000000000, 2.500000000000000000, 56.00000000000000711 ) ) ;
#1282 = ORIENTED_EDGE ( 'NONE', *, *, #5351, .T. ) ;
#1283 = DIRECTION ( 'NONE',  ( 0.000000000000000000, -0.000000000000000000, 1.000000000000000000 ) ) ;
#1284 = ORIENTED_EDGE ( 'NONE', *, *, #8492, .F. ) ;
#1285 = FACE_OUTER_BOUND ( 'NONE', #7324, .T. ) ;
#1286 = DIRECTION ( 'NONE',  ( 0.000000000000000000, 1.000000000000000000, 0.000000000000000000 ) ) ;
#1287 = AXIS2_PLACEMENT_3D ( 'NONE', #120, #5408, #63 ) ;
#1288 = ADVANCED_FACE ( 'NONE', ( #7559 ), #4929, .T. ) ;
#1289 = VECTOR ( 'NONE', #9462, 1000.000000000000000 ) ;
#1290 = CARTESIAN_POINT ( 'NONE',  ( 128.3010588329270547, -3.500000000000000000, -30.63645376197341008 ) ) ;
#1291 = DIRECTION ( 'NONE',  ( 0.000000000000000000, 1.000000000000000000, 0.000000000000000000 ) ) ;
#1292 = ORIENTED_EDGE ( 'NONE', *, *, #1297, .T. ) ;
#1293 = ORIENTED_EDGE ( 'NONE', *, *, #5808, .T. ) ;
#1294 = DIRECTION ( 'NONE',  ( 0.000000000000000000, -1.000000000000000000, 0.000000000000000000 ) ) ;
#1295 = CARTESIAN_POINT ( 'NONE',  ( 92.50000000000022737, -3.500000000000000000, -10.50000000000170886 ) ) ;
#1296 = VECTOR ( 'NONE', #3679, 1000.000000000000000 ) ;
#1297 = EDGE_CURVE ( 'NONE', #7873, #6035, #466, .T. ) ;
#1298 = LINE ( 'NONE', #10155, #1939 ) ;
#1299 = AXIS2_PLACEMENT_3D ( 'NONE', #4395, #7126, #7958 ) ;
#1300 = EDGE_CURVE ( 'NONE', #33, #3400, #10362, .T. ) ;
#1301 = ORIENTED_EDGE ( 'NONE', *, *, #3924, .T. ) ;
#1302 = CARTESIAN_POINT ( 'NONE',  ( 54.42873395770144640, -3.500000000000000000, 30.58615322285541893 ) ) ;
#1303 = FACE_OUTER_BOUND ( 'NONE', #10227, .T. ) ;
#1304 = AXIS2_PLACEMENT_3D ( 'NONE', #9386, #6689, #363 ) ;
#1305 = VERTEX_POINT ( 'NONE', #8258 ) ;
#1306 = EDGE_CURVE ( 'NONE', #8038, #7696, #8677, .T. ) ;
#1307 = CARTESIAN_POINT ( 'NONE',  ( 126.0000000000015490, 2.500000000000000000, -35.99999999999688782 ) ) ;
#1308 = ORIENTED_EDGE ( 'NONE', *, *, #8013, .T. ) ;
#1309 = CARTESIAN_POINT ( 'NONE',  ( 133.0293885607873676, 2.500000000000000000, 50.59718969508274711 ) ) ;
#1310 = DIRECTION ( 'NONE',  ( 0.000000000000000000, 1.000000000000000000, 0.000000000000000000 ) ) ;
#1311 = ORIENTED_EDGE ( 'NONE', *, *, #9262, .T. ) ;
#1312 = VECTOR ( 'NONE', #5180, 1000.000000000000000 ) ;
#1313 = DIRECTION ( 'NONE',  ( 0.000000000000000000, 1.000000000000000000, 0.000000000000000000 ) ) ;
#1314 = ORIENTED_EDGE ( 'NONE', *, *, #3056, .F. ) ;
#1315 = FACE_OUTER_BOUND ( 'NONE', #520, .T. ) ;
#1316 = DIRECTION ( 'NONE',  ( 0.000000000000000000, 1.000000000000000000, 0.000000000000000000 ) ) ;
#1317 = ORIENTED_EDGE ( 'NONE', *, *, #10620, .T. ) ;
#1318 = DIRECTION ( 'NONE',  ( 0.9910643481421648193, 0.000000000000000000, -0.1333846237073302854 ) ) ;
#1319 = CYLINDRICAL_SURFACE ( 'NONE', #6264, 5.499999999999998224 ) ;
#1320 = DIRECTION ( 'NONE',  ( 0.000000000000000000, -1.000000000000000000, 0.000000000000000000 ) ) ;
#1321 = ORIENTED_EDGE ( 'NONE', *, *, #5608, .F. ) ;
#1322 = ORIENTED_EDGE ( 'NONE', *, *, #8893, .F. ) ;
#1323 = CARTESIAN_POINT ( 'NONE',  ( 130.4489866375057261, -3.500000000000000000, -40.38964894943570982 ) ) ;
#1324 = EDGE_CURVE ( 'NONE', #1138, #8604, #10208, .T. ) ;
#1325 = ORIENTED_EDGE ( 'NONE', *, *, #6559, .T. ) ;
#1326 = DIRECTION ( 'NONE',  ( 0.000000000000000000, 0.000000000000000000, 1.000000000000000000 ) ) ;
#1327 = ORIENTED_EDGE ( 'NONE', *, *, #6884, .F. ) ;
#1328 = ORIENTED_EDGE ( 'NONE', *, *, #5423, .F. ) ;
#1329 = ORIENTED_EDGE ( 'NONE', *, *, #7609, .T. ) ;
#1330 = LINE ( 'NONE', #8591, #9410 ) ;
#1331 = CARTESIAN_POINT ( 'NONE',  ( 121.1458780402646482, -3.500000000000000000, 37.99999999999690203 ) ) ;
#1332 = EDGE_LOOP ( 'NONE', ( #11439, #2912, #3284, #10718 ) ) ;
#1333 = CYLINDRICAL_SURFACE ( 'NONE', #4087, 1.500000000000001332 ) ;
#1334 = CIRCLE ( 'NONE', #4711, 5.500000000000005329 ) ;
#1335 = ADVANCED_FACE ( 'NONE', ( #4698 ), #3821, .T. ) ;
#1336 = VERTEX_POINT ( 'NONE', #2938 ) ;
#1337 = ADVANCED_FACE ( 'NONE', ( #6507 ), #10145, .T. ) ;
#1338 = LINE ( 'NONE', #6784, #11463 ) ;
#1339 = CARTESIAN_POINT ( 'NONE',  ( 93.19777856741802680, -3.500000000000000000, -29.42949662270942213 ) ) ;
#1340 = DIRECTION ( 'NONE',  ( -0.000000000000000000, -0.000000000000000000, 1.000000000000000000 ) ) ;
#1341 = AXIS2_PLACEMENT_3D ( 'NONE', #10792, #834, #4518 ) ;
#1342 = CIRCLE ( 'NONE', #7902, 1.499999999999997780 ) ;
#1343 = CARTESIAN_POINT ( 'NONE',  ( 81.58112528401701979, 2.500000000000000000, -54.89030745148533441 ) ) ;
#1344 = DIRECTION ( 'NONE',  ( 0.000000000000000000, 0.000000000000000000, 1.000000000000000000 ) ) ;
#1345 = ORIENTED_EDGE ( 'NONE', *, *, #7302, .F. ) ;
#1346 = CARTESIAN_POINT ( 'NONE',  ( 130.4489866375057261, -3.500000000000000000, -40.38964894943570982 ) ) ;
#1347 = ORIENTED_EDGE ( 'NONE', *, *, #5439, .F. ) ;
#1348 = DIRECTION ( 'NONE',  ( 0.6902962621009354205, 0.000000000000000000, -0.7235268277883527555 ) ) ;
#1349 = CARTESIAN_POINT ( 'NONE',  ( 128.7715961163515033, -3.500000000000000000, -31.54121597654004105 ) ) ;
#1350 = VECTOR ( 'NONE', #7118, 1000.000000000000000 ) ;
#1351 = VECTOR ( 'NONE', #3886, 1000.000000000000000 ) ;
#1352 = ADVANCED_FACE ( 'NONE', ( #2055 ), #5635, .T. ) ;
#1353 = CARTESIAN_POINT ( 'NONE',  ( 51.46907917169167490, 2.500000000000000000, -27.13683935576333894 ) ) ;
#1354 = ORIENTED_EDGE ( 'NONE', *, *, #1593, .T. ) ;
#1355 = LINE ( 'NONE', #5707, #9921 ) ;
#1356 = DIRECTION ( 'NONE',  ( 0.000000000000000000, 0.000000000000000000, -1.000000000000000000 ) ) ;
#1357 = VERTEX_POINT ( 'NONE', #3874 ) ;
#1358 = CARTESIAN_POINT ( 'NONE',  ( 94.00000000000153477, 2.500000000000000000, -34.74999999999690203 ) ) ;
#1359 = ORIENTED_EDGE ( 'NONE', *, *, #9897, .F. ) ;
#1360 = LINE ( 'NONE', #309, #2200 ) ;
#1361 = CIRCLE ( 'NONE', #11493, 5.249999999999991118 ) ;
#1362 = ADVANCED_FACE ( 'NONE', ( #7440 ), #2995, .T. ) ;
#1363 = DIRECTION ( 'NONE',  ( 0.000000000000000000, 0.000000000000000000, 1.000000000000000000 ) ) ;
#1364 = CIRCLE ( 'NONE', #6242, 1.000000000000000888 ) ;
#1365 = EDGE_CURVE ( 'NONE', #9758, #9121, #6625, .T. ) ;
#1366 = ORIENTED_EDGE ( 'NONE', *, *, #8634, .T. ) ;
#1367 = CARTESIAN_POINT ( 'NONE',  ( 129.7639060424576769, 2.500000000000000000, 14.01245742435226482 ) ) ;
#1368 = ORIENTED_EDGE ( 'NONE', *, *, #1978, .T. ) ;
#1369 = CIRCLE ( 'NONE', #11501, 1.499999999999994449 ) ;
#1370 = CIRCLE ( 'NONE', #634, 5.499999999999998224 ) ;
#1371 = DIRECTION ( 'NONE',  ( 0.000000000000000000, 1.000000000000000000, 0.000000000000000000 ) ) ;
#1372 = DIRECTION ( 'NONE',  ( 0.000000000000000000, 0.000000000000000000, 1.000000000000000000 ) ) ;
#1373 = ORIENTED_EDGE ( 'NONE', *, *, #6646, .F. ) ;
#1374 =( GEOMETRIC_REPRESENTATION_CONTEXT ( 3 ) GLOBAL_UNCERTAINTY_ASSIGNED_CONTEXT ( ( #11074 ) ) GLOBAL_UNIT_ASSIGNED_CONTEXT ( ( #132, #9932, #4655 ) ) REPRESENTATION_CONTEXT ( 'NONE', 'WORKASPACE' ) );
#1375 = LINE ( 'NONE', #8459, #3633 ) ;
#1376 = CARTESIAN_POINT ( 'NONE',  ( 74.01707195013517548, -3.500000000000000000, 53.99999999999920419 ) ) ;
#1377 = LINE ( 'NONE', #10234, #3702 ) ;
#1378 = ORIENTED_EDGE ( 'NONE', *, *, #7285, .T. ) ;
#1379 = ORIENTED_EDGE ( 'NONE', *, *, #8836, .T. ) ;
#1380 = AXIS2_PLACEMENT_3D ( 'NONE', #6984, #8863, #7680 ) ;
#1381 = CARTESIAN_POINT ( 'NONE',  ( -21.49999999999999645, 2.500000000000000000, -10.26634360823523018 ) ) ;
#1382 = AXIS2_PLACEMENT_3D ( 'NONE', #7401, #7577, #7458 ) ;
#1383 = EDGE_CURVE ( 'NONE', #1710, #10655, #5321, .T. ) ;
#1384 = VERTEX_POINT ( 'NONE', #4229 ) ;
#1385 = EDGE_CURVE ( 'NONE', #3707, #9595, #9490, .T. ) ;
#1386 = CIRCLE ( 'NONE', #9248, 5.250000000000004441 ) ;
#1387 = DIRECTION ( 'NONE',  ( 0.000000000000000000, 0.000000000000000000, -1.000000000000000000 ) ) ;
#1388 = VERTEX_POINT ( 'NONE', #9612 ) ;
#1389 = DIRECTION ( 'NONE',  ( 0.000000000000000000, 1.000000000000000000, 0.000000000000000000 ) ) ;
#1390 = VERTEX_POINT ( 'NONE', #1647 ) ;
#1391 = AXIS2_PLACEMENT_3D ( 'NONE', #5330, #7778, #2506 ) ;
#1392 = LINE ( 'NONE', #3213, #8090 ) ;
#1393 = CARTESIAN_POINT ( 'NONE',  ( -31.78318584070796859, 2.500000000000000000, -54.24778761061944721 ) ) ;
#1394 = DIRECTION ( 'NONE',  ( 0.000000000000000000, 1.000000000000000000, 0.000000000000000000 ) ) ;
#1395 = VERTEX_POINT ( 'NONE', #8731 ) ;
#1396 = DIRECTION ( 'NONE',  ( 0.000000000000000000, -1.000000000000000000, 0.000000000000000000 ) ) ;
#1397 = LINE ( 'NONE', #9432, #9654 ) ;
#1398 = DIRECTION ( 'NONE',  ( -0.000000000000000000, -1.000000000000000000, -0.000000000000000000 ) ) ;
#1399 = AXIS2_PLACEMENT_3D ( 'NONE', #8253, #232, #174 ) ;
#1400 = EDGE_CURVE ( 'NONE', #1173, #386, #1404, .T. ) ;
#1401 = EDGE_LOOP ( 'NONE', ( #7745, #8112, #7102, #1045 ) ) ;
#1402 = EDGE_CURVE ( 'NONE', #10861, #10172, #5226, .T. ) ;
#1403 = LINE ( 'NONE', #1517, #11520 ) ;
#1404 = LINE ( 'NONE', #2527, #11500 ) ;
#1405 = ORIENTED_EDGE ( 'NONE', *, *, #1020, .T. ) ;
#1406 = CARTESIAN_POINT ( 'NONE',  ( 39.50000000000052580, 2.500000000000000000, 57.24999999999945288 ) ) ;
#1407 = ORIENTED_EDGE ( 'NONE', *, *, #2095, .F. ) ;
#1408 = DIRECTION ( 'NONE',  ( 0.3360007070955605135, -0.000000000000000000, 0.9418617333936459834 ) ) ;
#1409 = DIRECTION ( 'NONE',  ( 2.775557561562888827E-14, 0.000000000000000000, 1.000000000000000000 ) ) ;
#1410 = ADVANCED_FACE ( 'NONE', ( #7792 ), #6792, .F. ) ;
#1411 = DIRECTION ( 'NONE',  ( 0.000000000000000000, 0.000000000000000000, 1.000000000000000000 ) ) ;
#1413 = ADVANCED_FACE ( 'NONE', ( #10376 ), #10617, .F. ) ;
#1412 = EDGE_LOOP ( 'NONE', ( #82, #753, #480, #9531 ) ) ;
#1414 = CARTESIAN_POINT ( 'NONE',  ( 129.2995191861324429, -3.500000000000000000, 30.69192378159589296 ) ) ;
#1415 = CARTESIAN_POINT ( 'NONE',  ( 126.0000000000015490, 2.500000000000000000, 37.24999999999689493 ) ) ;
#1416 = ORIENTED_EDGE ( 'NONE', *, *, #5152, .F. ) ;
#1417 = CARTESIAN_POINT ( 'NONE',  ( 91.69240685003698843, -3.500000000000000000, 26.13352486258014906 ) ) ;
#1418 = ORIENTED_EDGE ( 'NONE', *, *, #10185, .T. ) ;
#1419 = CYLINDRICAL_SURFACE ( 'NONE', #329, 5.249999999999997335 ) ;
#1420 = CARTESIAN_POINT ( 'NONE',  ( 93.47833594191118323, 2.500000000000000000, -14.41228775886719227 ) ) ;
#1421 = ORIENTED_EDGE ( 'NONE', *, *, #2562, .T. ) ;
#1422 = DIRECTION ( 'NONE',  ( 0.000000000000000000, 0.000000000000000000, -1.000000000000000000 ) ) ;
#1423 = CARTESIAN_POINT ( 'NONE',  ( 79.50000000000051159, 2.500000000000000000, -55.99999999999916866 ) ) ;
#1424 = VERTEX_POINT ( 'NONE', #4984 ) ;
#1425 = EDGE_CURVE ( 'NONE', #6722, #5055, #3475, .T. ) ;
#1426 = LINE ( 'NONE', #6651, #5048 ) ;
#1427 = DIRECTION ( 'NONE',  ( 0.000000000000000000, 1.000000000000000000, 0.000000000000000000 ) ) ;
#1428 = ORIENTED_EDGE ( 'NONE', *, *, #4167, .T. ) ;
#1429 = EDGE_CURVE ( 'NONE', #7368, #272, #5042, .T. ) ;
#1430 = CARTESIAN_POINT ( 'NONE',  ( 129.1770649696990461, -3.500000000000000000, 14.86834330006620419 ) ) ;
#1431 = CARTESIAN_POINT ( 'NONE',  ( 88.27166405808897309, 2.500000000000000000, 20.18771224122675889 ) ) ;
#1432 = FACE_OUTER_BOUND ( 'NONE', #9818, .T. ) ;
#1433 = CARTESIAN_POINT ( 'NONE',  ( -28.50000000000001421, -3.500000000000000000, 53.99999999999996447 ) ) ;
#1434 = ORIENTED_EDGE ( 'NONE', *, *, #8551, .T. ) ;
#1435 = VERTEX_POINT ( 'NONE', #9674 ) ;
#1436 = CARTESIAN_POINT ( 'NONE',  ( 53.39723764379619553, -3.500000000000000000, 30.69990044841696530 ) ) ;
#1437 = ORIENTED_EDGE ( 'NONE', *, *, #8985, .F. ) ;
#1438 = VECTOR ( 'NONE', #4603, 1000.000000000000000 ) ;
#1439 = CARTESIAN_POINT ( 'NONE',  ( 130.1755253229044911, -3.500000000000000000, 14.92381331968869063 ) ) ;
#1440 = ORIENTED_EDGE ( 'NONE', *, *, #6986, .F. ) ;
#1441 = CIRCLE ( 'NONE', #2383, 1.499999999999994449 ) ;
#1442 = EDGE_CURVE ( 'NONE', #1170, #1143, #9242, .T. ) ;
#1443 = CARTESIAN_POINT ( 'NONE',  ( 50.91266865372425343, -3.500000000000000000, 33.28896383770575085 ) ) ;
#1444 = ORIENTED_EDGE ( 'NONE', *, *, #6899, .F. ) ;
#1445 = VERTEX_POINT ( 'NONE', #10491 ) ;
#1446 = EDGE_CURVE ( 'NONE', #9295, #8560, #8298, .T. ) ;
#1447 = CARTESIAN_POINT ( 'NONE',  ( 90.50000000000021316, -3.500000000000000000, -7.500000000001714184 ) ) ;
#1448 = DIRECTION ( 'NONE',  ( 0.000000000000000000, 1.000000000000000000, 0.000000000000000000 ) ) ;
#1449 = DIRECTION ( 'NONE',  ( 1.000000000000000000, 0.000000000000000000, -0.000000000000000000 ) ) ;
#1450 = VECTOR ( 'NONE', #11042, 1000.000000000000000 ) ;
#1451 = ORIENTED_EDGE ( 'NONE', *, *, #9141, .F. ) ;
#1452 = AXIS2_PLACEMENT_3D ( 'NONE', #11062, #2151, #5731 ) ;
#1453 = DIRECTION ( 'NONE',  ( -1.000000000000000000, 0.000000000000000000, 0.000000000000000000 ) ) ;
#1454 = DIRECTION ( 'NONE',  ( -0.000000000000000000, -1.000000000000000000, -0.000000000000000000 ) ) ;
#1455 = DIRECTION ( 'NONE',  ( 0.000000000000000000, 0.000000000000000000, 1.000000000000000000 ) ) ;
#1456 = AXIS2_PLACEMENT_3D ( 'NONE', #2100, #5684, #9257 ) ;
#1457 = ORIENTED_EDGE ( 'NONE', *, *, #7900, .F. ) ;
#1458 = DIRECTION ( 'NONE',  ( 0.000000000000000000, -1.000000000000000000, 0.000000000000000000 ) ) ;
#1459 = DIRECTION ( 'NONE',  ( 0.000000000000000000, 0.000000000000000000, 1.000000000000000000 ) ) ;
#1460 = VERTEX_POINT ( 'NONE', #7912 ) ;
#1461 = AXIS2_PLACEMENT_3D ( 'NONE', #9279, #4063, #6693 ) ;
#1462 = CARTESIAN_POINT ( 'NONE',  ( 46.64745459439107123, -3.500000000000000000, -39.62839229367055793 ) ) ;
#1463 = ORIENTED_EDGE ( 'NONE', *, *, #10951, .F. ) ;
#1464 = CARTESIAN_POINT ( 'NONE',  ( 2.000000000000007994, 2.500000000000000000, -53.50000000000000000 ) ) ;
#1465 = EDGE_CURVE ( 'NONE', #2335, #2181, #11438, .T. ) ;
#1466 = DIRECTION ( 'NONE',  ( 0.000000000000000000, 0.000000000000000000, -1.000000000000000000 ) ) ;
#1467 = EDGE_CURVE ( 'NONE', #5184, #8644, #4937, .T. ) ;
#1468 = AXIS2_PLACEMENT_3D ( 'NONE', #8519, #5010, #8574 ) ;
#1469 = LINE ( 'NONE', #3418, #8301 ) ;
#1470 = ORIENTED_EDGE ( 'NONE', *, *, #11268, .F. ) ;
#1471 = CARTESIAN_POINT ( 'NONE',  ( 56.74999999999997868, -3.500000000000000000, -20.10000000009224763 ) ) ;
#1472 = FACE_OUTER_BOUND ( 'NONE', #4827, .T. ) ;
#1473 = ORIENTED_EDGE ( 'NONE', *, *, #3310, .T. ) ;
#1474 = DIRECTION ( 'NONE',  ( 0.000000000000000000, 1.000000000000000000, 0.000000000000000000 ) ) ;
#1475 = VERTEX_POINT ( 'NONE', #4164 ) ;
#1476 = CIRCLE ( 'NONE', #2217, 5.249999999999991118 ) ;
#1477 = CARTESIAN_POINT ( 'NONE',  ( -28.50000000000001421, -3.500000000000000000, 53.99999999999996447 ) ) ;
#1478 = ADVANCED_FACE ( 'NONE', ( #2458 ), #519, .T. ) ;
#1479 = EDGE_CURVE ( 'NONE', #9120, #6388, #6972, .T. ) ;
#1480 = LINE ( 'NONE', #7933, #835 ) ;
#1481 = EDGE_CURVE ( 'NONE', #2637, #7985, #9258, .T. ) ;
#1482 = ORIENTED_EDGE ( 'NONE', *, *, #2628, .T. ) ;
#1483 = CARTESIAN_POINT ( 'NONE',  ( 132.0000000000000000, -3.500000000000000000, 56.00000000000000711 ) ) ;
#1484 = AXIS2_PLACEMENT_3D ( 'NONE', #3621, #1909, #4896 ) ;
#1485 = DIRECTION ( 'NONE',  ( 0.000000000000000000, 0.000000000000000000, 1.000000000000000000 ) ) ;
#1486 = ORIENTED_EDGE ( 'NONE', *, *, #8327, .F. ) ;
#1487 = AXIS2_PLACEMENT_3D ( 'NONE', #4778, #6641, #1248 ) ;
#1488 = CARTESIAN_POINT ( 'NONE',  ( -28.70982142857142350, -3.500000000000000000, -21.50000000000000355 ) ) ;
#1489 = DIRECTION ( 'NONE',  ( 0.1921353852253143424, 0.000000000000000000, 0.9813684291561044493 ) ) ;
#1490 = ORIENTED_EDGE ( 'NONE', *, *, #131, .F. ) ;
#1491 = DIRECTION ( 'NONE',  ( 0.000000000000000000, 0.000000000000000000, 1.000000000000000000 ) ) ;
#1492 = LINE ( 'NONE', #491, #9625 ) ;
#1493 = LINE ( 'NONE', #4316, #598 ) ;
#1494 = DIRECTION ( 'NONE',  ( -0.000000000000000000, -1.000000000000000000, -0.000000000000000000 ) ) ;
#1495 = ORIENTED_EDGE ( 'NONE', *, *, #923, .T. ) ;
#1496 = VERTEX_POINT ( 'NONE', #11319 ) ;
#1497 = CARTESIAN_POINT ( 'NONE',  ( 130.5000000000002274, 2.500000000000000000, 3.233718702666561029 ) ) ;
#1498 = CIRCLE ( 'NONE', #9741, 1.499999999999994449 ) ;
#1499 = ORIENTED_EDGE ( 'NONE', *, *, #6098, .T. ) ;
#1500 = ADVANCED_FACE ( 'NONE', ( #3292 ), #6850, .T. ) ;
#1501 = FACE_OUTER_BOUND ( 'NONE', #4776, .T. ) ;
#1502 = ORIENTED_EDGE ( 'NONE', *, *, #7967, .F. ) ;
#1503 = PLANE ( 'NONE',  #8308 ) ;
#1504 = CARTESIAN_POINT ( 'NONE',  ( 34.64587804026361084, -3.500000000000000000, -53.99999999999948130 ) ) ;
#1505 = ORIENTED_EDGE ( 'NONE', *, *, #472, .F. ) ;
#1506 = CARTESIAN_POINT ( 'NONE',  ( 51.28783641408370642, -3.500000000000000000, 32.32140390234776106 ) ) ;
#1507 = CARTESIAN_POINT ( 'NONE',  ( 80.99728228756691806, -3.500000000000000000, -34.25000000000000000 ) ) ;
#1508 = PLANE ( 'NONE',  #7080 ) ;
#1509 = ORIENTED_EDGE ( 'NONE', *, *, #2497, .T. ) ;
#1510 = EDGE_CURVE ( 'NONE', #3278, #7283, #8668, .T. ) ;
#1511 = PLANE ( 'NONE',  #9389 ) ;
#1512 = EDGE_CURVE ( 'NONE', #8572, #6796, #10997, .T. ) ;
#1513 = CARTESIAN_POINT ( 'NONE',  ( 79.50000000000051159, -3.500000000000000000, -57.24999999999916866 ) ) ;
#1514 = DIRECTION ( 'NONE',  ( 0.000000000000000000, 1.000000000000000000, 0.000000000000000000 ) ) ;
#1515 = VERTEX_POINT ( 'NONE', #5495 ) ;
#1516 = CIRCLE ( 'NONE', #2074, 1.000000000000000888 ) ;
#1517 = CARTESIAN_POINT ( 'NONE',  ( 85.80820683080756339, -3.500000000000000000, -36.91552153231685907 ) ) ;
#1518 = DIRECTION ( 'NONE',  ( 0.000000000000000000, 1.000000000000000000, 0.000000000000000000 ) ) ;
#1519 = AXIS2_PLACEMENT_3D ( 'NONE', #5540, #9103, #521 ) ;
#1520 = VERTEX_POINT ( 'NONE', #1040 ) ;
#1521 = FACE_OUTER_BOUND ( 'NONE', #6170, .T. ) ;
#1522 = ORIENTED_EDGE ( 'NONE', *, *, #2533, .F. ) ;
#1523 = CARTESIAN_POINT ( 'NONE',  ( 93.80258886427044729, -3.500000000000000000, -30.75371285159477708 ) ) ;
#1524 = CARTESIAN_POINT ( 'NONE',  ( -24.23371870266458217, -3.500000000000000000, -58.99999999999994316 ) ) ;
#1525 = AXIS2_PLACEMENT_3D ( 'NONE', #9679, #9621, #583 ) ;
#1526 = AXIS2_PLACEMENT_3D ( 'NONE', #4228, #4343, #7791 ) ;
#1527 = EDGE_CURVE ( 'NONE', #11155, #3564, #10009, .T. ) ;
#1528 = DIRECTION ( 'NONE',  ( 0.000000000000000000, 0.000000000000000000, 1.000000000000000000 ) ) ;
#1529 = VERTEX_POINT ( 'NONE', #4793 ) ;
#1530 = DIRECTION ( 'NONE',  ( 0.000000000000000000, 1.000000000000000000, 0.000000000000000000 ) ) ;
#1531 = PLANE ( 'NONE',  #11510 ) ;
#1532 = VERTEX_POINT ( 'NONE', #4672 ) ;
#1533 = AXIS2_PLACEMENT_3D ( 'NONE', #10667, #10720, #1809 ) ;
#1534 = EDGE_CURVE ( 'NONE', #433, #8896, #2969, .T. ) ;
#1535 = LINE ( 'NONE', #9561, #8043 ) ;
#1536 = ORIENTED_EDGE ( 'NONE', *, *, #7674, .F. ) ;
#1537 = CIRCLE ( 'NONE', #8083, 1.499999999999997780 ) ;
#1538 = CARTESIAN_POINT ( 'NONE',  ( -30.00000000000000355, 2.500000000000000000, 55.99999999999997868 ) ) ;
#1539 = LINE ( 'NONE', #783, #443 ) ;
#1540 = ORIENTED_EDGE ( 'NONE', *, *, #168, .F. ) ;
#1541 = AXIS2_PLACEMENT_3D ( 'NONE', #7541, #506, #8477 ) ;
#1542 = CARTESIAN_POINT ( 'NONE',  ( 128.7715961163515033, 2.500000000000000000, 31.54121597654004105 ) ) ;
#1543 = DIRECTION ( 'NONE',  ( 0.000000000000000000, 1.000000000000000000, 0.000000000000000000 ) ) ;
#1544 = VERTEX_POINT ( 'NONE', #3790 ) ;
#1545 = CIRCLE ( 'NONE', #9599, 5.500000000000005329 ) ;
#1546 = CARTESIAN_POINT ( 'NONE',  ( 44.98292804986588322, -3.500000000000000000, 58.99999999999941735 ) ) ;
#1547 = CARTESIAN_POINT ( 'NONE',  ( -26.64589803375033839, -3.500000000000000000, -60.00000000000000000 ) ) ;
#1548 = ORIENTED_EDGE ( 'NONE', *, *, #1989, .F. ) ;
#1549 = AXIS2_PLACEMENT_3D ( 'NONE', #10910, #9094, #1069 ) ;
#1550 = EDGE_CURVE ( 'NONE', #6160, #8928, #6156, .T. ) ;
#1551 = DIRECTION ( 'NONE',  ( 0.000000000000000000, 1.000000000000000000, 0.000000000000000000 ) ) ;
#1552 = CYLINDRICAL_SURFACE ( 'NONE', #10566, 5.249999999999997335 ) ;
#1553 = CARTESIAN_POINT ( 'NONE',  ( -30.00000000000000355, -3.500000000000000000, -57.49999999999997868 ) ) ;
#1554 = EDGE_LOOP ( 'NONE', ( #8885, #7636, #4305, #896 ) ) ;
#1555 = CARTESIAN_POINT ( 'NONE',  ( 80.99728228756691806, -3.500000000000000000, -32.75000000000000711 ) ) ;
#1556 = VECTOR ( 'NONE', #1318, 999.9999999999998863 ) ;
#1557 = ORIENTED_EDGE ( 'NONE', *, *, #5704, .F. ) ;
#1558 = ORIENTED_EDGE ( 'NONE', *, *, #5402, .T. ) ;
#1559 = DIRECTION ( 'NONE',  ( 0.000000000000000000, 0.000000000000000000, -1.000000000000000000 ) ) ;
#1560 = ORIENTED_EDGE ( 'NONE', *, *, #1442, .F. ) ;
#1561 = AXIS2_PLACEMENT_3D ( 'NONE', #8222, #10703, #6299 ) ;
#1562 = VECTOR ( 'NONE', #7123, 1000.000000000000000 ) ;
#1563 = CARTESIAN_POINT ( 'NONE',  ( -24.37499999999999645, 2.500000000000000000, -3.000000000000000444 ) ) ;
#1564 = ORIENTED_EDGE ( 'NONE', *, *, #162, .F. ) ;
#1565 = EDGE_CURVE ( 'NONE', #2577, #8951, #8176, .T. ) ;
#1566 = LINE ( 'NONE', #7074, #747 ) ;
#1567 = CARTESIAN_POINT ( 'NONE',  ( 135.0000000000000000, -3.500000000000000000, -52.64589803375033483 ) ) ;
#1568 = ORIENTED_EDGE ( 'NONE', *, *, #1306, .F. ) ;
#1569 = EDGE_CURVE ( 'NONE', #5862, #11139, #8131, .T. ) ;
#1570 = CARTESIAN_POINT ( 'NONE',  ( 130.0384615384617746, -3.500000000000000000, 4.120838902256623193 ) ) ;
#1571 = LINE ( 'NONE', #6720, #3796 ) ;
#1572 = VECTOR ( 'NONE', #6861, 1000.000000000000000 ) ;
#1573 = AXIS2_PLACEMENT_3D ( 'NONE', #354, #5699, #8497 ) ;
#1574 = FACE_OUTER_BOUND ( 'NONE', #2596, .T. ) ;
#1575 = CIRCLE ( 'NONE', #4388, 5.499999999999991118 ) ;
#1576 = VECTOR ( 'NONE', #10918, 1000.000000000000000 ) ;
#1577 = ORIENTED_EDGE ( 'NONE', *, *, #8137, .F. ) ;
#1578 = VECTOR ( 'NONE', #10643, 1000.000000000000114 ) ;
#1579 = VECTOR ( 'NONE', #2832, 1000.000000000000000 ) ;
#1580 = CARTESIAN_POINT ( 'NONE',  ( 74.01707195013521812, -3.500000000000000000, 58.99999999999921130 ) ) ;
#1581 = DIRECTION ( 'NONE',  ( -0.000000000000000000, -1.000000000000000000, -0.000000000000000000 ) ) ;
#1582 = CARTESIAN_POINT ( 'NONE',  ( 22.37500000000000711, 2.500000000000000000, -10.65685424949238858 ) ) ;
#1583 = VECTOR ( 'NONE', #11455, 1000.000000000000000 ) ;
#1584 = AXIS2_PLACEMENT_3D ( 'NONE', #7980, #8914, #5292 ) ;
#1585 = ORIENTED_EDGE ( 'NONE', *, *, #1527, .T. ) ;
#1586 = VECTOR ( 'NONE', #2914, 1000.000000000000000 ) ;
#1587 = DIRECTION ( 'NONE',  ( 0.000000000000000000, 1.000000000000000000, 0.000000000000000000 ) ) ;
#1588 = EDGE_CURVE ( 'NONE', #9645, #6446, #4728, .T. ) ;
#1589 = CARTESIAN_POINT ( 'NONE',  ( 127.9005420412504037, -3.500000000000000000, 59.66666666666666430 ) ) ;
#1590 = CARTESIAN_POINT ( 'NONE',  ( -31.00000000000000000, 2.500000000000000000, -59.99999999999999289 ) ) ;
#1591 = ORIENTED_EDGE ( 'NONE', *, *, #3239, .F. ) ;
#1592 = CARTESIAN_POINT ( 'NONE',  ( -30.00000000000000355, 2.500000000000000000, 55.99999999999997868 ) ) ;
#1593 = EDGE_CURVE ( 'NONE', #3507, #1622, #11136, .T. ) ;
#1594 = EDGE_LOOP ( 'NONE', ( #5125, #3861, #7317, #8732 ) ) ;
#1595 = ORIENTED_EDGE ( 'NONE', *, *, #9927, .F. ) ;
#1596 = CARTESIAN_POINT ( 'NONE',  ( 89.45602203158698273, 2.500000000000000000, -33.37040607268359338 ) ) ;
#1597 = LINE ( 'NONE', #5175, #5288 ) ;
#1598 = CARTESIAN_POINT ( 'NONE',  ( 42.51039864469806417, 2.500000000000000000, 59.00000000000000000 ) ) ;
#1599 = ORIENTED_EDGE ( 'NONE', *, *, #1119, .T. ) ;
#1600 = FACE_OUTER_BOUND ( 'NONE', #114, .T. ) ;
#1601 = DIRECTION ( 'NONE',  ( -0.000000000000000000, 1.000000000000000000, -0.000000000000000000 ) ) ;
#1602 = ORIENTED_EDGE ( 'NONE', *, *, #3347, .T. ) ;
#1603 = EDGE_CURVE ( 'NONE', #11203, #1990, #1024, .T. ) ;
#1604 = VECTOR ( 'NONE', #7083, 1000.000000000000000 ) ;
#1605 = CARTESIAN_POINT ( 'NONE',  ( 44.10565956188742121, 2.500000000000000000, 58.51999999999942048 ) ) ;
#1606 = ORIENTED_EDGE ( 'NONE', *, *, #2474, .T. ) ;
#1607 = CARTESIAN_POINT ( 'NONE',  ( -28.57412527334259167, 2.500000000000000000, 0.7142857142857150787 ) ) ;
#1608 = EDGE_CURVE ( 'NONE', #10128, #2448, #1094, .T. ) ;
#1609 = DIRECTION ( 'NONE',  ( 0.000000000000000000, -1.000000000000000000, 0.000000000000000000 ) ) ;
#1610 = EDGE_LOOP ( 'NONE', ( #3123, #1115, #1327, #542 ) ) ;
#1611 = LINE ( 'NONE', #5937, #8320 ) ;
#1612 = CARTESIAN_POINT ( 'NONE',  ( 44.98292804986584770, -3.500000000000000000, 53.99999999999941735 ) ) ;
#1613 = VERTEX_POINT ( 'NONE', #10825 ) ;
#1614 = LINE ( 'NONE', #5308, #3918 ) ;
#1615 = LINE ( 'NONE', #5067, #3045 ) ;
#1616 = ORIENTED_EDGE ( 'NONE', *, *, #4786, .T. ) ;
#1617 = CARTESIAN_POINT ( 'NONE',  ( 125.5000000000002274, 2.500000000000000000, -3.876524617022159003 ) ) ;
#1618 = CARTESIAN_POINT ( 'NONE',  ( 94.00000000000153477, -3.500000000000000000, 35.99999999999690203 ) ) ;
#1619 = DIRECTION ( 'NONE',  ( 0.000000000000000000, 0.000000000000000000, 1.000000000000000000 ) ) ;
#1620 = ORIENTED_EDGE ( 'NONE', *, *, #6319, .F. ) ;
#1621 = DIRECTION ( 'NONE',  ( 6.938893903907222067E-15, 0.000000000000000000, 1.000000000000000000 ) ) ;
#1622 = VERTEX_POINT ( 'NONE', #7358 ) ;
#1623 = ORIENTED_EDGE ( 'NONE', *, *, #1940, .F. ) ;
#1624 = DIRECTION ( 'NONE',  ( -0.000000000000000000, -1.000000000000000000, -0.000000000000000000 ) ) ;
#1625 = ADVANCED_FACE ( 'NONE', ( #2027 ), #8233, .F. ) ;
#1626 = ORIENTED_EDGE ( 'NONE', *, *, #6175, .T. ) ;
#1627 = EDGE_CURVE ( 'NONE', #6262, #1273, #100, .T. ) ;
#1628 = CARTESIAN_POINT ( 'NONE',  ( 45.49728228756692516, -3.500000000000000000, -34.25000000000000000 ) ) ;
#1629 = ORIENTED_EDGE ( 'NONE', *, *, #9443, .T. ) ;
#1630 = DIRECTION ( 'NONE',  ( 0.000000000000000000, 1.000000000000000000, 0.000000000000000000 ) ) ;
#1631 = CARTESIAN_POINT ( 'NONE',  ( -26.56270587296968699, -3.500000000000000000, 15.26820385150702641 ) ) ;
#1632 = ORIENTED_EDGE ( 'NONE', *, *, #8871, .F. ) ;
#1633 = DIRECTION ( 'NONE',  ( 0.000000000000000000, 0.000000000000000000, 1.000000000000000000 ) ) ;
#1634 = DIRECTION ( 'NONE',  ( 0.000000000000000000, 1.000000000000000000, 0.000000000000000000 ) ) ;
#1635 = CARTESIAN_POINT ( 'NONE',  ( 46.64745459439107123, -3.500000000000000000, 39.62839229367055793 ) ) ;
#1636 = ORIENTED_EDGE ( 'NONE', *, *, #1603, .T. ) ;
#1637 = ADVANCED_FACE ( 'NONE', ( #10945 ), #2794, .T. ) ;
#1638 = CIRCLE ( 'NONE', #6313, 1.000000000000000888 ) ;
#1639 = DIRECTION ( 'NONE',  ( 0.000000000000000000, 1.000000000000000000, 0.000000000000000000 ) ) ;
#1640 = EDGE_CURVE ( 'NONE', #6066, #5452, #7567, .T. ) ;
#1641 = DIRECTION ( 'NONE',  ( -0.000000000000000000, -1.000000000000000000, -0.000000000000000000 ) ) ;
#1642 = CARTESIAN_POINT ( 'NONE',  ( 56.74999999999997868, -3.500000000000000000, -25.60000000009224763 ) ) ;
#1643 = VERTEX_POINT ( 'NONE', #10119 ) ;
#1644 = DIRECTION ( 'NONE',  ( 0.000000000000000000, 1.000000000000000000, 0.000000000000000000 ) ) ;
#1645 = CIRCLE ( 'NONE', #6126, 1.500000000000011768 ) ;
#1646 = LINE ( 'NONE', #3291, #6392 ) ;
#1647 = CARTESIAN_POINT ( 'NONE',  ( -25.90054204125040371, -3.500000000000000000, -59.66666666666666430 ) ) ;
#1648 = ORIENTED_EDGE ( 'NONE', *, *, #4787, .F. ) ;
#1649 = DIRECTION ( 'NONE',  ( 0.000000000000000000, 0.000000000000000000, 1.000000000000000000 ) ) ;
#1650 = AXIS2_PLACEMENT_3D ( 'NONE', #4144, #10186, #4090 ) ;
#1651 = EDGE_LOOP ( 'NONE', ( #8352, #8442, #7547, #1416 ) ) ;
#1652 = CARTESIAN_POINT ( 'NONE',  ( 61.50903828375253113, -3.500000000000000000, -29.42119806009614535 ) ) ;
#1653 = PLANE ( 'NONE',  #4159 ) ;
#1654 = APPLICATION_CONTEXT ( 'automotive_design' ) ;
#1655 = AXIS2_PLACEMENT_3D ( 'NONE', #2298, #6336, #4424 ) ;
#1656 = EDGE_CURVE ( 'NONE', #12, #1068, #2082, .T. ) ;
#1657 = DIRECTION ( 'NONE',  ( 0.000000000000000000, 0.000000000000000000, 1.000000000000000000 ) ) ;
#1658 = ORIENTED_EDGE ( 'NONE', *, *, #4210, .T. ) ;
#1659 = CARTESIAN_POINT ( 'NONE',  ( 74.89434043811361619, -3.500000000000000000, -53.47999999999920107 ) ) ;
#1660 = DIRECTION ( 'NONE',  ( 0.000000000000000000, 1.000000000000000000, 0.000000000000000000 ) ) ;
#1661 = VERTEX_POINT ( 'NONE', #2850 ) ;
#1662 = VECTOR ( 'NONE', #10196, 1000.000000000000000 ) ;
#1663 = ORIENTED_EDGE ( 'NONE', *, *, #4508, .T. ) ;
#1664 = CARTESIAN_POINT ( 'NONE',  ( 57.49079118589932591, -3.500000000000000000, 27.98772452752288942 ) ) ;
#1665 = CARTESIAN_POINT ( 'NONE',  ( 136.0000000000000000, 2.500000000000000000, -52.64589803375033483 ) ) ;
#1666 = AXIS2_PLACEMENT_3D ( 'NONE', #10835, #7250, #4682 ) ;
#1667 = EDGE_CURVE ( 'NONE', #2762, #3555, #8313, .T. ) ;
#1668 = ORIENTED_EDGE ( 'NONE', *, *, #273, .F. ) ;
#1669 = ADVANCED_FACE ( 'NONE', ( #9118 ), #1319, .T. ) ;
#1670 = CARTESIAN_POINT ( 'NONE',  ( 2.000000000000007994, 2.500000000000000000, -52.00000000000000000 ) ) ;
#1671 = ORIENTED_EDGE ( 'NONE', *, *, #7811, .T. ) ;
#1672 = DIRECTION ( 'NONE',  ( -0.000000000000000000, 1.000000000000000000, -0.000000000000000000 ) ) ;
#1673 = CARTESIAN_POINT ( 'NONE',  ( 39.50000000000052580, 2.500000000000000000, -55.99999999999945288 ) ) ;
#1674 = CIRCLE ( 'NONE', #1109, 5.500000000000005329 ) ;
#1675 = ORIENTED_EDGE ( 'NONE', *, *, #8938, .F. ) ;
#1676 = DIRECTION ( 'NONE',  ( 0.7928260876681227920, 0.000000000000000000, 0.6094479425782468596 ) ) ;
#1677 = CARTESIAN_POINT ( 'NONE',  ( 127.5000000000002274, 2.500000000000000000, -9.000000000001953993 ) ) ;
#1678 = DIRECTION ( 'NONE',  ( 0.000000000000000000, 1.000000000000000000, 0.000000000000000000 ) ) ;
#1679 = ORIENTED_EDGE ( 'NONE', *, *, #9548, .F. ) ;
#1680 = LINE ( 'NONE', #551, #5206 ) ;
#1681 = VERTEX_POINT ( 'NONE', #5830 ) ;
#1682 = ORIENTED_EDGE ( 'NONE', *, *, #6920, .F. ) ;
#1683 = CARTESIAN_POINT ( 'NONE',  ( 129.7371487755050623, 2.500000000000000000, 39.68730511752550427 ) ) ;
#1684 = ORIENTED_EDGE ( 'NONE', *, *, #4752, .T. ) ;
#1685 = AXIS2_PLACEMENT_3D ( 'NONE', #5267, #6893, #8829 ) ;
#1686 = CIRCLE ( 'NONE', #5407, 1.499999999999997780 ) ;
#1687 = DIRECTION ( 'NONE',  ( 0.000000000000000000, 1.000000000000000000, 0.000000000000000000 ) ) ;
#1688 = ORIENTED_EDGE ( 'NONE', *, *, #8068, .T. ) ;
#1689 = CARTESIAN_POINT ( 'NONE',  ( 75.78127226243331904, 2.500000000000000000, -59.70588235294136581 ) ) ;
#1690 = DIRECTION ( 'NONE',  ( 0.000000000000000000, 1.000000000000000000, 0.000000000000000000 ) ) ;
#1691 = CIRCLE ( 'NONE', #4681, 1.000000000000000888 ) ;
#1692 = VERTEX_POINT ( 'NONE', #4026 ) ;
#1693 = LINE ( 'NONE', #1570, #812 ) ;
#1694 = CARTESIAN_POINT ( 'NONE',  ( -30.00000000000000355, 2.500000000000000000, 55.99999999999997868 ) ) ;
#1695 = VECTOR ( 'NONE', #1838, 1000.000000000000000 ) ;
#1696 = FACE_BOUND ( 'NONE', #2998, .T. ) ;
#1697 = EDGE_CURVE ( 'NONE', #8644, #5184, #11317, .T. ) ;
#1698 = ORIENTED_EDGE ( 'NONE', *, *, #11340, .T. ) ;
#1699 = LINE ( 'NONE', #6148, #9213 ) ;
#1700 = CARTESIAN_POINT ( 'NONE',  ( 92.50000000000022737, -3.500000000000000000, -9.000000000001710632 ) ) ;
#1701 = DIRECTION ( 'NONE',  ( 0.000000000000000000, 1.000000000000000000, 0.000000000000000000 ) ) ;
#1702 = ORIENTED_EDGE ( 'NONE', *, *, #4704, .T. ) ;
#1703 = ADVANCED_FACE ( 'NONE', ( #4901 ), #5724, .T. ) ;
#1704 = CARTESIAN_POINT ( 'NONE',  ( -31.21686531451300084, -3.500000000000000000, 50.01926101503037358 ) ) ;
#1705 = DIRECTION ( 'NONE',  ( -0.000000000000000000, 1.000000000000000000, -0.000000000000000000 ) ) ;
#1706 = DIRECTION ( 'NONE',  ( 0.000000000000000000, 0.000000000000000000, -1.000000000000000000 ) ) ;
#1707 = EDGE_LOOP ( 'NONE', ( #5803, #22, #3147, #2967 ) ) ;
#1708 = DIRECTION ( 'NONE',  ( 1.000000000000000000, 0.000000000000000000, 0.000000000000000000 ) ) ;
#1709 = EDGE_CURVE ( 'NONE', #1778, #1692, #7755, .T. ) ;
#1710 = VERTEX_POINT ( 'NONE', #3086 ) ;
#1711 = DIRECTION ( 'NONE',  ( 0.000000000000000000, 1.000000000000000000, 0.000000000000000000 ) ) ;
#1712 = DIRECTION ( 'NONE',  ( -0.000000000000000000, -1.000000000000000000, -0.000000000000000000 ) ) ;
#1713 = AXIS2_PLACEMENT_3D ( 'NONE', #8911, #4347, #6159 ) ;
#1714 = DIRECTION ( 'NONE',  ( 0.000000000000000000, 1.000000000000000000, 0.000000000000000000 ) ) ;
#1715 = EDGE_LOOP ( 'NONE', ( #3443, #4237, #11097, #4447 ) ) ;
#1716 = DIRECTION ( 'NONE',  ( 0.000000000000000000, 0.000000000000000000, 1.000000000000000000 ) ) ;
#1717 = DIRECTION ( 'NONE',  ( 4.510281037539694659E-14, 0.000000000000000000, 1.000000000000000000 ) ) ;
#1718 = VERTEX_POINT ( 'NONE', #9408 ) ;
#1719 = ORIENTED_EDGE ( 'NONE', *, *, #5132, .F. ) ;
#1720 = CARTESIAN_POINT ( 'NONE',  ( 47.90541730422559397, -3.500000000000000000, 34.92148026146887929 ) ) ;
#1721 = AXIS2_PLACEMENT_3D ( 'NONE', #9981, #847, #7161 ) ;
#1722 = EDGE_CURVE ( 'NONE', #3131, #9377, #4081, .T. ) ;
#1723 = CARTESIAN_POINT ( 'NONE',  ( 76.84367829654500781, 2.500000000000000000, -30.64478518174480115 ) ) ;
#1724 = AXIS2_PLACEMENT_3D ( 'NONE', #3411, #7091, #3353 ) ;
#1725 = ORIENTED_EDGE ( 'NONE', *, *, #6112, .F. ) ;
#1726 = DIRECTION ( 'NONE',  ( 0.000000000000000000, 1.000000000000000000, 0.000000000000000000 ) ) ;
#1727 = VERTEX_POINT ( 'NONE', #1376 ) ;
#1728 = AXIS2_PLACEMENT_3D ( 'NONE', #1935, #7042, #11616 ) ;
#1729 = LINE ( 'NONE', #8811, #7474 ) ;
#1730 = FACE_OUTER_BOUND ( 'NONE', #6877, .T. ) ;
#1731 = ORIENTED_EDGE ( 'NONE', *, *, #374, .F. ) ;
#1732 = LINE ( 'NONE', #676, #5869 ) ;
#1733 = DIRECTION ( 'NONE',  ( -0.9640234912782601473, 0.000000000000000000, 0.2658170578869502587 ) ) ;
#1734 = CARTESIAN_POINT ( 'NONE',  ( 56.74999999999997868, -3.500000000000000000, 25.60000000009224053 ) ) ;
#1735 = EDGE_CURVE ( 'NONE', #8498, #5673, #5515, .T. ) ;
#1736 = ORIENTED_EDGE ( 'NONE', *, *, #3125, .T. ) ;
#1737 = CARTESIAN_POINT ( 'NONE',  ( 89.24999999999995737, -3.500000000000000000, -24.10000000009246079 ) ) ;
#1738 = EDGE_CURVE ( 'NONE', #10948, #8156, #9058, .T. ) ;
#1739 = ORIENTED_EDGE ( 'NONE', *, *, #4339, .F. ) ;
#1740 = DIRECTION ( 'NONE',  ( 0.000000000000000000, 0.000000000000000000, -1.000000000000000000 ) ) ;
#1741 = CIRCLE ( 'NONE', #11273, 5.249999999999991118 ) ;
#1742 = EDGE_LOOP ( 'NONE', ( #9700, #1688, #8734, #9755 ) ) ;
#1743 = AXIS2_PLACEMENT_3D ( 'NONE', #4709, #4651, #2721 ) ;
#1744 = DIRECTION ( 'NONE',  ( 0.000000000000000000, 1.000000000000000000, 0.000000000000000000 ) ) ;
#1745 = EDGE_LOOP ( 'NONE', ( #8336, #1105, #11413, #3981 ) ) ;
#1746 = PLANE ( 'NONE',  #8976 ) ;
#1747 = CARTESIAN_POINT ( 'NONE',  ( -27.81858407079645801, 2.500000000000000000, -54.77876106194688788 ) ) ;
#1748 = VERTEX_POINT ( 'NONE', #8636 ) ;
#1749 = VECTOR ( 'NONE', #9131, 1000.000000000000000 ) ;
#1750 = CARTESIAN_POINT ( 'NONE',  ( 34.01707195013521812, 2.500000000000000000, -58.99999999999948841 ) ) ;
#1751 = FACE_OUTER_BOUND ( 'NONE', #8184, .T. ) ;
#1752 = DIRECTION ( 'NONE',  ( 0.000000000000000000, 1.000000000000000000, 0.000000000000000000 ) ) ;
#1753 = EDGE_CURVE ( 'NONE', #4840, #7499, #1492, .T. ) ;
#1754 = ORIENTED_EDGE ( 'NONE', *, *, #8585, .F. ) ;
#1755 = VECTOR ( 'NONE', #10013, 1000.000000000000000 ) ;
#1756 = AXIS2_PLACEMENT_3D ( 'NONE', #3013, #1142, #5769 ) ;
#1757 = EDGE_CURVE ( 'NONE', #10453, #2593, #11224, .T. ) ;
#1758 = CARTESIAN_POINT ( 'NONE',  ( 79.50000000000051159, -3.500000000000000000, 55.99999999999916866 ) ) ;
#1759 = FACE_OUTER_BOUND ( 'NONE', #77, .T. ) ;
#1760 = LINE ( 'NONE', #11606, #1847 ) ;
#1761 = VERTEX_POINT ( 'NONE', #11168 ) ;
#1762 = VECTOR ( 'NONE', #385, 1000.000000000000000 ) ;
#1763 = AXIS2_PLACEMENT_3D ( 'NONE', #10040, #2004, #2536 ) ;
#1764 = FACE_OUTER_BOUND ( 'NONE', #1594, .T. ) ;
#1765 = CARTESIAN_POINT ( 'NONE',  ( 22.37500000000000711, 2.500000000000000000, 12.00000000000000533 ) ) ;
#1766 = ORIENTED_EDGE ( 'NONE', *, *, #3298, .T. ) ;
#1767 = DIRECTION ( 'NONE',  ( 0.000000000000000000, 1.000000000000000000, 0.000000000000000000 ) ) ;
#1768 = VECTOR ( 'NONE', #9351, 1000.000000000000000 ) ;
#1769 = ORIENTED_EDGE ( 'NONE', *, *, #8279, .T. ) ;
#1770 = FACE_OUTER_BOUND ( 'NONE', #685, .T. ) ;
#1771 = EDGE_CURVE ( 'NONE', #7793, #5241, #3466, .T. ) ;
#1772 = VECTOR ( 'NONE', #10877, 1000.000000000000000 ) ;
#1773 = EDGE_CURVE ( 'NONE', #394, #8455, #7525, .T. ) ;
#1774 = CARTESIAN_POINT ( 'NONE',  ( 127.1208389022546754, 2.500000000000000000, 58.53846153846154010 ) ) ;
#1775 = DIRECTION ( 'NONE',  ( 0.000000000000000000, 1.000000000000000000, 0.000000000000000000 ) ) ;
#1776 = LINE ( 'NONE', #11144, #5691 ) ;
#1777 = ORIENTED_EDGE ( 'NONE', *, *, #10188, .T. ) ;
#1778 = VERTEX_POINT ( 'NONE', #1431 ) ;
#1779 = LINE ( 'NONE', #5358, #7014 ) ;
#1780 = AXIS2_PLACEMENT_3D ( 'NONE', #6058, #11272, #5996 ) ;
#1781 = CARTESIAN_POINT ( 'NONE',  ( 24.37500000000000355, 2.500000000000000000, -3.000000000000000444 ) ) ;
#1782 = EDGE_CURVE ( 'NONE', #3209, #9204, #4403, .T. ) ;
#1783 = EDGE_CURVE ( 'NONE', #4281, #10064, #2316, .T. ) ;
#1784 = CARTESIAN_POINT ( 'NONE',  ( 89.24999999999995737, -3.500000000000000000, -25.60000000009247145 ) ) ;
#1785 = ORIENTED_EDGE ( 'NONE', *, *, #5485, .T. ) ;
#1786 = AXIS2_PLACEMENT_3D ( 'NONE', #3312, #10454, #8570 ) ;
#1787 = SURFACE_SIDE_STYLE ('',( #1074 ) ) ;
#1788 = DIRECTION ( 'NONE',  ( 1.000000000000000000, 0.000000000000000000, 0.000000000000000000 ) ) ;
#1789 = VERTEX_POINT ( 'NONE', #7698 ) ;
#1790 = CARTESIAN_POINT ( 'NONE',  ( -34.00000000000000000, 2.500000000000000000, 52.64589803375029220 ) ) ;
#1791 = DIRECTION ( 'NONE',  ( 0.7928260876681227920, 0.000000000000000000, 0.6094479425782468596 ) ) ;
#1792 = CARTESIAN_POINT ( 'NONE',  ( -28.49999999999998579, 2.500000000000000000, -57.99999999999997158 ) ) ;
#1793 = ORIENTED_EDGE ( 'NONE', *, *, #6919, .T. ) ;
#1794 = DIRECTION ( 'NONE',  ( 0.000000000000000000, 1.000000000000000000, 0.000000000000000000 ) ) ;
#1795 = DIRECTION ( 'NONE',  ( 0.000000000000000000, 1.000000000000000000, 0.000000000000000000 ) ) ;
#1796 = ORIENTED_EDGE ( 'NONE', *, *, #6967, .F. ) ;
#1797 = EDGE_CURVE ( 'NONE', #7251, #10215, #5328, .T. ) ;
#1798 = DIRECTION ( 'NONE',  ( 0.000000000000000000, 0.000000000000000000, 1.000000000000000000 ) ) ;
#1799 = VERTEX_POINT ( 'NONE', #10404 ) ;
#1800 = ADVANCED_FACE ( 'NONE', ( #4199 ), #10174, .T. ) ;
#1801 = CARTESIAN_POINT ( 'NONE',  ( 22.37500000000000711, -3.500000000000000000, -10.65685424949238858 ) ) ;
#1802 = DIRECTION ( 'NONE',  ( -0.000000000000000000, -1.000000000000000000, -0.000000000000000000 ) ) ;
#1803 = ORIENTED_EDGE ( 'NONE', *, *, #9437, .T. ) ;
#1804 = PLANE ( 'NONE',  #4382 ) ;
#1805 = CARTESIAN_POINT ( 'NONE',  ( 39.50000000000052580, -3.500000000000000000, -55.99999999999945288 ) ) ;
#1806 = DIRECTION ( 'NONE',  ( 0.2658170578869502587, 0.000000000000000000, -0.9640234912782601473 ) ) ;
#1807 = ORIENTED_EDGE ( 'NONE', *, *, #9014, .T. ) ;
#1808 = ORIENTED_EDGE ( 'NONE', *, *, #2609, .F. ) ;
#1809 = DIRECTION ( 'NONE',  ( 0.000000000000000000, 0.000000000000000000, 1.000000000000000000 ) ) ;
#1810 = VERTEX_POINT ( 'NONE', #2143 ) ;
#1811 = EDGE_CURVE ( 'NONE', #2909, #11613, #838, .T. ) ;
#1812 = DIRECTION ( 'NONE',  ( 0.000000000000000000, 0.000000000000000000, -1.000000000000000000 ) ) ;
#1813 = CARTESIAN_POINT ( 'NONE',  ( 46.85657683199546142, -3.500000000000000000, -40.60628180161065615 ) ) ;
#1814 = EDGE_CURVE ( 'NONE', #252, #1643, #1200, .T. ) ;
#1815 = EDGE_LOOP ( 'NONE', ( #3361, #5117, #7393, #3143 ) ) ;
#1816 = CARTESIAN_POINT ( 'NONE',  ( -30.00000000000000355, 2.500000000000000000, -55.99999999999997868 ) ) ;
#1817 = DIRECTION ( 'NONE',  ( -1.000000000000000000, 0.000000000000000000, 1.321694076934709021E-15 ) ) ;
#1818 = ORIENTED_EDGE ( 'NONE', *, *, #4666, .F. ) ;
#1819 = CARTESIAN_POINT ( 'NONE',  ( 130.5000000000002274, -3.500000000000000000, 3.233718702666561029 ) ) ;
#1820 = VERTEX_POINT ( 'NONE', #2492 ) ;
#1821 = AXIS2_PLACEMENT_3D ( 'NONE', #1275, #2204, #3973 ) ;
#1822 = FACE_BOUND ( 'NONE', #8464, .T. ) ;
#1823 = CARTESIAN_POINT ( 'NONE',  ( 50.91266865372425343, -3.500000000000000000, -33.28896383770575085 ) ) ;
#1824 = AXIS2_PLACEMENT_3D ( 'NONE', #10525, #3322, #6006 ) ;
#1825 = CARTESIAN_POINT ( 'NONE',  ( -28.70982142857141994, 2.500000000000000000, 20.00000000000000711 ) ) ;
#1826 = AXIS2_PLACEMENT_3D ( 'NONE', #2090, #4970, #10240 ) ;
#1827 = CARTESIAN_POINT ( 'NONE',  ( 24.37500000000000355, 2.500000000000000000, -5.000000000000003553 ) ) ;
#1828 = LINE ( 'NONE', #3540, #3066 ) ;
#1829 = ORIENTED_EDGE ( 'NONE', *, *, #9860, .F. ) ;
#1830 = ORIENTED_EDGE ( 'NONE', *, *, #4818, .T. ) ;
#1831 = DIRECTION ( 'NONE',  ( 0.000000000000000000, 1.000000000000000000, 0.000000000000000000 ) ) ;
#1832 = ADVANCED_FACE ( 'NONE', ( #6070 ), #11535, .F. ) ;
#1833 = DIRECTION ( 'NONE',  ( 0.000000000000000000, 1.000000000000000000, 0.000000000000000000 ) ) ;
#1834 = AXIS2_PLACEMENT_3D ( 'NONE', #1628, #686, #7955 ) ;
#1835 = DIRECTION ( 'NONE',  ( -0.000000000000000000, -1.000000000000000000, -0.000000000000000000 ) ) ;
#1836 = ORIENTED_EDGE ( 'NONE', *, *, #3450, .T. ) ;
#1837 = AXIS2_PLACEMENT_3D ( 'NONE', #7544, #3104, #10304 ) ;
#1838 = DIRECTION ( 'NONE',  ( 0.000000000000000000, 1.000000000000000000, 0.000000000000000000 ) ) ;
#1839 = CARTESIAN_POINT ( 'NONE',  ( -27.55385631544756819, -3.500000000000000000, -16.13546048867516802 ) ) ;
#1840 = ORIENTED_EDGE ( 'NONE', *, *, #5741, .F. ) ;
#1841 = EDGE_CURVE ( 'NONE', #6602, #3185, #6185, .T. ) ;
#1842 = ADVANCED_FACE ( 'NONE', ( #8704 ), #1552, .T. ) ;
#1843 = CARTESIAN_POINT ( 'NONE',  ( 36.48960135530299453, 2.500000000000000000, 60.00000000000000000 ) ) ;
#1844 = DIRECTION ( 'NONE',  ( 0.000000000000000000, 0.000000000000000000, 1.000000000000000000 ) ) ;
#1845 = CARTESIAN_POINT ( 'NONE',  ( -26.94642857142856940, -3.500000000000000000, 10.42104741743151486 ) ) ;
#1846 = ORIENTED_EDGE ( 'NONE', *, *, #6352, .F. ) ;
#1847 = VECTOR ( 'NONE', #7846, 999.9999999999998863 ) ;
#1848 = DIRECTION ( 'NONE',  ( -0.000000000000000000, -0.000000000000000000, 1.000000000000000000 ) ) ;
#1849 = EDGE_CURVE ( 'NONE', #6789, #4441, #7997, .T. ) ;
#1850 = DIRECTION ( 'NONE',  ( -0.000000000000000000, -1.000000000000000000, -0.000000000000000000 ) ) ;
#1851 = ORIENTED_EDGE ( 'NONE', *, *, #10862, .T. ) ;
#1852 = VECTOR ( 'NONE', #5747, 1000.000000000000000 ) ;
#1853 = CARTESIAN_POINT ( 'NONE',  ( 34.64587804026361084, -3.500000000000000000, 53.99999999999948130 ) ) ;
#1854 = EDGE_LOOP ( 'NONE', ( #9896, #4796, #3734, #4181 ) ) ;
#1855 = AXIS2_PLACEMENT_3D ( 'NONE', #1673, #6000, #3436 ) ;
#1856 = CYLINDRICAL_SURFACE ( 'NONE', #9538, 1.000000000000000888 ) ;
#1857 = FACE_OUTER_BOUND ( 'NONE', #6540, .T. ) ;
#1858 = ORIENTED_EDGE ( 'NONE', *, *, #6853, .F. ) ;
#1859 = DIRECTION ( 'NONE',  ( 0.1327433628318585579, 0.000000000000000000, -0.9911504424778759814 ) ) ;
#1860 = CARTESIAN_POINT ( 'NONE',  ( 85.98105184898074071, -3.500000000000000000, -31.92362063310278586 ) ) ;
#1861 = ORIENTED_EDGE ( 'NONE', *, *, #10630, .T. ) ;
#1862 = ORIENTED_EDGE ( 'NONE', *, *, #9172, .F. ) ;
#1863 = AXIS2_PLACEMENT_3D ( 'NONE', #4499, #31, #975 ) ;
#1864 = EDGE_CURVE ( 'NONE', #10259, #2468, #7767, .T. ) ;
#1865 = CARTESIAN_POINT ( 'NONE',  ( 34.89434043811366593, -3.500000000000000000, -58.51999999999948443 ) ) ;
#1866 = CARTESIAN_POINT ( 'NONE',  ( -28.70982142857142350, 2.500000000000000000, -20.00000000000000711 ) ) ;
#1867 = PLANE ( 'NONE',  #2715 ) ;
#1868 = ORIENTED_EDGE ( 'NONE', *, *, #8013, .F. ) ;
#1869 = CIRCLE ( 'NONE', #8600, 1.499999999999994449 ) ;
#1870 = DIRECTION ( 'NONE',  ( 0.000000000000000000, 1.000000000000000000, 0.000000000000000000 ) ) ;
#1871 = LINE ( 'NONE', #9793, #585 ) ;
#1872 = ORIENTED_EDGE ( 'NONE', *, *, #4834, .T. ) ;
#1873 = DIRECTION ( 'NONE',  ( -0.000000000000000000, -0.000000000000000000, 1.000000000000000000 ) ) ;
#1874 = EDGE_CURVE ( 'NONE', #386, #7303, #3441, .T. ) ;
#1875 = ORIENTED_EDGE ( 'NONE', *, *, #8470, .F. ) ;
#1876 = ADVANCED_FACE ( 'NONE', ( #5137 ), #9647, .F. ) ;
#1877 = DIRECTION ( 'NONE',  ( 0.000000000000000000, 1.000000000000000000, 0.000000000000000000 ) ) ;
#1878 = AXIS2_PLACEMENT_3D ( 'NONE', #5985, #4238, #9558 ) ;
#1879 = DIRECTION ( 'NONE',  ( 0.000000000000000000, 0.000000000000000000, 1.000000000000000000 ) ) ;
#1880 = DIRECTION ( 'NONE',  ( 0.000000000000000000, 0.000000000000000000, -1.000000000000000000 ) ) ;
#1881 = LINE ( 'NONE', #5462, #9152 ) ;
#1882 = CARTESIAN_POINT ( 'NONE',  ( 132.0000000000000000, -3.500000000000000000, -56.00000000000000711 ) ) ;
#1883 = ORIENTED_EDGE ( 'NONE', *, *, #3987, .T. ) ;
#1884 = ORIENTED_EDGE ( 'NONE', *, *, #7004, .F. ) ;
#1885 = DIRECTION ( 'NONE',  ( 0.000000000000000000, 1.000000000000000000, 0.000000000000000000 ) ) ;
#1886 = ADVANCED_FACE ( 'NONE', ( #4255 ), #6124, .F. ) ;
#1887 = FACE_OUTER_BOUND ( 'NONE', #9494, .T. ) ;
#1888 = ADVANCED_FACE ( 'NONE', ( #11407 ), #10590, .T. ) ;
#1889 = CARTESIAN_POINT ( 'NONE',  ( -26.37499999999999645, -3.500000000000000000, 7.000000000000006217 ) ) ;
#1890 = VERTEX_POINT ( 'NONE', #9703 ) ;
#1891 = EDGE_CURVE ( 'NONE', #194, #9346, #2430, .T. ) ;
#1892 = DIRECTION ( 'NONE',  ( 1.000000000000000000, 0.000000000000000000, -7.216449660063522246E-15 ) ) ;
#1893 = LINE ( 'NONE', #2828, #6598 ) ;
#1894 = ORIENTED_EDGE ( 'NONE', *, *, #1627, .T. ) ;
#1895 = CIRCLE ( 'NONE', #2650, 5.499999999999991118 ) ;
#1896 = DIRECTION ( 'NONE',  ( 0.000000000000000000, 1.000000000000000000, 0.000000000000000000 ) ) ;
#1897 = CARTESIAN_POINT ( 'NONE',  ( 79.50000000000051159, -3.500000000000000000, -54.74999999999916866 ) ) ;
#1898 = CARTESIAN_POINT ( 'NONE',  ( 92.50000000000022737, -3.500000000000000000, 10.50000000000170886 ) ) ;
#1899 = ORIENTED_EDGE ( 'NONE', *, *, #5897, .T. ) ;
#1900 = VECTOR ( 'NONE', #8852, 1000.000000000000000 ) ;
#1901 = CARTESIAN_POINT ( 'NONE',  ( 42.20732815255049530, -3.500000000000000000, 38.65751651040450554 ) ) ;
#1902 = PLANE ( 'NONE',  #10934 ) ;
#1903 = VERTEX_POINT ( 'NONE', #8815 ) ;
#1904 = ADVANCED_FACE ( 'NONE', ( #6941 ), #4378, .F. ) ;
#1905 = CIRCLE ( 'NONE', #2088, 1.000000000000000888 ) ;
#1906 = DIRECTION ( 'NONE',  ( 0.000000000000000000, 1.000000000000000000, 0.000000000000000000 ) ) ;
#1907 = ORIENTED_EDGE ( 'NONE', *, *, #1254, .T. ) ;
#1908 = EDGE_CURVE ( 'NONE', #5038, #10609, #7741, .T. ) ;
#1909 = DIRECTION ( 'NONE',  ( 0.000000000000000000, 1.000000000000000000, 0.000000000000000000 ) ) ;
#1910 = DIRECTION ( 'NONE',  ( 0.000000000000000000, 0.000000000000000000, 1.000000000000000000 ) ) ;
#1911 = ORIENTED_EDGE ( 'NONE', *, *, #9770, .T. ) ;
#1912 = DIRECTION ( 'NONE',  ( 0.000000000000000000, 1.000000000000000000, 0.000000000000000000 ) ) ;
#1913 = CARTESIAN_POINT ( 'NONE',  ( 132.0000000000000000, 2.500000000000000000, 56.00000000000000711 ) ) ;
#1914 = DIRECTION ( 'NONE',  ( 0.000000000000000000, -0.000000000000000000, 1.000000000000000000 ) ) ;
#1915 = CIRCLE ( 'NONE', #1533, 1.000000000000000888 ) ;
#1916 = ORIENTED_EDGE ( 'NONE', *, *, #552, .T. ) ;
#1917 = VERTEX_POINT ( 'NONE', #9760 ) ;
#1918 = PLANE ( 'NONE',  #9799 ) ;
#1919 = AXIS2_PLACEMENT_3D ( 'NONE', #5214, #871, #4331 ) ;
#1920 = ORIENTED_EDGE ( 'NONE', *, *, #9566, .F. ) ;
#1921 = ADVANCED_FACE ( 'NONE', ( #7006 ), #5255, .T. ) ;
#1922 = DIRECTION ( 'NONE',  ( 0.000000000000000000, 1.000000000000000000, 0.000000000000000000 ) ) ;
#1923 = DIRECTION ( 'NONE',  ( 0.000000000000000000, -1.000000000000000000, 0.000000000000000000 ) ) ;
#1924 = ADVANCED_FACE ( 'NONE', ( #8883 ), #857, .T. ) ;
#1925 = ORIENTED_EDGE ( 'NONE', *, *, #5866, .F. ) ;
#1926 = VERTEX_POINT ( 'NONE', #8105 ) ;
#1927 = LINE ( 'NONE', #11011, #9596 ) ;
#1928 = DIRECTION ( 'NONE',  ( 0.000000000000000000, 0.000000000000000000, -1.000000000000000000 ) ) ;
#1929 = ORIENTED_EDGE ( 'NONE', *, *, #3117, .F. ) ;
#1930 = CARTESIAN_POINT ( 'NONE',  ( -34.00000000000000000, -3.500000000000000000, -56.99999999999998579 ) ) ;
#1931 = VECTOR ( 'NONE', #1348, 1000.000000000000000 ) ;
#1932 = AXIS2_PLACEMENT_3D ( 'NONE', #7689, #1485, #9514 ) ;
#1933 = ORIENTED_EDGE ( 'NONE', *, *, #4167, .F. ) ;
#1934 = AXIS2_PLACEMENT_3D ( 'NONE', #4080, #11534, #6069 ) ;
#1935 = CARTESIAN_POINT ( 'NONE',  ( 45.49728228756692516, -3.500000000000000000, 34.25000000000000000 ) ) ;
#1936 = ORIENTED_EDGE ( 'NONE', *, *, #3483, .F. ) ;
#1937 = AXIS2_PLACEMENT_3D ( 'NONE', #9320, #1291, #4874 ) ;
#1938 = DIRECTION ( 'NONE',  ( -0.000000000000000000, -1.000000000000000000, -0.000000000000000000 ) ) ;
#1939 = VECTOR ( 'NONE', #1244, 1000.000000000000000 ) ;
#1940 = EDGE_CURVE ( 'NONE', #5855, #8822, #7341, .T. ) ;
#1941 = CARTESIAN_POINT ( 'NONE',  ( 39.50000000000052580, -3.500000000000000000, -55.99999999999945288 ) ) ;
#1942 = EDGE_CURVE ( 'NONE', #3449, #11192, #3829, .T. ) ;
#1943 = DIRECTION ( 'NONE',  ( 0.000000000000000000, 1.000000000000000000, 0.000000000000000000 ) ) ;
#1944 = DIRECTION ( 'NONE',  ( 1.000000000000000000, 0.000000000000000000, -0.000000000000000000 ) ) ;
#1945 = ORIENTED_EDGE ( 'NONE', *, *, #7332, .T. ) ;
#1946 = ORIENTED_EDGE ( 'NONE', *, *, #6301, .F. ) ;
#1947 = DIRECTION ( 'NONE',  ( 0.000000000000000000, 0.000000000000000000, 1.000000000000000000 ) ) ;
#1948 = VECTOR ( 'NONE', #3491, 1000.000000000000000 ) ;
#1949 = CIRCLE ( 'NONE', #6078, 5.500000000000005329 ) ;
#1950 = DIRECTION ( 'NONE',  ( 0.000000000000000000, 0.000000000000000000, 1.000000000000000000 ) ) ;
#1951 = CARTESIAN_POINT ( 'NONE',  ( 54.42873395770143219, -3.500000000000000000, -30.58615322285542248 ) ) ;
#1952 = ORIENTED_EDGE ( 'NONE', *, *, #6816, .F. ) ;
#1953 = ADVANCED_FACE ( 'NONE', ( #8990 ), #10927, .F. ) ;
#1954 = CIRCLE ( 'NONE', #7015, 1.000000000000000888 ) ;
#1955 = CARTESIAN_POINT ( 'NONE',  ( -24.37499999999999645, -3.500000000000000000, 5.000000000000003553 ) ) ;
#1956 = CARTESIAN_POINT ( 'NONE',  ( 90.50000000000021316, 2.500000000000000000, -7.500000000001714184 ) ) ;
#1957 = ORIENTED_EDGE ( 'NONE', *, *, #10584, .T. ) ;
#1958 = EDGE_CURVE ( 'NONE', #5617, #9295, #6403, .T. ) ;
#1959 = CARTESIAN_POINT ( 'NONE',  ( 128.0662582309404627, -3.500000000000000000, -34.86286459773508284 ) ) ;
#1960 = DIRECTION ( 'NONE',  ( 1.000000000000000000, 0.000000000000000000, 0.000000000000000000 ) ) ;
#1961 = ORIENTED_EDGE ( 'NONE', *, *, #11222, .F. ) ;
#1962 = CYLINDRICAL_SURFACE ( 'NONE', #2003, 5.499999999999994671 ) ;
#1963 = DIRECTION ( 'NONE',  ( 1.000000000000000000, 0.000000000000000000, 0.000000000000000000 ) ) ;
#1964 = ORIENTED_EDGE ( 'NONE', *, *, #11445, .T. ) ;
#1965 = CIRCLE ( 'NONE', #1786, 1.000000000000000888 ) ;
#1966 = CARTESIAN_POINT ( 'NONE',  ( 80.99728228756691806, -3.500000000000000000, -34.25000000000000000 ) ) ;
#1967 = EDGE_LOOP ( 'NONE', ( #4160, #10034, #7857, #4588 ) ) ;
#1968 = CARTESIAN_POINT ( 'NONE',  ( 82.51039864469777285, 2.500000000000000000, -60.00000000000000000 ) ) ;
#1969 = DIRECTION ( 'NONE',  ( -6.938893903907222067E-15, 0.000000000000000000, 1.000000000000000000 ) ) ;
#1970 = EDGE_LOOP ( 'NONE', ( #3923, #6476 ) ) ;
#1971 = CARTESIAN_POINT ( 'NONE',  ( -27.81858407079645801, -3.500000000000000000, 54.77876106194688788 ) ) ;
#1972 = DIRECTION ( 'NONE',  ( 0.000000000000000000, 1.000000000000000000, 0.000000000000000000 ) ) ;
#1973 = DIRECTION ( 'NONE',  ( 0.000000000000000000, 0.000000000000000000, 1.000000000000000000 ) ) ;
#1974 = ORIENTED_EDGE ( 'NONE', *, *, #11445, .F. ) ;
#1975 = EDGE_CURVE ( 'NONE', #1388, #2986, #9876, .T. ) ;
#1976 = ORIENTED_EDGE ( 'NONE', *, *, #7811, .F. ) ;
#1977 = DIRECTION ( 'NONE',  ( 0.000000000000000000, 1.000000000000000000, 0.000000000000000000 ) ) ;
#1978 = EDGE_CURVE ( 'NONE', #5931, #6388, #2067, .T. ) ;
#1979 = ORIENTED_EDGE ( 'NONE', *, *, #7498, .T. ) ;
#1980 = CARTESIAN_POINT ( 'NONE',  ( 58.83479401428157018, -3.500000000000000000, -24.22027759394830326 ) ) ;
#1981 = LINE ( 'NONE', #159, #2213 ) ;
#1982 = VERTEX_POINT ( 'NONE', #10762 ) ;
#1983 = EDGE_LOOP ( 'NONE', ( #9033, #9918, #5310, #7155 ) ) ;
#1984 = FACE_OUTER_BOUND ( 'NONE', #1707, .T. ) ;
#1985 = CARTESIAN_POINT ( 'NONE',  ( 24.37500000000000355, 2.500000000000000000, -5.000000000000003553 ) ) ;
#1986 = ORIENTED_EDGE ( 'NONE', *, *, #2935, .T. ) ;
#1987 = DIRECTION ( 'NONE',  ( 0.000000000000000000, 0.000000000000000000, 1.000000000000000000 ) ) ;
#1988 = EDGE_CURVE ( 'NONE', #7330, #1532, #8051, .T. ) ;
#1989 = EDGE_CURVE ( 'NONE', #6169, #10594, #20, .T. ) ;
#1990 = VERTEX_POINT ( 'NONE', #1025 ) ;
#1991 = EDGE_CURVE ( 'NONE', #4260, #2249, #1386, .T. ) ;
#1992 = FACE_BOUND ( 'NONE', #3243, .T. ) ;
#1993 = VERTEX_POINT ( 'NONE', #4656 ) ;
#1994 = CARTESIAN_POINT ( 'NONE',  ( 45.49728228756692516, 2.500000000000000000, -34.25000000000000000 ) ) ;
#1995 = DIRECTION ( 'NONE',  ( 0.000000000000000000, 1.000000000000000000, 0.000000000000000000 ) ) ;
#1996 = DIRECTION ( 'NONE',  ( 0.06867802390884975017, 0.000000000000000000, -0.9976388770652312443 ) ) ;
#1997 = FACE_OUTER_BOUND ( 'NONE', #9894, .T. ) ;
#1998 = ORIENTED_EDGE ( 'NONE', *, *, #5277, .F. ) ;
#1999 = ORIENTED_EDGE ( 'NONE', *, *, #117, .F. ) ;
#2000 = DIRECTION ( 'NONE',  ( -1.000000000000000000, 0.000000000000000000, -0.000000000000000000 ) ) ;
#2001 = DIRECTION ( 'NONE',  ( -0.000000000000000000, -1.000000000000000000, -0.000000000000000000 ) ) ;
#2002 = ADVANCED_FACE ( 'NONE', ( #9163 ), #8218, .F. ) ;
#2003 = AXIS2_PLACEMENT_3D ( 'NONE', #24, #5317, #2781 ) ;
#2004 = DIRECTION ( 'NONE',  ( 0.000000000000000000, 1.000000000000000000, 0.000000000000000000 ) ) ;
#2005 = ORIENTED_EDGE ( 'NONE', *, *, #9680, .T. ) ;
#2006 = LINE ( 'NONE', #5587, #4503 ) ;
#2007 = LINE ( 'NONE', #10860, #5846 ) ;
#2008 = ORIENTED_EDGE ( 'NONE', *, *, #3970, .T. ) ;
#2009 = DIRECTION ( 'NONE',  ( -0.000000000000000000, 1.000000000000000000, -0.000000000000000000 ) ) ;
#2010 = CARTESIAN_POINT ( 'NONE',  ( 2.000000000000007105, -3.500000000000000000, 52.00000000000000000 ) ) ;
#2011 = DIRECTION ( 'NONE',  ( 0.000000000000000000, 0.000000000000000000, 1.000000000000000000 ) ) ;
#2012 = AXIS2_PLACEMENT_3D ( 'NONE', #1538, #8691, #6052 ) ;
#2013 = ORIENTED_EDGE ( 'NONE', *, *, #10231, .F. ) ;
#2014 = LINE ( 'NONE', #3009, #11383 ) ;
#2015 = VECTOR ( 'NONE', #7708, 1000.000000000000000 ) ;
#2016 = EDGE_CURVE ( 'NONE', #390, #674, #10752, .T. ) ;
#2017 = CARTESIAN_POINT ( 'NONE',  ( 128.6458980337503135, -3.500000000000000000, -59.00000000000000000 ) ) ;
#2018 = ADVANCED_FACE ( 'NONE', ( #192 ), #4541, .T. ) ;
#2019 = ORIENTED_EDGE ( 'NONE', *, *, #5109, .F. ) ;
#2020 = AXIS2_PLACEMENT_3D ( 'NONE', #2682, #10010, #151 ) ;
#2021 = CYLINDRICAL_SURFACE ( 'NONE', #10439, 5.499999999999998224 ) ;
#2022 = ORIENTED_EDGE ( 'NONE', *, *, #11562, .T. ) ;
#2023 = LINE ( 'NONE', #10773, #3174 ) ;
#2024 = LINE ( 'NONE', #7353, #4306 ) ;
#2025 = EDGE_LOOP ( 'NONE', ( #8361, #2246, #3877, #635 ) ) ;
#2026 = CARTESIAN_POINT ( 'NONE',  ( 80.99728228756691806, -3.500000000000000000, -28.75000000000000355 ) ) ;
#2027 = FACE_OUTER_BOUND ( 'NONE', #4437, .T. ) ;
#2028 = CARTESIAN_POINT ( 'NONE',  ( 35.78127226243297798, 2.500000000000000000, -59.70588235294130186 ) ) ;
#2029 = EDGE_LOOP ( 'NONE', ( #11107, #1230, #3905, #7413 ) ) ;
#2030 = AXIS2_PLACEMENT_3D ( 'NONE', #5778, #1151, #4847 ) ;
#2031 = VERTEX_POINT ( 'NONE', #85 ) ;
#2032 = CARTESIAN_POINT ( 'NONE',  ( 77.60834885156769758, -3.500000000000000000, -39.79663232658940331 ) ) ;
#2033 = EDGE_LOOP ( 'NONE', ( #3864, #9847, #2152, #10984 ) ) ;
#2034 = AXIS2_PLACEMENT_3D ( 'NONE', #3316, #8758, #2606 ) ;
#2035 = DIRECTION ( 'NONE',  ( 0.000000000000000000, 1.000000000000000000, 0.000000000000000000 ) ) ;
#2036 = CARTESIAN_POINT ( 'NONE',  ( 126.0000000000015490, -3.500000000000000000, 35.99999999999688782 ) ) ;
#2037 = ORIENTED_EDGE ( 'NONE', *, *, #2784, .F. ) ;
#2038 = VERTEX_POINT ( 'NONE', #4712 ) ;
#2039 = EDGE_CURVE ( 'NONE', #8047, #278, #9933, .T. ) ;
#2040 = CARTESIAN_POINT ( 'NONE',  ( 44.10565956188739278, -3.500000000000000000, 53.47999999999941423 ) ) ;
#2041 = CARTESIAN_POINT ( 'NONE',  ( 128.7715961163515033, 2.500000000000000000, -31.54121597654004105 ) ) ;
#2042 = CIRCLE ( 'NONE', #4663, 5.500000000000001776 ) ;
#2043 = VERTEX_POINT ( 'NONE', #1897 ) ;
#2044 = DIRECTION ( 'NONE',  ( 0.6902962621009354205, 0.000000000000000000, 0.7235268277883527555 ) ) ;
#2045 = ORIENTED_EDGE ( 'NONE', *, *, #3747, .T. ) ;
#2046 = CARTESIAN_POINT ( 'NONE',  ( 127.1208389022546754, -3.500000000000000000, 58.53846153846154010 ) ) ;
#2047 = ORIENTED_EDGE ( 'NONE', *, *, #3884, .T. ) ;
#2048 = VECTOR ( 'NONE', #9889, 1000.000000000000000 ) ;
#2049 = CARTESIAN_POINT ( 'NONE',  ( -33.00000000000000000, -3.500000000000000000, 52.64589803375029220 ) ) ;
#2050 = EDGE_CURVE ( 'NONE', #8358, #2440, #3669, .T. ) ;
#2051 = VECTOR ( 'NONE', #8392, 1000.000000000000000 ) ;
#2052 = CARTESIAN_POINT ( 'NONE',  ( 89.24999999999994316, -3.500000000000000000, 25.60000000009224408 ) ) ;
#2053 = EDGE_CURVE ( 'NONE', #5680, #6900, #10864, .T. ) ;
#2054 = CARTESIAN_POINT ( 'NONE',  ( 136.0000000000000000, 2.500000000000000000, 52.64589803375033483 ) ) ;
#2055 = FACE_OUTER_BOUND ( 'NONE', #356, .T. ) ;
#2056 = ORIENTED_EDGE ( 'NONE', *, *, #5982, .F. ) ;
#2057 = ORIENTED_EDGE ( 'NONE', *, *, #1402, .F. ) ;
#2058 = VECTOR ( 'NONE', #128, 1000.000000000000000 ) ;
#2059 = CARTESIAN_POINT ( 'NONE',  ( 89.24999999999994316, -3.500000000000000000, 25.60000000009224408 ) ) ;
#2060 = CYLINDRICAL_SURFACE ( 'NONE', #3587, 5.499999999999998224 ) ;
#2061 = DIRECTION ( 'NONE',  ( -0.000000000000000000, -1.000000000000000000, -0.000000000000000000 ) ) ;
#2062 = ORIENTED_EDGE ( 'NONE', *, *, #11429, .T. ) ;
#2063 = ADVANCED_FACE ( 'NONE', ( #8275 ), #2951, .F. ) ;
#2064 = CARTESIAN_POINT ( 'NONE',  ( 94.00000000000153477, -3.500000000000000000, 35.99999999999690203 ) ) ;
#2065 = DIRECTION ( 'NONE',  ( 0.000000000000000000, 0.000000000000000000, 1.000000000000000000 ) ) ;
#2066 = ORIENTED_EDGE ( 'NONE', *, *, #696, .T. ) ;
#2067 = LINE ( 'NONE', #9993, #6251 ) ;
#2068 = ORIENTED_EDGE ( 'NONE', *, *, #6098, .F. ) ;
#2069 = DIRECTION ( 'NONE',  ( 0.000000000000000000, 1.000000000000000000, 0.000000000000000000 ) ) ;
#2070 = CARTESIAN_POINT ( 'NONE',  ( 126.8765246170202374, -3.500000000000000000, -53.99999999999998579 ) ) ;
#2071 = VERTEX_POINT ( 'NONE', #4009 ) ;
#2072 = DIRECTION ( 'NONE',  ( 0.000000000000000000, 1.000000000000000000, 0.000000000000000000 ) ) ;
#2073 = VERTEX_POINT ( 'NONE', #9452 ) ;
#2074 = AXIS2_PLACEMENT_3D ( 'NONE', #9379, #7445, #4703 ) ;
#2075 = EDGE_CURVE ( 'NONE', #11316, #7928, #8119, .T. ) ;
#2076 = CARTESIAN_POINT ( 'NONE',  ( 126.0000000000015490, 2.500000000000000000, -35.99999999999688782 ) ) ;
#2077 = CARTESIAN_POINT ( 'NONE',  ( 24.37500000000000355, 2.500000000000000000, -5.000000000000003553 ) ) ;
#2078 = AXIS2_PLACEMENT_3D ( 'NONE', #4516, #9964, #8248 ) ;
#2079 = ORIENTED_EDGE ( 'NONE', *, *, #6448, .T. ) ;
#2080 = EDGE_CURVE ( 'NONE', #5082, #9586, #10270, .T. ) ;
#2081 = CARTESIAN_POINT ( 'NONE',  ( 39.50000000000052580, -3.500000000000000000, 57.24999999999945288 ) ) ;
#2082 = LINE ( 'NONE', #5665, #1772 ) ;
#2083 = CARTESIAN_POINT ( 'NONE',  ( -21.49999999999999289, 2.500000000000000000, 10.26634360823522840 ) ) ;
#2084 = ORIENTED_EDGE ( 'NONE', *, *, #5629, .F. ) ;
#2085 = ORIENTED_EDGE ( 'NONE', *, *, #7316, .F. ) ;
#2086 = DIRECTION ( 'NONE',  ( 0.4154496880128091818, 0.000000000000000000, 0.9096161590088753801 ) ) ;
#2087 = AXIS2_PLACEMENT_3D ( 'NONE', #2214, #9261, #1283 ) ;
#2088 = AXIS2_PLACEMENT_3D ( 'NONE', #8191, #1054, #10616 ) ;
#2089 = ORIENTED_EDGE ( 'NONE', *, *, #7179, .F. ) ;
#2090 = CARTESIAN_POINT ( 'NONE',  ( -30.00000000000000355, -3.500000000000000000, -55.99999999999997868 ) ) ;
#2091 = EDGE_LOOP ( 'NONE', ( #2962, #9491 ) ) ;
#2092 = VERTEX_POINT ( 'NONE', #4948 ) ;
#2093 = ORIENTED_EDGE ( 'NONE', *, *, #1481, .F. ) ;
#2094 = AXIS2_PLACEMENT_3D ( 'NONE', #7379, #227, #11073 ) ;
#2095 = EDGE_CURVE ( 'NONE', #554, #11285, #5244, .T. ) ;
#2096 = DIRECTION ( 'NONE',  ( 0.000000000000000000, 1.000000000000000000, 0.000000000000000000 ) ) ;
#2097 = CARTESIAN_POINT ( 'NONE',  ( 67.50000000000052580, -3.500000000000000000, -60.00000000000000000 ) ) ;
#2098 = AXIS2_PLACEMENT_3D ( 'NONE', #5590, #190, #10607 ) ;
#2099 = ORIENTED_EDGE ( 'NONE', *, *, #8200, .T. ) ;
#2100 = CARTESIAN_POINT ( 'NONE',  ( -32.20801575699088204, -3.500000000000000000, 49.88651765219851342 ) ) ;
#2101 = EDGE_CURVE ( 'NONE', #5347, #10626, #11019, .T. ) ;
#2102 = EDGE_LOOP ( 'NONE', ( #8657, #10618, #9518, #6589, #5786, #1437, #2691, #8347, #614, #10250, #3616, #5622, #2313, #8415, #8695, #8260, #9768, #6739, #485, #3404, #10676 ) ) ;
#2103 = FACE_BOUND ( 'NONE', #4220, .T. ) ;
#2104 = ORIENTED_EDGE ( 'NONE', *, *, #604, .T. ) ;
#2105 = AXIS2_PLACEMENT_3D ( 'NONE', #858, #8991, #7173 ) ;
#2106 = DIRECTION ( 'NONE',  ( 0.000000000000000000, 1.000000000000000000, 0.000000000000000000 ) ) ;
#2107 = AXIS2_PLACEMENT_3D ( 'NONE', #9157, #6399, #6233 ) ;
#2108 = CYLINDRICAL_SURFACE ( 'NONE', #10564, 5.499999999999998224 ) ;
#2109 = DIRECTION ( 'NONE',  ( -1.000000000000000000, 0.000000000000000000, 0.000000000000000000 ) ) ;
#2110 = CARTESIAN_POINT ( 'NONE',  ( 93.19777856741795574, -3.500000000000000000, 29.42949662270924094 ) ) ;
#2111 = ORIENTED_EDGE ( 'NONE', *, *, #1014, .F. ) ;
#2112 = VECTOR ( 'NONE', #5905, 1000.000000000000000 ) ;
#2113 = ORIENTED_EDGE ( 'NONE', *, *, #3575, .T. ) ;
#2114 = LINE ( 'NONE', #7389, #59 ) ;
#2115 = ADVANCED_FACE ( 'NONE', ( #5816 ), #3888, .F. ) ;
#2116 = CARTESIAN_POINT ( 'NONE',  ( 46.24055067520988160, -3.500000000000000000, -31.86304543320769866 ) ) ;
#2117 = EDGE_CURVE ( 'NONE', #11508, #1173, #7625, .T. ) ;
#2118 = DIRECTION ( 'NONE',  ( -6.938893903907222067E-15, 0.000000000000000000, 1.000000000000000000 ) ) ;
#2119 = DIRECTION ( 'NONE',  ( 0.000000000000000000, 1.000000000000000000, 0.000000000000000000 ) ) ;
#2120 = CARTESIAN_POINT ( 'NONE',  ( 43.84952627665634139, 2.500000000000000000, -51.51177973260162446 ) ) ;
#2121 = AXIS2_PLACEMENT_3D ( 'NONE', #3592, #7323, #10798 ) ;
#2122 = AXIS2_PLACEMENT_3D ( 'NONE', #9268, #10090, #4815 ) ;
#2123 = VERTEX_POINT ( 'NONE', #7574 ) ;
#2124 = AXIS2_PLACEMENT_3D ( 'NONE', #1323, #4905, #6713 ) ;
#2125 = CIRCLE ( 'NONE', #11305, 5.250000000000004441 ) ;
#2126 = CARTESIAN_POINT ( 'NONE',  ( -26.64589803375033128, -3.500000000000000000, -59.00000000000000000 ) ) ;
#2127 = ORIENTED_EDGE ( 'NONE', *, *, #2889, .F. ) ;
#2128 = DIRECTION ( 'NONE',  ( 0.000000000000000000, 1.000000000000000000, 0.000000000000000000 ) ) ;
#2129 = PRODUCT_DEFINITION_FORMATION_WITH_SPECIFIED_SOURCE ( 'ANY', '', #955, .NOT_KNOWN. ) ;
#2130 = AXIS2_PLACEMENT_3D ( 'NONE', #4315, #3381, #677 ) ;
#2131 = PRODUCT_DEFINITION ( 'UNKNOWN', '', #2129, #7432 ) ;
#2132 = PLANE ( 'NONE',  #5509 ) ;
#2133 = EDGE_CURVE ( 'NONE', #7640, #4367, #7453, .T. ) ;
#2134 = ORIENTED_EDGE ( 'NONE', *, *, #5532, .F. ) ;
#2135 = AXIS2_PLACEMENT_3D ( 'NONE', #8338, #3893, #1251 ) ;
#2136 = CIRCLE ( 'NONE', #3464, 5.500000000000005329 ) ;
#2137 = LINE ( 'NONE', #11106, #9609 ) ;
#2138 = ORIENTED_EDGE ( 'NONE', *, *, #5922, .T. ) ;
#2139 = CARTESIAN_POINT ( 'NONE',  ( 44.10565956188739278, -3.500000000000000000, -53.47999999999941423 ) ) ;
#2140 = LINE ( 'NONE', #11165, #9144 ) ;
#2141 = ORIENTED_EDGE ( 'NONE', *, *, #11338, .T. ) ;
#2142 = CARTESIAN_POINT ( 'NONE',  ( 82.21710956236549350, 2.500000000000000000, -36.43220563184532068 ) ) ;
#2143 = CARTESIAN_POINT ( 'NONE',  ( 125.2188800135601525, -3.500000000000000000, 14.00464700128621942 ) ) ;
#2144 = CARTESIAN_POINT ( 'NONE',  ( -27.55385631544756819, -3.500000000000000000, 15.13546048867516625 ) ) ;
#2145 = ORIENTED_EDGE ( 'NONE', *, *, #5848, .F. ) ;
#2146 = ORIENTED_EDGE ( 'NONE', *, *, #1697, .F. ) ;
#2147 = CARTESIAN_POINT ( 'NONE',  ( 91.69240685003698843, 2.500000000000000000, 26.13352486258014906 ) ) ;
#2148 = CIRCLE ( 'NONE', #5898, 1.000000000000000888 ) ;
#2149 = VERTEX_POINT ( 'NONE', #1358 ) ;
#2150 = EDGE_CURVE ( 'NONE', #1990, #5689, #479, .T. ) ;
#2151 = DIRECTION ( 'NONE',  ( 0.000000000000000000, 1.000000000000000000, 0.000000000000000000 ) ) ;
#2152 = ORIENTED_EDGE ( 'NONE', *, *, #6814, .T. ) ;
#2153 = DIRECTION ( 'NONE',  ( 0.000000000000000000, 0.000000000000000000, 1.000000000000000000 ) ) ;
#2154 = EDGE_LOOP ( 'NONE', ( #1359, #3840, #10028, #10631 ) ) ;
#2155 = AXIS2_PLACEMENT_3D ( 'NONE', #10424, #402, #11076 ) ;
#2156 = LINE ( 'NONE', #4974, #2112 ) ;
#2157 = DIRECTION ( 'NONE',  ( 0.000000000000000000, 0.000000000000000000, 1.000000000000000000 ) ) ;
#2158 = VERTEX_POINT ( 'NONE', #6810 ) ;
#2159 = CARTESIAN_POINT ( 'NONE',  ( 95.25000000000153477, -3.500000000000000000, -37.99999999999690203 ) ) ;
#2160 = ORIENTED_EDGE ( 'NONE', *, *, #7529, .T. ) ;
#2161 = EDGE_CURVE ( 'NONE', #833, #1789, #3561, .T. ) ;
#2162 = FACE_BOUND ( 'NONE', #9057, .T. ) ;
#2163 = EDGE_CURVE ( 'NONE', #11579, #9794, #11264, .T. ) ;
#2164 = ORIENTED_EDGE ( 'NONE', *, *, #4990, .T. ) ;
#2165 = CARTESIAN_POINT ( 'NONE',  ( 34.64587804026361795, -3.500000000000000000, -53.99999999999948130 ) ) ;
#2166 = LINE ( 'NONE', #11141, #4678 ) ;
#2167 = FACE_OUTER_BOUND ( 'NONE', #6373, .T. ) ;
#2168 = CARTESIAN_POINT ( 'NONE',  ( 128.6121276115077592, 2.500000000000000000, 51.66729637763075544 ) ) ;
#2169 = CARTESIAN_POINT ( 'NONE',  ( 74.89424117543212844, -3.500000000000000000, -34.19624887357070264 ) ) ;
#2170 = ORIENTED_EDGE ( 'NONE', *, *, #9844, .T. ) ;
#2171 = VERTEX_POINT ( 'NONE', #6748 ) ;
#2172 = FACE_OUTER_BOUND ( 'NONE', #8988, .T. ) ;
#2173 = CARTESIAN_POINT ( 'NONE',  ( 40.87635952806320461, -3.500000000000000000, 31.26720385364662746 ) ) ;
#2174 = LINE ( 'NONE', #3002, #1012 ) ;
#2175 = ORIENTED_EDGE ( 'NONE', *, *, #6206, .T. ) ;
#2176 = CARTESIAN_POINT ( 'NONE',  ( 24.37500000000000355, -3.500000000000000000, 5.000000000000003553 ) ) ;
#2177 = CARTESIAN_POINT ( 'NONE',  ( 74.55824046833656382, -3.500000000000000000, -35.13811060696434652 ) ) ;
#2178 = EDGE_LOOP ( 'NONE', ( #1536, #8759, #9417, #10929 ) ) ;
#2179 = EDGE_CURVE ( 'NONE', #6889, #2149, #6514, .T. ) ;
#2180 = CARTESIAN_POINT ( 'NONE',  ( 80.99728228756691806, 2.500000000000000000, 34.25000000000000000 ) ) ;
#2181 = VERTEX_POINT ( 'NONE', #10329 ) ;
#2182 = DIRECTION ( 'NONE',  ( -0.2873478855662357501, 0.000000000000000000, -0.9578262852211841816 ) ) ;
#2183 = CARTESIAN_POINT ( 'NONE',  ( 79.50000000000051159, 2.500000000000000000, -55.99999999999916866 ) ) ;
#2184 = EDGE_LOOP ( 'NONE', ( #8393, #5902, #6674, #7314 ) ) ;
#2185 = DIRECTION ( 'NONE',  ( 1.000000000000000000, 0.000000000000000000, 0.000000000000000000 ) ) ;
#2186 = ORIENTED_EDGE ( 'NONE', *, *, #11591, .F. ) ;
#2187 = ADVANCED_FACE ( 'NONE', ( #8561 ), #2296, .T. ) ;
#2188 = CIRCLE ( 'NONE', #7427, 2.000000000000003109 ) ;
#2189 = DIRECTION ( 'NONE',  ( 0.000000000000000000, 1.000000000000000000, 0.000000000000000000 ) ) ;
#2190 = DIRECTION ( 'NONE',  ( -0.000000000000000000, -1.000000000000000000, -0.000000000000000000 ) ) ;
#2191 = ORIENTED_EDGE ( 'NONE', *, *, #7235, .F. ) ;
#2192 = AXIS2_PLACEMENT_3D ( 'NONE', #5446, #333, #4909 ) ;
#2193 = EDGE_CURVE ( 'NONE', #1261, #5570, #5877, .T. ) ;
#2194 = PLANE ( 'NONE',  #7176 ) ;
#2195 = DIRECTION ( 'NONE',  ( 0.000000000000000000, 0.000000000000000000, 1.000000000000000000 ) ) ;
#2196 = DIRECTION ( 'NONE',  ( 0.000000000000000000, 1.000000000000000000, 0.000000000000000000 ) ) ;
#2197 = EDGE_LOOP ( 'NONE', ( #4785, #3114 ) ) ;
#2198 = ORIENTED_EDGE ( 'NONE', *, *, #2959, .T. ) ;
#2199 = CARTESIAN_POINT ( 'NONE',  ( 74.55824046833656382, -3.500000000000000000, 35.13811060696434652 ) ) ;
#2200 = VECTOR ( 'NONE', #3838, 1000.000000000000000 ) ;
#2201 = ORIENTED_EDGE ( 'NONE', *, *, #4865, .T. ) ;
#2202 = CARTESIAN_POINT ( 'NONE',  ( -24.37499999999999645, 2.500000000000000000, -5.000000000000003553 ) ) ;
#2203 = ORIENTED_EDGE ( 'NONE', *, *, #3577, .T. ) ;
#2204 = DIRECTION ( 'NONE',  ( 0.000000000000000000, 1.000000000000000000, 0.000000000000000000 ) ) ;
#2205 = ORIENTED_EDGE ( 'NONE', *, *, #8085, .F. ) ;
#2206 = CARTESIAN_POINT ( 'NONE',  ( 36.48960135530299453, -3.500000000000000000, -60.00000000000000000 ) ) ;
#2207 = AXIS2_PLACEMENT_3D ( 'NONE', #9424, #1394, #2984 ) ;
#2208 = CARTESIAN_POINT ( 'NONE',  ( 2.000000000000007994, 2.500000000000000000, -46.50000000000000000 ) ) ;
#2209 = ORIENTED_EDGE ( 'NONE', *, *, #9193, .T. ) ;
#2210 = CARTESIAN_POINT ( 'NONE',  ( 75.78127226243331904, -3.500000000000000000, -59.70588235294136581 ) ) ;
#2211 = ADVANCED_FACE ( 'NONE', ( #8335 ), #3006, .T. ) ;
#2212 = ORIENTED_EDGE ( 'NONE', *, *, #4981, .T. ) ;
#2213 = VECTOR ( 'NONE', #3746, 1000.000000000000000 ) ;
#2214 = CARTESIAN_POINT ( 'NONE',  ( 126.0000000000015490, -3.500000000000000000, -35.99999999999688782 ) ) ;
#2215 = CARTESIAN_POINT ( 'NONE',  ( 77.88127890956920396, 2.500000000000000000, -50.39266176948437703 ) ) ;
#2216 = CARTESIAN_POINT ( 'NONE',  ( -28.70982142857141994, 2.500000000000000000, 16.00000000000000711 ) ) ;
#2217 = AXIS2_PLACEMENT_3D ( 'NONE', #1005, #6451, #4586 ) ;
#2218 = VECTOR ( 'NONE', #4668, 1000.000000000000000 ) ;
#2219 = EDGE_CURVE ( 'NONE', #4908, #6851, #6576, .T. ) ;
#2220 = PLANE ( 'NONE',  #8394 ) ;
#2221 = CARTESIAN_POINT ( 'NONE',  ( 24.37500000000000355, -3.500000000000000000, 5.000000000000003553 ) ) ;
#2222 = ORIENTED_EDGE ( 'NONE', *, *, #6673, .F. ) ;
#2223 = DIRECTION ( 'NONE',  ( 0.000000000000000000, 0.000000000000000000, 1.000000000000000000 ) ) ;
#2224 = EDGE_CURVE ( 'NONE', #1460, #1515, #10082, .T. ) ;
#2225 = ORIENTED_EDGE ( 'NONE', *, *, #392, .F. ) ;
#2226 = FACE_OUTER_BOUND ( 'NONE', #11545, .T. ) ;
#2227 = DIRECTION ( 'NONE',  ( 0.000000000000000000, 1.000000000000000000, 0.000000000000000000 ) ) ;
#2228 = CIRCLE ( 'NONE', #8786, 1.499999999999997780 ) ;
#2229 = DIRECTION ( 'NONE',  ( 0.000000000000000000, 1.000000000000000000, 0.000000000000000000 ) ) ;
#2230 = AXIS2_PLACEMENT_3D ( 'NONE', #4269, #5268, #11597 ) ;
#2231 = ORIENTED_EDGE ( 'NONE', *, *, #6646, .T. ) ;
#2232 = DIRECTION ( 'NONE',  ( 0.000000000000000000, 1.000000000000000000, 0.000000000000000000 ) ) ;
#2233 = DIRECTION ( 'NONE',  ( 0.8107149800759007041, 0.000000000000000000, -0.5854410483392260556 ) ) ;
#2234 = VECTOR ( 'NONE', #7992, 1000.000000000000000 ) ;
#2235 = ORIENTED_EDGE ( 'NONE', *, *, #1975, .T. ) ;
#2236 = APPLICATION_CONTEXT ( 'automotive_design' ) ;
#2237 = EDGE_CURVE ( 'NONE', #7300, #7065, #10452, .T. ) ;
#2238 = DIRECTION ( 'NONE',  ( 1.000000000000000000, 0.000000000000000000, 0.000000000000000000 ) ) ;
#2239 = ORIENTED_EDGE ( 'NONE', *, *, #3810, .T. ) ;
#2240 = CARTESIAN_POINT ( 'NONE',  ( 54.42873395770143219, 2.500000000000000000, -30.58615322285542248 ) ) ;
#2241 = EDGE_CURVE ( 'NONE', #6160, #516, #10447, .T. ) ;
#2242 = DIRECTION ( 'NONE',  ( 0.000000000000000000, 0.000000000000000000, 1.000000000000000000 ) ) ;
#2243 = VERTEX_POINT ( 'NONE', #3366 ) ;
#2244 = EDGE_CURVE ( 'NONE', #5393, #10819, #1535, .T. ) ;
#2245 = DIRECTION ( 'NONE',  ( 0.000000000000000000, 0.000000000000000000, 1.000000000000000000 ) ) ;
#2246 = ORIENTED_EDGE ( 'NONE', *, *, #8506, .T. ) ;
#2247 = FACE_OUTER_BOUND ( 'NONE', #2178, .T. ) ;
#2248 = CARTESIAN_POINT ( 'NONE',  ( 127.5000000000002274, -3.500000000000000000, -9.000000000001953993 ) ) ;
#2249 = VERTEX_POINT ( 'NONE', #1605 ) ;
#2250 = CARTESIAN_POINT ( 'NONE',  ( 82.64068987684871104, -3.500000000000000000, 39.49873427556501326 ) ) ;
#2251 = CARTESIAN_POINT ( 'NONE',  ( 94.00000000000153477, -3.500000000000000000, 35.99999999999690203 ) ) ;
#2252 = PLANE ( 'NONE',  #9138 ) ;
#2253 = VERTEX_POINT ( 'NONE', #5183 ) ;
#2254 = EDGE_LOOP ( 'NONE', ( #2037, #3954, #4059, #4876 ) ) ;
#2255 = CARTESIAN_POINT ( 'NONE',  ( -24.37499999999999645, -3.500000000000000000, -16.00000000000000711 ) ) ;
#2256 = EDGE_CURVE ( 'NONE', #8616, #9910, #9729, .T. ) ;
#2257 = EDGE_LOOP ( 'NONE', ( #9175, #9511, #3547, #6626 ) ) ;
#2258 = EDGE_CURVE ( 'NONE', #5114, #11298, #9505, .T. ) ;
#2259 = LINE ( 'NONE', #2326, #7072 ) ;
#2260 = VERTEX_POINT ( 'NONE', #11390 ) ;
#2261 = LINE ( 'NONE', #5960, #4354 ) ;
#2262 = ORIENTED_EDGE ( 'NONE', *, *, #8182, .T. ) ;
#2263 = CARTESIAN_POINT ( 'NONE',  ( 80.99728228756691806, -3.500000000000000000, -34.25000000000000000 ) ) ;
#2264 = DIRECTION ( 'NONE',  ( 0.4154496880128091818, 0.000000000000000000, 0.9096161590088753801 ) ) ;
#2265 = ORIENTED_EDGE ( 'NONE', *, *, #3056, .T. ) ;
#2266 = DIRECTION ( 'NONE',  ( 0.000000000000000000, 1.000000000000000000, 0.000000000000000000 ) ) ;
#2267 = AXIS2_PLACEMENT_3D ( 'NONE', #4647, #10912, #1950 ) ;
#2268 = VERTEX_POINT ( 'NONE', #5056 ) ;
#2269 = VECTOR ( 'NONE', #7998, 999.9999999999998863 ) ;
#2270 = ADVANCED_FACE ( 'NONE', ( #6050 ), #9632, .T. ) ;
#2271 = CARTESIAN_POINT ( 'NONE',  ( 79.50000000000051159, -3.500000000000000000, 55.99999999999916866 ) ) ;
#2272 = EDGE_CURVE ( 'NONE', #3076, #5194, #8595, .T. ) ;
#2273 = LINE ( 'NONE', #3287, #8711 ) ;
#2274 = LINE ( 'NONE', #2216, #11587 ) ;
#2275 = AXIS2_PLACEMENT_3D ( 'NONE', #2534, #6106, #6038 ) ;
#2276 = ORIENTED_EDGE ( 'NONE', *, *, #6239, .F. ) ;
#2277 = VECTOR ( 'NONE', #7668, 1000.000000000000000 ) ;
#2278 = CARTESIAN_POINT ( 'NONE',  ( 129.7371487755050623, 2.500000000000000000, -39.68730511752550427 ) ) ;
#2279 = DIRECTION ( 'NONE',  ( 0.000000000000000000, 0.000000000000000000, 1.000000000000000000 ) ) ;
#2280 = ORIENTED_EDGE ( 'NONE', *, *, #3295, .F. ) ;
#2281 = DIRECTION ( 'NONE',  ( 0.000000000000000000, 1.000000000000000000, 0.000000000000000000 ) ) ;
#2282 = ORIENTED_EDGE ( 'NONE', *, *, #9931, .F. ) ;
#2283 = CARTESIAN_POINT ( 'NONE',  ( -28.70982142857142350, 2.500000000000000000, -21.50000000000000355 ) ) ;
#2284 = AXIS2_PLACEMENT_3D ( 'NONE', #11225, #10464, #6071 ) ;
#2285 = CARTESIAN_POINT ( 'NONE',  ( 79.50000000000051159, 2.500000000000000000, 55.99999999999916866 ) ) ;
#2286 = CIRCLE ( 'NONE', #3978, 1.250000000000001110 ) ;
#2287 = AXIS2_PLACEMENT_3D ( 'NONE', #5943, #9644, #1489 ) ;
#2288 = ADVANCED_FACE ( 'NONE', ( #6927 ), #11334, .T. ) ;
#2289 = EDGE_CURVE ( 'NONE', #7603, #9003, #8956, .T. ) ;
#2290 = LINE ( 'NONE', #5236, #8483 ) ;
#2291 = CIRCLE ( 'NONE', #239, 5.499999999999998224 ) ;
#2292 = EDGE_LOOP ( 'NONE', ( #9471, #4802, #9252, #6532 ) ) ;
#2293 = CYLINDRICAL_SURFACE ( 'NONE', #1304, 1.250000000000001110 ) ;
#2294 = DIRECTION ( 'NONE',  ( -1.000000000000000000, 0.000000000000000000, -0.000000000000000000 ) ) ;
#2295 = ORIENTED_EDGE ( 'NONE', *, *, #1738, .F. ) ;
#2296 = CYLINDRICAL_SURFACE ( 'NONE', #2966, 1.000000000000000888 ) ;
#2297 = EDGE_LOOP ( 'NONE', ( #4459, #1736, #9136, #1325 ) ) ;
#2298 = CARTESIAN_POINT ( 'NONE',  ( 79.50000000000051159, 2.500000000000000000, 55.99999999999916866 ) ) ;
#2299 = VECTOR ( 'NONE', #4676, 1000.000000000000000 ) ;
#2300 = VECTOR ( 'NONE', #2307, 1000.000000000000000 ) ;
#2301 = LINE ( 'NONE', #6697, #8876 ) ;
#2302 = VECTOR ( 'NONE', #10776, 1000.000000000000000 ) ;
#2303 = ORIENTED_EDGE ( 'NONE', *, *, #6316, .F. ) ;
#2304 = ADVANCED_FACE ( 'NONE', ( #7606 ), #403, .F. ) ;
#2305 = LINE ( 'NONE', #3432, #3841 ) ;
#2306 = VECTOR ( 'NONE', #2761, 1000.000000000000000 ) ;
#2307 = DIRECTION ( 'NONE',  ( 0.6902962621009354205, 0.000000000000000000, 0.7235268277883527555 ) ) ;
#2308 = ORIENTED_EDGE ( 'NONE', *, *, #8355, .F. ) ;
#2309 = AXIS2_PLACEMENT_3D ( 'NONE', #7885, #744, #4262 ) ;
#2310 = CIRCLE ( 'NONE', #4008, 1.000000000000000888 ) ;
#2311 = DIRECTION ( 'NONE',  ( 0.000000000000000000, 0.000000000000000000, -1.000000000000000000 ) ) ;
#2312 = DIRECTION ( 'NONE',  ( 0.000000000000000000, 0.000000000000000000, 1.000000000000000000 ) ) ;
#2313 = ORIENTED_EDGE ( 'NONE', *, *, #2565, .F. ) ;
#2314 = AXIS2_PLACEMENT_3D ( 'NONE', #10521, #9646, #5366 ) ;
#2315 = CARTESIAN_POINT ( 'NONE',  ( 129.2995191861324429, -3.500000000000000000, 30.69192378159589296 ) ) ;
#2316 = LINE ( 'NONE', #10286, #10939 ) ;
#2317 = CARTESIAN_POINT ( 'NONE',  ( 2.000000000000007994, 2.500000000000000000, -52.00000000000000000 ) ) ;
#2318 = CARTESIAN_POINT ( 'NONE',  ( -27.37499999999999645, 2.500000000000000000, -13.79999999999997939 ) ) ;
#2319 = ORIENTED_EDGE ( 'NONE', *, *, #437, .T. ) ;
#2320 = EDGE_LOOP ( 'NONE', ( #1957, #2062, #8012, #11522 ) ) ;
#2321 = LINE ( 'NONE', #2147, #253 ) ;
#2322 = CIRCLE ( 'NONE', #6062, 1.500000000000001332 ) ;
#2323 = VECTOR ( 'NONE', #4585, 1000.000000000000000 ) ;
#2324 = ORIENTED_EDGE ( 'NONE', *, *, #9225, .F. ) ;
#2325 = VECTOR ( 'NONE', #908, 1000.000000000000000 ) ;
#2326 = CARTESIAN_POINT ( 'NONE',  ( -33.66666666666666430, -3.500000000000000000, 51.90054204125036108 ) ) ;
#2327 = ORIENTED_EDGE ( 'NONE', *, *, #2919, .F. ) ;
#2328 = EDGE_LOOP ( 'NONE', ( #11602, #9112, #7867, #2484 ) ) ;
#2329 = VERTEX_POINT ( 'NONE', #6676 ) ;
#2330 = CARTESIAN_POINT ( 'NONE',  ( -22.37500000000000000, 2.500000000000000000, -7.000000000000006217 ) ) ;
#2331 = EDGE_CURVE ( 'NONE', #8560, #9595, #7666, .T. ) ;
#2332 = DIRECTION ( 'NONE',  ( 0.000000000000000000, 0.000000000000000000, 1.000000000000000000 ) ) ;
#2333 = DIRECTION ( 'NONE',  ( 0.000000000000000000, 1.000000000000000000, 0.000000000000000000 ) ) ;
#2334 = EDGE_CURVE ( 'NONE', #10786, #4669, #10308, .T. ) ;
#2335 = VERTEX_POINT ( 'NONE', #10202 ) ;
#2336 = CARTESIAN_POINT ( 'NONE',  ( 57.49079118589932591, 2.500000000000000000, -27.98772452752288942 ) ) ;
#2337 = CARTESIAN_POINT ( 'NONE',  ( -24.37499999999999645, 2.500000000000000000, 5.000000000000003553 ) ) ;
#2338 = CARTESIAN_POINT ( 'NONE',  ( -27.55385631544756819, 2.500000000000000000, 15.13546048867516625 ) ) ;
#2339 = ORIENTED_EDGE ( 'NONE', *, *, #3747, .F. ) ;
#2340 = EDGE_CURVE ( 'NONE', #3185, #7174, #2166, .T. ) ;
#2341 = ADVANCED_FACE ( 'NONE', ( #3163 ), #5745, .T. ) ;
#2342 = CARTESIAN_POINT ( 'NONE',  ( -28.70982142857141994, -3.500000000000000000, 20.00000000000000711 ) ) ;
#2343 = DIRECTION ( 'NONE',  ( 0.000000000000000000, 1.000000000000000000, 0.000000000000000000 ) ) ;
#2344 = EDGE_LOOP ( 'NONE', ( #11182, #9073, #8224, #161, #10472, #4643, #2825, #9776, #4528, #2339, #5332, #8432, #9688, #6303, #10349, #9180, #7825, #2212, #11113, #9388, #10469 ) ) ;
#2345 = DIRECTION ( 'NONE',  ( 0.000000000000000000, 1.000000000000000000, 0.000000000000000000 ) ) ;
#2346 = EDGE_CURVE ( 'NONE', #11155, #258, #9545, .T. ) ;
#2347 = ORIENTED_EDGE ( 'NONE', *, *, #8141, .T. ) ;
#2348 = DIRECTION ( 'NONE',  ( 0.000000000000000000, 0.000000000000000000, 1.000000000000000000 ) ) ;
#2349 = DIRECTION ( 'NONE',  ( 0.000000000000000000, 0.000000000000000000, -1.000000000000000000 ) ) ;
#2350 = FACE_OUTER_BOUND ( 'NONE', #1401, .T. ) ;
#2351 = ORIENTED_EDGE ( 'NONE', *, *, #10668, .F. ) ;
#2352 = DIRECTION ( 'NONE',  ( 0.000000000000000000, 0.000000000000000000, 1.000000000000000000 ) ) ;
#2353 = FACE_OUTER_BOUND ( 'NONE', #7360, .T. ) ;
#2354 = EDGE_LOOP ( 'NONE', ( #6627, #5259 ) ) ;
#2355 = DIRECTION ( 'NONE',  ( 0.000000000000000000, 0.000000000000000000, 1.000000000000000000 ) ) ;
#2356 = ORIENTED_EDGE ( 'NONE', *, *, #4037, .T. ) ;
#2357 = DIRECTION ( 'NONE',  ( -0.000000000000000000, 1.000000000000000000, -0.000000000000000000 ) ) ;
#2358 = EDGE_CURVE ( 'NONE', #8822, #855, #5049, .T. ) ;
#2359 = AXIS2_PLACEMENT_3D ( 'NONE', #9361, #9534, #561 ) ;
#2360 = CARTESIAN_POINT ( 'NONE',  ( 133.4846307420930600, -3.500000000000000000, -53.98856480103576416 ) ) ;
#2361 = ORIENTED_EDGE ( 'NONE', *, *, #10954, .T. ) ;
#2362 = DIRECTION ( 'NONE',  ( 1.000000000000000000, 0.000000000000000000, 0.000000000000000000 ) ) ;
#2363 = CARTESIAN_POINT ( 'NONE',  ( 45.49728228756692516, -3.500000000000000000, 34.25000000000000000 ) ) ;
#2364 = ORIENTED_EDGE ( 'NONE', *, *, #3469, .T. ) ;
#2365 = DIRECTION ( 'NONE',  ( 0.000000000000000000, 1.000000000000000000, 0.000000000000000000 ) ) ;
#2366 = DIRECTION ( 'NONE',  ( 0.000000000000000000, 1.000000000000000000, 0.000000000000000000 ) ) ;
#2367 = VERTEX_POINT ( 'NONE', #3109 ) ;
#2368 = DIRECTION ( 'NONE',  ( 0.000000000000000000, 1.000000000000000000, 0.000000000000000000 ) ) ;
#2369 = CARTESIAN_POINT ( 'NONE',  ( 2.000000000000007994, 2.500000000000000000, -52.00000000000000000 ) ) ;
#2370 = DIRECTION ( 'NONE',  ( 0.000000000000000000, 1.000000000000000000, 0.000000000000000000 ) ) ;
#2371 = EDGE_CURVE ( 'NONE', #7595, #3185, #911, .T. ) ;
#2372 = VECTOR ( 'NONE', #6894, 1000.000000000000000 ) ;
#2373 = DIRECTION ( 'NONE',  ( 0.000000000000000000, 0.000000000000000000, 1.000000000000000000 ) ) ;
#2374 = EDGE_CURVE ( 'NONE', #10981, #1799, #11610, .T. ) ;
#2375 = ORIENTED_EDGE ( 'NONE', *, *, #951, .F. ) ;
#2376 = ORIENTED_EDGE ( 'NONE', *, *, #6751, .F. ) ;
#2377 = FACE_OUTER_BOUND ( 'NONE', #9277, .T. ) ;
#2378 = EDGE_CURVE ( 'NONE', #11380, #9349, #2274, .T. ) ;
#2379 = ORIENTED_EDGE ( 'NONE', *, *, #3379, .T. ) ;
#2380 = CIRCLE ( 'NONE', #10249, 1.000000000000000888 ) ;
#2381 = DIRECTION ( 'NONE',  ( 0.000000000000000000, 1.000000000000000000, 0.000000000000000000 ) ) ;
#2382 = ORIENTED_EDGE ( 'NONE', *, *, #10231, .T. ) ;
#2383 = AXIS2_PLACEMENT_3D ( 'NONE', #4566, #2858, #2802 ) ;
#2384 = CARTESIAN_POINT ( 'NONE',  ( 89.24999999999994316, -3.500000000000000000, 25.60000000009224408 ) ) ;
#2385 = DIRECTION ( 'NONE',  ( 0.000000000000000000, 1.000000000000000000, 0.000000000000000000 ) ) ;
#2386 = EDGE_LOOP ( 'NONE', ( #4443, #6127, #2810, #2722 ) ) ;
#2387 = CARTESIAN_POINT ( 'NONE',  ( 67.50000000000052580, -3.500000000000000000, 60.00000000000000000 ) ) ;
#2388 = CARTESIAN_POINT ( 'NONE',  ( 128.0662582309404627, -3.500000000000000000, 34.86286459773508284 ) ) ;
#2389 = FACE_BOUND ( 'NONE', #8509, .T. ) ;
#2390 = VECTOR ( 'NONE', #2357, 1000.000000000000000 ) ;
#2391 = ORIENTED_EDGE ( 'NONE', *, *, #7795, .F. ) ;
#2392 = AXIS2_PLACEMENT_3D ( 'NONE', #8226, #2731, #4609 ) ;
#2393 = CARTESIAN_POINT ( 'NONE',  ( 94.00000000000153477, 2.500000000000000000, -30.74999999999690559 ) ) ;
#2394 = PLANE ( 'NONE',  #7031 ) ;
#2395 = DIRECTION ( 'NONE',  ( 0.000000000000000000, 0.000000000000000000, 1.000000000000000000 ) ) ;
#2396 = EDGE_CURVE ( 'NONE', #9794, #10693, #5023, .T. ) ;
#2397 = EDGE_LOOP ( 'NONE', ( #6045, #9181, #1238, #10111 ) ) ;
#2398 = LINE ( 'NONE', #3349, #10519 ) ;
#2399 = CARTESIAN_POINT ( 'NONE',  ( 39.50000000000052580, -3.500000000000000000, -55.99999999999945288 ) ) ;
#2400 = VERTEX_POINT ( 'NONE', #5799 ) ;
#2401 = CIRCLE ( 'NONE', #9540, 1.000000000000000888 ) ;
#2402 = LINE ( 'NONE', #769, #8255 ) ;
#2403 = ORIENTED_EDGE ( 'NONE', *, *, #7660, .T. ) ;
#2404 = LINE ( 'NONE', #5978, #7727 ) ;
#2405 = DIRECTION ( 'NONE',  ( -0.000000000000000000, -1.000000000000000000, -0.000000000000000000 ) ) ;
#2406 = EDGE_CURVE ( 'NONE', #3261, #2608, #11243, .T. ) ;
#2407 = CIRCLE ( 'NONE', #929, 1.000000000000000888 ) ;
#2408 = EDGE_CURVE ( 'NONE', #189, #4840, #2401, .T. ) ;
#2409 = DIRECTION ( 'NONE',  ( -0.000000000000000000, -1.000000000000000000, -0.000000000000000000 ) ) ;
#2410 = ORIENTED_EDGE ( 'NONE', *, *, #6011, .F. ) ;
#2411 = CARTESIAN_POINT ( 'NONE',  ( 83.21872773756770414, -3.500000000000000000, 59.70588235294136581 ) ) ;
#2412 = CARTESIAN_POINT ( 'NONE',  ( 94.00000000000153477, -3.500000000000000000, 37.24999999999690203 ) ) ;
#2413 = ORIENTED_EDGE ( 'NONE', *, *, #9602, .F. ) ;
#2414 = DIRECTION ( 'NONE',  ( 0.000000000000000000, 0.000000000000000000, 1.000000000000000000 ) ) ;
#2415 = ORIENTED_EDGE ( 'NONE', *, *, #4056, .F. ) ;
#2416 = DIRECTION ( 'NONE',  ( -1.000000000000000000, 0.000000000000000000, -0.000000000000000000 ) ) ;
#2417 = CARTESIAN_POINT ( 'NONE',  ( 132.0000000000000000, -3.500000000000000000, -56.00000000000000711 ) ) ;
#2418 = EDGE_CURVE ( 'NONE', #9238, #5838, #3741, .T. ) ;
#2419 = ORIENTED_EDGE ( 'NONE', *, *, #5596, .F. ) ;
#2420 = CARTESIAN_POINT ( 'NONE',  ( -24.87652461702021611, -3.500000000000000000, 53.99999999999993605 ) ) ;
#2421 = EDGE_CURVE ( 'NONE', #5182, #1496, #6731, .T. ) ;
#2422 = AXIS2_PLACEMENT_3D ( 'NONE', #6252, #8010, #7835 ) ;
#2423 = DIRECTION ( 'NONE',  ( 0.000000000000000000, 0.000000000000000000, 1.000000000000000000 ) ) ;
#2424 = VERTEX_POINT ( 'NONE', #461 ) ;
#2425 = VECTOR ( 'NONE', #8372, 1000.000000000000000 ) ;
#2426 = DIRECTION ( 'NONE',  ( 0.000000000000000000, 1.000000000000000000, 0.000000000000000000 ) ) ;
#2427 = DIRECTION ( 'NONE',  ( 0.000000000000000000, 0.000000000000000000, 1.000000000000000000 ) ) ;
#2428 = VERTEX_POINT ( 'NONE', #349 ) ;
#2429 = CARTESIAN_POINT ( 'NONE',  ( 79.50000000000051159, -3.500000000000000000, -55.99999999999916866 ) ) ;
#2430 = LINE ( 'NONE', #7060, #7186 ) ;
#2431 = LINE ( 'NONE', #7880, #802 ) ;
#2432 = DIRECTION ( 'NONE',  ( 0.000000000000000000, 1.000000000000000000, 0.000000000000000000 ) ) ;
#2433 = ORIENTED_EDGE ( 'NONE', *, *, #8466, .T. ) ;
#2434 = ORIENTED_EDGE ( 'NONE', *, *, #5641, .F. ) ;
#2435 = DIRECTION ( 'NONE',  ( 0.000000000000000000, 0.000000000000000000, 1.000000000000000000 ) ) ;
#2436 = COLOUR_RGB ( '',0.7921568627450980005, 0.8196078431372548767, 0.9333333333333333481 ) ;
#2437 = ORIENTED_EDGE ( 'NONE', *, *, #8327, .T. ) ;
#2438 = EDGE_CURVE ( 'NONE', #10102, #2243, #5854, .T. ) ;
#2439 = CARTESIAN_POINT ( 'NONE',  ( 126.0000000000015490, -3.500000000000000000, 34.74999999999688072 ) ) ;
#2440 = VERTEX_POINT ( 'NONE', #7492 ) ;
#2441 = ADVANCED_FACE ( 'NONE', ( #11077 ), #8429, .F. ) ;
#2442 = DIRECTION ( 'NONE',  ( 0.000000000000000000, -1.000000000000000000, 0.000000000000000000 ) ) ;
#2443 = DIRECTION ( 'NONE',  ( 0.000000000000000000, 1.000000000000000000, 0.000000000000000000 ) ) ;
#2444 = ORIENTED_EDGE ( 'NONE', *, *, #7692, .F. ) ;
#2445 = FACE_OUTER_BOUND ( 'NONE', #10568, .T. ) ;
#2446 = DIRECTION ( 'NONE',  ( 1.000000000000000000, 0.000000000000000000, 0.000000000000000000 ) ) ;
#2447 = FACE_BOUND ( 'NONE', #9396, .T. ) ;
#2448 = VERTEX_POINT ( 'NONE', #10487 ) ;
#2449 = DIRECTION ( 'NONE',  ( 1.000000000000000000, 0.000000000000000000, 0.000000000000000000 ) ) ;
#2450 = CYLINDRICAL_SURFACE ( 'NONE', #6648, 2.000000000000002665 ) ;
#2451 = DIRECTION ( 'NONE',  ( 0.000000000000000000, 0.000000000000000000, 1.000000000000000000 ) ) ;
#2452 = EDGE_CURVE ( 'NONE', #398, #9168, #1686, .T. ) ;
#2453 = ORIENTED_EDGE ( 'NONE', *, *, #8652, .T. ) ;
#2454 = AXIS2_PLACEMENT_3D ( 'NONE', #242, #3879, #9151 ) ;
#2455 = ADVANCED_FACE ( 'NONE', ( #3403 ), #7788, .F. ) ;
#2456 = DIRECTION ( 'NONE',  ( 0.000000000000000000, 0.000000000000000000, 1.000000000000000000 ) ) ;
#2457 = LINE ( 'NONE', #9439, #7512 ) ;
#2458 = FACE_OUTER_BOUND ( 'NONE', #7259, .T. ) ;
#2459 = AXIS2_PLACEMENT_3D ( 'NONE', #7855, #9676, #5976 ) ;
#2460 = EDGE_LOOP ( 'NONE', ( #2548, #7122, #308, #9557 ) ) ;
#2461 = PLANE ( 'NONE',  #10701 ) ;
#2462 = ORIENTED_EDGE ( 'NONE', *, *, #1231, .F. ) ;
#2463 = LINE ( 'NONE', #5863, #11492 ) ;
#2464 = CARTESIAN_POINT ( 'NONE',  ( 92.50000000000022737, 2.500000000000000000, 7.500000000001714184 ) ) ;
#2465 = AXIS2_PLACEMENT_3D ( 'NONE', #4632, #6614, #9137 ) ;
#2466 = AXIS2_PLACEMENT_3D ( 'NONE', #11559, #9961, #4627 ) ;
#2467 = CARTESIAN_POINT ( 'NONE',  ( 39.50000000000052580, -3.500000000000000000, -54.74999999999945288 ) ) ;
#2468 = VERTEX_POINT ( 'NONE', #4458 ) ;
#2469 = CARTESIAN_POINT ( 'NONE',  ( -30.00000000000000355, -3.500000000000000000, 55.99999999999997868 ) ) ;
#2470 = DIRECTION ( 'NONE',  ( 1.000000000000000000, 0.000000000000000000, 0.000000000000000000 ) ) ;
#2471 = ORIENTED_EDGE ( 'NONE', *, *, #7415, .T. ) ;
#2472 = AXIS2_PLACEMENT_3D ( 'NONE', #4460, #4342, #9672 ) ;
#2473 = CARTESIAN_POINT ( 'NONE',  ( 80.75000000000051159, -3.500000000000000000, 57.99999999999998579 ) ) ;
#2474 = EDGE_CURVE ( 'NONE', #3974, #5038, #2520, .T. ) ;
#2475 = ORIENTED_EDGE ( 'NONE', *, *, #2224, .T. ) ;
#2476 = AXIS2_PLACEMENT_3D ( 'NONE', #7542, #6491, #7424 ) ;
#2477 = CARTESIAN_POINT ( 'NONE',  ( -31.21686531451300084, -3.500000000000000000, -50.01926101503037358 ) ) ;
#2478 = EDGE_CURVE ( 'NONE', #2038, #11508, #8202, .T. ) ;
#2479 = FACE_OUTER_BOUND ( 'NONE', #1073, .T. ) ;
#2480 = VERTEX_POINT ( 'NONE', #11368 ) ;
#2481 = VECTOR ( 'NONE', #10244, 999.9999999999998863 ) ;
#2482 = FACE_OUTER_BOUND ( 'NONE', #2292, .T. ) ;
#2483 = DIRECTION ( 'NONE',  ( -1.000000000000000000, 0.000000000000000000, 0.000000000000000000 ) ) ;
#2484 = ORIENTED_EDGE ( 'NONE', *, *, #3282, .T. ) ;
#2485 = CARTESIAN_POINT ( 'NONE',  ( 45.49728228756692516, 2.500000000000000000, -34.25000000000000000 ) ) ;
#2486 = CARTESIAN_POINT ( 'NONE',  ( 89.24999999999995737, -3.500000000000000000, -25.60000000009247145 ) ) ;
#2487 = ORIENTED_EDGE ( 'NONE', *, *, #2161, .F. ) ;
#2488 = AXIS2_PLACEMENT_3D ( 'NONE', #2886, #2941, #5702 ) ;
#2489 = VECTOR ( 'NONE', #9886, 1000.000000000000000 ) ;
#2490 = EDGE_CURVE ( 'NONE', #6057, #9884, #10264, .T. ) ;
#2491 = CARTESIAN_POINT ( 'NONE',  ( -26.56270587296968699, 2.500000000000000000, -15.26820385150702641 ) ) ;
#2492 = CARTESIAN_POINT ( 'NONE',  ( -24.87652461702021611, 2.500000000000000000, 53.99999999999993605 ) ) ;
#2493 = CARTESIAN_POINT ( 'NONE',  ( 42.51039864469806417, 2.500000000000000000, -60.00000000000000000 ) ) ;
#2494 = ORIENTED_EDGE ( 'NONE', *, *, #6673, .T. ) ;
#2495 = LINE ( 'NONE', #8819, #8934 ) ;
#2496 = VECTOR ( 'NONE', #11468, 1000.000000000000000 ) ;
#2498 = ORIENTED_EDGE ( 'NONE', *, *, #10412, .T. ) ;
#2497 = EDGE_CURVE ( 'NONE', #1261, #8975, #5228, .T. ) ;
#2499 = ORIENTED_EDGE ( 'NONE', *, *, #7043, .T. ) ;
#2500 = CARTESIAN_POINT ( 'NONE',  ( 42.51039864469806417, -3.500000000000000000, 59.00000000000000000 ) ) ;
#2501 = ORIENTED_EDGE ( 'NONE', *, *, #344, .F. ) ;
#2502 = AXIS2_PLACEMENT_3D ( 'NONE', #555, #6767, #5670 ) ;
#2503 = CIRCLE ( 'NONE', #11291, 5.500000000000001776 ) ;
#2504 = CARTESIAN_POINT ( 'NONE',  ( 87.16033774973953996, 2.500000000000000000, 30.68756441539319724 ) ) ;
#2505 = EDGE_LOOP ( 'NONE', ( #187, #952, #5266, #10091 ) ) ;
#2506 = DIRECTION ( 'NONE',  ( 0.000000000000000000, 0.000000000000000000, -1.000000000000000000 ) ) ;
#2507 = DIRECTION ( 'NONE',  ( 0.000000000000000000, 1.000000000000000000, 0.000000000000000000 ) ) ;
#2508 = ORIENTED_EDGE ( 'NONE', *, *, #6287, .F. ) ;
#2509 = DIRECTION ( 'NONE',  ( 0.000000000000000000, 0.000000000000000000, 1.000000000000000000 ) ) ;
#2510 = CARTESIAN_POINT ( 'NONE',  ( -21.49999999999999289, 2.500000000000000000, -35.99999999999688782 ) ) ;
#2511 = AXIS2_PLACEMENT_3D ( 'NONE', #4298, #5986, #7804 ) ;
#2512 = FACE_BOUND ( 'NONE', #11206, .T. ) ;
#2513 = VECTOR ( 'NONE', #2668, 1000.000000000000000 ) ;
#2514 = AXIS2_PLACEMENT_3D ( 'NONE', #126, #9925, #1072 ) ;
#2515 = ORIENTED_EDGE ( 'NONE', *, *, #8966, .T. ) ;
#2516 = ADVANCED_FACE ( 'NONE', ( #6268 ), #11556, .T. ) ;
#2517 = AXIS2_PLACEMENT_3D ( 'NONE', #8578, #3264, #6824 ) ;
#2518 = FACE_OUTER_BOUND ( 'NONE', #1967, .T. ) ;
#2519 = DIRECTION ( 'NONE',  ( 0.000000000000000000, 0.000000000000000000, 1.000000000000000000 ) ) ;
#2520 = LINE ( 'NONE', #6966, #4843 ) ;
#2521 = AXIS2_PLACEMENT_3D ( 'NONE', #9748, #845, #3544 ) ;
#2522 = VECTOR ( 'NONE', #8375, 1000.000000000000000 ) ;
#2523 = ORIENTED_EDGE ( 'NONE', *, *, #5914, .F. ) ;
#2524 = AXIS2_PLACEMENT_3D ( 'NONE', #1913, #3736, #6537 ) ;
#2525 = CARTESIAN_POINT ( 'NONE',  ( 79.50000000000051159, -3.500000000000000000, -55.99999999999916866 ) ) ;
#2526 = CARTESIAN_POINT ( 'NONE',  ( 98.85412195973844973, 2.500000000000000000, 37.99999999999690203 ) ) ;
#2527 = CARTESIAN_POINT ( 'NONE',  ( -31.78318584070796859, -3.500000000000000000, -54.24778761061944721 ) ) ;
#2528 = ORIENTED_EDGE ( 'NONE', *, *, #5629, .T. ) ;
#2529 = DIRECTION ( 'NONE',  ( 0.000000000000000000, 1.000000000000000000, 0.000000000000000000 ) ) ;
#2530 = EDGE_CURVE ( 'NONE', #5497, #10352, #726, .T. ) ;
#2531 = ORIENTED_EDGE ( 'NONE', *, *, #11580, .T. ) ;
#2532 = DIRECTION ( 'NONE',  ( 0.1921353852253153971, 0.000000000000000000, -0.9813684291561043382 ) ) ;
#2533 = EDGE_CURVE ( 'NONE', #11397, #3793, #11396, .T. ) ;
#2534 = CARTESIAN_POINT ( 'NONE',  ( -24.37499999999999645, -3.500000000000000000, -5.000000000000003553 ) ) ;
#2535 = CIRCLE ( 'NONE', #9078, 1.000000000000000888 ) ;
#2536 = DIRECTION ( 'NONE',  ( 0.000000000000000000, 0.000000000000000000, 1.000000000000000000 ) ) ;
#2537 = ORIENTED_EDGE ( 'NONE', *, *, #4736, .T. ) ;
#2538 = CARTESIAN_POINT ( 'NONE',  ( -28.70982142857142350, 2.500000000000000000, -20.00000000000000711 ) ) ;
#2539 = DIRECTION ( 'NONE',  ( 0.000000000000000000, 0.000000000000000000, -1.000000000000000000 ) ) ;
#2540 = VERTEX_POINT ( 'NONE', #8784 ) ;
#2541 = CIRCLE ( 'NONE', #7209, 4.000000000000000000 ) ;
#2542 = EDGE_LOOP ( 'NONE', ( #9354, #1648, #3964, #8845 ) ) ;
#2543 = FACE_OUTER_BOUND ( 'NONE', #2657, .T. ) ;
#2544 = LINE ( 'NONE', #1665, #9631 ) ;
#2545 = ORIENTED_EDGE ( 'NONE', *, *, #2530, .F. ) ;
#2546 = LINE ( 'NONE', #1823, #5159 ) ;
#2547 = CARTESIAN_POINT ( 'NONE',  ( -24.23371870266458217, -3.500000000000000000, 58.99999999999994316 ) ) ;
#2548 = ORIENTED_EDGE ( 'NONE', *, *, #8147, .F. ) ;
#2549 = ADVANCED_FACE ( 'NONE', ( #6906 ), #4225, .T. ) ;
#2550 = DIRECTION ( 'NONE',  ( -0.000000000000000000, -1.000000000000000000, -0.000000000000000000 ) ) ;
#2551 = CARTESIAN_POINT ( 'NONE',  ( 132.0000000000000000, 2.500000000000000000, 56.00000000000000711 ) ) ;
#2552 = ORIENTED_EDGE ( 'NONE', *, *, #2408, .F. ) ;
#2553 = FACE_OUTER_BOUND ( 'NONE', #6459, .T. ) ;
#2554 = CARTESIAN_POINT ( 'NONE',  ( 80.99728228756691806, 2.500000000000000000, 34.25000000000000000 ) ) ;
#2555 = DIRECTION ( 'NONE',  ( -1.000000000000000000, 0.000000000000000000, 3.614007241618346799E-15 ) ) ;
#2556 = ORIENTED_EDGE ( 'NONE', *, *, #4089, .F. ) ;
#2557 = CARTESIAN_POINT ( 'NONE',  ( 42.51039864469806417, 2.500000000000000000, -59.00000000000000000 ) ) ;
#2558 = EDGE_LOOP ( 'NONE', ( #1568, #8007 ) ) ;
#2559 = VERTEX_POINT ( 'NONE', #1582 ) ;
#2560 = CARTESIAN_POINT ( 'NONE',  ( 94.00000000000153477, 2.500000000000000000, 35.99999999999690203 ) ) ;
#2561 = ORIENTED_EDGE ( 'NONE', *, *, #4686, .T. ) ;
#2562 = EDGE_CURVE ( 'NONE', #8951, #4203, #9713, .T. ) ;
#2563 = PLANE ( 'NONE',  #6878 ) ;
#2564 = ORIENTED_EDGE ( 'NONE', *, *, #793, .T. ) ;
#2565 = EDGE_CURVE ( 'NONE', #3137, #8616, #1760, .T. ) ;
#2566 = CARTESIAN_POINT ( 'NONE',  ( 44.10565956188739278, -3.500000000000000000, -53.47999999999941423 ) ) ;
#2567 = FACE_OUTER_BOUND ( 'NONE', #5297, .T. ) ;
#2568 = VERTEX_POINT ( 'NONE', #7969 ) ;
#2569 = DIRECTION ( 'NONE',  ( 0.000000000000000000, 1.000000000000000000, 0.000000000000000000 ) ) ;
#2570 = PLANE ( 'NONE',  #9969 ) ;
#2571 = FACE_BOUND ( 'NONE', #5701, .T. ) ;
#2572 = ORIENTED_EDGE ( 'NONE', *, *, #1254, .F. ) ;
#2573 = AXIS2_PLACEMENT_3D ( 'NONE', #6826, #3504, #9523 ) ;
#2574 = CARTESIAN_POINT ( 'NONE',  ( 80.99728228756691806, -3.500000000000000000, -34.25000000000000000 ) ) ;
#2575 = LINE ( 'NONE', #1513, #9311 ) ;
#2576 = CARTESIAN_POINT ( 'NONE',  ( 89.24999999999994316, -3.500000000000000000, 25.60000000009224408 ) ) ;
#2577 = VERTEX_POINT ( 'NONE', #10670 ) ;
#2578 = EDGE_CURVE ( 'NONE', #6870, #7573, #7084, .T. ) ;
#2579 = CARTESIAN_POINT ( 'NONE',  ( 35.78127226243297798, -3.500000000000000000, -59.70588235294130186 ) ) ;
#2580 = AXIS2_PLACEMENT_3D ( 'NONE', #5120, #2416, #11267 ) ;
#2581 = FACE_OUTER_BOUND ( 'NONE', #7531, .T. ) ;
#2582 = DIRECTION ( 'NONE',  ( 1.000000000000000000, 0.000000000000000000, 0.000000000000000000 ) ) ;
#2583 = VERTEX_POINT ( 'NONE', #8905 ) ;
#2584 = DIRECTION ( 'NONE',  ( -7.692556537664882126E-15, 0.000000000000000000, 1.000000000000000000 ) ) ;
#2585 = CIRCLE ( 'NONE', #6869, 1.250000000000001110 ) ;
#2586 = ORIENTED_EDGE ( 'NONE', *, *, #7239, .T. ) ;
#2587 = FACE_OUTER_BOUND ( 'NONE', #10176, .T. ) ;
#2588 = FACE_BOUND ( 'NONE', #3079, .T. ) ;
#2589 = VECTOR ( 'NONE', #926, 1000.000000000000000 ) ;
#2590 = EDGE_CURVE ( 'NONE', #7036, #1926, #3352, .T. ) ;
#2591 = DIRECTION ( 'NONE',  ( 0.000000000000000000, 1.000000000000000000, 0.000000000000000000 ) ) ;
#2592 = ADVANCED_FACE ( 'NONE', ( #5222 ), #7905, .F. ) ;
#2593 = VERTEX_POINT ( 'NONE', #3691 ) ;
#2594 = LINE ( 'NONE', #777, #4877 ) ;
#2595 = DIRECTION ( 'NONE',  ( -0.000000000000000000, -1.000000000000000000, -0.000000000000000000 ) ) ;
#2596 = EDGE_LOOP ( 'NONE', ( #6864, #5984, #7021, #7841 ) ) ;
#2597 = EDGE_LOOP ( 'NONE', ( #4486, #10837, #5939, #8892 ) ) ;
#2598 = CARTESIAN_POINT ( 'NONE',  ( 67.50000000000052580, 2.500000000000000000, 60.00000000000000000 ) ) ;
#2599 = DIRECTION ( 'NONE',  ( -0.2873478855662357501, 0.000000000000000000, 0.9578262852211841816 ) ) ;
#2600 = AXIS2_PLACEMENT_3D ( 'NONE', #9127, #8241, #8133 ) ;
#2601 = ORIENTED_EDGE ( 'NONE', *, *, #2801, .F. ) ;
#2602 = FACE_OUTER_BOUND ( 'NONE', #3543, .T. ) ;
#2603 = ORIENTED_EDGE ( 'NONE', *, *, #53, .T. ) ;
#2604 = ADVANCED_FACE ( 'NONE', ( #5560 ), #5447, .T. ) ;
#2605 = DIRECTION ( 'NONE',  ( 0.000000000000000000, 0.000000000000000000, 1.000000000000000000 ) ) ;
#2606 = DIRECTION ( 'NONE',  ( 0.000000000000000000, 0.000000000000000000, 1.000000000000000000 ) ) ;
#2607 = AXIS2_PLACEMENT_3D ( 'NONE', #10797, #9090, #6332 ) ;
#2608 = VERTEX_POINT ( 'NONE', #10785 ) ;
#2609 = EDGE_CURVE ( 'NONE', #10177, #8238, #11008, .T. ) ;
#2610 = LINE ( 'NONE', #6823, #3059 ) ;
#2611 = CARTESIAN_POINT ( 'NONE',  ( -22.37500000000000000, -3.500000000000000000, 7.000000000000006217 ) ) ;
#2612 = DIRECTION ( 'NONE',  ( -1.000000000000000000, 0.000000000000000000, 0.000000000000000000 ) ) ;
#2613 = ORIENTED_EDGE ( 'NONE', *, *, #6164, .F. ) ;
#2614 = DIRECTION ( 'NONE',  ( -0.000000000000000000, -1.000000000000000000, -0.000000000000000000 ) ) ;
#2615 = ORIENTED_EDGE ( 'NONE', *, *, #6800, .F. ) ;
#2616 = CARTESIAN_POINT ( 'NONE',  ( 88.92248353675768158, 2.500000000000000000, -37.33466346525224822 ) ) ;
#2617 = ORIENTED_EDGE ( 'NONE', *, *, #5132, .T. ) ;
#2618 = VECTOR ( 'NONE', #270, 999.9999999999998863 ) ;
#2619 = CARTESIAN_POINT ( 'NONE',  ( 76.48960135530326454, 2.500000000000000000, 60.00000000000000000 ) ) ;
#2620 = ORIENTED_EDGE ( 'NONE', *, *, #6841, .T. ) ;
#2621 = DIRECTION ( 'NONE',  ( 0.000000000000000000, 1.000000000000000000, 0.000000000000000000 ) ) ;
#2622 = CARTESIAN_POINT ( 'NONE',  ( 95.25000000000153477, 2.500000000000000000, 33.99999999999690203 ) ) ;
#2623 = VERTEX_POINT ( 'NONE', #2859 ) ;
#2624 = DIRECTION ( 'NONE',  ( 0.000000000000000000, 1.000000000000000000, 0.000000000000000000 ) ) ;
#2625 = CARTESIAN_POINT ( 'NONE',  ( 26.37500000000000355, -3.500000000000000000, -14.00000000000000533 ) ) ;
#2626 = AXIS2_PLACEMENT_3D ( 'NONE', #2659, #9928, #3769 ) ;
#2627 = FACE_BOUND ( 'NONE', #11126, .T. ) ;
#2628 = EDGE_CURVE ( 'NONE', #997, #2637, #3801, .T. ) ;
#2629 = ORIENTED_EDGE ( 'NONE', *, *, #8968, .F. ) ;
#2630 = ADVANCED_FACE ( 'NONE', ( #6371 ), #9075, .F. ) ;
#2631 = CYLINDRICAL_SURFACE ( 'NONE', #5667, 1.250000000000001110 ) ;
#2632 = CARTESIAN_POINT ( 'NONE',  ( 48.34041134556223795, -3.500000000000000000, -29.54185629365642285 ) ) ;
#2633 = CARTESIAN_POINT ( 'NONE',  ( 89.24999999999995737, 2.500000000000000000, -25.60000000009247145 ) ) ;
#2634 = EDGE_LOOP ( 'NONE', ( #3762, #5620, #6334, #1505 ) ) ;
#2635 = CARTESIAN_POINT ( 'NONE',  ( -21.49999999999999645, -3.500000000000000000, -10.26634360823523018 ) ) ;
#2636 = DIRECTION ( 'NONE',  ( 0.000000000000000000, 0.000000000000000000, 1.000000000000000000 ) ) ;
#2637 = VERTEX_POINT ( 'NONE', #2977 ) ;
#2638 = PLANE ( 'NONE',  #9010 ) ;
#2639 = EDGE_CURVE ( 'NONE', #11380, #5838, #7833, .T. ) ;
#2640 = ORIENTED_EDGE ( 'NONE', *, *, #6164, .T. ) ;
#2641 = EDGE_CURVE ( 'NONE', #5165, #5293, #8187, .T. ) ;
#2642 = FACE_BOUND ( 'NONE', #10093, .T. ) ;
#2643 = CIRCLE ( 'NONE', #8623, 1.250000000000001110 ) ;
#2644 = LINE ( 'NONE', #9742, #2323 ) ;
#2645 = DIRECTION ( 'NONE',  ( -1.000000000000000000, 0.000000000000000000, 0.000000000000000000 ) ) ;
#2646 = DIRECTION ( 'NONE',  ( -0.000000000000000000, -1.000000000000000000, -0.000000000000000000 ) ) ;
#2647 = ORIENTED_EDGE ( 'NONE', *, *, #7710, .F. ) ;
#2648 = ORIENTED_EDGE ( 'NONE', *, *, #10206, .T. ) ;
#2649 = CARTESIAN_POINT ( 'NONE',  ( -24.37499999999999645, 2.500000000000000000, 3.000000000000000444 ) ) ;
#2650 = AXIS2_PLACEMENT_3D ( 'NONE', #358, #3938, #7501 ) ;
#2651 = EDGE_CURVE ( 'NONE', #2986, #5452, #6431, .T. ) ;
#2652 = DIRECTION ( 'NONE',  ( -0.000000000000000000, -1.000000000000000000, -0.000000000000000000 ) ) ;
#2653 = VECTOR ( 'NONE', #5973, 1000.000000000000000 ) ;
#2654 = EDGE_CURVE ( 'NONE', #674, #8100, #1981, .T. ) ;
#2655 = ORIENTED_EDGE ( 'NONE', *, *, #7765, .F. ) ;
#2656 = DIRECTION ( 'NONE',  ( 1.000000000000000000, 0.000000000000000000, 0.000000000000000000 ) ) ;
#2657 = EDGE_LOOP ( 'NONE', ( #6688, #10721, #3834, #9269 ) ) ;
#2658 = CIRCLE ( 'NONE', #404, 1.000000000000000888 ) ;
#2659 = CARTESIAN_POINT ( 'NONE',  ( 39.50000000000052580, -3.500000000000000000, 55.99999999999945288 ) ) ;
#2660 = CARTESIAN_POINT ( 'NONE',  ( -27.81858407079645801, -3.500000000000000000, -54.77876106194688788 ) ) ;
#2661 = AXIS2_PLACEMENT_3D ( 'NONE', #5335, #3774, #7339 ) ;
#2662 = ORIENTED_EDGE ( 'NONE', *, *, #4564, .F. ) ;
#2663 = DIRECTION ( 'NONE',  ( 0.000000000000000000, 0.000000000000000000, 1.000000000000000000 ) ) ;
#2664 = CARTESIAN_POINT ( 'NONE',  ( 121.1458780402646340, -3.500000000000000000, -33.99999999999690203 ) ) ;
#2665 = ORIENTED_EDGE ( 'NONE', *, *, #1958, .T. ) ;
#2666 = CARTESIAN_POINT ( 'NONE',  ( 74.89424117543212844, 2.500000000000000000, 34.19624887357070264 ) ) ;
#2667 = EDGE_CURVE ( 'NONE', #3400, #768, #3635, .T. ) ;
#2668 = DIRECTION ( 'NONE',  ( -0.000000000000000000, -1.000000000000000000, -0.000000000000000000 ) ) ;
#2669 = CIRCLE ( 'NONE', #8651, 5.249999999999991118 ) ;
#2670 = EDGE_CURVE ( 'NONE', #2329, #8227, #1102, .T. ) ;
#2671 = AXIS2_PLACEMENT_3D ( 'NONE', #10865, #6238, #9994 ) ;
#2672 = VERTEX_POINT ( 'NONE', #44 ) ;
#2673 = CIRCLE ( 'NONE', #8093, 6.000000000000001776 ) ;
#2674 = CYLINDRICAL_SURFACE ( 'NONE', #2392, 1.499999999999994449 ) ;
#2675 = ORIENTED_EDGE ( 'NONE', *, *, #8196, .F. ) ;
#2676 = CYLINDRICAL_SURFACE ( 'NONE', #453, 0.9999999999999991118 ) ;
#2677 = FACE_OUTER_BOUND ( 'NONE', #5766, .T. ) ;
#2678 = ORIENTED_EDGE ( 'NONE', *, *, #267, .F. ) ;
#2679 = VECTOR ( 'NONE', #7423, 1000.000000000000000 ) ;
#2680 = CYLINDRICAL_SURFACE ( 'NONE', #3251, 1.250000000000001110 ) ;
#2681 = CYLINDRICAL_SURFACE ( 'NONE', #8271, 1.250000000000001110 ) ;
#2682 = CARTESIAN_POINT ( 'NONE',  ( -32.20801575699088204, 2.500000000000000000, -49.88651765219851342 ) ) ;
#2683 = VERTEX_POINT ( 'NONE', #1104 ) ;
#2684 = ORIENTED_EDGE ( 'NONE', *, *, #9160, .T. ) ;
#2685 = CIRCLE ( 'NONE', #423, 6.000000000000001776 ) ;
#2686 = DIRECTION ( 'NONE',  ( 0.4154496880128091818, 0.000000000000000000, -0.9096161590088753801 ) ) ;
#2687 = VECTOR ( 'NONE', #10061, 1000.000000000000114 ) ;
#2688 = DIRECTION ( 'NONE',  ( -0.000000000000000000, -1.000000000000000000, -0.000000000000000000 ) ) ;
#2689 = DIRECTION ( 'NONE',  ( 0.000000000000000000, 1.000000000000000000, 0.000000000000000000 ) ) ;
#2690 = CIRCLE ( 'NONE', #9240, 1.499999999999994449 ) ;
#2691 = ORIENTED_EDGE ( 'NONE', *, *, #5880, .F. ) ;
#2692 = AXIS2_PLACEMENT_3D ( 'NONE', #6282, #9807, #4587 ) ;
#2693 = AXIS2_PLACEMENT_3D ( 'NONE', #801, #3325, #1740 ) ;
#2694 = VECTOR ( 'NONE', #2061, 1000.000000000000000 ) ;
#2695 = ADVANCED_FACE ( 'NONE', ( #217 ), #932, .T. ) ;
#2696 = LINE ( 'NONE', #881, #7906 ) ;
#2697 = DIRECTION ( 'NONE',  ( -0.000000000000000000, 1.000000000000000000, -0.000000000000000000 ) ) ;
#2698 = ORIENTED_EDGE ( 'NONE', *, *, #11288, .T. ) ;
#2699 = CIRCLE ( 'NONE', #3999, 1.499999999999994449 ) ;
#2700 = LINE ( 'NONE', #8964, #3207 ) ;
#2701 = VECTOR ( 'NONE', #9219, 1000.000000000000000 ) ;
#2702 = ORIENTED_EDGE ( 'NONE', *, *, #5660, .F. ) ;
#2703 = DIRECTION ( 'NONE',  ( -0.000000000000000000, -1.000000000000000000, -0.000000000000000000 ) ) ;
#2704 = AXIS2_PLACEMENT_3D ( 'NONE', #10768, #11589, #10816 ) ;
#2705 = AXIS2_PLACEMENT_3D ( 'NONE', #11566, #946, #3535 ) ;
#2706 = ADVANCED_FACE ( 'NONE', ( #7420 ), #1867, .T. ) ;
#2707 = AXIS2_PLACEMENT_3D ( 'NONE', #3961, #11281, #5948 ) ;
#2708 = CARTESIAN_POINT ( 'NONE',  ( 34.01707195013521812, 2.500000000000000000, 58.99999999999948841 ) ) ;
#2709 = EDGE_CURVE ( 'NONE', #522, #1138, #2148, .T. ) ;
#2710 = CARTESIAN_POINT ( 'NONE',  ( 135.6666666666666856, 2.500000000000000000, 51.90054204125040371 ) ) ;
#2711 = DIRECTION ( 'NONE',  ( 0.000000000000000000, 1.000000000000000000, 0.000000000000000000 ) ) ;
#2712 = ORIENTED_EDGE ( 'NONE', *, *, #4020, .F. ) ;
#2713 = ORIENTED_EDGE ( 'NONE', *, *, #4121, .F. ) ;
#2714 = DIRECTION ( 'NONE',  ( 0.000000000000000000, 0.000000000000000000, 1.000000000000000000 ) ) ;
#2715 = AXIS2_PLACEMENT_3D ( 'NONE', #9013, #10953, #7199 ) ;
#2716 = DIRECTION ( 'NONE',  ( -0.2873478855662357501, 0.000000000000000000, 0.9578262852211841816 ) ) ;
#2717 = CARTESIAN_POINT ( 'NONE',  ( 124.2723375339472227, -3.500000000000000000, -31.04241163433085759 ) ) ;
#2718 = ORIENTED_EDGE ( 'NONE', *, *, #6222, .T. ) ;
#2719 = CIRCLE ( 'NONE', #3664, 5.500000000000001776 ) ;
#2720 = PLANE ( 'NONE',  #181 ) ;
#2721 = DIRECTION ( 'NONE',  ( 1.000000000000000000, 0.000000000000000000, 0.000000000000000000 ) ) ;
#2722 = ORIENTED_EDGE ( 'NONE', *, *, #3058, .T. ) ;
#2723 = ADVANCED_FACE ( 'NONE', ( #107 ), #10071, .F. ) ;
#2724 = CARTESIAN_POINT ( 'NONE',  ( 56.74999999999997868, 2.500000000000000000, -25.60000000009224763 ) ) ;
#2725 = CARTESIAN_POINT ( 'NONE',  ( 2.000000000000007994, -3.500000000000000000, -52.00000000000000000 ) ) ;
#2726 = DIRECTION ( 'NONE',  ( 0.000000000000000000, 1.000000000000000000, 0.000000000000000000 ) ) ;
#2727 = EDGE_LOOP ( 'NONE', ( #3192, #7789 ) ) ;
#2728 = FACE_OUTER_BOUND ( 'NONE', #1269, .T. ) ;
#2729 = CARTESIAN_POINT ( 'NONE',  ( 92.50000000000022737, -3.500000000000000000, -9.000000000001710632 ) ) ;
#2730 = ORIENTED_EDGE ( 'NONE', *, *, #10508, .F. ) ;
#2731 = DIRECTION ( 'NONE',  ( 0.000000000000000000, 1.000000000000000000, 0.000000000000000000 ) ) ;
#2732 = ORIENTED_EDGE ( 'NONE', *, *, #8938, .T. ) ;
#2733 = ADVANCED_FACE ( 'NONE', ( #8305 ), #6546, .F. ) ;
#2734 = CARTESIAN_POINT ( 'NONE',  ( 90.16412422823495376, -3.500000000000000000, 32.41551160364603135 ) ) ;
#2735 = CARTESIAN_POINT ( 'NONE',  ( -32.20801575699088204, -3.500000000000000000, -49.88651765219851342 ) ) ;
#2736 = ORIENTED_EDGE ( 'NONE', *, *, #4704, .F. ) ;
#2737 = ADVANCED_FACE ( 'NONE', ( #6318 ), #6817, .T. ) ;
#2738 = CARTESIAN_POINT ( 'NONE',  ( 54.00668558637442374, -3.500000000000000000, -31.49272653608509032 ) ) ;
#2739 = CARTESIAN_POINT ( 'NONE',  ( 79.50000000000051159, -3.500000000000000000, -55.99999999999916866 ) ) ;
#2740 = VERTEX_POINT ( 'NONE', #7758 ) ;
#2741 = ORIENTED_EDGE ( 'NONE', *, *, #6800, .T. ) ;
#2742 = DIRECTION ( 'NONE',  ( 0.000000000000000000, 1.000000000000000000, 0.000000000000000000 ) ) ;
#2743 = FACE_OUTER_BOUND ( 'NONE', #8004, .T. ) ;
#2744 = DIRECTION ( 'NONE',  ( 0.000000000000000000, 0.000000000000000000, 1.000000000000000000 ) ) ;
#2745 = ORIENTED_EDGE ( 'NONE', *, *, #9546, .F. ) ;
#2746 = EDGE_CURVE ( 'NONE', #2253, #8231, #4307, .T. ) ;
#2747 = CARTESIAN_POINT ( 'NONE',  ( -24.37499999999999645, -3.500000000000000000, -3.000000000000000444 ) ) ;
#2748 = DIRECTION ( 'NONE',  ( 0.000000000000000000, 0.000000000000000000, 1.000000000000000000 ) ) ;
#2749 = ORIENTED_EDGE ( 'NONE', *, *, #5787, .T. ) ;
#2750 = DIRECTION ( 'NONE',  ( 0.000000000000000000, 1.000000000000000000, 0.000000000000000000 ) ) ;
#2751 = ADVANCED_FACE ( 'NONE', ( #5004 ), #7814, .T. ) ;
#2752 = ORIENTED_EDGE ( 'NONE', *, *, #1753, .F. ) ;
#2753 = CIRCLE ( 'NONE', #2230, 1.000000000000000000 ) ;
#2754 = DIRECTION ( 'NONE',  ( 0.000000000000000000, 1.000000000000000000, 0.000000000000000000 ) ) ;
#2755 = EDGE_CURVE ( 'NONE', #1384, #6101, #10583, .T. ) ;
#2756 = CYLINDRICAL_SURFACE ( 'NONE', #7390, 1.000000000000000888 ) ;
#2757 = AXIS2_PLACEMENT_3D ( 'NONE', #7063, #9650, #8764 ) ;
#2758 = LINE ( 'NONE', #9803, #5510 ) ;
#2759 = CIRCLE ( 'NONE', #9493, 1.000000000000000888 ) ;
#2760 = CARTESIAN_POINT ( 'NONE',  ( -27.78504933807234067, 2.500000000000000000, 16.10836839094013229 ) ) ;
#2761 = DIRECTION ( 'NONE',  ( 0.000000000000000000, -1.000000000000000000, 0.000000000000000000 ) ) ;
#2762 = VERTEX_POINT ( 'NONE', #2420 ) ;
#2763 = EDGE_LOOP ( 'NONE', ( #6028, #2127, #8609, #4246 ) ) ;
#2764 = PLANE ( 'NONE',  #5395 ) ;
#2765 = ADVANCED_FACE ( 'NONE', ( #2482 ), #3372, .T. ) ;
#2766 = AXIS2_PLACEMENT_3D ( 'NONE', #10392, #4999, #6812 ) ;
#2767 = FACE_OUTER_BOUND ( 'NONE', #1815, .T. ) ;
#2768 = VECTOR ( 'NONE', #9834, 1000.000000000000114 ) ;
#2769 = EDGE_CURVE ( 'NONE', #10502, #3984, #11459, .T. ) ;
#2770 = DIRECTION ( 'NONE',  ( -0.000000000000000000, -1.000000000000000000, -0.000000000000000000 ) ) ;
#2771 = ORIENTED_EDGE ( 'NONE', *, *, #3206, .F. ) ;
#2772 = AXIS2_PLACEMENT_3D ( 'NONE', #5215, #1752, #4218 ) ;
#2773 = DIRECTION ( 'NONE',  ( 0.05547001962248444829, 0.000000000000000000, 0.9984603532054145969 ) ) ;
#2774 = CYLINDRICAL_SURFACE ( 'NONE', #9402, 1.000000000000000888 ) ;
#2775 = EDGE_LOOP ( 'NONE', ( #4607, #5989, #770, #2712 ) ) ;
#2776 = DIRECTION ( 'NONE',  ( 0.000000000000000000, 0.000000000000000000, 1.000000000000000000 ) ) ;
#2777 = DIRECTION ( 'NONE',  ( 0.7235268277883527555, -0.000000000000000000, 0.6902962621009354205 ) ) ;
#2778 = CARTESIAN_POINT ( 'NONE',  ( -24.37499999999999645, -3.500000000000000000, 5.000000000000003553 ) ) ;
#2779 = VERTEX_POINT ( 'NONE', #9861 ) ;
#2780 = VECTOR ( 'NONE', #9956, 1000.000000000000000 ) ;
#2781 = DIRECTION ( 'NONE',  ( 0.000000000000000000, 0.000000000000000000, 1.000000000000000000 ) ) ;
#2782 = EDGE_CURVE ( 'NONE', #4034, #2031, #729, .T. ) ;
#2783 = CARTESIAN_POINT ( 'NONE',  ( 67.50000000000052580, -3.500000000000000000, 60.00000000000000000 ) ) ;
#2784 = EDGE_CURVE ( 'NONE', #5944, #749, #11341, .T. ) ;
#2785 = ORIENTED_EDGE ( 'NONE', *, *, #6550, .F. ) ;
#2786 = VECTOR ( 'NONE', #11437, 1000.000000000000000 ) ;
#2787 = DIRECTION ( 'NONE',  ( 0.000000000000000000, 1.000000000000000000, 0.000000000000000000 ) ) ;
#2788 = ORIENTED_EDGE ( 'NONE', *, *, #2906, .T. ) ;
#2789 = AXIS2_PLACEMENT_3D ( 'NONE', #4431, #7763, #10518 ) ;
#2790 = DIRECTION ( 'NONE',  ( 0.000000000000000000, 1.000000000000000000, 0.000000000000000000 ) ) ;
#2791 = CARTESIAN_POINT ( 'NONE',  ( -34.00000000000000000, 2.500000000000000000, -56.99999999999998579 ) ) ;
#2792 = VERTEX_POINT ( 'NONE', #4127 ) ;
#2793 = DIRECTION ( 'NONE',  ( 1.000000000000000000, 0.000000000000000000, 0.000000000000000000 ) ) ;
#2794 = CYLINDRICAL_SURFACE ( 'NONE', #6080, 5.249999999999997335 ) ;
#2795 = DIRECTION ( 'NONE',  ( 0.000000000000000000, 0.000000000000000000, 1.000000000000000000 ) ) ;
#2796 = ORIENTED_EDGE ( 'NONE', *, *, #8182, .F. ) ;
#2797 = ORIENTED_EDGE ( 'NONE', *, *, #9011, .F. ) ;
#2798 = DIRECTION ( 'NONE',  ( 1.000000000000000000, 0.000000000000000000, 7.216449660063522246E-15 ) ) ;
#2799 = ADVANCED_FACE ( 'NONE', ( #6871 ), #4189, .F. ) ;
#2800 = EDGE_LOOP ( 'NONE', ( #4322, #26, #478, #4253 ) ) ;
#2801 = EDGE_CURVE ( 'NONE', #9346, #10407, #1965, .T. ) ;
#2802 = DIRECTION ( 'NONE',  ( 0.000000000000000000, 0.000000000000000000, 1.000000000000000000 ) ) ;
#2803 = VECTOR ( 'NONE', #146, 1000.000000000000000 ) ;
#2804 = CARTESIAN_POINT ( 'NONE',  ( 94.00000000000153477, -3.500000000000000000, 37.24999999999690203 ) ) ;
#2805 = ORIENTED_EDGE ( 'NONE', *, *, #3021, .T. ) ;
#2806 = VECTOR ( 'NONE', #10757, 1000.000000000000000 ) ;
#2807 = ORIENTED_EDGE ( 'NONE', *, *, #3671, .T. ) ;
#2808 = DIRECTION ( 'NONE',  ( 0.1327433628318585579, 0.000000000000000000, 0.9911504424778759814 ) ) ;
#2809 = CARTESIAN_POINT ( 'NONE',  ( -27.78504933807234067, -3.500000000000000000, 16.10836839094013229 ) ) ;
#2810 = ORIENTED_EDGE ( 'NONE', *, *, #2150, .T. ) ;
#2811 = FACE_OUTER_BOUND ( 'NONE', #4290, .T. ) ;
#2812 = VERTEX_POINT ( 'NONE', #539 ) ;
#2813 = LINE ( 'NONE', #6381, #591 ) ;
#2814 = EDGE_CURVE ( 'NONE', #7174, #10024, #8699, .T. ) ;
#2815 = CARTESIAN_POINT ( 'NONE',  ( -33.66666666666666430, 2.500000000000000000, 51.90054204125036108 ) ) ;
#2816 = EDGE_CURVE ( 'NONE', #8238, #10303, #9570, .T. ) ;
#2817 = DIRECTION ( 'NONE',  ( -1.000000000000000000, 0.000000000000000000, 0.000000000000000000 ) ) ;
#2818 = DIRECTION ( 'NONE',  ( 0.06867802390885047181, 0.000000000000000000, 0.9976388770652312443 ) ) ;
#2819 = CARTESIAN_POINT ( 'NONE',  ( 24.37500000000000355, -3.500000000000000000, -5.000000000000003553 ) ) ;
#2820 = VERTEX_POINT ( 'NONE', #1542 ) ;
#2821 = ORIENTED_EDGE ( 'NONE', *, *, #10601, .T. ) ;
#2822 = DIRECTION ( 'NONE',  ( 0.000000000000000000, 1.000000000000000000, 0.000000000000000000 ) ) ;
#2823 = DIRECTION ( 'NONE',  ( 1.000000000000000000, 0.000000000000000000, 0.000000000000000000 ) ) ;
#2824 = CARTESIAN_POINT ( 'NONE',  ( 42.99769075490628012, 2.500000000000000000, -34.20480962656461088 ) ) ;
#2825 = ORIENTED_EDGE ( 'NONE', *, *, #4716, .T. ) ;
#2826 = EDGE_CURVE ( 'NONE', #1388, #2779, #668, .T. ) ;
#2827 = CARTESIAN_POINT ( 'NONE',  ( 127.5000000000002274, -3.500000000000000000, 7.500000000001957545 ) ) ;
#2828 = CARTESIAN_POINT ( 'NONE',  ( -28.50000000000001421, -3.500000000000000000, 53.99999999999996447 ) ) ;
#2829 = ORIENTED_EDGE ( 'NONE', *, *, #10896, .T. ) ;
#2830 = VECTOR ( 'NONE', #9496, 1000.000000000000000 ) ;
#2831 = EDGE_CURVE ( 'NONE', #8584, #408, #2305, .T. ) ;
#2832 = DIRECTION ( 'NONE',  ( 0.000000000000000000, 1.000000000000000000, 0.000000000000000000 ) ) ;
#2833 = CARTESIAN_POINT ( 'NONE',  ( 126.2337187026645893, -3.500000000000000000, 58.99999999999999289 ) ) ;
#2834 = ORIENTED_EDGE ( 'NONE', *, *, #8029, .F. ) ;
#2835 = AXIS2_PLACEMENT_3D ( 'NONE', #11585, #2726, #3294 ) ;
#2836 = FACE_OUTER_BOUND ( 'NONE', #2154, .T. ) ;
#2837 = CYLINDRICAL_SURFACE ( 'NONE', #4946, 5.249999999999997335 ) ;
#2838 = ORIENTED_EDGE ( 'NONE', *, *, #9869, .T. ) ;
#2839 = CIRCLE ( 'NONE', #2275, 2.000000000000003109 ) ;
#2840 = AXIS2_PLACEMENT_3D ( 'NONE', #8667, #6971, #5225 ) ;
#2841 = CARTESIAN_POINT ( 'NONE',  ( -28.49999999999998579, -3.500000000000000000, 57.99999999999997158 ) ) ;
#2842 = EDGE_LOOP ( 'NONE', ( #8974, #8500, #6946, #4299 ) ) ;
#2843 = AXIS2_PLACEMENT_3D ( 'NONE', #6775, #7654, #3277 ) ;
#2844 = EDGE_CURVE ( 'NONE', #10512, #1748, #1611, .T. ) ;
#2845 = DIRECTION ( 'NONE',  ( 0.000000000000000000, -1.000000000000000000, 0.000000000000000000 ) ) ;
#2846 = CARTESIAN_POINT ( 'NONE',  ( 44.10565956188739278, -3.500000000000000000, 53.47999999999941423 ) ) ;
#2847 = ORIENTED_EDGE ( 'NONE', *, *, #422, .T. ) ;
#2848 = EDGE_CURVE ( 'NONE', #10823, #522, #2546, .T. ) ;
#2849 = DIRECTION ( 'NONE',  ( 0.000000000000000000, 1.000000000000000000, 0.000000000000000000 ) ) ;
#2850 = CARTESIAN_POINT ( 'NONE',  ( 24.37500000000000355, -3.500000000000000000, 3.000000000000000444 ) ) ;
#2851 = DIRECTION ( 'NONE',  ( -0.9911504424778760924, 0.000000000000000000, 0.1327433628318585856 ) ) ;
#2852 = AXIS2_PLACEMENT_3D ( 'NONE', #3382, #1678, #3199 ) ;
#2853 = ORIENTED_EDGE ( 'NONE', *, *, #5007, .F. ) ;
#2854 = EDGE_LOOP ( 'NONE', ( #5589, #2897, #2022, #1933 ) ) ;
#2855 = CARTESIAN_POINT ( 'NONE',  ( 67.50000000000052580, -3.500000000000000000, 60.00000000000000000 ) ) ;
#2856 = VECTOR ( 'NONE', #7451, 1000.000000000000000 ) ;
#2857 = EDGE_LOOP ( 'NONE', ( #3963, #7981, #2437, #7471 ) ) ;
#2858 = DIRECTION ( 'NONE',  ( 0.000000000000000000, 1.000000000000000000, 0.000000000000000000 ) ) ;
#2859 = CARTESIAN_POINT ( 'NONE',  ( 132.0000000000000000, 2.500000000000000000, -54.50000000000001421 ) ) ;
#2860 = AXIS2_PLACEMENT_3D ( 'NONE', #3459, #4271, #8832 ) ;
#2861 = ORIENTED_EDGE ( 'NONE', *, *, #9641, .T. ) ;
#2862 = ORIENTED_EDGE ( 'NONE', *, *, #3058, .F. ) ;
#2863 = LINE ( 'NONE', #4572, #11487 ) ;
#2864 = LINE ( 'NONE', #6439, #6400 ) ;
#2865 = ORIENTED_EDGE ( 'NONE', *, *, #9881, .F. ) ;
#2866 = DIRECTION ( 'NONE',  ( 0.000000000000000000, 1.000000000000000000, 0.000000000000000000 ) ) ;
#2867 = EDGE_CURVE ( 'NONE', #4123, #997, #8328, .T. ) ;
#2868 = AXIS2_PLACEMENT_3D ( 'NONE', #6797, #7735, #8736 ) ;
#2869 = VECTOR ( 'NONE', #10002, 1000.000000000000000 ) ;
#2870 = EDGE_LOOP ( 'NONE', ( #2928, #4006, #5075, #1626 ) ) ;
#2871 = AXIS2_PLACEMENT_3D ( 'NONE', #10008, #9946, #9004 ) ;
#2872 = CARTESIAN_POINT ( 'NONE',  ( -31.21686531451300084, 2.500000000000000000, -50.01926101503037358 ) ) ;
#2873 = EDGE_LOOP ( 'NONE', ( #11231, #11128, #9149, #5078 ) ) ;
#2874 = AXIS2_PLACEMENT_3D ( 'NONE', #647, #8790, #4344 ) ;
#2875 = DIRECTION ( 'NONE',  ( -0.000000000000000000, -1.000000000000000000, -0.000000000000000000 ) ) ;
#2876 = CIRCLE ( 'NONE', #9991, 1.000000000000000888 ) ;
#2877 = CYLINDRICAL_SURFACE ( 'NONE', #5519, 1.250000000000001110 ) ;
#2878 = AXIS2_PLACEMENT_3D ( 'NONE', #5070, #4135, #7697 ) ;
#2879 = ADVANCED_FACE ( 'NONE', ( #293 ), #7263, .T. ) ;
#2880 = CARTESIAN_POINT ( 'NONE',  ( -31.00000000000000000, 2.500000000000000000, -59.99999999999999289 ) ) ;
#2881 = CARTESIAN_POINT ( 'NONE',  ( -27.88348565673954127, -3.500000000000000000, 25.13002623698856652 ) ) ;
#2882 = ORIENTED_EDGE ( 'NONE', *, *, #4130, .T. ) ;
#2883 = EDGE_CURVE ( 'NONE', #602, #3485, #4219, .T. ) ;
#2884 = ORIENTED_EDGE ( 'NONE', *, *, #2490, .T. ) ;
#2885 = AXIS2_PLACEMENT_3D ( 'NONE', #5239, #4118, #8615 ) ;
#2886 = CARTESIAN_POINT ( 'NONE',  ( 127.5000000000002274, -3.500000000000000000, 9.000000000001953993 ) ) ;
#2887 = AXIS2_PLACEMENT_3D ( 'NONE', #2360, #6055, #2599 ) ;
#2888 = CIRCLE ( 'NONE', #7371, 5.250000000000004441 ) ;
#2889 = EDGE_CURVE ( 'NONE', #9441, #325, #3283, .T. ) ;
#2890 = DIRECTION ( 'NONE',  ( 0.000000000000000000, 1.000000000000000000, 0.000000000000000000 ) ) ;
#2891 = AXIS2_PLACEMENT_3D ( 'NONE', #2251, #3140, #6655 ) ;
#2892 = CYLINDRICAL_SURFACE ( 'NONE', #1763, 1.499999999999994449 ) ;
#2893 = VERTEX_POINT ( 'NONE', #7381 ) ;
#2894 = CIRCLE ( 'NONE', #1391, 3.000000000000002665 ) ;
#2895 = LINE ( 'NONE', #9156, #6178 ) ;
#2896 = CARTESIAN_POINT ( 'NONE',  ( -30.00000000000000355, 2.500000000000000000, -55.99999999999997868 ) ) ;
#2897 = ORIENTED_EDGE ( 'NONE', *, *, #3110, .T. ) ;
#2898 = FACE_OUTER_BOUND ( 'NONE', #7709, .T. ) ;
#2899 = PRODUCT_CONTEXT ( 'NONE', #1654, 'mechanical' ) ;
#2900 = DIRECTION ( 'NONE',  ( 0.000000000000000000, 0.000000000000000000, 1.000000000000000000 ) ) ;
#2901 = CARTESIAN_POINT ( 'NONE',  ( 89.24999999999995737, 2.500000000000000000, -25.60000000009247145 ) ) ;
#2902 = VERTEX_POINT ( 'NONE', #4758 ) ;
#2903 = DIRECTION ( 'NONE',  ( 0.9640234912782601473, -0.000000000000000000, 0.2658170578869502587 ) ) ;
#2904 = FACE_OUTER_BOUND ( 'NONE', #3853, .T. ) ;
#2905 = ORIENTED_EDGE ( 'NONE', *, *, #7460, .T. ) ;
#2906 = EDGE_CURVE ( 'NONE', #9910, #10215, #9198, .T. ) ;
#2907 = CIRCLE ( 'NONE', #4591, 1.499999999999997780 ) ;
#2908 = LINE ( 'NONE', #6411, #11576 ) ;
#2909 = VERTEX_POINT ( 'NONE', #2815 ) ;
#2910 = LINE ( 'NONE', #7293, #1116 ) ;
#2911 = DIRECTION ( 'NONE',  ( 0.000000000000000000, 0.000000000000000000, 1.000000000000000000 ) ) ;
#2912 = ORIENTED_EDGE ( 'NONE', *, *, #8687, .F. ) ;
#2913 = CARTESIAN_POINT ( 'NONE',  ( 85.80820683080756339, -3.500000000000000000, 36.91552153231685907 ) ) ;
#2914 = DIRECTION ( 'NONE',  ( 0.000000000000000000, 1.000000000000000000, 0.000000000000000000 ) ) ;
#2915 = CARTESIAN_POINT ( 'NONE',  ( 54.42873395770144640, -3.500000000000000000, 30.58615322285541893 ) ) ;
#2916 = ORIENTED_EDGE ( 'NONE', *, *, #6529, .F. ) ;
#2917 = ORIENTED_EDGE ( 'NONE', *, *, #144, .T. ) ;
#2918 = CARTESIAN_POINT ( 'NONE',  ( 24.37500000000000355, -3.500000000000000000, 3.000000000000000444 ) ) ;
#2919 = EDGE_CURVE ( 'NONE', #9986, #2260, #9833, .T. ) ;
#2920 = EDGE_LOOP ( 'NONE', ( #7434, #1368, #4261, #5637, #1540, #3386, #7086, #4904, #10059, #1899 ) ) ;
#2921 = EDGE_CURVE ( 'NONE', #9310, #7388, #463, .T. ) ;
#2922 = CARTESIAN_POINT ( 'NONE',  ( 94.00000000000153477, -3.500000000000000000, 35.99999999999690203 ) ) ;
#2923 = DIRECTION ( 'NONE',  ( 1.000000000000000000, 0.000000000000000000, 0.000000000000000000 ) ) ;
#2924 = ORIENTED_EDGE ( 'NONE', *, *, #5991, .F. ) ;
#2925 = ORIENTED_EDGE ( 'NONE', *, *, #9513, .F. ) ;
#2926 = DIRECTION ( 'NONE',  ( 1.000000000000000000, 0.000000000000000000, 0.000000000000000000 ) ) ;
#2927 = CARTESIAN_POINT ( 'NONE',  ( 127.5000000000002274, 2.500000000000000000, -9.000000000001953993 ) ) ;
#2928 = ORIENTED_EDGE ( 'NONE', *, *, #3450, .F. ) ;
#2929 = LINE ( 'NONE', #10895, #9132 ) ;
#2930 = ORIENTED_EDGE ( 'NONE', *, *, #941, .T. ) ;
#2931 = FACE_BOUND ( 'NONE', #219, .T. ) ;
#2932 = ADVANCED_FACE ( 'NONE', ( #6382 ), #8319, .T. ) ;
#2933 = ORIENTED_EDGE ( 'NONE', *, *, #5329, .F. ) ;
#2934 = DIRECTION ( 'NONE',  ( 1.000000000000000000, 0.000000000000000000, 0.000000000000000000 ) ) ;
#2935 = EDGE_CURVE ( 'NONE', #10819, #2577, #7963, .T. ) ;
#2936 = DIRECTION ( 'NONE',  ( 0.000000000000000000, 0.000000000000000000, 1.000000000000000000 ) ) ;
#2937 = CARTESIAN_POINT ( 'NONE',  ( 56.74999999999997868, -3.500000000000000000, 25.60000000009224053 ) ) ;
#2938 = CARTESIAN_POINT ( 'NONE',  ( -24.23371870266458927, 2.500000000000000000, 57.99999999999993605 ) ) ;
#2939 = ORIENTED_EDGE ( 'NONE', *, *, #10793, .F. ) ;
#2940 = ORIENTED_EDGE ( 'NONE', *, *, #6279, .T. ) ;
#2941 = DIRECTION ( 'NONE',  ( 0.000000000000000000, 1.000000000000000000, 0.000000000000000000 ) ) ;
#2942 = CARTESIAN_POINT ( 'NONE',  ( 133.0000000000000000, 2.500000000000000000, 56.99999999999999289 ) ) ;
#2943 = EDGE_CURVE ( 'NONE', #8498, #6183, #7435, .T. ) ;
#2944 = CIRCLE ( 'NONE', #7247, 1.000000000000000888 ) ;
#2945 = EDGE_CURVE ( 'NONE', #7008, #4894, #653, .T. ) ;
#2946 = CARTESIAN_POINT ( 'NONE',  ( 89.24999999999994316, -3.500000000000000000, 25.60000000009224408 ) ) ;
#2947 = ORIENTED_EDGE ( 'NONE', *, *, #10588, .T. ) ;
#2948 = CARTESIAN_POINT ( 'NONE',  ( 56.74999999999997868, 2.500000000000000000, -25.60000000009224763 ) ) ;
#2949 = LINE ( 'NONE', #7507, #6226 ) ;
#2950 = EDGE_LOOP ( 'NONE', ( #3149, #6129, #8311, #5951 ) ) ;
#2951 = CYLINDRICAL_SURFACE ( 'NONE', #3074, 1.499999999999996891 ) ;
#2952 = CYLINDRICAL_SURFACE ( 'NONE', #8826, 1.000000000000000888 ) ;
#2953 = VECTOR ( 'NONE', #535, 1000.000000000000000 ) ;
#2954 = ORIENTED_EDGE ( 'NONE', *, *, #6200, .T. ) ;
#2955 = DIRECTION ( 'NONE',  ( 0.000000000000000000, 0.000000000000000000, 1.000000000000000000 ) ) ;
#2956 = VECTOR ( 'NONE', #4265, 1000.000000000000000 ) ;
#2957 = DIRECTION ( 'NONE',  ( 0.000000000000000000, 1.000000000000000000, 0.000000000000000000 ) ) ;
#2958 = VERTEX_POINT ( 'NONE', #9140 ) ;
#2959 = EDGE_CURVE ( 'NONE', #11414, #8000, #3091, .T. ) ;
#2960 = CIRCLE ( 'NONE', #6511, 1.250000000000001110 ) ;
#2961 = DIRECTION ( 'NONE',  ( 0.000000000000000000, 1.000000000000000000, 0.000000000000000000 ) ) ;
#2962 = ORIENTED_EDGE ( 'NONE', *, *, #13, .F. ) ;
#2963 = EDGE_CURVE ( 'NONE', #10352, #4578, #4583, .T. ) ;
#2964 = DIRECTION ( 'NONE',  ( -0.000000000000000000, -1.000000000000000000, -0.000000000000000000 ) ) ;
#2965 = CARTESIAN_POINT ( 'NONE',  ( 129.7371487755050623, -3.500000000000000000, -39.68730511752550427 ) ) ;
#2966 = AXIS2_PLACEMENT_3D ( 'NONE', #2126, #3124, #5930 ) ;
#2967 = ORIENTED_EDGE ( 'NONE', *, *, #5262, .F. ) ;
#2968 = CARTESIAN_POINT ( 'NONE',  ( 92.50000000000022737, -3.500000000000000000, -7.500000000001714184 ) ) ;
#2969 = LINE ( 'NONE', #323, #7196 ) ;
#2970 = CARTESIAN_POINT ( 'NONE',  ( 40.75000000000054712, -3.500000000000000000, -57.99999999999944578 ) ) ;
#2971 = ORIENTED_EDGE ( 'NONE', *, *, #2080, .F. ) ;
#2972 = ORIENTED_EDGE ( 'NONE', *, *, #1215, .T. ) ;
#2973 = CARTESIAN_POINT ( 'NONE',  ( -24.23371870266458217, -3.500000000000000000, -58.99999999999994316 ) ) ;
#2974 = ORIENTED_EDGE ( 'NONE', *, *, #4702, .T. ) ;
#2975 = CIRCLE ( 'NONE', #9339, 1.000000000000000888 ) ;
#2976 = LINE ( 'NONE', #11007, #11186 ) ;
#2977 = CARTESIAN_POINT ( 'NONE',  ( 94.00000000000153477, 2.500000000000000000, 37.24999999999690203 ) ) ;
#2978 = ORIENTED_EDGE ( 'NONE', *, *, #462, .F. ) ;
#2979 = ORIENTED_EDGE ( 'NONE', *, *, #4511, .T. ) ;
#2980 = CARTESIAN_POINT ( 'NONE',  ( -28.49999999999998579, 2.500000000000000000, 57.99999999999997158 ) ) ;
#2981 = EDGE_CURVE ( 'NONE', #9336, #7478, #2907, .T. ) ;
#2982 = PLANE ( 'NONE',  #803 ) ;
#2983 = ORIENTED_EDGE ( 'NONE', *, *, #3023, .T. ) ;
#2984 = DIRECTION ( 'NONE',  ( 0.000000000000000000, 0.000000000000000000, 1.000000000000000000 ) ) ;
#2985 = EDGE_CURVE ( 'NONE', #2428, #4859, #2535, .T. ) ;
#2986 = VERTEX_POINT ( 'NONE', #9088 ) ;
#2987 = FACE_BOUND ( 'NONE', #3144, .T. ) ;
#2988 = ORIENTED_EDGE ( 'NONE', *, *, #4223, .T. ) ;
#2989 = VECTOR ( 'NONE', #4788, 1000.000000000000000 ) ;
#2990 = DIRECTION ( 'NONE',  ( 0.000000000000000000, 0.000000000000000000, 1.000000000000000000 ) ) ;
#2991 = AXIS2_PLACEMENT_3D ( 'NONE', #6788, #6619, #513 ) ;
#2992 = CYLINDRICAL_SURFACE ( 'NONE', #9066, 1.499999999999997780 ) ;
#2993 = ADVANCED_FACE ( 'NONE', ( #1061 ), #4635, .T. ) ;
#2994 = CYLINDRICAL_SURFACE ( 'NONE', #6901, 5.499999999999994671 ) ;
#2995 = CYLINDRICAL_SURFACE ( 'NONE', #4757, 5.249999999999997335 ) ;
#2996 = EDGE_LOOP ( 'NONE', ( #11179, #5750, #6771, #3293 ) ) ;
#2997 = EDGE_CURVE ( 'NONE', #2181, #11139, #3651, .T. ) ;
#2998 = EDGE_LOOP ( 'NONE', ( #4790, #557 ) ) ;
#2999 = CIRCLE ( 'NONE', #944, 1.499999999999997780 ) ;
#3000 = CYLINDRICAL_SURFACE ( 'NONE', #2488, 5.499999999999998224 ) ;
#3001 = DIRECTION ( 'NONE',  ( 0.000000000000000000, 1.000000000000000000, 0.000000000000000000 ) ) ;
#3002 = CARTESIAN_POINT ( 'NONE',  ( 79.50000000000051159, -3.500000000000000000, 54.74999999999916866 ) ) ;
#3003 = DIRECTION ( 'NONE',  ( 0.000000000000000000, 0.000000000000000000, 1.000000000000000000 ) ) ;
#3004 = DIRECTION ( 'NONE',  ( 0.000000000000000000, -1.000000000000000000, 0.000000000000000000 ) ) ;
#3005 = ORIENTED_EDGE ( 'NONE', *, *, #3495, .F. ) ;
#3006 = CYLINDRICAL_SURFACE ( 'NONE', #1487, 5.499999999999998224 ) ;
#3007 = ADVANCED_FACE ( 'NONE', ( #1000 ), #2756, .T. ) ;
#3008 = EDGE_LOOP ( 'NONE', ( #7165, #3212 ) ) ;
#3009 = CARTESIAN_POINT ( 'NONE',  ( 2.000000000000007994, -3.500000000000000000, -53.50000000000000000 ) ) ;
#3010 = EDGE_CURVE ( 'NONE', #1357, #10303, #10957, .T. ) ;
#3011 = CARTESIAN_POINT ( 'NONE',  ( -28.70982142857141994, -3.500000000000000000, 16.00000000000000711 ) ) ;
#3012 = ORIENTED_EDGE ( 'NONE', *, *, #9188, .T. ) ;
#3013 = CARTESIAN_POINT ( 'NONE',  ( -34.00000000000000000, 2.500000000000000000, 56.99999999999999289 ) ) ;
#3014 = VERTEX_POINT ( 'NONE', #9484 ) ;
#3015 = AXIS2_PLACEMENT_3D ( 'NONE', #3996, #3001, #4936 ) ;
#3016 = CYLINDRICAL_SURFACE ( 'NONE', #7104, 5.250000000000011546 ) ;
#3017 = CARTESIAN_POINT ( 'NONE',  ( 89.45602203158698273, -3.500000000000000000, -33.37040607268359338 ) ) ;
#3018 = ORIENTED_EDGE ( 'NONE', *, *, #10565, .F. ) ;
#3019 = CARTESIAN_POINT ( 'NONE',  ( 51.89728435666194883, -3.500000000000000000, -33.11422999001588607 ) ) ;
#3020 = DIRECTION ( 'NONE',  ( -0.000000000000000000, 1.000000000000000000, -0.000000000000000000 ) ) ;
#3021 = EDGE_CURVE ( 'NONE', #8358, #10626, #1397, .T. ) ;
#3022 = DIRECTION ( 'NONE',  ( 0.000000000000000000, 0.000000000000000000, 1.000000000000000000 ) ) ;
#3023 = EDGE_CURVE ( 'NONE', #1217, #1643, #2273, .T. ) ;
#3024 = ORIENTED_EDGE ( 'NONE', *, *, #3514, .F. ) ;
#3025 = ORIENTED_EDGE ( 'NONE', *, *, #6884, .T. ) ;
#3026 = CARTESIAN_POINT ( 'NONE',  ( -22.62499999999999645, -3.500000000000000000, 16.00000000000000711 ) ) ;
#3027 = AXIS2_PLACEMENT_3D ( 'NONE', #8486, #1396, #10484 ) ;
#3028 = VECTOR ( 'NONE', #8909, 1000.000000000000000 ) ;
#3029 = ORIENTED_EDGE ( 'NONE', *, *, #2981, .F. ) ;
#3030 = FACE_OUTER_BOUND ( 'NONE', #6660, .T. ) ;
#3031 = ORIENTED_EDGE ( 'NONE', *, *, #10653, .T. ) ;
#3032 = DIRECTION ( 'NONE',  ( -0.000000000000000000, -1.000000000000000000, -0.000000000000000000 ) ) ;
#3033 = ORIENTED_EDGE ( 'NONE', *, *, #5815, .T. ) ;
#3034 = DIRECTION ( 'NONE',  ( 0.000000000000000000, 0.000000000000000000, 1.000000000000000000 ) ) ;
#3035 = DIRECTION ( 'NONE',  ( 0.000000000000000000, 1.000000000000000000, 0.000000000000000000 ) ) ;
#3036 = AXIS2_PLACEMENT_3D ( 'NONE', #9423, #9537, #9664 ) ;
#3037 = ORIENTED_EDGE ( 'NONE', *, *, #1057, .F. ) ;
#3038 = FACE_OUTER_BOUND ( 'NONE', #2033, .T. ) ;
#3039 = ORIENTED_EDGE ( 'NONE', *, *, #3542, .T. ) ;
#3040 = FACE_BOUND ( 'NONE', #10239, .T. ) ;
#3041 = AXIS2_PLACEMENT_3D ( 'NONE', #9079, #4687, #7372 ) ;
#3042 = ORIENTED_EDGE ( 'NONE', *, *, #2670, .F. ) ;
#3043 = LINE ( 'NONE', #11140, #6277 ) ;
#3044 = DIRECTION ( 'NONE',  ( 0.000000000000000000, 0.000000000000000000, 1.000000000000000000 ) ) ;
#3045 = VECTOR ( 'NONE', #9575, 1000.000000000000000 ) ;
#3046 = EDGE_CURVE ( 'NONE', #7062, #9758, #4038, .T. ) ;
#3047 = DIRECTION ( 'NONE',  ( 0.000000000000000000, 1.000000000000000000, 0.000000000000000000 ) ) ;
#3048 = CARTESIAN_POINT ( 'NONE',  ( 94.00000000000153477, 2.500000000000000000, 35.99999999999690203 ) ) ;
#3049 = DIRECTION ( 'NONE',  ( 0.000000000000000000, 0.000000000000000000, 1.000000000000000000 ) ) ;
#3050 = ORIENTED_EDGE ( 'NONE', *, *, #6415, .F. ) ;
#3051 = CIRCLE ( 'NONE', #623, 5.250000000000004441 ) ;
#3052 = ORIENTED_EDGE ( 'NONE', *, *, #5532, .T. ) ;
#3053 = CARTESIAN_POINT ( 'NONE',  ( 44.98292804986584770, -3.500000000000000000, 53.99999999999941735 ) ) ;
#3054 = FACE_OUTER_BOUND ( 'NONE', #8713, .T. ) ;
#3055 = AXIS2_PLACEMENT_3D ( 'NONE', #2017, #913, #968 ) ;
#3056 = EDGE_CURVE ( 'NONE', #10041, #1661, #662, .T. ) ;
#3057 = VECTOR ( 'NONE', #6357, 1000.000000000000000 ) ;
#3058 = EDGE_CURVE ( 'NONE', #5689, #3979, #10597, .T. ) ;
#3059 = VECTOR ( 'NONE', #8577, 1000.000000000000000 ) ;
#3060 = ADVANCED_FACE ( 'NONE', ( #10307 ), #8371, .F. ) ;
#3061 = CARTESIAN_POINT ( 'NONE',  ( 81.82864925813825607, -3.500000000000000000, 51.29469526676727043 ) ) ;
#3062 = ORIENTED_EDGE ( 'NONE', *, *, #5632, .F. ) ;
#3063 = DIRECTION ( 'NONE',  ( -0.000000000000000000, -1.000000000000000000, -0.000000000000000000 ) ) ;
#3064 = CARTESIAN_POINT ( 'NONE',  ( 78.60598772863293959, -3.500000000000000000, 39.86531035049824112 ) ) ;
#3065 = AXIS2_PLACEMENT_3D ( 'NONE', #3655, #6386, #6452 ) ;
#3066 = VECTOR ( 'NONE', #4526, 1000.000000000000000 ) ;
#3067 = ORIENTED_EDGE ( 'NONE', *, *, #6368, .T. ) ;
#3068 = CIRCLE ( 'NONE', #8686, 1.000000000000000888 ) ;
#3069 = CIRCLE ( 'NONE', #6427, 5.250000000000004441 ) ;
#3070 = DIRECTION ( 'NONE',  ( -0.000000000000000000, -1.000000000000000000, -0.000000000000000000 ) ) ;
#3071 = ORIENTED_EDGE ( 'NONE', *, *, #2782, .T. ) ;
#3072 = CARTESIAN_POINT ( 'NONE',  ( 42.51039864469806417, -3.500000000000000000, -59.00000000000000000 ) ) ;
#3073 = VECTOR ( 'NONE', #4254, 1000.000000000000000 ) ;
#3074 = AXIS2_PLACEMENT_3D ( 'NONE', #5478, #8161, #133 ) ;
#3075 = CARTESIAN_POINT ( 'NONE',  ( 89.45602203158698273, -3.500000000000000000, -33.37040607268359338 ) ) ;
#3076 = VERTEX_POINT ( 'NONE', #8488 ) ;
#3077 = CIRCLE ( 'NONE', #7939, 1.000000000000000888 ) ;
#3078 = DIRECTION ( 'NONE',  ( -0.000000000000000000, -1.000000000000000000, -0.000000000000000000 ) ) ;
#3079 = EDGE_LOOP ( 'NONE', ( #2265, #4805 ) ) ;
#3080 = EDGE_CURVE ( 'NONE', #3951, #5160, #11312, .T. ) ;
#3081 = AXIS2_PLACEMENT_3D ( 'NONE', #1213, #7469, #2582 ) ;
#3082 = LINE ( 'NONE', #2139, #5980 ) ;
#3083 = CARTESIAN_POINT ( 'NONE',  ( 79.50000000000051159, -3.500000000000000000, 55.99999999999916866 ) ) ;
#3084 = ORIENTED_EDGE ( 'NONE', *, *, #472, .T. ) ;
#3085 = CARTESIAN_POINT ( 'NONE',  ( -25.12083890225464700, 2.500000000000000000, 58.53846153846148326 ) ) ;
#3086 = CARTESIAN_POINT ( 'NONE',  ( 130.0384615384617746, -3.500000000000000000, -4.120838902256624081 ) ) ;
#3087 = LINE ( 'NONE', #4027, #11175 ) ;
#3088 = ORIENTED_EDGE ( 'NONE', *, *, #813, .T. ) ;
#3089 = ORIENTED_EDGE ( 'NONE', *, *, #10426, .F. ) ;
#3090 = CARTESIAN_POINT ( 'NONE',  ( 83.21872773756770414, -3.500000000000000000, -59.70588235294136581 ) ) ;
#3091 = CIRCLE ( 'NONE', #4416, 1.500000000000011768 ) ;
#3092 = ORIENTED_EDGE ( 'NONE', *, *, #6769, .F. ) ;
#3093 = ADVANCED_FACE ( 'NONE', ( #3928 ), #8540, .T. ) ;
#3094 = FACE_OUTER_BOUND ( 'NONE', #1854, .T. ) ;
#3095 = ORIENTED_EDGE ( 'NONE', *, *, #7038, .T. ) ;
#3096 = ADVANCED_FACE ( 'NONE', ( #512 ), #2394, .T. ) ;
#3097 = CARTESIAN_POINT ( 'NONE',  ( 132.0000000000000000, -3.500000000000000000, -57.50000000000000000 ) ) ;
#3098 = ORIENTED_EDGE ( 'NONE', *, *, #3712, .F. ) ;
#3099 = EDGE_CURVE ( 'NONE', #9349, #6387, #2541, .T. ) ;
#3100 = VECTOR ( 'NONE', #3162, 1000.000000000000000 ) ;
#3101 = DIRECTION ( 'NONE',  ( -0.000000000000000000, -1.000000000000000000, -0.000000000000000000 ) ) ;
#3102 = CARTESIAN_POINT ( 'NONE',  ( 129.7371487755050623, -3.500000000000000000, -39.68730511752550427 ) ) ;
#3103 = VERTEX_POINT ( 'NONE', #6787 ) ;
#3104 = DIRECTION ( 'NONE',  ( 0.000000000000000000, 1.000000000000000000, 0.000000000000000000 ) ) ;
#3105 = ORIENTED_EDGE ( 'NONE', *, *, #8787, .F. ) ;
#3106 = FACE_BOUND ( 'NONE', #7481, .T. ) ;
#3107 = VERTEX_POINT ( 'NONE', #2165 ) ;
#3108 = DIRECTION ( 'NONE',  ( 0.000000000000000000, -1.000000000000000000, 0.000000000000000000 ) ) ;
#3109 = CARTESIAN_POINT ( 'NONE',  ( -25.12083890225464700, 2.500000000000000000, -58.53846153846148326 ) ) ;
#3110 = EDGE_CURVE ( 'NONE', #5091, #5492, #2719, .T. ) ;
#3111 = EDGE_CURVE ( 'NONE', #9693, #4139, #4783, .T. ) ;
#3112 = CARTESIAN_POINT ( 'NONE',  ( 80.75000000000051159, -3.500000000000000000, 57.99999999999998579 ) ) ;
#3113 = DIRECTION ( 'NONE',  ( 1.000000000000000000, 0.000000000000000000, 0.000000000000000000 ) ) ;
#3114 = ORIENTED_EDGE ( 'NONE', *, *, #7460, .F. ) ;
#3115 = ORIENTED_EDGE ( 'NONE', *, *, #3600, .F. ) ;
#3116 = DIRECTION ( 'NONE',  ( 0.000000000000000000, 1.000000000000000000, 0.000000000000000000 ) ) ;
#3117 = EDGE_CURVE ( 'NONE', #5182, #7702, #5164, .T. ) ;
#3118 = CARTESIAN_POINT ( 'NONE',  ( 127.5000000000002274, 2.500000000000000000, -9.000000000001953993 ) ) ;
#3119 = CARTESIAN_POINT ( 'NONE',  ( 82.51039864469777285, -3.500000000000000000, 59.00000000000000000 ) ) ;
#3120 = ORIENTED_EDGE ( 'NONE', *, *, #6316, .T. ) ;
#3121 = DIRECTION ( 'NONE',  ( -0.000000000000000000, -0.000000000000000000, 1.000000000000000000 ) ) ;
#3122 = LINE ( 'NONE', #8508, #1351 ) ;
#3123 = ORIENTED_EDGE ( 'NONE', *, *, #4037, .F. ) ;
#3124 = DIRECTION ( 'NONE',  ( 0.000000000000000000, 1.000000000000000000, 0.000000000000000000 ) ) ;
#3125 = EDGE_CURVE ( 'NONE', #199, #7490, #3043, .T. ) ;
#3126 = VERTEX_POINT ( 'NONE', #6618 ) ;
#3127 = LINE ( 'NONE', #7344, #6874 ) ;
#3128 = ADVANCED_FACE ( 'NONE', ( #1285 ), #4871, .F. ) ;
#3129 = CIRCLE ( 'NONE', #2757, 5.250000000000004441 ) ;
#3130 = CARTESIAN_POINT ( 'NONE',  ( 79.50000000000051159, -3.500000000000000000, -55.99999999999916866 ) ) ;
#3131 = VERTEX_POINT ( 'NONE', #2215 ) ;
#3132 = CARTESIAN_POINT ( 'NONE',  ( 22.37500000000000711, -3.500000000000000000, -12.00000000000000533 ) ) ;
#3133 = VERTEX_POINT ( 'NONE', #9371 ) ;
#3134 = AXIS2_PLACEMENT_3D ( 'NONE', #421, #5819, #11158 ) ;
#3135 = DIRECTION ( 'NONE',  ( 0.000000000000000000, 1.000000000000000000, 0.000000000000000000 ) ) ;
#3136 = DIRECTION ( 'NONE',  ( 0.000000000000000000, 0.000000000000000000, -1.000000000000000000 ) ) ;
#3137 = VERTEX_POINT ( 'NONE', #1339 ) ;
#3138 = ADVANCED_FACE ( 'NONE', ( #3522 ), #4337, .T. ) ;
#3139 = CARTESIAN_POINT ( 'NONE',  ( 26.37500000000000355, 2.500000000000000000, -11.18581490044991789 ) ) ;
#3140 = DIRECTION ( 'NONE',  ( -0.000000000000000000, 1.000000000000000000, -0.000000000000000000 ) ) ;
#3141 = CARTESIAN_POINT ( 'NONE',  ( 98.85412195973844973, -3.500000000000000000, -33.99999999999690203 ) ) ;
#3143 = ORIENTED_EDGE ( 'NONE', *, *, #10443, .F. ) ;
#3142 = EDGE_CURVE ( 'NONE', #3555, #8967, #3342, .T. ) ;
#3144 = EDGE_LOOP ( 'NONE', ( #4270, #787 ) ) ;
#3145 = FACE_OUTER_BOUND ( 'NONE', #9809, .T. ) ;
#3146 = AXIS2_PLACEMENT_3D ( 'NONE', #3947, #2128, #10222 ) ;
#3147 = ORIENTED_EDGE ( 'NONE', *, *, #8778, .F. ) ;
#3148 = DIRECTION ( 'NONE',  ( -0.000000000000000000, 1.000000000000000000, -0.000000000000000000 ) ) ;
#3149 = ORIENTED_EDGE ( 'NONE', *, *, #437, .F. ) ;
#3150 = CARTESIAN_POINT ( 'NONE',  ( 136.0000000000000000, 2.500000000000000000, 56.99999999999999289 ) ) ;
#3151 = ORIENTED_EDGE ( 'NONE', *, *, #8425, .F. ) ;
#3152 = CARTESIAN_POINT ( 'NONE',  ( -28.49999999999998579, -3.500000000000000000, 57.99999999999997158 ) ) ;
#3153 = AXIS2_PLACEMENT_3D ( 'NONE', #4042, #11015, #10247 ) ;
#3154 = LINE ( 'NONE', #10302, #4362 ) ;
#3155 = ORIENTED_EDGE ( 'NONE', *, *, #696, .F. ) ;
#3156 = FACE_OUTER_BOUND ( 'NONE', #6412, .T. ) ;
#3157 = EDGE_CURVE ( 'NONE', #9995, #10225, #8904, .T. ) ;
#3158 = ORIENTED_EDGE ( 'NONE', *, *, #5465, .F. ) ;
#3159 = AXIS2_PLACEMENT_3D ( 'NONE', #11433, #9606, #10612 ) ;
#3160 = EDGE_CURVE ( 'NONE', #11352, #300, #9272, .T. ) ;
#3161 = FACE_OUTER_BOUND ( 'NONE', #6859, .T. ) ;
#3162 = DIRECTION ( 'NONE',  ( -0.000000000000000000, -0.000000000000000000, 1.000000000000000000 ) ) ;
#3163 = FACE_OUTER_BOUND ( 'NONE', #5728, .T. ) ;
#3164 = ORIENTED_EDGE ( 'NONE', *, *, #7935, .T. ) ;
#3165 = AXIS2_PLACEMENT_3D ( 'NONE', #11387, #3363, #3486 ) ;
#3166 = DIRECTION ( 'NONE',  ( 0.000000000000000000, 0.000000000000000000, 1.000000000000000000 ) ) ;
#3167 = CARTESIAN_POINT ( 'NONE',  ( -24.37499999999999645, -3.500000000000000000, -16.00000000000000711 ) ) ;
#3168 = ORIENTED_EDGE ( 'NONE', *, *, #11110, .F. ) ;
#3169 = DIRECTION ( 'NONE',  ( 0.000000000000000000, 1.000000000000000000, 0.000000000000000000 ) ) ;
#3170 = ORIENTED_EDGE ( 'NONE', *, *, #9723, .F. ) ;
#3171 = CARTESIAN_POINT ( 'NONE',  ( 92.50000000000022737, -3.500000000000000000, -9.000000000001710632 ) ) ;
#3172 = EDGE_CURVE ( 'NONE', #2043, #4257, #9086, .T. ) ;
#3173 = PLANE ( 'NONE',  #10140 ) ;
#3174 = VECTOR ( 'NONE', #96, 1000.000000000000000 ) ;
#3175 = ADVANCED_FACE ( 'NONE', ( #5095 ), #2450, .F. ) ;
#3176 = AXIS2_PLACEMENT_3D ( 'NONE', #3945, #10219, #9335 ) ;
#3177 = CARTESIAN_POINT ( 'NONE',  ( 34.01707195013521812, -3.500000000000000000, 57.99999999999948841 ) ) ;
#3178 = VECTOR ( 'NONE', #8830, 1000.000000000000000 ) ;
#3179 = ORIENTED_EDGE ( 'NONE', *, *, #9084, .F. ) ;
#3180 = DIRECTION ( 'NONE',  ( 0.000000000000000000, 1.000000000000000000, 0.000000000000000000 ) ) ;
#3181 = CARTESIAN_POINT ( 'NONE',  ( 87.57546621952566568, 2.500000000000000000, -23.74367658590766439 ) ) ;
#3182 = VECTOR ( 'NONE', #7000, 1000.000000000000000 ) ;
#3183 = VERTEX_POINT ( 'NONE', #8726 ) ;
#3184 = CARTESIAN_POINT ( 'NONE',  ( 36.48960135530299453, 2.500000000000000000, 60.00000000000000000 ) ) ;
#3185 = VERTEX_POINT ( 'NONE', #5342 ) ;
#3186 = DIRECTION ( 'NONE',  ( 0.000000000000000000, 1.000000000000000000, 0.000000000000000000 ) ) ;
#3187 = CYLINDRICAL_SURFACE ( 'NONE', #4007, 1.000000000000000888 ) ;
#3188 = ORIENTED_EDGE ( 'NONE', *, *, #9026, .F. ) ;
#3189 = DIRECTION ( 'NONE',  ( 0.000000000000000000, 0.000000000000000000, 1.000000000000000000 ) ) ;
#3190 = EDGE_CURVE ( 'NONE', #2583, #9295, #10548, .T. ) ;
#3191 = CYLINDRICAL_SURFACE ( 'NONE', #8664, 1.000000000000000888 ) ;
#3192 = ORIENTED_EDGE ( 'NONE', *, *, #10650, .T. ) ;
#3193 = EDGE_CURVE ( 'NONE', #5669, #7890, #8783, .T. ) ;
#3194 = FACE_OUTER_BOUND ( 'NONE', #7672, .T. ) ;
#3195 = DIRECTION ( 'NONE',  ( 0.000000000000000000, 1.000000000000000000, 0.000000000000000000 ) ) ;
#3196 = ORIENTED_EDGE ( 'NONE', *, *, #4494, .F. ) ;
#3197 = CARTESIAN_POINT ( 'NONE',  ( -30.00000000000000355, -3.500000000000000000, -55.99999999999997868 ) ) ;
#3198 = CARTESIAN_POINT ( 'NONE',  ( 67.50000000000052580, -3.500000000000000000, -60.00000000000000000 ) ) ;
#3199 = DIRECTION ( 'NONE',  ( 0.000000000000000000, 0.000000000000000000, 1.000000000000000000 ) ) ;
#3200 = CARTESIAN_POINT ( 'NONE',  ( 45.49728228756692516, 2.500000000000000000, -34.25000000000000000 ) ) ;
#3201 = VERTEX_POINT ( 'NONE', #9725 ) ;
#3202 = ORIENTED_EDGE ( 'NONE', *, *, #1015, .F. ) ;
#3203 = CARTESIAN_POINT ( 'NONE',  ( 82.51039864469777285, -3.500000000000000000, -59.00000000000000000 ) ) ;
#3204 = ORIENTED_EDGE ( 'NONE', *, *, #4089, .T. ) ;
#3205 = EDGE_CURVE ( 'NONE', #6987, #7065, #10611, .T. ) ;
#3206 = EDGE_CURVE ( 'NONE', #4257, #7696, #2575, .T. ) ;
#3207 = VECTOR ( 'NONE', #113, 1000.000000000000000 ) ;
#3208 = DIRECTION ( 'NONE',  ( 0.000000000000000000, 1.000000000000000000, 0.000000000000000000 ) ) ;
#3209 = VERTEX_POINT ( 'NONE', #6025 ) ;
#3210 = EDGE_CURVE ( 'NONE', #6647, #11009, #6315, .T. ) ;
#3211 = PLANE ( 'NONE',  #9394 ) ;
#3212 = ORIENTED_EDGE ( 'NONE', *, *, #8930, .F. ) ;
#3213 = CARTESIAN_POINT ( 'NONE',  ( -22.37500000000000000, -3.500000000000000000, -12.00000000000000533 ) ) ;
#3214 = DIRECTION ( 'NONE',  ( 0.1327433628318585301, 0.000000000000000000, 0.9911504424778759814 ) ) ;
#3215 = DIRECTION ( 'NONE',  ( 0.000000000000000000, 0.000000000000000000, 1.000000000000000000 ) ) ;
#3216 = AXIS2_PLACEMENT_3D ( 'NONE', #5639, #5584, #4821 ) ;
#3217 = ORIENTED_EDGE ( 'NONE', *, *, #3882, .T. ) ;
#3218 = VECTOR ( 'NONE', #10788, 1000.000000000000000 ) ;
#3219 = CARTESIAN_POINT ( 'NONE',  ( 121.1458780402646482, 2.500000000000000000, -37.99999999999690203 ) ) ;
#3220 = CARTESIAN_POINT ( 'NONE',  ( 80.99728228756691806, 2.500000000000000000, -34.25000000000000000 ) ) ;
#3221 = DIRECTION ( 'NONE',  ( 0.000000000000000000, -1.000000000000000000, 0.000000000000000000 ) ) ;
#3222 = AXIS2_PLACEMENT_3D ( 'NONE', #11241, #4222, #1453 ) ;
#3223 = ORIENTED_EDGE ( 'NONE', *, *, #1467, .T. ) ;
#3224 = CIRCLE ( 'NONE', #7144, 2.000000000000003109 ) ;
#3225 = EDGE_CURVE ( 'NONE', #990, #5673, #760, .T. ) ;
#3226 = DIRECTION ( 'NONE',  ( 0.000000000000000000, 0.000000000000000000, 1.000000000000000000 ) ) ;
#3227 = CARTESIAN_POINT ( 'NONE',  ( 94.00000000000153477, 2.500000000000000000, 35.99999999999690203 ) ) ;
#3228 = VERTEX_POINT ( 'NONE', #2632 ) ;
#3229 = CARTESIAN_POINT ( 'NONE',  ( 43.84952627665634139, -3.500000000000000000, 51.51177973260162446 ) ) ;
#3230 = ORIENTED_EDGE ( 'NONE', *, *, #5608, .T. ) ;
#3231 = CYLINDRICAL_SURFACE ( 'NONE', #2868, 5.250000000000004441 ) ;
#3232 = CIRCLE ( 'NONE', #6221, 1.000000000000000888 ) ;
#3233 = DIRECTION ( 'NONE',  ( 0.000000000000000000, 1.000000000000000000, 0.000000000000000000 ) ) ;
#3234 = CIRCLE ( 'NONE', #4161, 5.500000000000005329 ) ;
#3235 = CIRCLE ( 'NONE', #10727, 5.500000000000001776 ) ;
#3236 = EDGE_CURVE ( 'NONE', #2986, #1613, #11567, .T. ) ;
#3237 = CARTESIAN_POINT ( 'NONE',  ( -30.00000000000000355, -3.500000000000000000, -55.99999999999997868 ) ) ;
#3238 = AXIS2_PLACEMENT_3D ( 'NONE', #221, #1870, #6374 ) ;
#3239 = EDGE_CURVE ( 'NONE', #3014, #4414, #5275, .T. ) ;
#3240 = EDGE_LOOP ( 'NONE', ( #9551, #8179, #10734, #326 ) ) ;
#3241 = CYLINDRICAL_SURFACE ( 'NONE', #4853, 5.500000000000011546 ) ;
#3242 = CYLINDRICAL_SURFACE ( 'NONE', #3636, 5.499999999999998224 ) ;
#3243 = EDGE_LOOP ( 'NONE', ( #11233, #4429 ) ) ;
#3244 = EDGE_CURVE ( 'NONE', #4644, #1727, #10486, .T. ) ;
#3245 = CARTESIAN_POINT ( 'NONE',  ( 132.0000000000000000, -3.500000000000000000, -56.00000000000000711 ) ) ;
#3246 = ORIENTED_EDGE ( 'NONE', *, *, #10039, .F. ) ;
#3247 = CARTESIAN_POINT ( 'NONE',  ( 92.50000000000022737, -3.500000000000000000, 9.000000000001710632 ) ) ;
#3248 = AXIS2_PLACEMENT_3D ( 'NONE', #2032, #10830, #11509 ) ;
#3249 = VECTOR ( 'NONE', #5128, 1000.000000000000000 ) ;
#3250 = DIRECTION ( 'NONE',  ( 0.000000000000000000, 1.000000000000000000, 0.000000000000000000 ) ) ;
#3251 = AXIS2_PLACEMENT_3D ( 'NONE', #9177, #1912, #5440 ) ;
#3252 = ORIENTED_EDGE ( 'NONE', *, *, #7115, .T. ) ;
#3253 = CARTESIAN_POINT ( 'NONE',  ( 80.75000000000051159, -3.500000000000000000, 53.99999999999998579 ) ) ;
#3254 = AXIS2_PLACEMENT_3D ( 'NONE', #842, #8149, #11570 ) ;
#3255 = LINE ( 'NONE', #541, #9983 ) ;
#3256 = ORIENTED_EDGE ( 'NONE', *, *, #6432, .T. ) ;
#3257 = VECTOR ( 'NONE', #683, 1000.000000000000000 ) ;
#3258 = AXIS2_PLACEMENT_3D ( 'NONE', #7392, #413, #5585 ) ;
#3259 = CARTESIAN_POINT ( 'NONE',  ( 56.74999999999997868, -3.500000000000000000, 24.10000000009224053 ) ) ;
#3260 = CARTESIAN_POINT ( 'NONE',  ( -26.37499999999999645, -3.500000000000000000, 13.79999999999997939 ) ) ;
#3261 = VERTEX_POINT ( 'NONE', #8021 ) ;
#3262 = AXIS2_PLACEMENT_3D ( 'NONE', #2554, #3553, #7117 ) ;
#3263 = CARTESIAN_POINT ( 'NONE',  ( 53.39723764379618132, 2.500000000000000000, -30.69990044841697596 ) ) ;
#3264 = DIRECTION ( 'NONE',  ( 0.000000000000000000, 1.000000000000000000, 0.000000000000000000 ) ) ;
#3265 = CARTESIAN_POINT ( 'NONE',  ( 94.00000000000153477, -3.500000000000000000, -35.99999999999690203 ) ) ;
#3266 = DIRECTION ( 'NONE',  ( 0.000000000000000000, 0.000000000000000000, 1.000000000000000000 ) ) ;
#3267 = EDGE_LOOP ( 'NONE', ( #1152, #2146 ) ) ;
#3268 = ORIENTED_EDGE ( 'NONE', *, *, #9844, .F. ) ;
#3269 = DIRECTION ( 'NONE',  ( -0.000000000000000000, -0.000000000000000000, 1.000000000000000000 ) ) ;
#3270 = VECTOR ( 'NONE', #3819, 1000.000000000000000 ) ;
#3271 = ADVANCED_FACE ( 'NONE', ( #1759 ), #11605, .F. ) ;
#3272 = ORIENTED_EDGE ( 'NONE', *, *, #267, .T. ) ;
#3273 = AXIS2_PLACEMENT_3D ( 'NONE', #6478, #150, #9732 ) ;
#3274 = CARTESIAN_POINT ( 'NONE',  ( 39.50000000000052580, -3.500000000000000000, -54.74999999999945288 ) ) ;
#3275 = ORIENTED_EDGE ( 'NONE', *, *, #4855, .T. ) ;
#3276 = CYLINDRICAL_SURFACE ( 'NONE', #7952, 4.000000000000000000 ) ;
#3277 = DIRECTION ( 'NONE',  ( 0.000000000000000000, 0.000000000000000000, -1.000000000000000000 ) ) ;
#3278 = VERTEX_POINT ( 'NONE', #10722 ) ;
#3279 = FACE_OUTER_BOUND ( 'NONE', #9839, .T. ) ;
#3280 = DIRECTION ( 'NONE',  ( 0.000000000000000000, 0.000000000000000000, -1.000000000000000000 ) ) ;
#3281 = FACE_BOUND ( 'NONE', #5257, .T. ) ;
#3282 = EDGE_CURVE ( 'NONE', #9003, #3449, #9605, .T. ) ;
#3283 = CIRCLE ( 'NONE', #6270, 1.499999999999994449 ) ;
#3284 = ORIENTED_EDGE ( 'NONE', *, *, #11370, .T. ) ;
#3285 = EDGE_CURVE ( 'NONE', #2123, #10962, #6138, .T. ) ;
#3286 = CARTESIAN_POINT ( 'NONE',  ( 36.48960135530299453, 2.500000000000000000, -59.00000000000000000 ) ) ;
#3287 = CARTESIAN_POINT ( 'NONE',  ( 80.99728228756691806, -3.500000000000000000, 35.75000000000000000 ) ) ;
#3288 = CARTESIAN_POINT ( 'NONE',  ( 45.49728228756692516, -3.500000000000000000, -34.25000000000000000 ) ) ;
#3289 = AXIS2_PLACEMENT_3D ( 'NONE', #5035, #7605, #9264 ) ;
#3290 = EDGE_LOOP ( 'NONE', ( #10885, #642, #10015, #1132 ) ) ;
#3291 = CARTESIAN_POINT ( 'NONE',  ( 76.84367829654500781, -3.500000000000000000, -30.64478518174480115 ) ) ;
#3292 = FACE_OUTER_BOUND ( 'NONE', #8607, .T. ) ;
#3293 = ORIENTED_EDGE ( 'NONE', *, *, #1229, .T. ) ;
#3294 = DIRECTION ( 'NONE',  ( 1.000000000000000000, 0.000000000000000000, 0.000000000000000000 ) ) ;
#3295 = EDGE_CURVE ( 'NONE', #6228, #2812, #7249, .T. ) ;
#3296 = ORIENTED_EDGE ( 'NONE', *, *, #3538, .F. ) ;
#3297 = DIRECTION ( 'NONE',  ( 0.000000000000000000, 1.000000000000000000, 0.000000000000000000 ) ) ;
#3298 = EDGE_CURVE ( 'NONE', #11216, #7012, #3744, .T. ) ;
#3299 = FACE_OUTER_BOUND ( 'NONE', #3290, .T. ) ;
#3300 = DIRECTION ( 'NONE',  ( 0.000000000000000000, 0.000000000000000000, 1.000000000000000000 ) ) ;
#3301 = VERTEX_POINT ( 'NONE', #43 ) ;
#3302 = CARTESIAN_POINT ( 'NONE',  ( 133.4846307420930600, -3.500000000000000000, -53.98856480103576416 ) ) ;
#3303 = CARTESIAN_POINT ( 'NONE',  ( 84.98292804986539295, -3.500000000000000000, 57.99999999999998579 ) ) ;
#3304 = EDGE_LOOP ( 'NONE', ( #2862, #2191 ) ) ;
#3305 = DIRECTION ( 'NONE',  ( 0.000000000000000000, 1.000000000000000000, 0.000000000000000000 ) ) ;
#3306 = ORIENTED_EDGE ( 'NONE', *, *, #7556, .T. ) ;
#3307 = CARTESIAN_POINT ( 'NONE',  ( 93.80258886427044729, -3.500000000000000000, 30.75371285159477708 ) ) ;
#3308 = EDGE_CURVE ( 'NONE', #5679, #3278, #138, .T. ) ;
#3309 = DIRECTION ( 'NONE',  ( 0.000000000000000000, 1.000000000000000000, 0.000000000000000000 ) ) ;
#3310 = EDGE_CURVE ( 'NONE', #10367, #10449, #10952, .T. ) ;
#3311 = ORIENTED_EDGE ( 'NONE', *, *, #3842, .T. ) ;
#3312 = CARTESIAN_POINT ( 'NONE',  ( -27.37499999999999645, -3.500000000000000000, 13.79999999999997939 ) ) ;
#3313 = PLANE ( 'NONE',  #5122 ) ;
#3314 = ORIENTED_EDGE ( 'NONE', *, *, #3285, .T. ) ;
#3315 = CARTESIAN_POINT ( 'NONE',  ( 39.50000000000052580, 2.500000000000000000, 54.74999999999945288 ) ) ;
#3316 = CARTESIAN_POINT ( 'NONE',  ( 2.000000000000007994, -3.500000000000000000, -52.00000000000000000 ) ) ;
#3317 = ORIENTED_EDGE ( 'NONE', *, *, #10203, .F. ) ;
#3318 = CYLINDRICAL_SURFACE ( 'NONE', #2878, 1.499999999999996891 ) ;
#3319 = DIRECTION ( 'NONE',  ( 0.000000000000000000, 0.000000000000000000, 1.000000000000000000 ) ) ;
#3320 = DIRECTION ( 'NONE',  ( 0.000000000000000000, 0.000000000000000000, 1.000000000000000000 ) ) ;
#3321 = AXIS2_PLACEMENT_3D ( 'NONE', #8895, #1802, #626 ) ;
#3322 = DIRECTION ( 'NONE',  ( 0.000000000000000000, 1.000000000000000000, 0.000000000000000000 ) ) ;
#3323 = ORIENTED_EDGE ( 'NONE', *, *, #1958, .F. ) ;
#3324 = ORIENTED_EDGE ( 'NONE', *, *, #10410, .T. ) ;
#3325 = DIRECTION ( 'NONE',  ( 0.000000000000000000, 1.000000000000000000, 0.000000000000000000 ) ) ;
#3326 = EDGE_CURVE ( 'NONE', #1099, #10352, #10834, .T. ) ;
#3327 = VERTEX_POINT ( 'NONE', #987 ) ;
#3328 = EDGE_CURVE ( 'NONE', #7590, #5936, #7305, .T. ) ;
#3329 = CIRCLE ( 'NONE', #10429, 1.250000000000001110 ) ;
#3330 = CARTESIAN_POINT ( 'NONE',  ( 45.49728228756692516, 2.500000000000000000, -35.75000000000000000 ) ) ;
#3331 = ORIENTED_EDGE ( 'NONE', *, *, #3826, .T. ) ;
#3332 = AXIS2_PLACEMENT_3D ( 'NONE', #9416, #9299, #1387 ) ;
#3333 = DIRECTION ( 'NONE',  ( -0.000000000000000000, -1.000000000000000000, -0.000000000000000000 ) ) ;
#3334 = DIRECTION ( 'NONE',  ( 0.05547001962248444829, 0.000000000000000000, -0.9984603532054145969 ) ) ;
#3335 = ORIENTED_EDGE ( 'NONE', *, *, #6484, .T. ) ;
#3336 = FACE_OUTER_BOUND ( 'NONE', #9104, .T. ) ;
#3337 = DIRECTION ( 'NONE',  ( 1.000000000000000000, 0.000000000000000000, 0.000000000000000000 ) ) ;
#3338 = FACE_BOUND ( 'NONE', #5889, .T. ) ;
#3339 = VECTOR ( 'NONE', #4302, 1000.000000000000000 ) ;
#3340 = EDGE_LOOP ( 'NONE', ( #10258, #10126, #10300, #6665 ) ) ;
#3341 = DIRECTION ( 'NONE',  ( 0.4154496880128091263, 0.000000000000000000, 0.9096161590088752691 ) ) ;
#3342 = LINE ( 'NONE', #7968, #6095 ) ;
#3343 = CARTESIAN_POINT ( 'NONE',  ( -27.55385631544756819, 2.500000000000000000, -15.13546048867516625 ) ) ;
#3344 = EDGE_CURVE ( 'NONE', #9436, #3726, #1441, .T. ) ;
#3345 = AXIS2_PLACEMENT_3D ( 'NONE', #3980, #10363, #3215 ) ;
#3346 = ORIENTED_EDGE ( 'NONE', *, *, #10154, .T. ) ;
#3347 = EDGE_CURVE ( 'NONE', #1068, #1544, #2759, .T. ) ;
#3348 = DIRECTION ( 'NONE',  ( -0.000000000000000000, 1.000000000000000000, -0.000000000000000000 ) ) ;
#3349 = CARTESIAN_POINT ( 'NONE',  ( 82.75064805719480887, 2.500000000000000000, -32.46794823927666584 ) ) ;
#3350 = DIRECTION ( 'NONE',  ( 0.000000000000000000, 0.000000000000000000, 1.000000000000000000 ) ) ;
#3351 = ORIENTED_EDGE ( 'NONE', *, *, #1425, .F. ) ;
#3352 = CIRCLE ( 'NONE', #5774, 1.500000000000011768 ) ;
#3353 = DIRECTION ( 'NONE',  ( 0.000000000000000000, 0.000000000000000000, 1.000000000000000000 ) ) ;
#3354 = ORIENTED_EDGE ( 'NONE', *, *, #6083, .T. ) ;
#3355 = CYLINDRICAL_SURFACE ( 'NONE', #8857, 1.499999999999997780 ) ;
#3356 = DIRECTION ( 'NONE',  ( 0.4154496880128091263, 0.000000000000000000, -0.9096161590088752691 ) ) ;
#3357 = VECTOR ( 'NONE', #5698, 1000.000000000000000 ) ;
#3358 = CIRCLE ( 'NONE', #2789, 5.500000000000005329 ) ;
#3359 = EDGE_CURVE ( 'NONE', #11195, #4139, #4509, .T. ) ;
#3360 = DIRECTION ( 'NONE',  ( 0.000000000000000000, 0.000000000000000000, 1.000000000000000000 ) ) ;
#3362 = ADVANCED_FACE ( 'NONE', ( #3857 ), #10017, .T. ) ;
#3361 = ORIENTED_EDGE ( 'NONE', *, *, #8200, .F. ) ;
#3363 = DIRECTION ( 'NONE',  ( 0.000000000000000000, 1.000000000000000000, 0.000000000000000000 ) ) ;
#3364 = CARTESIAN_POINT ( 'NONE',  ( -26.64589803375033128, -3.500000000000000000, 59.00000000000000000 ) ) ;
#3365 = ORIENTED_EDGE ( 'NONE', *, *, #5311, .F. ) ;
#3366 = CARTESIAN_POINT ( 'NONE',  ( 56.74999999999997868, 2.500000000000000000, 31.10000000009223342 ) ) ;
#3367 = ORIENTED_EDGE ( 'NONE', *, *, #8294, .F. ) ;
#3368 = CIRCLE ( 'NONE', #1863, 1.500000000000001332 ) ;
#3369 = FACE_OUTER_BOUND ( 'NONE', #6213, .T. ) ;
#3370 = DIRECTION ( 'NONE',  ( 0.000000000000000000, 0.000000000000000000, 1.000000000000000000 ) ) ;
#3371 = ORIENTED_EDGE ( 'NONE', *, *, #8672, .T. ) ;
#3372 = PLANE ( 'NONE',  #1032 ) ;
#3373 = PRESENTATION_LAYER_ASSIGNMENT (  '', '', ( #8982 ) ) ;
#3374 = DIRECTION ( 'NONE',  ( 1.000000000000000000, 0.000000000000000000, 0.000000000000000000 ) ) ;
#3375 = ORIENTED_EDGE ( 'NONE', *, *, #7692, .T. ) ;
#3376 = DIRECTION ( 'NONE',  ( 0.000000000000000000, 0.000000000000000000, 1.000000000000000000 ) ) ;
#3377 = CARTESIAN_POINT ( 'NONE',  ( -25.90054204125040371, -3.500000000000000000, -59.66666666666666430 ) ) ;
#3378 = EDGE_LOOP ( 'NONE', ( #8872, #2629, #2487, #2572 ) ) ;
#3379 = EDGE_CURVE ( 'NONE', #2071, #4973, #1084, .T. ) ;
#3380 = LINE ( 'NONE', #6002, #11114 ) ;
#3381 = DIRECTION ( 'NONE',  ( 0.000000000000000000, 1.000000000000000000, 0.000000000000000000 ) ) ;
#3382 = CARTESIAN_POINT ( 'NONE',  ( 44.98292804986588322, -3.500000000000000000, 58.99999999999941735 ) ) ;
#3383 = ORIENTED_EDGE ( 'NONE', *, *, #8263, .F. ) ;
#3384 = CARTESIAN_POINT ( 'NONE',  ( 44.98292804986588322, -3.500000000000000000, -58.99999999999941735 ) ) ;
#3385 = EDGE_LOOP ( 'NONE', ( #11389, #8354, #9217, #11320, #8315, #10636, #3311, #10408, #4652, #3959, #8062, #1560, #5443, #2847, #10866, #1253, #9083, #10373, #8804, #7592, #7189, #11452, #3594, #10003, #4120, #4595, #1180, #9306, #2111, #5556, #5730, #2829, #5455, #1034, #9940, #9829, #3098, #6485, #7369, #8808, #906, #7866, #5477, #4858, #8910, #6612, #3351, #3324, #1311, #1658, #9633, #7295, #1055, #8236, #8364, #10011, #1803, #8774, #9453, #37, #127, #5062, #7802, #6234, #6137, #981, #10266, #5917, #10933, #8646, #8031, #4618, #8360, #2494, #7207, #10938, #8339, #1883, #6342, #3742, #1086, #2586, #4875, #4624, #10759, #8380, #10081, #7124, #7114, #5472, #1911, #10012, #4620, #4534, #2713, #9592, #10971, #3025, #6366, #4679, #5538, #9736, #2678, #8, #10717, #9365, #7862, #6401 ) ) ;
#3386 = ORIENTED_EDGE ( 'NONE', *, *, #7995, .F. ) ;
#3387 = CARTESIAN_POINT ( 'NONE',  ( 56.74999999999997868, 2.500000000000000000, 24.10000000009224053 ) ) ;
#3388 = AXIS2_PLACEMENT_3D ( 'NONE', #10569, #1530, #4994 ) ;
#3389 = ORIENTED_EDGE ( 'NONE', *, *, #3574, .F. ) ;
#3390 = CYLINDRICAL_SURFACE ( 'NONE', #1834, 5.499999999999998224 ) ;
#3391 = ORIENTED_EDGE ( 'NONE', *, *, #409, .T. ) ;
#3392 = ADVANCED_FACE ( 'NONE', ( #2743 ), #8304, .F. ) ;
#3393 = DIRECTION ( 'NONE',  ( 0.000000000000000000, 0.000000000000000000, 1.000000000000000000 ) ) ;
#3394 = CARTESIAN_POINT ( 'NONE',  ( 45.49728228756692516, -3.500000000000000000, -35.75000000000000000 ) ) ;
#3395 = ORIENTED_EDGE ( 'NONE', *, *, #8388, .F. ) ;
#3396 = EDGE_CURVE ( 'NONE', #9590, #6196, #281, .T. ) ;
#3397 = DIRECTION ( 'NONE',  ( 0.000000000000000000, 0.000000000000000000, 1.000000000000000000 ) ) ;
#3398 = LINE ( 'NONE', #11300, #9589 ) ;
#3399 = PLANE ( 'NONE',  #8017 ) ;
#3400 = VERTEX_POINT ( 'NONE', #158 ) ;
#3401 = LINE ( 'NONE', #10545, #4906 ) ;
#3402 = CARTESIAN_POINT ( 'NONE',  ( 126.0000000000015490, -3.500000000000000000, -34.74999999999688072 ) ) ;
#3403 = FACE_OUTER_BOUND ( 'NONE', #7560, .T. ) ;
#3404 = ORIENTED_EDGE ( 'NONE', *, *, #2497, .F. ) ;
#3405 = CIRCLE ( 'NONE', #7887, 5.499999999999998224 ) ;
#3406 = CARTESIAN_POINT ( 'NONE',  ( 42.20732815255049530, 2.500000000000000000, 38.65751651040450554 ) ) ;
#3407 = DIRECTION ( 'NONE',  ( -0.000000000000000000, -1.000000000000000000, -0.000000000000000000 ) ) ;
#3408 = DIRECTION ( 'NONE',  ( 0.000000000000000000, 1.000000000000000000, 0.000000000000000000 ) ) ;
#3409 = AXIS2_PLACEMENT_3D ( 'NONE', #6441, #10025, #1987 ) ;
#3410 = ORIENTED_EDGE ( 'NONE', *, *, #2358, .F. ) ;
#3411 = CARTESIAN_POINT ( 'NONE',  ( 39.50000000000052580, -3.500000000000000000, -55.99999999999945288 ) ) ;
#3412 = ORIENTED_EDGE ( 'NONE', *, *, #9869, .F. ) ;
#3413 = FACE_OUTER_BOUND ( 'NONE', #7472, .T. ) ;
#3414 = DIRECTION ( 'NONE',  ( 0.000000000000000000, 1.000000000000000000, 0.000000000000000000 ) ) ;
#3415 = VECTOR ( 'NONE', #5456, 1000.000000000000000 ) ;
#3416 = EDGE_CURVE ( 'NONE', #3301, #7148, #6317, .T. ) ;
#3417 = VECTOR ( 'NONE', #2157, 1000.000000000000000 ) ;
#3418 = CARTESIAN_POINT ( 'NONE',  ( 94.50000000000022737, -3.500000000000000000, -3.876524617021916530 ) ) ;
#3419 = ORIENTED_EDGE ( 'NONE', *, *, #2237, .F. ) ;
#3420 = DIRECTION ( 'NONE',  ( 0.000000000000000000, -1.000000000000000000, 0.000000000000000000 ) ) ;
#3421 = DIRECTION ( 'NONE',  ( 0.000000000000000000, 0.000000000000000000, 1.000000000000000000 ) ) ;
#3422 = ORIENTED_EDGE ( 'NONE', *, *, #3575, .F. ) ;
#3423 = VECTOR ( 'NONE', #5280, 1000.000000000000227 ) ;
#3424 = EDGE_LOOP ( 'NONE', ( #1725, #917, #5770, #372 ) ) ;
#3425 = CIRCLE ( 'NONE', #2098, 1.250000000000001110 ) ;
#3426 = DIRECTION ( 'NONE',  ( 0.000000000000000000, 0.000000000000000000, 1.000000000000000000 ) ) ;
#3427 = EDGE_CURVE ( 'NONE', #8919, #11258, #10252, .T. ) ;
#3428 = CARTESIAN_POINT ( 'NONE',  ( 39.50000000000052580, -3.500000000000000000, -55.99999999999945288 ) ) ;
#3429 = EDGE_CURVE ( 'NONE', #8188, #7890, #892, .T. ) ;
#3430 = ORIENTED_EDGE ( 'NONE', *, *, #5674, .F. ) ;
#3431 = AXIS2_PLACEMENT_3D ( 'NONE', #10614, #9189, #163 ) ;
#3432 = CARTESIAN_POINT ( 'NONE',  ( -31.00000000000000000, 2.500000000000000000, -59.99999999999999289 ) ) ;
#3433 = CARTESIAN_POINT ( 'NONE',  ( -31.78318584070796859, -3.500000000000000000, 54.24778761061944721 ) ) ;
#3434 = ORIENTED_EDGE ( 'NONE', *, *, #11434, .T. ) ;
#3435 = DIRECTION ( 'NONE',  ( 0.000000000000000000, 1.000000000000000000, 0.000000000000000000 ) ) ;
#3436 = DIRECTION ( 'NONE',  ( 1.000000000000000000, 0.000000000000000000, 0.000000000000000000 ) ) ;
#3437 = ORIENTED_EDGE ( 'NONE', *, *, #6586, .T. ) ;
#3438 = VECTOR ( 'NONE', #11198, 1000.000000000000000 ) ;
#3439 = CIRCLE ( 'NONE', #6611, 1.000000000000000888 ) ;
#3440 = CYLINDRICAL_SURFACE ( 'NONE', #73, 1.000000000000000888 ) ;
#3441 = LINE ( 'NONE', #738, #636 ) ;
#3442 = CARTESIAN_POINT ( 'NONE',  ( 42.51039864469806417, 2.500000000000000000, 60.00000000000000000 ) ) ;
#3443 = ORIENTED_EDGE ( 'NONE', *, *, #9398, .F. ) ;
#3444 = CARTESIAN_POINT ( 'NONE',  ( 54.00668558637442374, 2.500000000000000000, -30.49272653608509032 ) ) ;
#3445 = AXIS2_PLACEMENT_3D ( 'NONE', #4448, #9597, #4216 ) ;
#3446 = VERTEX_POINT ( 'NONE', #1159 ) ;
#3447 = ORIENTED_EDGE ( 'NONE', *, *, #3604, .F. ) ;
#3448 = DIRECTION ( 'NONE',  ( 1.000000000000000000, 0.000000000000000000, 0.000000000000000000 ) ) ;
#3449 = VERTEX_POINT ( 'NONE', #9850 ) ;
#3450 = EDGE_CURVE ( 'NONE', #11139, #7913, #5391, .T. ) ;
#3451 = VECTOR ( 'NONE', #5598, 1000.000000000000114 ) ;
#3452 = AXIS2_PLACEMENT_3D ( 'NONE', #6981, #8612, #3360 ) ;
#3453 = DIRECTION ( 'NONE',  ( 0.7928260876681227920, 0.000000000000000000, 0.6094479425782467485 ) ) ;
#3454 = EDGE_LOOP ( 'NONE', ( #3158, #7463, #5987, #8728 ) ) ;
#3455 = CIRCLE ( 'NONE', #6056, 1.250000000000007994 ) ;
#3456 = CARTESIAN_POINT ( 'NONE',  ( 127.5000000000002274, -3.500000000000000000, -10.50000000000195222 ) ) ;
#3457 = DIRECTION ( 'NONE',  ( 1.000000000000000000, 0.000000000000000000, 0.000000000000000000 ) ) ;
#3458 = ORIENTED_EDGE ( 'NONE', *, *, #7160, .F. ) ;
#3459 = CARTESIAN_POINT ( 'NONE',  ( 76.48960135530326454, -3.500000000000000000, 59.00000000000000000 ) ) ;
#3460 = DIRECTION ( 'NONE',  ( 0.000000000000000000, 0.000000000000000000, 1.000000000000000000 ) ) ;
#3461 = AXIS2_PLACEMENT_3D ( 'NONE', #3364, #2595, #1717 ) ;
#3462 = FACE_BOUND ( 'NONE', #6701, .T. ) ;
#3463 = AXIS2_PLACEMENT_3D ( 'NONE', #9456, #7869, #666 ) ;
#3464 = AXIS2_PLACEMENT_3D ( 'NONE', #5353, #8034, #10739 ) ;
#3465 = ORIENTED_EDGE ( 'NONE', *, *, #171, .F. ) ;
#3466 = CIRCLE ( 'NONE', #2891, 5.249999999999991118 ) ;
#3467 = EDGE_CURVE ( 'NONE', #3678, #2540, #7248, .T. ) ;
#3468 = CARTESIAN_POINT ( 'NONE',  ( 24.37500000000000355, 2.500000000000000000, 5.000000000000003553 ) ) ;
#3469 = EDGE_CURVE ( 'NONE', #8907, #2149, #2976, .T. ) ;
#3470 = DIRECTION ( 'NONE',  ( 6.938893903907222067E-15, 0.000000000000000000, 1.000000000000000000 ) ) ;
#3471 = DIRECTION ( 'NONE',  ( 0.000000000000000000, -1.000000000000000000, 0.000000000000000000 ) ) ;
#3472 = ORIENTED_EDGE ( 'NONE', *, *, #9562, .T. ) ;
#3473 = CYLINDRICAL_SURFACE ( 'NONE', #989, 1.250000000000001110 ) ;
#3474 = CARTESIAN_POINT ( 'NONE',  ( 79.50000000000051159, 2.500000000000000000, 55.99999999999916866 ) ) ;
#3475 = LINE ( 'NONE', #1590, #6426 ) ;
#3476 = EDGE_LOOP ( 'NONE', ( #3509, #8296 ) ) ;
#3477 = CARTESIAN_POINT ( 'NONE',  ( 43.21872773756807362, -3.500000000000000000, -59.70588235294130186 ) ) ;
#3478 = VERTEX_POINT ( 'NONE', #4856 ) ;
#3479 = DIRECTION ( 'NONE',  ( 0.1327433628318585301, 0.000000000000000000, -0.9911504424778759814 ) ) ;
#3480 = LINE ( 'NONE', #7260, #3415 ) ;
#3481 = EDGE_CURVE ( 'NONE', #1661, #10041, #4069, .T. ) ;
#3482 = AXIS2_PLACEMENT_3D ( 'NONE', #6994, #9512, #5188 ) ;
#3483 = EDGE_CURVE ( 'NONE', #6488, #6166, #8937, .T. ) ;
#3484 = DIRECTION ( 'NONE',  ( 0.000000000000000000, 1.000000000000000000, 0.000000000000000000 ) ) ;
#3485 = VERTEX_POINT ( 'NONE', #8414 ) ;
#3486 = DIRECTION ( 'NONE',  ( 0.000000000000000000, 0.000000000000000000, 1.000000000000000000 ) ) ;
#3487 = DIRECTION ( 'NONE',  ( 1.000000000000000000, 0.000000000000000000, 0.000000000000000000 ) ) ;
#3488 = ORIENTED_EDGE ( 'NONE', *, *, #3160, .F. ) ;
#3489 = EDGE_LOOP ( 'NONE', ( #8750, #4384, #8538, #489 ) ) ;
#3490 = CARTESIAN_POINT ( 'NONE',  ( -30.00000000000000355, -3.500000000000000000, -55.99999999999997868 ) ) ;
#3491 = DIRECTION ( 'NONE',  ( -0.000000000000000000, -1.000000000000000000, -0.000000000000000000 ) ) ;
#3492 = ORIENTED_EDGE ( 'NONE', *, *, #10457, .T. ) ;
#3493 = DIRECTION ( 'NONE',  ( -0.9096161590088753801, 0.000000000000000000, 0.4154496880128091818 ) ) ;
#3494 = EDGE_LOOP ( 'NONE', ( #6482, #3029, #2974, #780 ) ) ;
#3495 = EDGE_CURVE ( 'NONE', #7131, #3658, #5390, .T. ) ;
#3496 = CARTESIAN_POINT ( 'NONE',  ( 83.08694453782732126, 2.500000000000000000, 29.16243558469903974 ) ) ;
#3497 = CARTESIAN_POINT ( 'NONE',  ( -24.37499999999999645, 2.500000000000000000, -12.00000000000000533 ) ) ;
#3498 = ORIENTED_EDGE ( 'NONE', *, *, #5897, .F. ) ;
#3499 = EDGE_CURVE ( 'NONE', #2149, #6889, #2585, .T. ) ;
#3500 = CYLINDRICAL_SURFACE ( 'NONE', #9038, 5.500000000000005329 ) ;
#3501 = DIRECTION ( 'NONE',  ( 0.000000000000000000, 1.000000000000000000, 0.000000000000000000 ) ) ;
#3502 = CARTESIAN_POINT ( 'NONE',  ( 94.00000000000153477, 2.500000000000000000, -37.24999999999690203 ) ) ;
#3503 = ORIENTED_EDGE ( 'NONE', *, *, #10261, .T. ) ;
#3504 = DIRECTION ( 'NONE',  ( 0.000000000000000000, 1.000000000000000000, 0.000000000000000000 ) ) ;
#3505 = ORIENTED_EDGE ( 'NONE', *, *, #5166, .F. ) ;
#3506 = LINE ( 'NONE', #7703, #8300 ) ;
#3507 = VERTEX_POINT ( 'NONE', #8586 ) ;
#3508 = CARTESIAN_POINT ( 'NONE',  ( 80.99728228756691806, 2.500000000000000000, 34.25000000000000000 ) ) ;
#3509 = ORIENTED_EDGE ( 'NONE', *, *, #3344, .F. ) ;
#3510 = ADVANCED_FACE ( 'NONE', ( #3030 ), #7594, .F. ) ;
#3511 = DIRECTION ( 'NONE',  ( -0.9984603532054145969, 0.000000000000000000, 0.05547001962248444829 ) ) ;
#3512 = DIRECTION ( 'NONE',  ( 0.000000000000000000, 1.000000000000000000, 0.000000000000000000 ) ) ;
#3513 = ORIENTED_EDGE ( 'NONE', *, *, #5435, .T. ) ;
#3514 = EDGE_CURVE ( 'NONE', #283, #11322, #6686, .T. ) ;
#3515 = DIRECTION ( 'NONE',  ( 0.000000000000000000, 0.000000000000000000, 1.000000000000000000 ) ) ;
#3516 = DIRECTION ( 'NONE',  ( 0.000000000000000000, 0.000000000000000000, 1.000000000000000000 ) ) ;
#3517 = LINE ( 'NONE', #5272, #4838 ) ;
#3518 = EDGE_LOOP ( 'NONE', ( #10432, #10269, #10114, #8708 ) ) ;
#3519 = AXIS2_PLACEMENT_3D ( 'NONE', #1433, #10406, #4381 ) ;
#3520 = DIRECTION ( 'NONE',  ( 0.000000000000000000, 0.000000000000000000, 1.000000000000000000 ) ) ;
#3521 = AXIS2_PLACEMENT_3D ( 'NONE', #1700, #822, #4278 ) ;
#3522 = FACE_OUTER_BOUND ( 'NONE', #5507, .T. ) ;
#3523 = DIRECTION ( 'NONE',  ( 1.000000000000000000, 0.000000000000000000, 0.000000000000000000 ) ) ;
#3524 = EDGE_LOOP ( 'NONE', ( #11052, #2113, #3033, #1197 ) ) ;
#3525 = DIRECTION ( 'NONE',  ( -0.000000000000000000, -1.000000000000000000, -0.000000000000000000 ) ) ;
#3526 = ADVANCED_FACE ( 'NONE', ( #387 ), #6662, .T. ) ;
#3527 = CYLINDRICAL_SURFACE ( 'NONE', #10331, 1.000000000000000888 ) ;
#3528 = ORIENTED_EDGE ( 'NONE', *, *, #4369, .T. ) ;
#3529 = CYLINDRICAL_SURFACE ( 'NONE', #1724, 5.250000000000004441 ) ;
#3530 = EDGE_CURVE ( 'NONE', #3901, #5466, #503, .T. ) ;
#3531 = CIRCLE ( 'NONE', #1452, 1.000000000000000888 ) ;
#3532 = ORIENTED_EDGE ( 'NONE', *, *, #8425, .T. ) ;
#3533 = DIRECTION ( 'NONE',  ( 1.000000000000000000, 0.000000000000000000, -7.216449660063522246E-15 ) ) ;
#3534 = VECTOR ( 'NONE', #1806, 1000.000000000000000 ) ;
#3535 = DIRECTION ( 'NONE',  ( 0.000000000000000000, 0.000000000000000000, 1.000000000000000000 ) ) ;
#3536 = VECTOR ( 'NONE', #3070, 1000.000000000000000 ) ;
#3537 = ORIENTED_EDGE ( 'NONE', *, *, #3111, .F. ) ;
#3538 = EDGE_CURVE ( 'NONE', #355, #5374, #3912, .T. ) ;
#3539 = CARTESIAN_POINT ( 'NONE',  ( 128.6121276115077592, -3.500000000000000000, 51.66729637763074834 ) ) ;
#3540 = CARTESIAN_POINT ( 'NONE',  ( 129.1770649696990461, 2.500000000000000000, 14.86834330006620597 ) ) ;
#3541 = ORIENTED_EDGE ( 'NONE', *, *, #7332, .F. ) ;
#3542 = EDGE_CURVE ( 'NONE', #7590, #695, #6773, .T. ) ;
#3543 = EDGE_LOOP ( 'NONE', ( #831, #9855, #3972, #10200 ) ) ;
#3544 = DIRECTION ( 'NONE',  ( 0.000000000000000000, 0.000000000000000000, -1.000000000000000000 ) ) ;
#3545 = FACE_OUTER_BOUND ( 'NONE', #336, .T. ) ;
#3546 = AXIS2_PLACEMENT_3D ( 'NONE', #2486, #2366, #6876 ) ;
#3547 = ORIENTED_EDGE ( 'NONE', *, *, #2224, .F. ) ;
#3548 = CARTESIAN_POINT ( 'NONE',  ( -28.70982142857141994, -3.500000000000000000, 20.00000000000000711 ) ) ;
#3549 = EDGE_LOOP ( 'NONE', ( #6749, #7441, #4665, #10781 ) ) ;
#3550 = DIRECTION ( 'NONE',  ( -0.2873478855662357501, 0.000000000000000000, -0.9578262852211841816 ) ) ;
#3551 = CIRCLE ( 'NONE', #11603, 5.499999999999998224 ) ;
#3552 = EDGE_LOOP ( 'NONE', ( #6615, #2730, #3946, #3422 ) ) ;
#3553 = DIRECTION ( 'NONE',  ( 0.000000000000000000, 1.000000000000000000, 0.000000000000000000 ) ) ;
#3554 = CARTESIAN_POINT ( 'NONE',  ( 34.89434043811366593, 2.500000000000000000, 58.51999999999948443 ) ) ;
#3555 = VERTEX_POINT ( 'NONE', #558 ) ;
#3556 = LINE ( 'NONE', #1901, #1258 ) ;
#3557 = CARTESIAN_POINT ( 'NONE',  ( 57.49079118589932591, -3.500000000000000000, -27.98772452752288942 ) ) ;
#3558 = EDGE_CURVE ( 'NONE', #10098, #7205, #5209, .T. ) ;
#3559 = ORIENTED_EDGE ( 'NONE', *, *, #5109, .T. ) ;
#3560 = AXIS2_PLACEMENT_3D ( 'NONE', #9404, #11219, #2311 ) ;
#3561 = CIRCLE ( 'NONE', #6725, 1.000000000000000888 ) ;
#3562 = EDGE_CURVE ( 'NONE', #426, #1280, #7652, .T. ) ;
#3563 = CARTESIAN_POINT ( 'NONE',  ( 24.37500000000000355, -3.500000000000000000, -5.000000000000003553 ) ) ;
#3564 = VERTEX_POINT ( 'NONE', #4799 ) ;
#3565 = LINE ( 'NONE', #4327, #7279 ) ;
#3566 = DIRECTION ( 'NONE',  ( 0.000000000000000000, 0.000000000000000000, 1.000000000000000000 ) ) ;
#3567 = EDGE_LOOP ( 'NONE', ( #1187, #7378, #467, #7589 ) ) ;
#3568 = DIRECTION ( 'NONE',  ( -0.000000000000000000, -1.000000000000000000, -0.000000000000000000 ) ) ;
#3569 = DIRECTION ( 'NONE',  ( 0.000000000000000000, 1.000000000000000000, 0.000000000000000000 ) ) ;
#3570 = VECTOR ( 'NONE', #9214, 1000.000000000000000 ) ;
#3571 = CARTESIAN_POINT ( 'NONE',  ( 127.5000000000002274, -3.500000000000000000, 10.50000000000195222 ) ) ;
#3572 = ORIENTED_EDGE ( 'NONE', *, *, #3730, .T. ) ;
#3573 = ORIENTED_EDGE ( 'NONE', *, *, #5386, .T. ) ;
#3574 = EDGE_CURVE ( 'NONE', #6205, #2909, #2259, .T. ) ;
#3575 = EDGE_CURVE ( 'NONE', #4623, #10133, #5901, .T. ) ;
#3576 = CARTESIAN_POINT ( 'NONE',  ( 129.7639060424576769, 2.500000000000000000, -14.01245742435226482 ) ) ;
#3577 = EDGE_CURVE ( 'NONE', #3228, #6789, #11125, .T. ) ;
#3578 = CARTESIAN_POINT ( 'NONE',  ( 39.50000000000052580, -3.500000000000000000, -55.99999999999945288 ) ) ;
#3579 = DIRECTION ( 'NONE',  ( 0.000000000000000000, 1.000000000000000000, 0.000000000000000000 ) ) ;
#3580 = ORIENTED_EDGE ( 'NONE', *, *, #6644, .T. ) ;
#3581 = CARTESIAN_POINT ( 'NONE',  ( 54.00668558637442374, -3.500000000000000000, -31.49272653608509032 ) ) ;
#3582 = CARTESIAN_POINT ( 'NONE',  ( -24.37499999999999645, 2.500000000000000000, 5.000000000000003553 ) ) ;
#3583 = VERTEX_POINT ( 'NONE', #7477 ) ;
#3584 = FACE_OUTER_BOUND ( 'NONE', #4481, .T. ) ;
#3585 = ORIENTED_EDGE ( 'NONE', *, *, #2578, .T. ) ;
#3586 = FACE_BOUND ( 'NONE', #6698, .T. ) ;
#3587 = AXIS2_PLACEMENT_3D ( 'NONE', #8264, #2890, #6457 ) ;
#3588 = EDGE_CURVE ( 'NONE', #8520, #386, #3531, .T. ) ;
#3589 = AXIS2_PLACEMENT_3D ( 'NONE', #4932, #11250, #4051 ) ;
#3590 = DIRECTION ( 'NONE',  ( 0.000000000000000000, 1.000000000000000000, 0.000000000000000000 ) ) ;
#3591 = CARTESIAN_POINT ( 'NONE',  ( 94.00000000000153477, -3.500000000000000000, 35.99999999999690203 ) ) ;
#3592 = CARTESIAN_POINT ( 'NONE',  ( 74.01707195013517548, -3.500000000000000000, -52.99999999999920419 ) ) ;
#3593 = ORIENTED_EDGE ( 'NONE', *, *, #5105, .T. ) ;
#3594 = ORIENTED_EDGE ( 'NONE', *, *, #3530, .T. ) ;
#3595 = DIRECTION ( 'NONE',  ( 0.000000000000000000, 1.000000000000000000, 0.000000000000000000 ) ) ;
#3596 = AXIS2_PLACEMENT_3D ( 'NONE', #1524, #3233, #5234 ) ;
#3597 = DIRECTION ( 'NONE',  ( -0.000000000000000000, -1.000000000000000000, -0.000000000000000000 ) ) ;
#3598 = AXIS2_PLACEMENT_3D ( 'NONE', #4745, #3035, #10077 ) ;
#3599 = ADVANCED_FACE ( 'NONE', ( #3094 ), #2563, .F. ) ;
#3600 = EDGE_CURVE ( 'NONE', #6528, #6261, #7889, .T. ) ;
#3601 = CARTESIAN_POINT ( 'NONE',  ( 84.10565956188700909, 2.500000000000000000, -58.51999999999985391 ) ) ;
#3602 = EDGE_LOOP ( 'NONE', ( #10243, #4230, #7950, #9460 ) ) ;
#3603 = VECTOR ( 'NONE', #739, 1000.000000000000000 ) ;
#3604 = EDGE_CURVE ( 'NONE', #2762, #10167, #7832, .T. ) ;
#3605 = DIRECTION ( 'NONE',  ( 0.9418617333936458724, 0.000000000000000000, -0.3360007070955604580 ) ) ;
#3606 = DIRECTION ( 'NONE',  ( 0.000000000000000000, 1.000000000000000000, 0.000000000000000000 ) ) ;
#3607 = CIRCLE ( 'NONE', #5300, 5.500000000000001776 ) ;
#3608 = EDGE_LOOP ( 'NONE', ( #1490, #5106, #5129, #742 ) ) ;
#3609 = CARTESIAN_POINT ( 'NONE',  ( 7.123475382979929549, -3.500000000000000000, -53.99999999999968736 ) ) ;
#3610 = DIRECTION ( 'NONE',  ( 0.000000000000000000, 1.000000000000000000, 0.000000000000000000 ) ) ;
#3611 = CARTESIAN_POINT ( 'NONE',  ( -26.37499999999999645, -3.500000000000000000, -11.32455532033676704 ) ) ;
#3612 = ORIENTED_EDGE ( 'NONE', *, *, #7162, .T. ) ;
#3613 = CARTESIAN_POINT ( 'NONE',  ( 94.00000000000153477, 2.500000000000000000, 34.74999999999690203 ) ) ;
#3614 = LINE ( 'NONE', #2783, #5130 ) ;
#3615 = CIRCLE ( 'NONE', #7714, 1.000000000000000888 ) ;
#3616 = ORIENTED_EDGE ( 'NONE', *, *, #10680, .F. ) ;
#3617 = VECTOR ( 'NONE', #1788, 1000.000000000000000 ) ;
#3618 = DIRECTION ( 'NONE',  ( -0.000000000000000000, -1.000000000000000000, -0.000000000000000000 ) ) ;
#3619 = VERTEX_POINT ( 'NONE', #11544 ) ;
#3620 = EDGE_CURVE ( 'NONE', #1890, #859, #11355, .T. ) ;
#3621 = CARTESIAN_POINT ( 'NONE',  ( 80.99728228756691806, 2.500000000000000000, -34.25000000000000000 ) ) ;
#3622 = CARTESIAN_POINT ( 'NONE',  ( -26.38384955752211880, -3.500000000000000000, -13.93274336283183779 ) ) ;
#3623 = EDGE_LOOP ( 'NONE', ( #2988, #2433, #8078, #5919 ) ) ;
#3624 = AXIS2_PLACEMENT_3D ( 'NONE', #337, #10301, #3916 ) ;
#3625 = FACE_OUTER_BOUND ( 'NONE', #5218, .T. ) ;
#3626 = LINE ( 'NONE', #1860, #7627 ) ;
#3627 = EDGE_CURVE ( 'NONE', #1622, #2820, #5081, .T. ) ;
#3628 = ORIENTED_EDGE ( 'NONE', *, *, #7978, .F. ) ;
#3629 = ORIENTED_EDGE ( 'NONE', *, *, #5767, .F. ) ;
#3630 = CIRCLE ( 'NONE', #6600, 1.000000000000000888 ) ;
#3631 = AXIS2_PLACEMENT_3D ( 'NONE', #7462, #10338, #10989 ) ;
#3632 = DIRECTION ( 'NONE',  ( 0.000000000000000000, -1.000000000000000000, 0.000000000000000000 ) ) ;
#3633 = VECTOR ( 'NONE', #6761, 1000.000000000000000 ) ;
#3634 = DIRECTION ( 'NONE',  ( 0.000000000000000000, 0.000000000000000000, 1.000000000000000000 ) ) ;
#3635 = LINE ( 'NONE', #10018, #8770 ) ;
#3636 = AXIS2_PLACEMENT_3D ( 'NONE', #6168, #7047, #659 ) ;
#3637 = ORIENTED_EDGE ( 'NONE', *, *, #1257, .T. ) ;
#3638 = VECTOR ( 'NONE', #5748, 1000.000000000000000 ) ;
#3639 = AXIS2_PLACEMENT_3D ( 'NONE', #4204, #7772, #10468 ) ;
#3640 = CIRCLE ( 'NONE', #3258, 1.499999999999997780 ) ;
#3641 = FACE_OUTER_BOUND ( 'NONE', #6266, .T. ) ;
#3642 = CARTESIAN_POINT ( 'NONE',  ( 24.37500000000000355, -3.500000000000000000, -5.000000000000003553 ) ) ;
#3643 = EDGE_LOOP ( 'NONE', ( #2295, #50, #2884, #8963 ) ) ;
#3644 = CARTESIAN_POINT ( 'NONE',  ( 62.24760681940412610, 2.500000000000000000, 25.43776788477287099 ) ) ;
#3645 = AXIS2_PLACEMENT_3D ( 'NONE', #549, #4961, #7587 ) ;
#3646 = EDGE_CURVE ( 'NONE', #4501, #3485, #8769, .T. ) ;
#3647 = VERTEX_POINT ( 'NONE', #2504 ) ;
#3648 = DIRECTION ( 'NONE',  ( 0.000000000000000000, -1.000000000000000000, 0.000000000000000000 ) ) ;
#3649 = AXIS2_PLACEMENT_3D ( 'NONE', #4890, #5881, #8449 ) ;
#3650 = CIRCLE ( 'NONE', #2705, 1.000000000000000888 ) ;
#3651 = LINE ( 'NONE', #10794, #6456 ) ;
#3652 = CARTESIAN_POINT ( 'NONE',  ( 42.88550278537807969, -3.500000000000000000, -51.24596267471466859 ) ) ;
#3653 = ADVANCED_FACE ( 'NONE', ( #1501 ), #10654, .F. ) ;
#3654 = CARTESIAN_POINT ( 'NONE',  ( 29.30818464227683151, -3.500000000000000000, 8.415214383491042227 ) ) ;
#3655 = CARTESIAN_POINT ( 'NONE',  ( 56.74999999999997868, 2.500000000000000000, -25.60000000009224763 ) ) ;
#3656 = ORIENTED_EDGE ( 'NONE', *, *, #5722, .F. ) ;
#3657 = EDGE_CURVE ( 'NONE', #6193, #10123, #6952, .T. ) ;
#3658 = VERTEX_POINT ( 'NONE', #1563 ) ;
#3659 = FACE_OUTER_BOUND ( 'NONE', #1058, .T. ) ;
#3660 = AXIS2_PLACEMENT_3D ( 'NONE', #5884, #9458, #1422 ) ;
#3661 = DIRECTION ( 'NONE',  ( 0.000000000000000000, 1.000000000000000000, 0.000000000000000000 ) ) ;
#3662 = DIRECTION ( 'NONE',  ( -1.000000000000000000, 0.000000000000000000, -1.734723475976806503E-15 ) ) ;
#3663 = ORIENTED_EDGE ( 'NONE', *, *, #7483, .F. ) ;
#3664 = AXIS2_PLACEMENT_3D ( 'NONE', #7552, #7665, #5798 ) ;
#3665 = CARTESIAN_POINT ( 'NONE',  ( 58.83479401428157018, 2.500000000000000000, -24.22027759394830326 ) ) ;
#3666 = PLANE ( 'NONE',  #805 ) ;
#3667 = ORIENTED_EDGE ( 'NONE', *, *, #7417, .F. ) ;
#3668 = APPLICATION_PROTOCOL_DEFINITION ( 'draft international standard', 'automotive_design', 1998, #1654 ) ;
#3669 = LINE ( 'NONE', #7281, #6623 ) ;
#3670 = CARTESIAN_POINT ( 'NONE',  ( 126.0000000000015490, 2.500000000000000000, 34.74999999999688072 ) ) ;
#3671 = EDGE_CURVE ( 'NONE', #3261, #3678, #7070, .T. ) ;
#3672 = EDGE_LOOP ( 'NONE', ( #2138, #4658, #11473, #10765 ) ) ;
#3673 = DIRECTION ( 'NONE',  ( 0.000000000000000000, 1.000000000000000000, 0.000000000000000000 ) ) ;
#3674 = EDGE_CURVE ( 'NONE', #6982, #7218, #10413, .T. ) ;
#3675 = DIRECTION ( 'NONE',  ( 0.000000000000000000, 1.000000000000000000, 0.000000000000000000 ) ) ;
#3676 = ORIENTED_EDGE ( 'NONE', *, *, #10052, .T. ) ;
#3677 = FACE_OUTER_BOUND ( 'NONE', #2386, .T. ) ;
#3678 = VERTEX_POINT ( 'NONE', #4211 ) ;
#3679 = DIRECTION ( 'NONE',  ( -0.000000000000000000, -1.000000000000000000, -0.000000000000000000 ) ) ;
#3680 = LINE ( 'NONE', #2846, #2218 ) ;
#3681 = EDGE_LOOP ( 'NONE', ( #11170, #11161, #3513, #1027 ) ) ;
#3682 = CARTESIAN_POINT ( 'NONE',  ( 80.99728228756691806, -3.500000000000000000, 34.25000000000000000 ) ) ;
#3683 = DIRECTION ( 'NONE',  ( 0.000000000000000000, 0.000000000000000000, 1.000000000000000000 ) ) ;
#3684 = CYLINDRICAL_SURFACE ( 'NONE', #10076, 1.000000000000000888 ) ;
#3685 = ADVANCED_FACE ( 'NONE', ( #4391 ), #3390, .T. ) ;
#3686 = ORIENTED_EDGE ( 'NONE', *, *, #9398, .T. ) ;
#3687 = ORIENTED_EDGE ( 'NONE', *, *, #5247, .T. ) ;
#3688 = LINE ( 'NONE', #2855, #2299 ) ;
#3689 = EDGE_CURVE ( 'NONE', #1643, #252, #4465, .T. ) ;
#3690 = DIRECTION ( 'NONE',  ( -0.000000000000000000, -1.000000000000000000, -0.000000000000000000 ) ) ;
#3691 = CARTESIAN_POINT ( 'NONE',  ( 82.51039864469777285, -3.500000000000000000, -60.00000000000000000 ) ) ;
#3692 = ORIENTED_EDGE ( 'NONE', *, *, #1383, .T. ) ;
#3693 = CARTESIAN_POINT ( 'NONE',  ( 44.98292804986584059, -3.500000000000000000, -52.99999999999941025 ) ) ;
#3694 = DIRECTION ( 'NONE',  ( 1.000000000000000000, 0.000000000000000000, 7.216449660063522246E-15 ) ) ;
#3695 = ORIENTED_EDGE ( 'NONE', *, *, #1465, .T. ) ;
#3696 = CYLINDRICAL_SURFACE ( 'NONE', #2078, 1.000000000000000888 ) ;
#3697 = ORIENTED_EDGE ( 'NONE', *, *, #1942, .F. ) ;
#3698 = CYLINDRICAL_SURFACE ( 'NONE', #8075, 1.500000000000001332 ) ;
#3699 = ADVANCED_FACE ( 'NONE', ( #8891 ), #865, .T. ) ;
#3700 = DIRECTION ( 'NONE',  ( 0.000000000000000000, 0.000000000000000000, 1.000000000000000000 ) ) ;
#3701 = EDGE_CURVE ( 'NONE', #9586, #11009, #11481, .T. ) ;
#3702 = VECTOR ( 'NONE', #3851, 1000.000000000000000 ) ;
#3703 = CARTESIAN_POINT ( 'NONE',  ( -25.90054204125040371, -3.500000000000000000, 59.66666666666666430 ) ) ;
#3704 = VECTOR ( 'NONE', #9359, 1000.000000000000000 ) ;
#3705 = CARTESIAN_POINT ( 'NONE',  ( 26.37500000000000355, -3.500000000000000000, -16.00000000000000711 ) ) ;
#3706 = PLANE ( 'NONE',  #11301 ) ;
#3707 = VERTEX_POINT ( 'NONE', #5955 ) ;
#3708 = EDGE_LOOP ( 'NONE', ( #5737, #9069 ) ) ;
#3709 = DIRECTION ( 'NONE',  ( 0.6094479425782468596, -0.000000000000000000, 0.7928260876681229030 ) ) ;
#3710 = VECTOR ( 'NONE', #6579, 1000.000000000000000 ) ;
#3711 = DIRECTION ( 'NONE',  ( 0.000000000000000000, 1.000000000000000000, 0.000000000000000000 ) ) ;
#3712 = EDGE_CURVE ( 'NONE', #9884, #9705, #621, .T. ) ;
#3713 = CARTESIAN_POINT ( 'NONE',  ( -28.84167316508822054, -3.500000000000000000, 23.99782629932536793 ) ) ;
#3714 = ORIENTED_EDGE ( 'NONE', *, *, #7415, .F. ) ;
#3715 = CIRCLE ( 'NONE', #4646, 5.250000000000004441 ) ;
#3716 = DIRECTION ( 'NONE',  ( 1.000000000000000000, 0.000000000000000000, 0.000000000000000000 ) ) ;
#3717 = DIRECTION ( 'NONE',  ( 0.000000000000000000, -1.000000000000000000, 0.000000000000000000 ) ) ;
#3718 = ORIENTED_EDGE ( 'NONE', *, *, #5940, .T. ) ;
#3719 = LINE ( 'NONE', #84, #4762 ) ;
#3720 = DIRECTION ( 'NONE',  ( 0.6902962621009354205, 0.000000000000000000, -0.7235268277883527555 ) ) ;
#3721 = CARTESIAN_POINT ( 'NONE',  ( 34.89434043811366593, 2.500000000000000000, -58.51999999999948443 ) ) ;
#3722 = ORIENTED_EDGE ( 'NONE', *, *, #1797, .T. ) ;
#3723 = AXIS2_PLACEMENT_3D ( 'NONE', #3343, #6151, #2451 ) ;
#3724 = DIRECTION ( 'NONE',  ( 1.000000000000000000, 0.000000000000000000, -0.000000000000000000 ) ) ;
#3725 = DIRECTION ( 'NONE',  ( 0.000000000000000000, 1.000000000000000000, 0.000000000000000000 ) ) ;
#3726 = VERTEX_POINT ( 'NONE', #3330 ) ;
#3727 = CIRCLE ( 'NONE', #1287, 5.250000000000004441 ) ;
#3728 = LINE ( 'NONE', #5546, #1562 ) ;
#3729 = EDGE_LOOP ( 'NONE', ( #5284, #3256, #5721, #4178 ) ) ;
#3730 = EDGE_CURVE ( 'NONE', #6873, #8582, #3892, .T. ) ;
#3731 = VECTOR ( 'NONE', #4022, 1000.000000000000000 ) ;
#3732 = DIRECTION ( 'NONE',  ( -0.000000000000000000, -1.000000000000000000, -0.000000000000000000 ) ) ;
#3733 = DIRECTION ( 'NONE',  ( 0.000000000000000000, 0.000000000000000000, 1.000000000000000000 ) ) ;
#3734 = ORIENTED_EDGE ( 'NONE', *, *, #10778, .F. ) ;
#3735 = FACE_OUTER_BOUND ( 'NONE', #1066, .T. ) ;
#3736 = DIRECTION ( 'NONE',  ( -0.000000000000000000, 1.000000000000000000, -0.000000000000000000 ) ) ;
#3737 = CARTESIAN_POINT ( 'NONE',  ( -27.81858407079645801, -3.500000000000000000, -54.77876106194688788 ) ) ;
#3738 = ORIENTED_EDGE ( 'NONE', *, *, #5074, .T. ) ;
#3739 = ORIENTED_EDGE ( 'NONE', *, *, #6661, .F. ) ;
#3740 = CARTESIAN_POINT ( 'NONE',  ( 89.24999999999994316, -3.500000000000000000, 31.10000000009224053 ) ) ;
#3741 = CIRCLE ( 'NONE', #4495, 1.000000000000000888 ) ;
#3742 = ORIENTED_EDGE ( 'NONE', *, *, #4773, .T. ) ;
#3743 = EDGE_CURVE ( 'NONE', #5194, #6831, #10471, .T. ) ;
#3744 = LINE ( 'NONE', #8132, #5935 ) ;
#3745 = CIRCLE ( 'NONE', #10287, 1.000000000000000888 ) ;
#3746 = DIRECTION ( 'NONE',  ( 0.000000000000000000, 1.000000000000000000, 0.000000000000000000 ) ) ;
#3747 = EDGE_CURVE ( 'NONE', #2608, #10198, #6249, .T. ) ;
#3748 = ORIENTED_EDGE ( 'NONE', *, *, #8118, .T. ) ;
#3749 = CIRCLE ( 'NONE', #2626, 5.250000000000004441 ) ;
#3750 = ORIENTED_EDGE ( 'NONE', *, *, #8634, .F. ) ;
#3751 = CARTESIAN_POINT ( 'NONE',  ( 43.15360207239141488, 2.500000000000000000, -52.22989497538527104 ) ) ;
#3752 = DIRECTION ( 'NONE',  ( 0.000000000000000000, 1.000000000000000000, 0.000000000000000000 ) ) ;
#3753 = VERTEX_POINT ( 'NONE', #5375 ) ;
#3754 = DIRECTION ( 'NONE',  ( 1.000000000000000000, 0.000000000000000000, 0.000000000000000000 ) ) ;
#3755 = ORIENTED_EDGE ( 'NONE', *, *, #8687, .T. ) ;
#3756 = DIRECTION ( 'NONE',  ( 0.000000000000000000, 0.000000000000000000, 1.000000000000000000 ) ) ;
#3757 = ORIENTED_EDGE ( 'NONE', *, *, #4235, .T. ) ;
#3758 = CARTESIAN_POINT ( 'NONE',  ( 94.00000000000153477, -3.500000000000000000, -30.74999999999690559 ) ) ;
#3759 = DIRECTION ( 'NONE',  ( 0.000000000000000000, 1.000000000000000000, 0.000000000000000000 ) ) ;
#3760 = CARTESIAN_POINT ( 'NONE',  ( 85.80820683080756339, -3.500000000000000000, -36.91552153231685907 ) ) ;
#3761 = LINE ( 'NONE', #10906, #10922 ) ;
#3762 = ORIENTED_EDGE ( 'NONE', *, *, #9130, .F. ) ;
#3763 = ORIENTED_EDGE ( 'NONE', *, *, #4807, .T. ) ;
#3764 = DIRECTION ( 'NONE',  ( -1.000000000000000000, 0.000000000000000000, -0.000000000000000000 ) ) ;
#3765 = ADVANCED_FACE ( 'NONE', ( #3677 ), #2674, .F. ) ;
#3766 = CARTESIAN_POINT ( 'NONE',  ( 54.00668558637442374, 2.500000000000000000, -31.49272653608509032 ) ) ;
#3767 = DIRECTION ( 'NONE',  ( 0.000000000000000000, 1.000000000000000000, 0.000000000000000000 ) ) ;
#3768 = ORIENTED_EDGE ( 'NONE', *, *, #8506, .F. ) ;
#3769 = DIRECTION ( 'NONE',  ( -1.000000000000000000, 0.000000000000000000, 1.321694076934709021E-15 ) ) ;
#3770 = DIRECTION ( 'NONE',  ( 1.000000000000000000, 0.000000000000000000, 0.000000000000000000 ) ) ;
#3771 = ORIENTED_EDGE ( 'NONE', *, *, #2641, .T. ) ;
#3772 = AXIS2_PLACEMENT_3D ( 'NONE', #5705, #9327, #9273 ) ;
#3773 = EDGE_CURVE ( 'NONE', #6609, #6405, #10053, .T. ) ;
#3774 = DIRECTION ( 'NONE',  ( 0.000000000000000000, 1.000000000000000000, 0.000000000000000000 ) ) ;
#3775 = DIRECTION ( 'NONE',  ( 0.000000000000000000, 0.000000000000000000, 1.000000000000000000 ) ) ;
#3776 = DIRECTION ( 'NONE',  ( -1.000000000000000000, 0.000000000000000000, 0.000000000000000000 ) ) ;
#3777 = ORIENTED_EDGE ( 'NONE', *, *, #7004, .T. ) ;
#3778 = FACE_OUTER_BOUND ( 'NONE', #166, .T. ) ;
#3779 = EDGE_CURVE ( 'NONE', #4148, #7873, #8944, .T. ) ;
#3780 = CARTESIAN_POINT ( 'NONE',  ( 26.37500000000000355, -3.500000000000000000, -11.18581490044991078 ) ) ;
#3781 = EDGE_LOOP ( 'NONE', ( #8779, #1301, #4078, #8940 ) ) ;
#3782 = VECTOR ( 'NONE', #1877, 1000.000000000000000 ) ;
#3783 = AXIS2_PLACEMENT_3D ( 'NONE', #10430, #5168, #8605 ) ;
#3784 = DIRECTION ( 'NONE',  ( -0.000000000000000000, -1.000000000000000000, -0.000000000000000000 ) ) ;
#3785 = VERTEX_POINT ( 'NONE', #6302 ) ;
#3786 = LINE ( 'NONE', #2734, #9344 ) ;
#3787 = CARTESIAN_POINT ( 'NONE',  ( 40.75000000000051870, 2.500000000000000000, -53.99999999999944578 ) ) ;
#3788 = ORIENTED_EDGE ( 'NONE', *, *, #5741, .T. ) ;
#3789 = CARTESIAN_POINT ( 'NONE',  ( 56.74999999999997868, -3.500000000000000000, -25.60000000009224763 ) ) ;
#3790 = CARTESIAN_POINT ( 'NONE',  ( 84.10565956188700909, -3.500000000000000000, 58.51999999999985391 ) ) ;
#3791 = LINE ( 'NONE', #4504, #10639 ) ;
#3792 = AXIS2_PLACEMENT_3D ( 'NONE', #10783, #2742, #6314 ) ;
#3793 = VERTEX_POINT ( 'NONE', #1033 ) ;
#3794 = ORIENTED_EDGE ( 'NONE', *, *, #10511, .T. ) ;
#3795 = CARTESIAN_POINT ( 'NONE',  ( 89.45602203158698273, 2.500000000000000000, 33.37040607268358627 ) ) ;
#3796 = VECTOR ( 'NONE', #7716, 1000.000000000000000 ) ;
#3797 = VECTOR ( 'NONE', #5475, 1000.000000000000000 ) ;
#3798 = ADVANCED_FACE ( 'NONE', ( #10818 ), #2021, .T. ) ;
#3799 = EDGE_LOOP ( 'NONE', ( #7670, #7949, #9541, #3268 ) ) ;
#3800 = CARTESIAN_POINT ( 'NONE',  ( 41.76031830491573515, 2.500000000000000000, -55.32660475167552505 ) ) ;
#3801 = LINE ( 'NONE', #2804, #6331 ) ;
#3802 = EDGE_LOOP ( 'NONE', ( #5957, #1577, #982, #8306 ) ) ;
#3803 = VERTEX_POINT ( 'NONE', #7184 ) ;
#3804 = DIRECTION ( 'NONE',  ( 0.000000000000000000, 0.000000000000000000, 1.000000000000000000 ) ) ;
#3805 = DIRECTION ( 'NONE',  ( 0.000000000000000000, 0.000000000000000000, 1.000000000000000000 ) ) ;
#3806 = ORIENTED_EDGE ( 'NONE', *, *, #11607, .T. ) ;
#3807 = DIRECTION ( 'NONE',  ( 0.000000000000000000, 0.000000000000000000, 1.000000000000000000 ) ) ;
#3808 = AXIS2_PLACEMENT_3D ( 'NONE', #470, #4169, #7673 ) ;
#3809 = CIRCLE ( 'NONE', #10354, 1.000000000000000888 ) ;
#3810 = EDGE_CURVE ( 'NONE', #8582, #9975, #7291, .T. ) ;
#3811 = ORIENTED_EDGE ( 'NONE', *, *, #7010, .F. ) ;
#3812 = VECTOR ( 'NONE', #924, 1000.000000000000114 ) ;
#3813 = EDGE_CURVE ( 'NONE', #9109, #8572, #2908, .T. ) ;
#3814 = FACE_BOUND ( 'NONE', #8999, .T. ) ;
#3815 = ORIENTED_EDGE ( 'NONE', *, *, #314, .F. ) ;
#3816 = AXIS2_PLACEMENT_3D ( 'NONE', #9202, #4765, #8323 ) ;
#3817 = DIRECTION ( 'NONE',  ( 0.000000000000000000, 1.000000000000000000, 0.000000000000000000 ) ) ;
#3818 = VECTOR ( 'NONE', #6230, 1000.000000000000000 ) ;
#3819 = DIRECTION ( 'NONE',  ( 0.000000000000000000, 0.000000000000000000, -1.000000000000000000 ) ) ;
#3820 = FACE_OUTER_BOUND ( 'NONE', #5260, .T. ) ;
#3821 = CYLINDRICAL_SURFACE ( 'NONE', #825, 5.499999999999998224 ) ;
#3822 = VERTEX_POINT ( 'NONE', #5486 ) ;
#3823 = EDGE_LOOP ( 'NONE', ( #10888, #942, #1986, #1599, #7943, #11486, #10960, #5173, #4857, #5172, #11428, #11392, #8259, #10964, #8690, #9256, #9385, #5579, #5253, #1807, #6141, #10138 ) ) ;
#3824 = LINE ( 'NONE', #6455, #8468 ) ;
#3825 = AXIS2_PLACEMENT_3D ( 'NONE', #9567, #6115, #7756 ) ;
#3826 = EDGE_CURVE ( 'NONE', #7093, #6113, #9939, .T. ) ;
#3827 = DIRECTION ( 'NONE',  ( -0.5854410483392260556, 0.000000000000000000, 0.8107149800759005931 ) ) ;
#3828 = EDGE_CURVE ( 'NONE', #10745, #3658, #200, .T. ) ;
#3829 = CIRCLE ( 'NONE', #5340, 1.000000000000000888 ) ;
#3830 = DIRECTION ( 'NONE',  ( -0.000000000000000000, -1.000000000000000000, -0.000000000000000000 ) ) ;
#3831 = ORIENTED_EDGE ( 'NONE', *, *, #7593, .F. ) ;
#3832 = DIRECTION ( 'NONE',  ( 0.000000000000000000, 1.000000000000000000, 0.000000000000000000 ) ) ;
#3833 = DIRECTION ( 'NONE',  ( 0.000000000000000000, 0.000000000000000000, 1.000000000000000000 ) ) ;
#3834 = ORIENTED_EDGE ( 'NONE', *, *, #6087, .T. ) ;
#3835 = CARTESIAN_POINT ( 'NONE',  ( 54.00668558637443795, 2.500000000000000000, 31.49272653608509032 ) ) ;
#3836 = DIRECTION ( 'NONE',  ( 0.000000000000000000, 0.000000000000000000, 1.000000000000000000 ) ) ;
#3837 = ORIENTED_EDGE ( 'NONE', *, *, #9749, .T. ) ;
#3838 = DIRECTION ( 'NONE',  ( -0.000000000000000000, -1.000000000000000000, -0.000000000000000000 ) ) ;
#3839 = DIRECTION ( 'NONE',  ( 0.000000000000000000, 1.000000000000000000, 0.000000000000000000 ) ) ;
#3840 = ORIENTED_EDGE ( 'NONE', *, *, #8035, .F. ) ;
#3841 = VECTOR ( 'NONE', #9638, 1000.000000000000000 ) ;
#3842 = EDGE_CURVE ( 'NONE', #12, #9630, #10771, .T. ) ;
#3843 = CARTESIAN_POINT ( 'NONE',  ( 22.37500000000000711, -3.500000000000000000, -10.65685424949238858 ) ) ;
#3844 = ORIENTED_EDGE ( 'NONE', *, *, #3427, .T. ) ;
#3845 = ADVANCED_FACE ( 'NONE', ( #8942 ), #9056, .T. ) ;
#3846 = PLANE ( 'NONE',  #4677 ) ;
#3847 = CYLINDRICAL_SURFACE ( 'NONE', #8030, 5.499999999999998224 ) ;
#3848 = EDGE_LOOP ( 'NONE', ( #7678, #1636 ) ) ;
#3849 = DIRECTION ( 'NONE',  ( 0.9813684291561043382, -0.000000000000000000, 0.1921353852253153971 ) ) ;
#3850 = CARTESIAN_POINT ( 'NONE',  ( 60.49257025717128045, -3.500000000000000000, -29.63028136373631938 ) ) ;
#3851 = DIRECTION ( 'NONE',  ( 0.000000000000000000, 0.000000000000000000, -1.000000000000000000 ) ) ;
#3852 = VERTEX_POINT ( 'NONE', #9170 ) ;
#3853 = EDGE_LOOP ( 'NONE', ( #840, #8324, #2564, #1017 ) ) ;
#3854 = LINE ( 'NONE', #5613, #10353 ) ;
#3855 = ORIENTED_EDGE ( 'NONE', *, *, #2193, .F. ) ;
#3856 = ADVANCED_FACE ( 'NONE', ( #4549 ), #8169, .F. ) ;
#3857 = FACE_OUTER_BOUND ( 'NONE', #580, .T. ) ;
#3858 = CARTESIAN_POINT ( 'NONE',  ( 80.99728228756691806, -3.500000000000000000, -34.25000000000000000 ) ) ;
#3859 = EDGE_CURVE ( 'NONE', #5227, #10725, #10543, .T. ) ;
#3860 = ORIENTED_EDGE ( 'NONE', *, *, #1429, .F. ) ;
#3861 = ORIENTED_EDGE ( 'NONE', *, *, #9900, .T. ) ;
#3862 = DIRECTION ( 'NONE',  ( -0.9911504424778760924, 0.000000000000000000, 0.1327433628318585856 ) ) ;
#3863 = DIRECTION ( 'NONE',  ( 0.000000000000000000, 1.000000000000000000, 0.000000000000000000 ) ) ;
#3864 = ORIENTED_EDGE ( 'NONE', *, *, #4320, .F. ) ;
#3865 = DIRECTION ( 'NONE',  ( 1.000000000000000000, 0.000000000000000000, 0.000000000000000000 ) ) ;
#3866 = EDGE_LOOP ( 'NONE', ( #7701, #10652, #2983, #7307 ) ) ;
#3867 = LINE ( 'NONE', #10199, #8642 ) ;
#3868 = ORIENTED_EDGE ( 'NONE', *, *, #1697, .T. ) ;
#3869 = CARTESIAN_POINT ( 'NONE',  ( -31.00000000000000355, 2.500000000000000000, -56.99999999999998579 ) ) ;
#3870 = EDGE_CURVE ( 'NONE', #335, #11065, #916, .T. ) ;
#3871 = LINE ( 'NONE', #6504, #2522 ) ;
#3872 = EDGE_CURVE ( 'NONE', #9246, #8047, #3728, .T. ) ;
#3873 = PLANE ( 'NONE',  #5414 ) ;
#3874 = CARTESIAN_POINT ( 'NONE',  ( -28.84167316508822054, -3.500000000000000000, -23.99782629932536793 ) ) ;
#3875 = EDGE_LOOP ( 'NONE', ( #6275, #4071, #4554, #3246 ) ) ;
#3876 = AXIS2_PLACEMENT_3D ( 'NONE', #5027, #5733, #6717 ) ;
#3877 = ORIENTED_EDGE ( 'NONE', *, *, #9578, .T. ) ;
#3878 = DIRECTION ( 'NONE',  ( -0.2873478855662357501, 0.000000000000000000, -0.9578262852211841816 ) ) ;
#3879 = DIRECTION ( 'NONE',  ( 0.000000000000000000, 1.000000000000000000, 0.000000000000000000 ) ) ;
#3880 = CIRCLE ( 'NONE', #6678, 5.499999999999998224 ) ;
#3881 = AXIS2_PLACEMENT_3D ( 'NONE', #6486, #9901, #4739 ) ;
#3882 = EDGE_CURVE ( 'NONE', #8889, #4569, #7233, .T. ) ;
#3883 = FACE_OUTER_BOUND ( 'NONE', #10678, .T. ) ;
#3884 = EDGE_CURVE ( 'NONE', #390, #10259, #7348, .T. ) ;
#3885 = CARTESIAN_POINT ( 'NONE',  ( 129.5000000000002274, -3.500000000000000000, -3.233718702666561029 ) ) ;
#3886 = DIRECTION ( 'NONE',  ( 0.000000000000000000, 1.000000000000000000, 0.000000000000000000 ) ) ;
#3887 = ORIENTED_EDGE ( 'NONE', *, *, #1656, .T. ) ;
#3888 = CYLINDRICAL_SURFACE ( 'NONE', #543, 1.499999999999994449 ) ;
#3889 = CIRCLE ( 'NONE', #10438, 1.000000000000000888 ) ;
#3890 = VERTEX_POINT ( 'NONE', #11215 ) ;
#3891 = CARTESIAN_POINT ( 'NONE',  ( 85.80820683080756339, 2.500000000000000000, 36.91552153231685907 ) ) ;
#3892 = CIRCLE ( 'NONE', #9888, 1.499999999999996891 ) ;
#3893 = DIRECTION ( 'NONE',  ( 0.000000000000000000, -0.000000000000000000, 1.000000000000000000 ) ) ;
#3894 = ORIENTED_EDGE ( 'NONE', *, *, #1773, .T. ) ;
#3895 = AXIS2_PLACEMENT_3D ( 'NONE', #1281, #8594, #7426 ) ;
#3896 = DIRECTION ( 'NONE',  ( 0.000000000000000000, 0.000000000000000000, 1.000000000000000000 ) ) ;
#3897 = ORIENTED_EDGE ( 'NONE', *, *, #9860, .T. ) ;
#3898 = FACE_OUTER_BOUND ( 'NONE', #10117, .T. ) ;
#3899 = CARTESIAN_POINT ( 'NONE',  ( 129.6533256012082802, -3.500000000000000000, 55.13795634330070072 ) ) ;
#3900 = AXIS2_PLACEMENT_3D ( 'NONE', #10390, #4997, #11040 ) ;
#3901 = VERTEX_POINT ( 'NONE', #1367 ) ;
#3902 = CARTESIAN_POINT ( 'NONE',  ( 84.35412195973775340, -3.500000000000000000, -53.99999999999998579 ) ) ;
#3903 = DIRECTION ( 'NONE',  ( -0.000000000000000000, -1.000000000000000000, -0.000000000000000000 ) ) ;
#3904 = CARTESIAN_POINT ( 'NONE',  ( 37.90422433980270256, -3.500000000000000000, 54.26333652012772291 ) ) ;
#3905 = ORIENTED_EDGE ( 'NONE', *, *, #3239, .T. ) ;
#3906 = ORIENTED_EDGE ( 'NONE', *, *, #6393, .T. ) ;
#3907 = CARTESIAN_POINT ( 'NONE',  ( 80.99728228756691806, 2.500000000000000000, -34.25000000000000000 ) ) ;
#3908 = EDGE_CURVE ( 'NONE', #4886, #8424, #10738, .T. ) ;
#3909 = EDGE_LOOP ( 'NONE', ( #7598, #4140, #4550, #5017 ) ) ;
#3910 = AXIS2_PLACEMENT_3D ( 'NONE', #8915, #893, #4473 ) ;
#3911 = VECTOR ( 'NONE', #10342, 1000.000000000000000 ) ;
#3912 = LINE ( 'NONE', #6715, #5755 ) ;
#3913 = ORIENTED_EDGE ( 'NONE', *, *, #1782, .T. ) ;
#3914 = LINE ( 'NONE', #11064, #9300 ) ;
#3915 = ORIENTED_EDGE ( 'NONE', *, *, #2590, .F. ) ;
#3916 = DIRECTION ( 'NONE',  ( 1.000000000000000000, 0.000000000000000000, 7.216449660063522246E-15 ) ) ;
#3917 = DIRECTION ( 'NONE',  ( 0.000000000000000000, 0.000000000000000000, 1.000000000000000000 ) ) ;
#3918 = VECTOR ( 'NONE', #8757, 1000.000000000000000 ) ;
#3919 = VERTEX_POINT ( 'NONE', #7519 ) ;
#3920 = CARTESIAN_POINT ( 'NONE',  ( 136.0000000000000000, 2.500000000000000000, -56.99999999999999289 ) ) ;
#3921 = ADVANCED_FACE ( 'NONE', ( #265 ), #7404, .T. ) ;
#3922 = EDGE_CURVE ( 'NONE', #8810, #4310, #819, .T. ) ;
#3923 = ORIENTED_EDGE ( 'NONE', *, *, #6816, .T. ) ;
#3924 = EDGE_CURVE ( 'NONE', #9995, #5430, #11109, .T. ) ;
#3925 = DIRECTION ( 'NONE',  ( 0.000000000000000000, -1.000000000000000000, 0.000000000000000000 ) ) ;
#3926 = ORIENTED_EDGE ( 'NONE', *, *, #6527, .T. ) ;
#3927 = AXIS2_PLACEMENT_3D ( 'NONE', #2176, #2119, #249 ) ;
#3928 = FACE_OUTER_BOUND ( 'NONE', #3643, .T. ) ;
#3929 = DIRECTION ( 'NONE',  ( 0.000000000000000000, 1.000000000000000000, 0.000000000000000000 ) ) ;
#3930 = AXIS2_PLACEMENT_3D ( 'NONE', #9433, #5036, #3044 ) ;
#3931 = DIRECTION ( 'NONE',  ( 0.000000000000000000, 0.000000000000000000, 1.000000000000000000 ) ) ;
#3932 = CARTESIAN_POINT ( 'NONE',  ( 132.0000000000000000, -3.500000000000000000, 56.00000000000000711 ) ) ;
#3933 = DIRECTION ( 'NONE',  ( 0.000000000000000000, 1.000000000000000000, 0.000000000000000000 ) ) ;
#3934 = ORIENTED_EDGE ( 'NONE', *, *, #2346, .T. ) ;
#3935 = ORIENTED_EDGE ( 'NONE', *, *, #2378, .F. ) ;
#3936 = CIRCLE ( 'NONE', #10480, 1.000000000000000888 ) ;
#3937 = DIRECTION ( 'NONE',  ( 0.000000000000000000, 1.000000000000000000, 0.000000000000000000 ) ) ;
#3938 = DIRECTION ( 'NONE',  ( 0.000000000000000000, 1.000000000000000000, 0.000000000000000000 ) ) ;
#3939 = EDGE_CURVE ( 'NONE', #10177, #5376, #8400, .T. ) ;
#3940 = CARTESIAN_POINT ( 'NONE',  ( 94.00000000000153477, -3.500000000000000000, 35.99999999999690203 ) ) ;
#3941 = ORIENTED_EDGE ( 'NONE', *, *, #8316, .T. ) ;
#3942 = CYLINDRICAL_SURFACE ( 'NONE', #10853, 0.9999999999999974465 ) ;
#3943 = PLANE ( 'NONE',  #4190 ) ;
#3944 = VERTEX_POINT ( 'NONE', #11048 ) ;
#3945 = CARTESIAN_POINT ( 'NONE',  ( 34.01707195013521812, -3.500000000000000000, -58.99999999999948841 ) ) ;
#3946 = ORIENTED_EDGE ( 'NONE', *, *, #6907, .F. ) ;
#3947 = CARTESIAN_POINT ( 'NONE',  ( -33.00000000000000000, 2.500000000000000000, -52.64589803375029220 ) ) ;
#3948 = EDGE_CURVE ( 'NONE', #7511, #9705, #1185, .T. ) ;
#3949 = DIRECTION ( 'NONE',  ( 1.000000000000000000, 0.000000000000000000, 0.000000000000000000 ) ) ;
#3950 = ADVANCED_FACE ( 'NONE', ( #375 ), #11162, .T. ) ;
#3951 = VERTEX_POINT ( 'NONE', #3132 ) ;
#3952 = EDGE_CURVE ( 'NONE', #8669, #7505, #2137, .T. ) ;
#3953 = DIRECTION ( 'NONE',  ( 0.1327433628318585301, 0.000000000000000000, 0.9911504424778759814 ) ) ;
#3954 = ORIENTED_EDGE ( 'NONE', *, *, #10665, .T. ) ;
#3955 = AXIS2_PLACEMENT_3D ( 'NONE', #8384, #2227, #11031 ) ;
#3956 = DIRECTION ( 'NONE',  ( 1.000000000000000000, 0.000000000000000000, 0.000000000000000000 ) ) ;
#3957 = DIRECTION ( 'NONE',  ( 0.000000000000000000, 0.000000000000000000, 1.000000000000000000 ) ) ;
#3958 = VECTOR ( 'NONE', #10433, 1000.000000000000000 ) ;
#3959 = ORIENTED_EDGE ( 'NONE', *, *, #7726, .T. ) ;
#3960 = DIRECTION ( 'NONE',  ( 0.000000000000000000, 1.000000000000000000, 0.000000000000000000 ) ) ;
#3961 = CARTESIAN_POINT ( 'NONE',  ( 89.24999999999994316, 2.500000000000000000, 25.60000000009224408 ) ) ;
#3962 = CARTESIAN_POINT ( 'NONE',  ( 128.6458980337503135, 2.500000000000000000, 59.00000000000000000 ) ) ;
#3963 = ORIENTED_EDGE ( 'NONE', *, *, #10868, .F. ) ;
#3964 = ORIENTED_EDGE ( 'NONE', *, *, #1565, .F. ) ;
#3965 = DIRECTION ( 'NONE',  ( -1.000000000000000000, 0.000000000000000000, -1.321694076934709021E-15 ) ) ;
#3966 = VECTOR ( 'NONE', #6727, 1000.000000000000000 ) ;
#3967 = ADVANCED_FACE ( 'NONE', ( #9284 ), #8454, .T. ) ;
#3968 = CIRCLE ( 'NONE', #8265, 5.250000000000004441 ) ;
#3969 = ORIENTED_EDGE ( 'NONE', *, *, #4245, .T. ) ;
#3970 = EDGE_CURVE ( 'NONE', #6539, #2583, #8341, .T. ) ;
#3971 = DIRECTION ( 'NONE',  ( 0.000000000000000000, 1.000000000000000000, 0.000000000000000000 ) ) ;
#3972 = ORIENTED_EDGE ( 'NONE', *, *, #6888, .T. ) ;
#3973 = DIRECTION ( 'NONE',  ( 1.000000000000000000, 0.000000000000000000, 0.000000000000000000 ) ) ;
#3974 = VERTEX_POINT ( 'NONE', #1255 ) ;
#3975 = ADVANCED_FACE ( 'NONE', ( #6649 ), #3191, .F. ) ;
#3976 = LINE ( 'NONE', #11236, #2481 ) ;
#3977 = CARTESIAN_POINT ( 'NONE',  ( 40.87635952806320461, -3.500000000000000000, -31.26720385364662746 ) ) ;
#3978 = AXIS2_PLACEMENT_3D ( 'NONE', #6778, #1634, #8478 ) ;
#3979 = VERTEX_POINT ( 'NONE', #10226 ) ;
#3980 = CARTESIAN_POINT ( 'NONE',  ( 89.24999999999994316, 2.500000000000000000, 25.60000000009224408 ) ) ;
#3981 = ORIENTED_EDGE ( 'NONE', *, *, #2331, .T. ) ;
#3982 = FACE_BOUND ( 'NONE', #4930, .T. ) ;
#3983 = AXIS2_PLACEMENT_3D ( 'NONE', #701, #5345, #8908 ) ;
#3984 = VERTEX_POINT ( 'NONE', #9227 ) ;
#3985 = DIRECTION ( 'NONE',  ( -1.000000000000000000, 0.000000000000000000, -5.348730717595153893E-15 ) ) ;
#3986 = CARTESIAN_POINT ( 'NONE',  ( 126.2337187026645893, 2.500000000000000000, -58.99999999999999289 ) ) ;
#3987 = EDGE_CURVE ( 'NONE', #1789, #342, #2685, .T. ) ;
#3988 = VECTOR ( 'NONE', #1294, 1000.000000000000000 ) ;
#3989 = AXIS2_PLACEMENT_3D ( 'NONE', #484, #5885, #4722 ) ;
#3990 = ADVANCED_FACE ( 'NONE', ( #9345 ), #10113, .F. ) ;
#3991 = DIRECTION ( 'NONE',  ( 1.000000000000000000, 0.000000000000000000, 0.000000000000000000 ) ) ;
#3992 = FACE_OUTER_BOUND ( 'NONE', #5326, .T. ) ;
#3993 = ORIENTED_EDGE ( 'NONE', *, *, #11532, .T. ) ;
#3994 = ORIENTED_EDGE ( 'NONE', *, *, #1053, .T. ) ;
#3995 = DIRECTION ( 'NONE',  ( 0.6902962621009354205, 0.000000000000000000, -0.7235268277883527555 ) ) ;
#3996 = CARTESIAN_POINT ( 'NONE',  ( 126.0000000000015490, -3.500000000000000000, 35.99999999999688782 ) ) ;
#3997 = VECTOR ( 'NONE', #1850, 1000.000000000000000 ) ;
#3998 = AXIS2_PLACEMENT_3D ( 'NONE', #303, #10214, #9329 ) ;
#3999 = AXIS2_PLACEMENT_3D ( 'NONE', #1077, #6294, #7996 ) ;
#4000 = EDGE_CURVE ( 'NONE', #2559, #5160, #8283, .T. ) ;
#4001 = CARTESIAN_POINT ( 'NONE',  ( 36.48960135530299453, 2.500000000000000000, -60.00000000000000000 ) ) ;
#4003 = EDGE_CURVE ( 'NONE', #8803, #1305, #1205, .T. ) ;
#4002 = ORIENTED_EDGE ( 'NONE', *, *, #473, .T. ) ;
#4004 = FACE_OUTER_BOUND ( 'NONE', #6210, .T. ) ;
#4005 = CARTESIAN_POINT ( 'NONE',  ( 80.58567302514160247, 2.500000000000000000, 31.78411723411560175 ) ) ;
#4006 = ORIENTED_EDGE ( 'NONE', *, *, #1569, .F. ) ;
#4007 = AXIS2_PLACEMENT_3D ( 'NONE', #11159, #3839, #1363 ) ;
#4008 = AXIS2_PLACEMENT_3D ( 'NONE', #6515, #3830, #2118 ) ;
#4009 = CARTESIAN_POINT ( 'NONE',  ( -30.00000000000000355, -3.500000000000000000, -54.49999999999997868 ) ) ;
#4010 = ORIENTED_EDGE ( 'NONE', *, *, #10120, .T. ) ;
#4011 = DIRECTION ( 'NONE',  ( 0.2658170578869502587, 0.000000000000000000, -0.9640234912782601473 ) ) ;
#4012 = AXIS2_PLACEMENT_3D ( 'NONE', #4846, #10233, #2195 ) ;
#4013 = CARTESIAN_POINT ( 'NONE',  ( 92.50000000000022737, -3.500000000000000000, -7.500000000001714184 ) ) ;
#4014 = ORIENTED_EDGE ( 'NONE', *, *, #7274, .F. ) ;
#4015 = VECTOR ( 'NONE', #10632, 1000.000000000000000 ) ;
#4016 = AXIS2_PLACEMENT_3D ( 'NONE', #10904, #10143, #10415 ) ;
#4017 = DIRECTION ( 'NONE',  ( -0.2873478855662357501, 0.000000000000000000, -0.9578262852211841816 ) ) ;
#4018 = VERTEX_POINT ( 'NONE', #10637 ) ;
#4019 = VECTOR ( 'NONE', #7297, 1000.000000000000000 ) ;
#4020 = EDGE_CURVE ( 'NONE', #3852, #7511, #10514, .T. ) ;
#4021 = DIRECTION ( 'NONE',  ( 0.000000000000000000, 1.000000000000000000, 0.000000000000000000 ) ) ;
#4022 = DIRECTION ( 'NONE',  ( 0.000000000000000000, 0.000000000000000000, -1.000000000000000000 ) ) ;
#4023 = ORIENTED_EDGE ( 'NONE', *, *, #3872, .F. ) ;
#4024 = ADVANCED_FACE ( 'NONE', ( #7937 ), #3313, .T. ) ;
#4025 = DIRECTION ( 'NONE',  ( 0.000000000000000000, 1.000000000000000000, 0.000000000000000000 ) ) ;
#4026 = CARTESIAN_POINT ( 'NONE',  ( 84.26623043858612050, 2.500000000000000000, 27.92637936698945822 ) ) ;
#4027 = CARTESIAN_POINT ( 'NONE',  ( -28.70982142857141994, 2.500000000000000000, 21.50000000000000711 ) ) ;
#4028 = ORIENTED_EDGE ( 'NONE', *, *, #8436, .T. ) ;
#4029 = ORIENTED_EDGE ( 'NONE', *, *, #9041, .T. ) ;
#4030 = DIRECTION ( 'NONE',  ( 0.000000000000000000, 1.000000000000000000, 0.000000000000000000 ) ) ;
#4031 = AXIS2_PLACEMENT_3D ( 'NONE', #1483, #8752, #10397 ) ;
#4032 = ORIENTED_EDGE ( 'NONE', *, *, #11207, .F. ) ;
#4033 = CARTESIAN_POINT ( 'NONE',  ( 24.37500000000000355, -3.500000000000000000, 5.000000000000003553 ) ) ;
#4034 = VERTEX_POINT ( 'NONE', #10455 ) ;
#4035 = ORIENTED_EDGE ( 'NONE', *, *, #3172, .F. ) ;
#4036 = ORIENTED_EDGE ( 'NONE', *, *, #10547, .T. ) ;
#4037 = EDGE_CURVE ( 'NONE', #8889, #5895, #3809, .T. ) ;
#4038 = CIRCLE ( 'NONE', #9845, 1.000000000000000888 ) ;
#4039 = CARTESIAN_POINT ( 'NONE',  ( 67.50000000000052580, -3.500000000000000000, -60.00000000000000000 ) ) ;
#4040 = CARTESIAN_POINT ( 'NONE',  ( 40.75000000000054712, 2.500000000000000000, 57.99999999999944578 ) ) ;
#4041 = EDGE_LOOP ( 'NONE', ( #11105, #10587, #10019, #11046 ) ) ;
#4042 = CARTESIAN_POINT ( 'NONE',  ( 94.00000000000153477, 2.500000000000000000, 35.99999999999690203 ) ) ;
#4043 = EDGE_LOOP ( 'NONE', ( #7681, #10972, #226, #8023 ) ) ;
#4044 = DIRECTION ( 'NONE',  ( -0.9096161590088753801, 0.000000000000000000, 0.4154496880128091818 ) ) ;
#4045 = DIRECTION ( 'NONE',  ( 0.7928260876681227920, 0.000000000000000000, 0.6094479425782467485 ) ) ;
#4046 = CARTESIAN_POINT ( 'NONE',  ( 51.89728435666194883, -3.500000000000000000, 33.11422999001588607 ) ) ;
#4047 = ORIENTED_EDGE ( 'NONE', *, *, #2826, .F. ) ;
#4048 = LINE ( 'NONE', #6506, #3357 ) ;
#4049 = CARTESIAN_POINT ( 'NONE',  ( 80.99728228756691806, -3.500000000000000000, -32.75000000000000711 ) ) ;
#4050 = ORIENTED_EDGE ( 'NONE', *, *, #1814, .F. ) ;
#4051 = DIRECTION ( 'NONE',  ( 0.000000000000000000, 0.000000000000000000, 1.000000000000000000 ) ) ;
#4052 = VERTEX_POINT ( 'NONE', #4249 ) ;
#4053 = FACE_OUTER_BOUND ( 'NONE', #3602, .T. ) ;
#4054 = EDGE_CURVE ( 'NONE', #1435, #7283, #4184, .T. ) ;
#4055 = DIRECTION ( 'NONE',  ( 0.000000000000000000, 1.000000000000000000, 0.000000000000000000 ) ) ;
#4056 = EDGE_CURVE ( 'NONE', #10225, #9954, #8571, .T. ) ;
#4057 = FACE_OUTER_BOUND ( 'NONE', #1610, .T. ) ;
#4058 = ADVANCED_BREP_SHAPE_REPRESENTATION ( 'chassis_Polycarbonate_6mm thickness_qty1pc', ( #5448, #5695 ), #1374 ) ;
#4059 = ORIENTED_EDGE ( 'NONE', *, *, #11595, .T. ) ;
#4060 = LINE ( 'NONE', #8269, #4119 ) ;
#4061 = CARTESIAN_POINT ( 'NONE',  ( 67.50000000000052580, 2.500000000000000000, -60.00000000000000000 ) ) ;
#4062 = ORIENTED_EDGE ( 'NONE', *, *, #8448, .T. ) ;
#4063 = DIRECTION ( 'NONE',  ( 0.000000000000000000, 1.000000000000000000, 0.000000000000000000 ) ) ;
#4064 = ORIENTED_EDGE ( 'NONE', *, *, #6747, .F. ) ;
#4065 = DIRECTION ( 'NONE',  ( 7.692556537664882126E-15, -0.000000000000000000, 1.000000000000000000 ) ) ;
#4066 = EDGE_CURVE ( 'NONE', #516, #3803, #1361, .T. ) ;
#4067 = CIRCLE ( 'NONE', #2573, 5.500000000000001776 ) ;
#4068 = LINE ( 'NONE', #3075, #4205 ) ;
#4069 = CIRCLE ( 'NONE', #7619, 2.000000000000003109 ) ;
#4070 = EDGE_CURVE ( 'NONE', #5908, #10595, #3439, .T. ) ;
#4071 = ORIENTED_EDGE ( 'NONE', *, *, #10277, .F. ) ;
#4072 = CARTESIAN_POINT ( 'NONE',  ( 92.50000000000022737, -3.500000000000000000, 9.000000000001710632 ) ) ;
#4073 = CARTESIAN_POINT ( 'NONE',  ( 135.0000000000000000, 2.500000000000000000, -52.64589803375033483 ) ) ;
#4074 = ORIENTED_EDGE ( 'NONE', *, *, #11187, .F. ) ;
#4075 = AXIS2_PLACEMENT_3D ( 'NONE', #9281, #2903, #4011 ) ;
#4076 = DIRECTION ( 'NONE',  ( -0.8107149800759007041, 0.000000000000000000, -0.5854410483392260556 ) ) ;
#4077 = FACE_OUTER_BOUND ( 'NONE', #10829, .T. ) ;
#4078 = ORIENTED_EDGE ( 'NONE', *, *, #7919, .T. ) ;
#4079 = VECTOR ( 'NONE', #8186, 999.9999999999998863 ) ;
#4080 = CARTESIAN_POINT ( 'NONE',  ( 56.74999999999997868, -3.500000000000000000, 25.60000000009224053 ) ) ;
#4081 = LINE ( 'NONE', #8523, #9438 ) ;
#4082 = DIRECTION ( 'NONE',  ( -0.000000000000000000, 1.000000000000000000, -0.000000000000000000 ) ) ;
#4083 = LINE ( 'NONE', #2970, #4095 ) ;
#4084 = ORIENTED_EDGE ( 'NONE', *, *, #56, .T. ) ;
#4085 = ORIENTED_EDGE ( 'NONE', *, *, #7498, .F. ) ;
#4086 = FACE_OUTER_BOUND ( 'NONE', #6005, .T. ) ;
#4087 = AXIS2_PLACEMENT_3D ( 'NONE', #4919, #2266, #5738 ) ;
#4088 = ORIENTED_EDGE ( 'NONE', *, *, #4452, .F. ) ;
#4089 = EDGE_CURVE ( 'NONE', #11038, #2683, #3255, .T. ) ;
#4090 = DIRECTION ( 'NONE',  ( 0.000000000000000000, 0.000000000000000000, 1.000000000000000000 ) ) ;
#4091 = ORIENTED_EDGE ( 'NONE', *, *, #5815, .F. ) ;
#4092 = CARTESIAN_POINT ( 'NONE',  ( 125.5000000000002274, -3.500000000000000000, -7.500000000001957545 ) ) ;
#4093 = EDGE_LOOP ( 'NONE', ( #4862, #3768, #11001, #2939 ) ) ;
#4094 = DIRECTION ( 'NONE',  ( 0.000000000000000000, 1.000000000000000000, 0.000000000000000000 ) ) ;
#4095 = VECTOR ( 'NONE', #8293, 1000.000000000000000 ) ;
#4096 = DIRECTION ( 'NONE',  ( 0.000000000000000000, 1.000000000000000000, 0.000000000000000000 ) ) ;
#4097 = FACE_OUTER_BOUND ( 'NONE', #10956, .T. ) ;
#4098 = ORIENTED_EDGE ( 'NONE', *, *, #11245, .F. ) ;
#4099 = VECTOR ( 'NONE', #5888, 1000.000000000000227 ) ;
#4100 = EDGE_CURVE ( 'NONE', #7884, #10051, #7759, .T. ) ;
#4101 = DIRECTION ( 'NONE',  ( 0.000000000000000000, 1.000000000000000000, 0.000000000000000000 ) ) ;
#4102 = EDGE_CURVE ( 'NONE', #2740, #6827, #10581, .T. ) ;
#4103 = CARTESIAN_POINT ( 'NONE',  ( -28.70982142857141994, -3.500000000000000000, 20.00000000000000711 ) ) ;
#4104 = CARTESIAN_POINT ( 'NONE',  ( 133.0000000000000000, -3.500000000000000000, 56.99999999999999289 ) ) ;
#4105 = EDGE_LOOP ( 'NONE', ( #154, #1222, #1698, #8020 ) ) ;
#4106 = DIRECTION ( 'NONE',  ( 0.000000000000000000, 1.000000000000000000, 0.000000000000000000 ) ) ;
#4107 = CARTESIAN_POINT ( 'NONE',  ( 88.92248353675768158, -3.500000000000000000, -37.33466346525224822 ) ) ;
#4108 = ORIENTED_EDGE ( 'NONE', *, *, #5093, .F. ) ;
#4109 = CARTESIAN_POINT ( 'NONE',  ( 126.0000000000015490, -3.500000000000000000, -34.74999999999688072 ) ) ;
#4110 = ORIENTED_EDGE ( 'NONE', *, *, #1811, .F. ) ;
#4111 = CARTESIAN_POINT ( 'NONE',  ( 89.24999999999994316, 2.500000000000000000, 25.60000000009224408 ) ) ;
#4112 = CARTESIAN_POINT ( 'NONE',  ( 21.49999999999999645, -3.500000000000000000, 10.26634360823522485 ) ) ;
#4113 = CIRCLE ( 'NONE', #5614, 5.250000000000004441 ) ;
#4114 = VECTOR ( 'NONE', #8602, 1000.000000000000000 ) ;
#4115 = CARTESIAN_POINT ( 'NONE',  ( 129.2995191861324429, 2.500000000000000000, -30.69192378159589296 ) ) ;
#4116 = ORIENTED_EDGE ( 'NONE', *, *, #9000, .F. ) ;
#4117 = DIRECTION ( 'NONE',  ( 0.000000000000000000, 1.000000000000000000, 0.000000000000000000 ) ) ;
#4118 = DIRECTION ( 'NONE',  ( 0.000000000000000000, 1.000000000000000000, 0.000000000000000000 ) ) ;
#4119 = VECTOR ( 'NONE', #10216, 1000.000000000000000 ) ;
#4120 = ORIENTED_EDGE ( 'NONE', *, *, #332, .F. ) ;
#4121 = EDGE_CURVE ( 'NONE', #1280, #9081, #5064, .T. ) ;
#4122 = DIRECTION ( 'NONE',  ( 0.000000000000000000, 1.000000000000000000, 0.000000000000000000 ) ) ;
#4123 = VERTEX_POINT ( 'NONE', #9639 ) ;
#4124 = CARTESIAN_POINT ( 'NONE',  ( 2.000000000000007105, -3.500000000000000000, 52.00000000000000000 ) ) ;
#4125 = CARTESIAN_POINT ( 'NONE',  ( 22.37500000000000711, -3.500000000000000000, -12.00000000000000533 ) ) ;
#4126 = ORIENTED_EDGE ( 'NONE', *, *, #9096, .F. ) ;
#4127 = CARTESIAN_POINT ( 'NONE',  ( 22.37500000000000711, 2.500000000000000000, -12.00000000000000533 ) ) ;
#4128 = DIRECTION ( 'NONE',  ( 0.4154496880128091263, 0.000000000000000000, 0.9096161590088752691 ) ) ;
#4129 = ORIENTED_EDGE ( 'NONE', *, *, #5178, .F. ) ;
#4130 = EDGE_CURVE ( 'NONE', #4910, #10609, #5005, .T. ) ;
#4131 = DIRECTION ( 'NONE',  ( 0.000000000000000000, 0.000000000000000000, 1.000000000000000000 ) ) ;
#4132 = CARTESIAN_POINT ( 'NONE',  ( -26.37499999999999645, 2.500000000000000000, -13.79999999999997939 ) ) ;
#4133 = ORIENTED_EDGE ( 'NONE', *, *, #5371, .T. ) ;
#4134 = EDGE_CURVE ( 'NONE', #8533, #9019, #11274, .T. ) ;
#4135 = DIRECTION ( 'NONE',  ( 0.000000000000000000, 1.000000000000000000, 0.000000000000000000 ) ) ;
#4136 = DIRECTION ( 'NONE',  ( 0.000000000000000000, 0.000000000000000000, 1.000000000000000000 ) ) ;
#4137 = DIRECTION ( 'NONE',  ( 0.05547001962248444829, 0.000000000000000000, -0.9984603532054145969 ) ) ;
#4138 = CARTESIAN_POINT ( 'NONE',  ( 128.6121276115077592, -3.500000000000000000, 51.66729637763075544 ) ) ;
#4139 = VERTEX_POINT ( 'NONE', #8753 ) ;
#4140 = ORIENTED_EDGE ( 'NONE', *, *, #10836, .F. ) ;
#4141 = DIRECTION ( 'NONE',  ( 0.000000000000000000, 0.000000000000000000, 1.000000000000000000 ) ) ;
#4142 = ORIENTED_EDGE ( 'NONE', *, *, #486, .T. ) ;
#4143 = CIRCLE ( 'NONE', #6383, 5.500000000000001776 ) ;
#4144 = CARTESIAN_POINT ( 'NONE',  ( 92.50000000000022737, 2.500000000000000000, -9.000000000001710632 ) ) ;
#4145 = VERTEX_POINT ( 'NONE', #7815 ) ;
#4146 = LINE ( 'NONE', #235, #3270 ) ;
#4147 = DIRECTION ( 'NONE',  ( 0.000000000000000000, 0.000000000000000000, 1.000000000000000000 ) ) ;
#4148 = VERTEX_POINT ( 'NONE', #4370 ) ;
#4149 = EDGE_CURVE ( 'NONE', #11216, #3753, #9801, .T. ) ;
#4150 = DIRECTION ( 'NONE',  ( 1.000000000000000000, 0.000000000000000000, -7.692556537664882126E-15 ) ) ;
#4151 = CARTESIAN_POINT ( 'NONE',  ( 75.78127226243331904, -3.500000000000000000, -59.70588235294136581 ) ) ;
#4152 = FACE_BOUND ( 'NONE', #3267, .T. ) ;
#4153 = VECTOR ( 'NONE', #8154, 1000.000000000000000 ) ;
#4154 = ORIENTED_EDGE ( 'NONE', *, *, #5545, .F. ) ;
#4155 = VECTOR ( 'NONE', #518, 1000.000000000000000 ) ;
#4156 = LINE ( 'NONE', #7721, #8268 ) ;
#4157 = DIRECTION ( 'NONE',  ( 0.000000000000000000, 0.000000000000000000, 1.000000000000000000 ) ) ;
#4158 = DIRECTION ( 'NONE',  ( 0.000000000000000000, -1.000000000000000000, 0.000000000000000000 ) ) ;
#4159 = AXIS2_PLACEMENT_3D ( 'NONE', #6856, #5110, #652 ) ;
#4160 = ORIENTED_EDGE ( 'NONE', *, *, #1975, .F. ) ;
#4161 = AXIS2_PLACEMENT_3D ( 'NONE', #1507, #5087, #2446 ) ;
#4162 = ADVANCED_FACE ( 'NONE', ( #11399 ), #11461, .F. ) ;
#4163 = DIRECTION ( 'NONE',  ( 0.000000000000000000, 0.000000000000000000, -1.000000000000000000 ) ) ;
#4164 = CARTESIAN_POINT ( 'NONE',  ( 61.50903828375253113, 2.500000000000000000, -29.42119806009614535 ) ) ;
#4165 = EDGE_LOOP ( 'NONE', ( #2603, #4934 ) ) ;
#4166 = CARTESIAN_POINT ( 'NONE',  ( 44.98292804986584770, -3.500000000000000000, -53.99999999999941735 ) ) ;
#4167 = EDGE_CURVE ( 'NONE', #6522, #4052, #2503, .T. ) ;
#4168 = ORIENTED_EDGE ( 'NONE', *, *, #8893, .T. ) ;
#4169 = DIRECTION ( 'NONE',  ( 0.000000000000000000, 1.000000000000000000, 0.000000000000000000 ) ) ;
#4170 = AXIS2_PLACEMENT_3D ( 'NONE', #2574, #8069, #930 ) ;
#4171 = DIRECTION ( 'NONE',  ( -0.000000000000000000, -1.000000000000000000, -0.000000000000000000 ) ) ;
#4172 = VECTOR ( 'NONE', #8106, 1000.000000000000000 ) ;
#4173 = AXIS2_PLACEMENT_3D ( 'NONE', #10586, #4196, #2427 ) ;
#4174 = LINE ( 'NONE', #11447, #4389 ) ;
#4175 = ORIENTED_EDGE ( 'NONE', *, *, #11553, .F. ) ;
#4176 = CARTESIAN_POINT ( 'NONE',  ( 83.47978033629502193, 2.500000000000000000, -34.54530228251934432 ) ) ;
#4177 = CARTESIAN_POINT ( 'NONE',  ( 124.2723375339472227, -3.500000000000000000, 31.04241163433085759 ) ) ;
#4178 = ORIENTED_EDGE ( 'NONE', *, *, #8603, .F. ) ;
#4179 = ADVANCED_FACE ( 'NONE', ( #2602 ), #9459, .T. ) ;
#4180 = CARTESIAN_POINT ( 'NONE',  ( 26.37500000000000355, 2.500000000000000000, -14.00000000000000533 ) ) ;
#4181 = ORIENTED_EDGE ( 'NONE', *, *, #1324, .T. ) ;
#4182 = LINE ( 'NONE', #10505, #2390 ) ;
#4183 = CIRCLE ( 'NONE', #10913, 1.499999999999997780 ) ;
#4184 = CIRCLE ( 'NONE', #7921, 5.250000000000004441 ) ;
#4185 = EDGE_CURVE ( 'NONE', #6985, #11069, #4749, .T. ) ;
#4186 = DIRECTION ( 'NONE',  ( 0.000000000000000000, 0.000000000000000000, -1.000000000000000000 ) ) ;
#4187 = CIRCLE ( 'NONE', #245, 5.500000000000005329 ) ;
#4188 = ORIENTED_EDGE ( 'NONE', *, *, #6661, .T. ) ;
#4189 = CYLINDRICAL_SURFACE ( 'NONE', #5529, 1.499999999999997780 ) ;
#4190 = AXIS2_PLACEMENT_3D ( 'NONE', #4061, #8441, #2294 ) ;
#4191 = AXIS2_PLACEMENT_3D ( 'NONE', #11375, #11505, #7035 ) ;
#4192 = CARTESIAN_POINT ( 'NONE',  ( 88.05394221400148069, -3.500000000000000000, 27.79532361463138912 ) ) ;
#4193 = ORIENTED_EDGE ( 'NONE', *, *, #1385, .T. ) ;
#4194 = AXIS2_PLACEMENT_3D ( 'NONE', #5143, #7951, #7829 ) ;
#4195 = CARTESIAN_POINT ( 'NONE',  ( 82.51039864469777285, -3.500000000000000000, -59.00000000000000000 ) ) ;
#4196 = DIRECTION ( 'NONE',  ( 0.000000000000000000, 1.000000000000000000, 0.000000000000000000 ) ) ;
#4197 = ORIENTED_EDGE ( 'NONE', *, *, #7214, .T. ) ;
#4198 = DIRECTION ( 'NONE',  ( -0.000000000000000000, -1.000000000000000000, -0.000000000000000000 ) ) ;
#4199 = FACE_OUTER_BOUND ( 'NONE', #10236, .T. ) ;
#4200 = DIRECTION ( 'NONE',  ( -0.000000000000000000, 1.000000000000000000, -0.000000000000000000 ) ) ;
#4201 = DIRECTION ( 'NONE',  ( 0.000000000000000000, 1.000000000000000000, 0.000000000000000000 ) ) ;
#4202 = ORIENTED_EDGE ( 'NONE', *, *, #10395, .T. ) ;
#4203 = VERTEX_POINT ( 'NONE', #1951 ) ;
#4204 = CARTESIAN_POINT ( 'NONE',  ( 92.50000000000022737, 2.500000000000000000, 9.000000000001710632 ) ) ;
#4205 = VECTOR ( 'NONE', #9341, 1000.000000000000000 ) ;
#4206 = CIRCLE ( 'NONE', #4016, 1.499999999999994449 ) ;
#4207 = EDGE_CURVE ( 'NONE', #2260, #11298, #4594, .T. ) ;
#4208 = EDGE_LOOP ( 'NONE', ( #340, #178, #3367, #6327 ) ) ;
#4209 = AXIS2_PLACEMENT_3D ( 'NONE', #8292, #830, #10062 ) ;
#4210 = EDGE_CURVE ( 'NONE', #2424, #1982, #4927, .T. ) ;
#4211 = CARTESIAN_POINT ( 'NONE',  ( 78.60598772863293959, -3.500000000000000000, 39.86531035049824112 ) ) ;
#4212 = ORIENTED_EDGE ( 'NONE', *, *, #9427, .F. ) ;
#4213 = CARTESIAN_POINT ( 'NONE',  ( 38.86226143540571343, -3.500000000000000000, 50.78887828550951156 ) ) ;
#4214 = DIRECTION ( 'NONE',  ( 0.000000000000000000, 1.000000000000000000, 0.000000000000000000 ) ) ;
#4215 = ORIENTED_EDGE ( 'NONE', *, *, #4274, .T. ) ;
#4216 = DIRECTION ( 'NONE',  ( 0.000000000000000000, 0.000000000000000000, 1.000000000000000000 ) ) ;
#4217 = LINE ( 'NONE', #5964, #10337 ) ;
#4218 = DIRECTION ( 'NONE',  ( 0.000000000000000000, 0.000000000000000000, 1.000000000000000000 ) ) ;
#4219 = CIRCLE ( 'NONE', #5352, 1.250000000000001110 ) ;
#4220 = EDGE_LOOP ( 'NONE', ( #6706, #5740, #11063, #728, #1522, #11261, #682, #6726, #6565, #4142, #418 ) ) ;
#4221 = EDGE_CURVE ( 'NONE', #2243, #8639, #1370, .T. ) ;
#4222 = DIRECTION ( 'NONE',  ( -0.000000000000000000, 1.000000000000000000, -0.000000000000000000 ) ) ;
#4223 = EDGE_CURVE ( 'NONE', #6183, #1810, #71, .T. ) ;
#4224 = DIRECTION ( 'NONE',  ( 0.000000000000000000, 1.000000000000000000, 0.000000000000000000 ) ) ;
#4225 = PLANE ( 'NONE',  #9328 ) ;
#4226 = ORIENTED_EDGE ( 'NONE', *, *, #10833, .F. ) ;
#4227 = CARTESIAN_POINT ( 'NONE',  ( 129.7639060424576769, -3.500000000000000000, -14.01245742435226482 ) ) ;
#4228 = CARTESIAN_POINT ( 'NONE',  ( -24.37499999999999645, -3.500000000000000000, -5.000000000000003553 ) ) ;
#4229 = CARTESIAN_POINT ( 'NONE',  ( 88.27166405808897309, -3.500000000000000000, 20.18771224122675889 ) ) ;
#4230 = ORIENTED_EDGE ( 'NONE', *, *, #3328, .T. ) ;
#4231 = LINE ( 'NONE', #10557, #8250 ) ;
#4232 = ORIENTED_EDGE ( 'NONE', *, *, #6132, .F. ) ;
#4233 = DIRECTION ( 'NONE',  ( 0.000000000000000000, 1.000000000000000000, 0.000000000000000000 ) ) ;
#4234 = CARTESIAN_POINT ( 'NONE',  ( -24.37499999999999645, 2.500000000000000000, -16.00000000000000711 ) ) ;
#4235 = EDGE_CURVE ( 'NONE', #2123, #1515, #3069, .T. ) ;
#4236 = CARTESIAN_POINT ( 'NONE',  ( 130.0384615384617746, -3.500000000000000000, 4.120838902256624081 ) ) ;
#4237 = ORIENTED_EDGE ( 'NONE', *, *, #6561, .F. ) ;
#4238 = DIRECTION ( 'NONE',  ( 0.000000000000000000, 1.000000000000000000, 0.000000000000000000 ) ) ;
#4239 = DIRECTION ( 'NONE',  ( 0.000000000000000000, 1.000000000000000000, 0.000000000000000000 ) ) ;
#4240 = ORIENTED_EDGE ( 'NONE', *, *, #3295, .T. ) ;
#4241 = CARTESIAN_POINT ( 'NONE',  ( 91.69240685003698843, -3.500000000000000000, -26.13352486258014906 ) ) ;
#4242 = VERTEX_POINT ( 'NONE', #186 ) ;
#4243 = DIRECTION ( 'NONE',  ( -0.000000000000000000, -1.000000000000000000, -0.000000000000000000 ) ) ;
#4244 = CARTESIAN_POINT ( 'NONE',  ( 126.8765246170202374, -3.500000000000000000, -53.99999999999998579 ) ) ;
#4245 = EDGE_CURVE ( 'NONE', #749, #5862, #6621, .T. ) ;
#4246 = ORIENTED_EDGE ( 'NONE', *, *, #13, .T. ) ;
#4247 = EDGE_CURVE ( 'NONE', #7947, #3449, #8155, .T. ) ;
#4248 = DIRECTION ( 'NONE',  ( 0.000000000000000000, 1.000000000000000000, 0.000000000000000000 ) ) ;
#4249 = CARTESIAN_POINT ( 'NONE',  ( 7.123475382979925996, 2.500000000000000000, -53.99999999999969447 ) ) ;
#4250 = VERTEX_POINT ( 'NONE', #3601 ) ;
#4251 = DIRECTION ( 'NONE',  ( 0.000000000000000000, 1.000000000000000000, 0.000000000000000000 ) ) ;
#4252 = LINE ( 'NONE', #3497, #6039 ) ;
#4253 = ORIENTED_EDGE ( 'NONE', *, *, #7087, .T. ) ;
#4254 = DIRECTION ( 'NONE',  ( 1.000000000000000000, 0.000000000000000000, 0.000000000000000000 ) ) ;
#4255 = FACE_OUTER_BOUND ( 'NONE', #11029, .T. ) ;
#4256 = DIRECTION ( 'NONE',  ( 0.000000000000000000, 1.000000000000000000, 0.000000000000000000 ) ) ;
#4257 = VERTEX_POINT ( 'NONE', #10692 ) ;
#4258 = CIRCLE ( 'NONE', #3321, 1.000000000000000888 ) ;
#4259 = DIRECTION ( 'NONE',  ( 0.000000000000000000, 1.000000000000000000, 0.000000000000000000 ) ) ;
#4260 = VERTEX_POINT ( 'NONE', #5533 ) ;
#4261 = ORIENTED_EDGE ( 'NONE', *, *, #4288, .F. ) ;
#4262 = DIRECTION ( 'NONE',  ( 0.000000000000000000, 0.000000000000000000, 1.000000000000000000 ) ) ;
#4263 = ORIENTED_EDGE ( 'NONE', *, *, #9172, .T. ) ;
#4264 = CIRCLE ( 'NONE', #1824, 1.250000000000001110 ) ;
#4265 = DIRECTION ( 'NONE',  ( 0.000000000000000000, 0.000000000000000000, -1.000000000000000000 ) ) ;
#4266 = VERTEX_POINT ( 'NONE', #8874 ) ;
#4267 = AXIS2_PLACEMENT_3D ( 'NONE', #5618, #7418, #9184 ) ;
#4268 = CARTESIAN_POINT ( 'NONE',  ( 84.98292804986539295, 2.500000000000000000, -58.99999999999999289 ) ) ;
#4269 = CARTESIAN_POINT ( 'NONE',  ( -29.27397948556635754, 2.500000000000000000, 0.000000000000000000 ) ) ;
#4270 = ORIENTED_EDGE ( 'NONE', *, *, #4433, .T. ) ;
#4271 = DIRECTION ( 'NONE',  ( 0.000000000000000000, 1.000000000000000000, 0.000000000000000000 ) ) ;
#4272 = DIRECTION ( 'NONE',  ( 0.05547001962248444135, 0.000000000000000000, -0.9984603532054145969 ) ) ;
#4273 = FACE_BOUND ( 'NONE', #914, .T. ) ;
#4274 = EDGE_CURVE ( 'NONE', #768, #10407, #6179, .T. ) ;
#4275 = AXIS2_PLACEMENT_3D ( 'NONE', #5370, #8936, #8278 ) ;
#4276 = VERTEX_POINT ( 'NONE', #8983 ) ;
#4277 = CARTESIAN_POINT ( 'NONE',  ( 129.5000000000002274, -3.500000000000000000, -3.233718702666561029 ) ) ;
#4278 = DIRECTION ( 'NONE',  ( 1.000000000000000000, 0.000000000000000000, 0.000000000000000000 ) ) ;
#4279 = DIRECTION ( 'NONE',  ( 1.000000000000000000, 0.000000000000000000, 0.000000000000000000 ) ) ;
#4280 = AXIS2_PLACEMENT_3D ( 'NONE', #9843, #35, #1914 ) ;
#4281 = VERTEX_POINT ( 'NONE', #5306 ) ;
#4282 = EDGE_CURVE ( 'NONE', #6261, #2171, #827, .T. ) ;
#4283 = CARTESIAN_POINT ( 'NONE',  ( 26.37500000000000355, -3.500000000000000000, 16.00000000000000711 ) ) ;
#4284 = CARTESIAN_POINT ( 'NONE',  ( 84.26623043858612050, -3.500000000000000000, 27.92637936698945822 ) ) ;
#4285 = DIRECTION ( 'NONE',  ( -0.000000000000000000, -1.000000000000000000, -0.000000000000000000 ) ) ;
#4286 = ORIENTED_EDGE ( 'NONE', *, *, #10836, .T. ) ;
#4287 = LINE ( 'NONE', #7914, #6759 ) ;
#4288 = EDGE_CURVE ( 'NONE', #6885, #6388, #4571, .T. ) ;
#4289 = VERTEX_POINT ( 'NONE', #2717 ) ;
#4290 = EDGE_LOOP ( 'NONE', ( #8152, #6658, #2308, #330 ) ) ;
#4291 = DIRECTION ( 'NONE',  ( 0.000000000000000000, 0.000000000000000000, 1.000000000000000000 ) ) ;
#4292 = FACE_OUTER_BOUND ( 'NONE', #8624, .T. ) ;
#4293 = VECTOR ( 'NONE', #10144, 1000.000000000000000 ) ;
#4294 = VECTOR ( 'NONE', #6652, 1000.000000000000114 ) ;
#4295 = FACE_OUTER_BOUND ( 'NONE', #9527, .T. ) ;
#4296 = ORIENTED_EDGE ( 'NONE', *, *, #10410, .F. ) ;
#4297 = DIRECTION ( 'NONE',  ( -0.000000000000000000, 1.000000000000000000, -0.000000000000000000 ) ) ;
#4298 = CARTESIAN_POINT ( 'NONE',  ( -28.50000000000001421, -3.500000000000000000, -53.99999999999996447 ) ) ;
#4299 = ORIENTED_EDGE ( 'NONE', *, *, #5545, .T. ) ;
#4300 = ORIENTED_EDGE ( 'NONE', *, *, #9840, .T. ) ;
#4301 = CIRCLE ( 'NONE', #8399, 1.500000000000001332 ) ;
#4302 = DIRECTION ( 'NONE',  ( 0.000000000000000000, 1.000000000000000000, 0.000000000000000000 ) ) ;
#4303 = ADVANCED_FACE ( 'NONE', ( #6341 ), #9097, .T. ) ;
#4304 = LINE ( 'NONE', #537, #1583 ) ;
#4305 = ORIENTED_EDGE ( 'NONE', *, *, #9358, .T. ) ;
#4306 = VECTOR ( 'NONE', #10058, 1000.000000000000000 ) ;
#4307 = LINE ( 'NONE', #11213, #10021 ) ;
#4308 = CIRCLE ( 'NONE', #7290, 5.499999999999998224 ) ;
#4309 = DIRECTION ( 'NONE',  ( 0.000000000000000000, 1.000000000000000000, 0.000000000000000000 ) ) ;
#4310 = VERTEX_POINT ( 'NONE', #3713 ) ;
#4311 = DIRECTION ( 'NONE',  ( 0.000000000000000000, 1.000000000000000000, 0.000000000000000000 ) ) ;
#4312 = CARTESIAN_POINT ( 'NONE',  ( 133.4846307420930600, 2.500000000000000000, 53.98856480103576416 ) ) ;
#4313 = ORIENTED_EDGE ( 'NONE', *, *, #6380, .T. ) ;
#4314 = LINE ( 'NONE', #608, #3073 ) ;
#4315 = CARTESIAN_POINT ( 'NONE',  ( 56.74999999999997868, -3.500000000000000000, -25.60000000009224763 ) ) ;
#4316 = CARTESIAN_POINT ( 'NONE',  ( 126.2337187026645893, 2.500000000000000000, 57.99999999999998579 ) ) ;
#4317 = ADVANCED_FACE ( 'NONE', ( #9039 ), #956, .T. ) ;
#4318 = ORIENTED_EDGE ( 'NONE', *, *, #7900, .T. ) ;
#4319 = LINE ( 'NONE', #9105, #4822 ) ;
#4320 = EDGE_CURVE ( 'NONE', #6885, #10841, #4428, .T. ) ;
#4321 = EDGE_LOOP ( 'NONE', ( #505, #469, #735, #6133 ) ) ;
#4322 = ORIENTED_EDGE ( 'NONE', *, *, #5900, .T. ) ;
#4323 = LINE ( 'NONE', #9587, #9813 ) ;
#4324 = ORIENTED_EDGE ( 'NONE', *, *, #11427, .F. ) ;
#4325 = DIRECTION ( 'NONE',  ( 0.000000000000000000, 1.000000000000000000, 0.000000000000000000 ) ) ;
#4326 = ORIENTED_EDGE ( 'NONE', *, *, #902, .T. ) ;
#4327 = CARTESIAN_POINT ( 'NONE',  ( 41.76031830491573515, 2.500000000000000000, 55.32660475167552505 ) ) ;
#4328 = LINE ( 'NONE', #7893, #179 ) ;
#4329 = EDGE_LOOP ( 'NONE', ( #9879, #4903, #3084, #8351 ) ) ;
#4330 = CARTESIAN_POINT ( 'NONE',  ( 89.24999999999995737, -3.500000000000000000, -25.60000000009247145 ) ) ;
#4331 = DIRECTION ( 'NONE',  ( 1.000000000000000000, 0.000000000000000000, 0.000000000000000000 ) ) ;
#4332 = FACE_BOUND ( 'NONE', #8277, .T. ) ;
#4333 = ADVANCED_FACE ( 'NONE', ( #11578 ), #9817, .F. ) ;
#4334 = ORIENTED_EDGE ( 'NONE', *, *, #7417, .T. ) ;
#4335 = ADVANCED_FACE ( 'NONE', ( #900 ), #8046, .F. ) ;
#4336 = LINE ( 'NONE', #1865, #10335 ) ;
#4337 = CYLINDRICAL_SURFACE ( 'NONE', #1224, 3.000000000000002665 ) ;
#4338 = DIRECTION ( 'NONE',  ( 0.000000000000000000, 1.000000000000000000, 0.000000000000000000 ) ) ;
#4339 = EDGE_CURVE ( 'NONE', #2158, #10167, #8331, .T. ) ;
#4340 = ORIENTED_EDGE ( 'NONE', *, *, #3142, .F. ) ;
#4341 = CIRCLE ( 'NONE', #573, 5.250000000000004441 ) ;
#4342 = DIRECTION ( 'NONE',  ( -0.000000000000000000, 1.000000000000000000, -0.000000000000000000 ) ) ;
#4343 = DIRECTION ( 'NONE',  ( 0.000000000000000000, 1.000000000000000000, 0.000000000000000000 ) ) ;
#4344 = DIRECTION ( 'NONE',  ( 1.000000000000000000, 0.000000000000000000, 0.000000000000000000 ) ) ;
#4345 = CIRCLE ( 'NONE', #1713, 1.499999999999994449 ) ;
#4346 = ORIENTED_EDGE ( 'NONE', *, *, #3810, .F. ) ;
#4347 = DIRECTION ( 'NONE',  ( 0.000000000000000000, 1.000000000000000000, 0.000000000000000000 ) ) ;
#4348 = ORIENTED_EDGE ( 'NONE', *, *, #547, .F. ) ;
#4349 = LINE ( 'NONE', #7301, #1755 ) ;
#4350 = CARTESIAN_POINT ( 'NONE',  ( 56.74999999999997868, -3.500000000000000000, 25.60000000009224053 ) ) ;
#4351 = CIRCLE ( 'NONE', #3222, 5.250000000000004441 ) ;
#4352 = EDGE_CURVE ( 'NONE', #6473, #8901, #1131, .T. ) ;
#4353 = CIRCLE ( 'NONE', #2840, 1.000000000000000000 ) ;
#4354 = VECTOR ( 'NONE', #5841, 1000.000000000000000 ) ;
#4355 = EDGE_CURVE ( 'NONE', #5727, #2367, #2310, .T. ) ;
#4356 = DIRECTION ( 'NONE',  ( -0.000000000000000000, -1.000000000000000000, -0.000000000000000000 ) ) ;
#4357 = VERTEX_POINT ( 'NONE', #3061 ) ;
#4358 = LINE ( 'NONE', #7803, #10840 ) ;
#4359 = PLANE ( 'NONE',  #2511 ) ;
#4360 = ORIENTED_EDGE ( 'NONE', *, *, #2095, .T. ) ;
#4361 = EDGE_LOOP ( 'NONE', ( #3687, #4710 ) ) ;
#4362 = VECTOR ( 'NONE', #2264, 999.9999999999998863 ) ;
#4363 = DIRECTION ( 'NONE',  ( 0.000000000000000000, 1.000000000000000000, 0.000000000000000000 ) ) ;
#4364 = VECTOR ( 'NONE', #3606, 1000.000000000000000 ) ;
#4365 = DIRECTION ( 'NONE',  ( 1.000000000000000000, 0.000000000000000000, -7.216449660063522246E-15 ) ) ;
#4366 = ADVANCED_FACE ( 'NONE', ( #10265 ), #8504, .T. ) ;
#4367 = VERTEX_POINT ( 'NONE', #11034 ) ;
#4368 = AXIS2_PLACEMENT_3D ( 'NONE', #2263, #5844, #3034 ) ;
#4369 = EDGE_CURVE ( 'NONE', #6663, #10502, #3640, .T. ) ;
#4370 = CARTESIAN_POINT ( 'NONE',  ( 80.99728228756691806, -3.500000000000000000, -35.75000000000000000 ) ) ;
#4371 = ORIENTED_EDGE ( 'NONE', *, *, #2219, .F. ) ;
#4372 = DIRECTION ( 'NONE',  ( 0.000000000000000000, 0.000000000000000000, 1.000000000000000000 ) ) ;
#4373 = CYLINDRICAL_SURFACE ( 'NONE', #2034, 5.499999999999998224 ) ;
#4374 = ORIENTED_EDGE ( 'NONE', *, *, #5057, .F. ) ;
#4375 = AXIS2_PLACEMENT_3D ( 'NONE', #155, #1977, #9738 ) ;
#4376 = VECTOR ( 'NONE', #4017, 1000.000000000000227 ) ;
#4377 = CARTESIAN_POINT ( 'NONE',  ( -25.90054204125040371, 2.500000000000000000, -59.66666666666666430 ) ) ;
#4378 = PLANE ( 'NONE',  #11124 ) ;
#4379 = DIRECTION ( 'NONE',  ( 0.000000000000000000, 0.000000000000000000, 1.000000000000000000 ) ) ;
#4380 = ORIENTED_EDGE ( 'NONE', *, *, #7850, .T. ) ;
#4381 = DIRECTION ( 'NONE',  ( 1.000000000000000000, 0.000000000000000000, -7.692556537664882126E-15 ) ) ;
#4382 = AXIS2_PLACEMENT_3D ( 'NONE', #5552, #9892, #4502 ) ;
#4383 = VERTEX_POINT ( 'NONE', #6458 ) ;
#4384 = ORIENTED_EDGE ( 'NONE', *, *, #7795, .T. ) ;
#4385 = DIRECTION ( 'NONE',  ( 0.000000000000000000, 0.000000000000000000, 1.000000000000000000 ) ) ;
#4386 = AXIS2_PLACEMENT_3D ( 'NONE', #6735, #237, #2279 ) ;
#4387 = ORIENTED_EDGE ( 'NONE', *, *, #9026, .T. ) ;
#4388 = AXIS2_PLACEMENT_3D ( 'NONE', #11415, #6887, #6829 ) ;
#4389 = VECTOR ( 'NONE', #9500, 1000.000000000000000 ) ;
#4390 = EDGE_CURVE ( 'NONE', #5572, #3944, #7183, .T. ) ;
#4391 = FACE_OUTER_BOUND ( 'NONE', #6711, .T. ) ;
#4392 = VERTEX_POINT ( 'NONE', #9384 ) ;
#4393 = EDGE_CURVE ( 'NONE', #10962, #209, #5756, .T. ) ;
#4394 = DIRECTION ( 'NONE',  ( 0.9813684291561043382, -0.000000000000000000, 0.1921353852253153971 ) ) ;
#4395 = CARTESIAN_POINT ( 'NONE',  ( 126.0000000000015490, -3.500000000000000000, -35.99999999999688782 ) ) ;
#4396 = VERTEX_POINT ( 'NONE', #6635 ) ;
#4397 = CARTESIAN_POINT ( 'NONE',  ( 80.99728228756691806, -3.500000000000000000, -34.25000000000000000 ) ) ;
#4398 = CARTESIAN_POINT ( 'NONE',  ( 91.50093993615007548, -3.500000000000000000, 24.51221812680892498 ) ) ;
#4399 = CIRCLE ( 'NONE', #5690, 5.250000000000004441 ) ;
#4400 = FACE_BOUND ( 'NONE', #9296, .T. ) ;
#4401 = AXIS2_PLACEMENT_3D ( 'NONE', #839, #7152, #2817 ) ;
#4402 = ORIENTED_EDGE ( 'NONE', *, *, #7742, .F. ) ;
#4403 = CIRCLE ( 'NONE', #6802, 5.499999999999991118 ) ;
#4404 = FACE_OUTER_BOUND ( 'NONE', #9907, .T. ) ;
#4405 = CARTESIAN_POINT ( 'NONE',  ( 79.50000000000051159, -3.500000000000000000, -55.99999999999916866 ) ) ;
#4406 = DIRECTION ( 'NONE',  ( 0.000000000000000000, 1.000000000000000000, 0.000000000000000000 ) ) ;
#4407 = EDGE_CURVE ( 'NONE', #2672, #9849, #2174, .T. ) ;
#4408 = ORIENTED_EDGE ( 'NONE', *, *, #2654, .T. ) ;
#4409 = DIRECTION ( 'NONE',  ( 0.000000000000000000, 1.000000000000000000, 0.000000000000000000 ) ) ;
#4410 = DIRECTION ( 'NONE',  ( 0.6902962621009354205, 0.000000000000000000, -0.7235268277883527555 ) ) ;
#4411 = CARTESIAN_POINT ( 'NONE',  ( 46.85657683199546142, -3.500000000000000000, 40.60628180161065615 ) ) ;
#4412 = ORIENTED_EDGE ( 'NONE', *, *, #1565, .T. ) ;
#4413 = DIRECTION ( 'NONE',  ( 1.000000000000000000, 0.000000000000000000, 7.692556537664882126E-15 ) ) ;
#4414 = VERTEX_POINT ( 'NONE', #10976 ) ;
#4415 = FACE_OUTER_BOUND ( 'NONE', #10923, .T. ) ;
#4416 = AXIS2_PLACEMENT_3D ( 'NONE', #58, #6502, #1879 ) ;
#4417 = CARTESIAN_POINT ( 'NONE',  ( 92.50000000000022737, -3.500000000000000000, -9.000000000001710632 ) ) ;
#4418 = VERTEX_POINT ( 'NONE', #9211 ) ;
#4419 = FACE_OUTER_BOUND ( 'NONE', #2763, .T. ) ;
#4420 = DIRECTION ( 'NONE',  ( 0.000000000000000000, 1.000000000000000000, 0.000000000000000000 ) ) ;
#4421 = ORIENTED_EDGE ( 'NONE', *, *, #8141, .F. ) ;
#4422 = ADVANCED_FACE ( 'NONE', ( #3883 ), #8438, .T. ) ;
#4423 = EDGE_LOOP ( 'NONE', ( #8370, #6581, #3217, #2104 ) ) ;
#4424 = DIRECTION ( 'NONE',  ( -1.000000000000000000, 0.000000000000000000, 1.321694076934709021E-15 ) ) ;
#4425 = EDGE_CURVE ( 'NONE', #1030, #1810, #1298, .T. ) ;
#4426 = CARTESIAN_POINT ( 'NONE',  ( 136.0000000000000000, 2.500000000000000000, -52.64589803375033483 ) ) ;
#4427 = VERTEX_POINT ( 'NONE', #4824 ) ;
#4428 = LINE ( 'NONE', #4480, #10749 ) ;
#4429 = ORIENTED_EDGE ( 'NONE', *, *, #6243, .F. ) ;
#4430 = DIRECTION ( 'NONE',  ( 0.000000000000000000, 0.000000000000000000, 1.000000000000000000 ) ) ;
#4431 = CARTESIAN_POINT ( 'NONE',  ( 80.99728228756691806, 2.500000000000000000, -34.25000000000000000 ) ) ;
#4432 = ORIENTED_EDGE ( 'NONE', *, *, #1640, .F. ) ;
#4433 = EDGE_CURVE ( 'NONE', #997, #4123, #10552, .T. ) ;
#4434 = EDGE_CURVE ( 'NONE', #4912, #11451, #9992, .T. ) ;
#4435 = CARTESIAN_POINT ( 'NONE',  ( 67.50000000000052580, 2.500000000000000000, 60.00000000000000000 ) ) ;
#4436 = CARTESIAN_POINT ( 'NONE',  ( 82.75064805719480887, -3.500000000000000000, 32.46794823927666584 ) ) ;
#4437 = EDGE_LOOP ( 'NONE', ( #9420, #9717, #5400, #10858 ) ) ;
#4438 = CYLINDRICAL_SURFACE ( 'NONE', #8366, 1.000000000000000000 ) ;
#4439 = ADVANCED_FACE ( 'NONE', ( #4057 ), #10097, .F. ) ;
#4440 = CARTESIAN_POINT ( 'NONE',  ( 2.000000000000007105, -3.500000000000000000, 52.00000000000000000 ) ) ;
#4441 = VERTEX_POINT ( 'NONE', #1353 ) ;
#4442 = CARTESIAN_POINT ( 'NONE',  ( -24.37499999999999645, -3.500000000000000000, -3.000000000000000444 ) ) ;
#4443 = ORIENTED_EDGE ( 'NONE', *, *, #9900, .F. ) ;
#4444 = DIRECTION ( 'NONE',  ( 0.000000000000000000, 0.000000000000000000, 1.000000000000000000 ) ) ;
#4445 = CARTESIAN_POINT ( 'NONE',  ( -27.37499999999999645, -3.500000000000000000, -11.32455532033676704 ) ) ;
#4446 = AXIS2_PLACEMENT_3D ( 'NONE', #9661, #5331, #3334 ) ;
#4447 = ORIENTED_EDGE ( 'NONE', *, *, #6751, .T. ) ;
#4448 = CARTESIAN_POINT ( 'NONE',  ( 76.88364003250396195, -3.500000000000000000, -50.32398374557552501 ) ) ;
#4449 = FACE_OUTER_BOUND ( 'NONE', #11410, .T. ) ;
#4450 = DIRECTION ( 'NONE',  ( 0.000000000000000000, 1.000000000000000000, 0.000000000000000000 ) ) ;
#4451 = ORIENTED_EDGE ( 'NONE', *, *, #8820, .F. ) ;
#4452 = EDGE_CURVE ( 'NONE', #5936, #11195, #9426, .T. ) ;
#4453 = AXIS2_PLACEMENT_3D ( 'NONE', #8001, #11588, #10702 ) ;
#4454 = DIRECTION ( 'NONE',  ( 0.000000000000000000, 1.000000000000000000, 0.000000000000000000 ) ) ;
#4455 = ORIENTED_EDGE ( 'NONE', *, *, #2919, .T. ) ;
#4456 = AXIS2_PLACEMENT_3D ( 'NONE', #8072, #9074, #5559 ) ;
#4457 = DIRECTION ( 'NONE',  ( -0.000000000000000000, -1.000000000000000000, -0.000000000000000000 ) ) ;
#4458 = CARTESIAN_POINT ( 'NONE',  ( 129.4911603522845667, 2.500000000000000000, 40.67699683500193686 ) ) ;
#4459 = ORIENTED_EDGE ( 'NONE', *, *, #624, .F. ) ;
#4460 = CARTESIAN_POINT ( 'NONE',  ( 79.50000000000051159, -3.500000000000000000, 55.99999999999916866 ) ) ;
#4461 = AXIS2_PLACEMENT_3D ( 'NONE', #9634, #4243, #11393 ) ;
#4462 = DIRECTION ( 'NONE',  ( 0.000000000000000000, 1.000000000000000000, 0.000000000000000000 ) ) ;
#4463 = VERTEX_POINT ( 'NONE', #11092 ) ;
#4464 = DIRECTION ( 'NONE',  ( 0.000000000000000000, 0.000000000000000000, 1.000000000000000000 ) ) ;
#4465 = CIRCLE ( 'NONE', #8555, 1.499999999999994449 ) ;
#4466 = ADVANCED_FACE ( 'NONE', ( #7620 ), #2892, .F. ) ;
#4467 = ORIENTED_EDGE ( 'NONE', *, *, #4777, .F. ) ;
#4468 = EDGE_CURVE ( 'NONE', #9007, #2820, #2125, .T. ) ;
#4469 = FACE_BOUND ( 'NONE', #46, .T. ) ;
#4470 = AXIS2_PLACEMENT_3D ( 'NONE', #9192, #2866, #4747 ) ;
#4471 = CYLINDRICAL_SURFACE ( 'NONE', #9435, 1.500000000000001332 ) ;
#4472 = VECTOR ( 'NONE', #7806, 1000.000000000000000 ) ;
#4473 = DIRECTION ( 'NONE',  ( 0.000000000000000000, 0.000000000000000000, -1.000000000000000000 ) ) ;
#4474 = DIRECTION ( 'NONE',  ( 1.000000000000000000, 0.000000000000000000, 0.000000000000000000 ) ) ;
#4475 = ORIENTED_EDGE ( 'NONE', *, *, #6263, .T. ) ;
#4476 = ORIENTED_EDGE ( 'NONE', *, *, #11239, .T. ) ;
#4477 = CARTESIAN_POINT ( 'NONE',  ( 37.90422433980270256, 2.500000000000000000, 54.26333652012772291 ) ) ;
#4478 = CARTESIAN_POINT ( 'NONE',  ( 22.37500000000000711, -3.500000000000000000, 12.00000000000000533 ) ) ;
#4479 = VECTOR ( 'NONE', #7001, 1000.000000000000000 ) ;
#4480 = CARTESIAN_POINT ( 'NONE',  ( 95.25000000000153477, -3.500000000000000000, -37.99999999999690203 ) ) ;
#4481 = EDGE_LOOP ( 'NONE', ( #6014, #7881, #230, #3934 ) ) ;
#4482 = ADVANCED_FACE ( 'NONE', ( #2350 ), #9682, .F. ) ;
#4483 = DIRECTION ( 'NONE',  ( 0.000000000000000000, 1.000000000000000000, 0.000000000000000000 ) ) ;
#4484 = CARTESIAN_POINT ( 'NONE',  ( 136.0000000000000000, -3.500000000000000000, 52.64589803375033483 ) ) ;
#4485 = AXIS2_PLACEMENT_3D ( 'NONE', #3932, #353, #7558 ) ;
#4486 = ORIENTED_EDGE ( 'NONE', *, *, #11521, .F. ) ;
#4487 = DIRECTION ( 'NONE',  ( 0.6902962621009354205, 0.000000000000000000, 0.7235268277883527555 ) ) ;
#4488 = DIRECTION ( 'NONE',  ( 0.000000000000000000, 1.000000000000000000, 0.000000000000000000 ) ) ;
#4489 = VERTEX_POINT ( 'NONE', #11257 ) ;
#4490 = CARTESIAN_POINT ( 'NONE',  ( 24.37500000000000355, 2.500000000000000000, 7.000000000000006217 ) ) ;
#4491 = DIRECTION ( 'NONE',  ( 0.000000000000000000, 1.000000000000000000, 0.000000000000000000 ) ) ;
#4492 = ORIENTED_EDGE ( 'NONE', *, *, #7514, .F. ) ;
#4493 = AXIS2_PLACEMENT_3D ( 'NONE', #8456, #4076, #5887 ) ;
#4494 = EDGE_CURVE ( 'NONE', #11400, #6647, #1469, .T. ) ;
#4495 = AXIS2_PLACEMENT_3D ( 'NONE', #2338, #8489, #5911 ) ;
#4496 = DIRECTION ( 'NONE',  ( 0.000000000000000000, 0.000000000000000000, 1.000000000000000000 ) ) ;
#4497 = EDGE_LOOP ( 'NONE', ( #152, #3738, #9298, #3155 ) ) ;
#4498 = EDGE_CURVE ( 'NONE', #10682, #6116, #4174, .T. ) ;
#4499 = CARTESIAN_POINT ( 'NONE',  ( -30.00000000000000355, -3.500000000000000000, 55.99999999999997868 ) ) ;
#4500 = LINE ( 'NONE', #9174, #10851 ) ;
#4501 = VERTEX_POINT ( 'NONE', #2467 ) ;
#4502 = DIRECTION ( 'NONE',  ( 0.06867802390885047181, 0.000000000000000000, 0.9976388770652311333 ) ) ;
#4503 = VECTOR ( 'NONE', #3716, 1000.000000000000000 ) ;
#4504 = CARTESIAN_POINT ( 'NONE',  ( 136.0000000000000000, 2.500000000000000000, -56.99999999999999289 ) ) ;
#4505 = VERTEX_POINT ( 'NONE', #4236 ) ;
#4506 = ORIENTED_EDGE ( 'NONE', *, *, #837, .F. ) ;
#4507 = DIRECTION ( 'NONE',  ( -0.000000000000000000, 1.000000000000000000, -0.000000000000000000 ) ) ;
#4508 = EDGE_CURVE ( 'NONE', #2367, #11137, #6803, .T. ) ;
#4509 = LINE ( 'NONE', #6430, #8368 ) ;
#4510 = CARTESIAN_POINT ( 'NONE',  ( 45.49728228756692516, -3.500000000000000000, -34.25000000000000000 ) ) ;
#4511 = EDGE_CURVE ( 'NONE', #1424, #5299, #10567, .T. ) ;
#4512 = VERTEX_POINT ( 'NONE', #774 ) ;
#4513 = LINE ( 'NONE', #6321, #5108 ) ;
#4514 = DIRECTION ( 'NONE',  ( 0.000000000000000000, 0.000000000000000000, 1.000000000000000000 ) ) ;
#4515 = ORIENTED_EDGE ( 'NONE', *, *, #4339, .T. ) ;
#4516 = CARTESIAN_POINT ( 'NONE',  ( 74.01707195013521812, -3.500000000000000000, -58.99999999999921130 ) ) ;
#4517 = VERTEX_POINT ( 'NONE', #6742 ) ;
#4518 = DIRECTION ( 'NONE',  ( 1.000000000000000000, 0.000000000000000000, 0.000000000000000000 ) ) ;
#4519 = DIRECTION ( 'NONE',  ( 0.000000000000000000, 0.000000000000000000, 1.000000000000000000 ) ) ;
#4520 = AXIS2_PLACEMENT_3D ( 'NONE', #11575, #3711, #9035 ) ;
#4521 = ADVANCED_FACE ( 'NONE', ( #4295 ), #10321, .F. ) ;
#4522 = AXIS2_PLACEMENT_3D ( 'NONE', #10928, #10378, #10983 ) ;
#4523 = FACE_OUTER_BOUND ( 'NONE', #3681, .T. ) ;
#4524 = EDGE_CURVE ( 'NONE', #863, #2958, #5693, .T. ) ;
#4525 = CARTESIAN_POINT ( 'NONE',  ( -31.78318584070796859, 2.500000000000000000, 54.24778761061944721 ) ) ;
#4526 = DIRECTION ( 'NONE',  ( -0.000000000000000000, 1.000000000000000000, -0.000000000000000000 ) ) ;
#4527 = EDGE_LOOP ( 'NONE', ( #8439, #3115, #3105, #763 ) ) ;
#4528 = ORIENTED_EDGE ( 'NONE', *, *, #9897, .T. ) ;
#4529 = LINE ( 'NONE', #8092, #10572 ) ;
#4530 = AXIS2_PLACEMENT_3D ( 'NONE', #9482, #9542, #697 ) ;
#4531 = CARTESIAN_POINT ( 'NONE',  ( 44.98292804986584059, -3.500000000000000000, 52.99999999999941025 ) ) ;
#4532 = CIRCLE ( 'NONE', #10706, 1.500000000000001332 ) ;
#4533 = DIRECTION ( 'NONE',  ( 1.000000000000000000, 0.000000000000000000, 0.000000000000000000 ) ) ;
#4534 = ORIENTED_EDGE ( 'NONE', *, *, #10220, .F. ) ;
#4535 = AXIS2_PLACEMENT_3D ( 'NONE', #3468, #4507, #7082 ) ;
#4536 = EDGE_CURVE ( 'NONE', #3131, #9590, #11385, .T. ) ;
#4537 = FILL_AREA_STYLE_COLOUR ( '', #2436 ) ;
#4538 = CARTESIAN_POINT ( 'NONE',  ( 29.30818464227683151, 2.500000000000000000, 8.415214383491042227 ) ) ;
#4539 = CIRCLE ( 'NONE', #3036, 2.000000000000003109 ) ;
#4540 = VERTEX_POINT ( 'NONE', #6107 ) ;
#4541 = CYLINDRICAL_SURFACE ( 'NONE', #4576, 5.499999999999998224 ) ;
#4542 = DIRECTION ( 'NONE',  ( -1.000000000000000000, 0.000000000000000000, 0.000000000000000000 ) ) ;
#4543 = ORIENTED_EDGE ( 'NONE', *, *, #6278, .F. ) ;
#4544 = DIRECTION ( 'NONE',  ( 0.000000000000000000, 0.000000000000000000, 1.000000000000000000 ) ) ;
#4545 = DIRECTION ( 'NONE',  ( 0.000000000000000000, 1.000000000000000000, 0.000000000000000000 ) ) ;
#4546 = CIRCLE ( 'NONE', #3983, 1.000000000000000888 ) ;
#4547 = ORIENTED_EDGE ( 'NONE', *, *, #2997, .T. ) ;
#4548 = CIRCLE ( 'NONE', #2107, 1.000000000000000888 ) ;
#4549 = FACE_OUTER_BOUND ( 'NONE', #5344, .T. ) ;
#4550 = ORIENTED_EDGE ( 'NONE', *, *, #11217, .F. ) ;
#4551 = VECTOR ( 'NONE', #1711, 1000.000000000000000 ) ;
#4552 = FACE_OUTER_BOUND ( 'NONE', #8334, .T. ) ;
#4553 = LINE ( 'NONE', #2791, #8795 ) ;
#4554 = ORIENTED_EDGE ( 'NONE', *, *, #9497, .F. ) ;
#4555 = CIRCLE ( 'NONE', #9418, 5.500000000000005329 ) ;
#4556 = DIRECTION ( 'NONE',  ( 0.000000000000000000, 1.000000000000000000, 0.000000000000000000 ) ) ;
#4557 = CARTESIAN_POINT ( 'NONE',  ( 95.25000000000153477, -3.500000000000000000, 33.99999999999690203 ) ) ;
#4558 = ORIENTED_EDGE ( 'NONE', *, *, #1257, .F. ) ;
#4559 = ADVANCED_FACE ( 'NONE', ( #7861 ), #4992, .T. ) ;
#4560 = EDGE_LOOP ( 'NONE', ( #4085, #1266, #11249, #5602 ) ) ;
#4561 = LINE ( 'NONE', #2918, #4551 ) ;
#4562 = AXIS2_PLACEMENT_3D ( 'NONE', #496, #1268, #11058 ) ;
#4563 = VECTOR ( 'NONE', #1543, 1000.000000000000000 ) ;
#4564 = EDGE_CURVE ( 'NONE', #5055, #2593, #2290, .T. ) ;
#4565 = AXIS2_PLACEMENT_3D ( 'NONE', #9759, #5254, #9702 ) ;
#4566 = CARTESIAN_POINT ( 'NONE',  ( 45.49728228756692516, 2.500000000000000000, -34.25000000000000000 ) ) ;
#4567 = CARTESIAN_POINT ( 'NONE',  ( 80.75000000000051159, 2.500000000000000000, 53.99999999999998579 ) ) ;
#4568 = AXIS2_PLACEMENT_3D ( 'NONE', #5525, #5409, #5463 ) ;
#4569 = VERTEX_POINT ( 'NONE', #3177 ) ;
#4570 = AXIS2_PLACEMENT_3D ( 'NONE', #9691, #9509, #8567 ) ;
#4571 = CIRCLE ( 'NONE', #10366, 5.249999999999991118 ) ;
#4572 = CARTESIAN_POINT ( 'NONE',  ( -26.37499999999999645, -3.500000000000000000, -13.79999999999997939 ) ) ;
#4573 = LINE ( 'NONE', #8138, #7328 ) ;
#4574 = VERTEX_POINT ( 'NONE', #5870 ) ;
#4575 = DIRECTION ( 'NONE',  ( 0.000000000000000000, 1.000000000000000000, 0.000000000000000000 ) ) ;
#4576 = AXIS2_PLACEMENT_3D ( 'NONE', #2010, #6295, #1136 ) ;
#4577 = EDGE_CURVE ( 'NONE', #10147, #6488, #5338, .T. ) ;
#4578 = VERTEX_POINT ( 'NONE', #8681 ) ;
#4579 = ADVANCED_FACE ( 'NONE', ( #6921 ), #10498, .T. ) ;
#4580 = CARTESIAN_POINT ( 'NONE',  ( -28.70982142857141994, 2.500000000000000000, 20.00000000000000711 ) ) ;
#4581 = CIRCLE ( 'NONE', #1018, 5.500000000000001776 ) ;
#4582 = VECTOR ( 'NONE', #4638, 1000.000000000000000 ) ;
#4583 = LINE ( 'NONE', #1117, #9642 ) ;
#4584 = VECTOR ( 'NONE', #5169, 1000.000000000000000 ) ;
#4585 = DIRECTION ( 'NONE',  ( 0.000000000000000000, 1.000000000000000000, 0.000000000000000000 ) ) ;
#4586 = DIRECTION ( 'NONE',  ( 1.000000000000000000, 0.000000000000000000, 0.000000000000000000 ) ) ;
#4587 = DIRECTION ( 'NONE',  ( 1.000000000000000000, 0.000000000000000000, 0.000000000000000000 ) ) ;
#4588 = ORIENTED_EDGE ( 'NONE', *, *, #3236, .F. ) ;
#4589 = ORIENTED_EDGE ( 'NONE', *, *, #6352, .T. ) ;
#4590 = DIRECTION ( 'NONE',  ( 0.000000000000000000, 0.000000000000000000, 1.000000000000000000 ) ) ;
#4591 = AXIS2_PLACEMENT_3D ( 'NONE', #5457, #7210, #4695 ) ;
#4592 = DIRECTION ( 'NONE',  ( 0.000000000000000000, 1.000000000000000000, 0.000000000000000000 ) ) ;
#4593 = ADVANCED_FACE ( 'NONE', ( #6857 ), #9626, .T. ) ;
#4594 = LINE ( 'NONE', #2824, #244 ) ;
#4595 = ORIENTED_EDGE ( 'NONE', *, *, #6149, .T. ) ;
#4596 = AXIS2_PLACEMENT_3D ( 'NONE', #4979, #570, #6844 ) ;
#4597 = LINE ( 'NONE', #10920, #2058 ) ;
#4598 = CARTESIAN_POINT ( 'NONE',  ( 84.35412195973775340, -3.500000000000000000, -53.99999999999998579 ) ) ;
#4599 = EDGE_LOOP ( 'NONE', ( #238, #10772, #5716, #957, #7185, #3969, #5199, #5686, #2972, #11060, #4941, #4649, #11467, #6544, #9835, #2170, #2008, #9858, #869, #1916, #4674, #7959, #11448, #5627, #66, #1418 ) ) ;
#4600 = CARTESIAN_POINT ( 'NONE',  ( 56.74999999999997868, -3.500000000000000000, -20.10000000009224763 ) ) ;
#4601 = DIRECTION ( 'NONE',  ( 0.000000000000000000, 1.000000000000000000, 0.000000000000000000 ) ) ;
#4602 = ORIENTED_EDGE ( 'NONE', *, *, #773, .T. ) ;
#4603 = DIRECTION ( 'NONE',  ( 0.000000000000000000, 1.000000000000000000, 0.000000000000000000 ) ) ;
#4604 = EDGE_CURVE ( 'NONE', #10446, #4260, #11131, .T. ) ;
#4605 = CARTESIAN_POINT ( 'NONE',  ( 132.0000000000000000, -3.500000000000000000, -57.50000000000000000 ) ) ;
#4606 = EDGE_CURVE ( 'NONE', #8975, #9781, #2758, .T. ) ;
#4607 = ORIENTED_EDGE ( 'NONE', *, *, #255, .F. ) ;
#4608 = ADVANCED_FACE ( 'NONE', ( #118 ), #4471, .F. ) ;
#4609 = DIRECTION ( 'NONE',  ( 0.000000000000000000, 0.000000000000000000, 1.000000000000000000 ) ) ;
#4610 = ORIENTED_EDGE ( 'NONE', *, *, #38, .F. ) ;
#4611 = DIRECTION ( 'NONE',  ( 0.000000000000000000, 0.000000000000000000, 1.000000000000000000 ) ) ;
#4612 = CARTESIAN_POINT ( 'NONE',  ( 45.49728228756692516, -3.500000000000000000, -28.75000000000000355 ) ) ;
#4613 = ORIENTED_EDGE ( 'NONE', *, *, #7674, .T. ) ;
#4614 = FACE_OUTER_BOUND ( 'NONE', #7238, .T. ) ;
#4615 = CARTESIAN_POINT ( 'NONE',  ( 42.99769075490628012, 2.500000000000000000, 34.20480962656461088 ) ) ;
#4616 = CARTESIAN_POINT ( 'NONE',  ( 94.00000000000153477, -3.500000000000000000, -35.99999999999690203 ) ) ;
#4617 = EDGE_LOOP ( 'NONE', ( #9006, #1785, #7110, #8059 ) ) ;
#4618 = ORIENTED_EDGE ( 'NONE', *, *, #817, .T. ) ;
#4619 = LINE ( 'NONE', #8297, #11290 ) ;
#4620 = ORIENTED_EDGE ( 'NONE', *, *, #4868, .F. ) ;
#4621 = DIRECTION ( 'NONE',  ( 0.000000000000000000, 1.000000000000000000, 0.000000000000000000 ) ) ;
#4622 = DIRECTION ( 'NONE',  ( 0.000000000000000000, 0.000000000000000000, -1.000000000000000000 ) ) ;
#4623 = VERTEX_POINT ( 'NONE', #1774 ) ;
#4624 = ORIENTED_EDGE ( 'NONE', *, *, #11434, .F. ) ;
#4625 = EDGE_CURVE ( 'NONE', #4766, #2480, #1949, .T. ) ;
#4626 = LINE ( 'NONE', #8190, #1749 ) ;
#4627 = DIRECTION ( 'NONE',  ( 0.000000000000000000, 0.000000000000000000, -1.000000000000000000 ) ) ;
#4628 = ORIENTED_EDGE ( 'NONE', *, *, #10820, .F. ) ;
#4629 = CARTESIAN_POINT ( 'NONE',  ( 2.000000000000007994, -3.500000000000000000, -46.50000000000000000 ) ) ;
#4630 = CIRCLE ( 'NONE', #135, 1.000000000000000888 ) ;
#4631 = EDGE_LOOP ( 'NONE', ( #9463, #1702 ) ) ;
#4632 = CARTESIAN_POINT ( 'NONE',  ( -26.64589803375033128, 2.500000000000000000, 59.00000000000000000 ) ) ;
#4633 = UNCERTAINTY_MEASURE_WITH_UNIT (LENGTH_MEASURE( 1.000000000000000082E-05 ), #5419, 'distance_accuracy_value', 'NONE');
#4634 = ORIENTED_EDGE ( 'NONE', *, *, #4185, .T. ) ;
#4635 = CYLINDRICAL_SURFACE ( 'NONE', #1399, 1.000000000000000888 ) ;
#4636 = EDGE_CURVE ( 'NONE', #6854, #8520, #6217, .T. ) ;
#4637 = AXIS2_PLACEMENT_3D ( 'NONE', #5412, #4363, #2714 ) ;
#4638 = DIRECTION ( 'NONE',  ( 0.000000000000000000, 1.000000000000000000, 0.000000000000000000 ) ) ;
#4639 = VECTOR ( 'NONE', #931, 1000.000000000000000 ) ;
#4640 = EDGE_CURVE ( 'NONE', #6807, #10402, #2136, .T. ) ;
#4641 = DIRECTION ( 'NONE',  ( 1.000000000000000000, 0.000000000000000000, 0.000000000000000000 ) ) ;
#4642 = CARTESIAN_POINT ( 'NONE',  ( 39.50000000000052580, -3.500000000000000000, -57.24999999999945288 ) ) ;
#4643 = ORIENTED_EDGE ( 'NONE', *, *, #10868, .T. ) ;
#4644 = VERTEX_POINT ( 'NONE', #8086 ) ;
#4645 = DIRECTION ( 'NONE',  ( 0.000000000000000000, 1.000000000000000000, 0.000000000000000000 ) ) ;
#4646 = AXIS2_PLACEMENT_3D ( 'NONE', #11238, #5794, #3865 ) ;
#4647 = CARTESIAN_POINT ( 'NONE',  ( 42.51039864469806417, -3.500000000000000000, -59.00000000000000000 ) ) ;
#4648 = CARTESIAN_POINT ( 'NONE',  ( 127.5000000000002274, -3.500000000000000000, 9.000000000001953993 ) ) ;
#4649 = ORIENTED_EDGE ( 'NONE', *, *, #5660, .T. ) ;
#4650 = AXIS2_PLACEMENT_3D ( 'NONE', #10790, #5453, #7313 ) ;
#4651 = DIRECTION ( 'NONE',  ( 0.000000000000000000, 1.000000000000000000, 0.000000000000000000 ) ) ;
#4652 = ORIENTED_EDGE ( 'NONE', *, *, #7387, .T. ) ;
#4653 = EDGE_CURVE ( 'NONE', #9978, #6895, #5145, .T. ) ;
#4654 = CARTESIAN_POINT ( 'NONE',  ( 130.1755253229044911, 2.500000000000000000, 14.92381331968869063 ) ) ;
#4655 =( NAMED_UNIT ( * ) SI_UNIT ( $, .STERADIAN. ) SOLID_ANGLE_UNIT ( ) );
#4656 = CARTESIAN_POINT ( 'NONE',  ( -24.87652461702021611, 2.500000000000000000, -53.99999999999993605 ) ) ;
#4657 = CARTESIAN_POINT ( 'NONE',  ( -30.00000000000000355, -3.500000000000000000, -55.99999999999997868 ) ) ;
#4658 = ORIENTED_EDGE ( 'NONE', *, *, #7211, .T. ) ;
#4659 = AXIS2_PLACEMENT_3D ( 'NONE', #639, #3579, #11497 ) ;
#4660 = DIRECTION ( 'NONE',  ( 0.000000000000000000, 0.000000000000000000, 1.000000000000000000 ) ) ;
#4661 = CARTESIAN_POINT ( 'NONE',  ( 94.00000000000153477, 2.500000000000000000, -35.99999999999690203 ) ) ;
#4662 = ORIENTED_EDGE ( 'NONE', *, *, #10728, .T. ) ;
#4663 = AXIS2_PLACEMENT_3D ( 'NONE', #2469, #4297, #841 ) ;
#4664 = CARTESIAN_POINT ( 'NONE',  ( 80.75000000000051159, 2.500000000000000000, 57.99999999999998579 ) ) ;
#4665 = ORIENTED_EDGE ( 'NONE', *, *, #7115, .F. ) ;
#4666 = EDGE_CURVE ( 'NONE', #1718, #9362, #264, .T. ) ;
#4667 = LINE ( 'NONE', #1145, #9728 ) ;
#4668 = DIRECTION ( 'NONE',  ( -0.000000000000000000, -1.000000000000000000, -0.000000000000000000 ) ) ;
#4669 = VERTEX_POINT ( 'NONE', #1062 ) ;
#4670 = EDGE_CURVE ( 'NONE', #3107, #11155, #836, .T. ) ;
#4671 = PLANE ( 'NONE',  #8670 ) ;
#4672 = CARTESIAN_POINT ( 'NONE',  ( 129.1770649696990461, -3.500000000000000000, -14.86834330006620419 ) ) ;
#4673 = DIRECTION ( 'NONE',  ( 0.000000000000000000, 1.000000000000000000, 0.000000000000000000 ) ) ;
#4674 = ORIENTED_EDGE ( 'NONE', *, *, #764, .T. ) ;
#4675 = ORIENTED_EDGE ( 'NONE', *, *, #3021, .F. ) ;
#4676 = DIRECTION ( 'NONE',  ( -1.000000000000000000, 0.000000000000000000, 0.000000000000000000 ) ) ;
#4677 = AXIS2_PLACEMENT_3D ( 'NONE', #9001, #7406, #920 ) ;
#4678 = VECTOR ( 'NONE', #1398, 1000.000000000000000 ) ;
#4679 = ORIENTED_EDGE ( 'NONE', *, *, #4653, .T. ) ;
#4680 = DIRECTION ( 'NONE',  ( 1.000000000000000000, 0.000000000000000000, 0.000000000000000000 ) ) ;
#4681 = AXIS2_PLACEMENT_3D ( 'NONE', #11485, #5211, #3566 ) ;
#4682 = DIRECTION ( 'NONE',  ( -1.000000000000000000, 0.000000000000000000, -0.000000000000000000 ) ) ;
#4683 = EDGE_LOOP ( 'NONE', ( #10417, #6395, #10124, #10711 ) ) ;
#4684 = AXIS2_PLACEMENT_3D ( 'NONE', #8048, #10042, #1133 ) ;
#4685 = ORIENTED_EDGE ( 'NONE', *, *, #1365, .F. ) ;
#4686 = EDGE_CURVE ( 'NONE', #10598, #4289, #2888, .T. ) ;
#4687 = DIRECTION ( 'NONE',  ( -0.000000000000000000, -1.000000000000000000, -0.000000000000000000 ) ) ;
#4688 = CARTESIAN_POINT ( 'NONE',  ( 77.30225762730341899, 2.500000000000000000, 51.23214634628330799 ) ) ;
#4689 = ORIENTED_EDGE ( 'NONE', *, *, #514, .F. ) ;
#4690 = CARTESIAN_POINT ( 'NONE',  ( -26.37499999999999645, 2.500000000000000000, 7.000000000000006217 ) ) ;
#4691 = EDGE_CURVE ( 'NONE', #9865, #9353, #6999, .T. ) ;
#4692 = ORIENTED_EDGE ( 'NONE', *, *, #314, .T. ) ;
#4693 = DIRECTION ( 'NONE',  ( -0.000000000000000000, -1.000000000000000000, -0.000000000000000000 ) ) ;
#4694 = ORIENTED_EDGE ( 'NONE', *, *, #9656, .F. ) ;
#4695 = DIRECTION ( 'NONE',  ( 0.000000000000000000, 0.000000000000000000, 1.000000000000000000 ) ) ;
#4696 = CARTESIAN_POINT ( 'NONE',  ( 93.19777856741802680, -3.500000000000000000, -29.42949662270942568 ) ) ;
#4697 = CARTESIAN_POINT ( 'NONE',  ( -31.78318584070796859, -3.500000000000000000, -54.24778761061944721 ) ) ;
#4698 = FACE_OUTER_BOUND ( 'NONE', #6936, .T. ) ;
#4699 = ORIENTED_EDGE ( 'NONE', *, *, #8035, .T. ) ;
#4700 = ORIENTED_EDGE ( 'NONE', *, *, #1194, .T. ) ;
#4701 = CARTESIAN_POINT ( 'NONE',  ( 67.50000000000052580, 2.500000000000000000, -60.00000000000000000 ) ) ;
#4702 = EDGE_CURVE ( 'NONE', #9336, #398, #2644, .T. ) ;
#4703 = DIRECTION ( 'NONE',  ( 0.000000000000000000, 0.000000000000000000, 1.000000000000000000 ) ) ;
#4704 = EDGE_CURVE ( 'NONE', #4257, #2043, #8491, .T. ) ;
#4705 = CIRCLE ( 'NONE', #11248, 1.499999999999994449 ) ;
#4706 = DIRECTION ( 'NONE',  ( 0.000000000000000000, 0.000000000000000000, 1.000000000000000000 ) ) ;
#4707 = ORIENTED_EDGE ( 'NONE', *, *, #5359, .T. ) ;
#4708 = DIRECTION ( 'NONE',  ( 0.000000000000000000, 0.000000000000000000, -1.000000000000000000 ) ) ;
#4709 = CARTESIAN_POINT ( 'NONE',  ( -30.00000000000000355, 2.500000000000000000, -55.99999999999997868 ) ) ;
#4710 = ORIENTED_EDGE ( 'NONE', *, *, #6287, .T. ) ;
#4711 = AXIS2_PLACEMENT_3D ( 'NONE', #7565, #4055, #10213 ) ;
#4712 = CARTESIAN_POINT ( 'NONE',  ( -27.55385631544756819, 2.500000000000000000, -16.13546048867516802 ) ) ;
#4713 = FACE_OUTER_BOUND ( 'NONE', #9601, .T. ) ;
#4714 = VERTEX_POINT ( 'NONE', #3703 ) ;
#4715 = CYLINDRICAL_SURFACE ( 'NONE', #6322, 5.499999999999998224 ) ;
#4716 = EDGE_CURVE ( 'NONE', #660, #10780, #3650, .T. ) ;
#4717 = DIRECTION ( 'NONE',  ( 0.000000000000000000, 0.000000000000000000, 1.000000000000000000 ) ) ;
#4718 = ADVANCED_FACE ( 'NONE', ( #4523 ), #3, .F. ) ;
#4719 = ORIENTED_EDGE ( 'NONE', *, *, #1627, .F. ) ;
#4720 = CIRCLE ( 'NONE', #9206, 1.250000000000001110 ) ;
#4721 = CIRCLE ( 'NONE', #9789, 5.250000000000004441 ) ;
#4722 = DIRECTION ( 'NONE',  ( 0.000000000000000000, 0.000000000000000000, 1.000000000000000000 ) ) ;
#4723 = EDGE_LOOP ( 'NONE', ( #5208, #4002, #593, #6908 ) ) ;
#4724 = DIRECTION ( 'NONE',  ( 0.000000000000000000, 1.000000000000000000, 0.000000000000000000 ) ) ;
#4725 = DIRECTION ( 'NONE',  ( -0.000000000000000000, -1.000000000000000000, -0.000000000000000000 ) ) ;
#4726 = ORIENTED_EDGE ( 'NONE', *, *, #2883, .T. ) ;
#4727 = CARTESIAN_POINT ( 'NONE',  ( 56.74999999999997868, 2.500000000000000000, 25.60000000009224053 ) ) ;
#4728 = LINE ( 'NONE', #8850, #9635 ) ;
#4729 = DIRECTION ( 'NONE',  ( 0.000000000000000000, 1.000000000000000000, 0.000000000000000000 ) ) ;
#4730 = AXIS2_PLACEMENT_3D ( 'NONE', #9783, #7903, #7966 ) ;
#4731 = ORIENTED_EDGE ( 'NONE', *, *, #5991, .T. ) ;
#4732 = EDGE_LOOP ( 'NONE', ( #5410, #8880, #7953, #3375 ) ) ;
#4733 = DIRECTION ( 'NONE',  ( 0.000000000000000000, 0.000000000000000000, 1.000000000000000000 ) ) ;
#4734 = VECTOR ( 'NONE', #7023, 1000.000000000000000 ) ;
#4735 = AXIS2_PLACEMENT_3D ( 'NONE', #5578, #4420, #10742 ) ;
#4736 = EDGE_CURVE ( 'NONE', #4463, #7374, #10000, .T. ) ;
#4737 = EDGE_LOOP ( 'NONE', ( #9134, #6231, #4998, #587 ) ) ;
#4738 = EDGE_CURVE ( 'NONE', #4357, #1613, #5406, .T. ) ;
#4739 = DIRECTION ( 'NONE',  ( 0.000000000000000000, 0.000000000000000000, 1.000000000000000000 ) ) ;
#4740 = DIRECTION ( 'NONE',  ( 0.000000000000000000, 1.000000000000000000, 0.000000000000000000 ) ) ;
#4741 = CIRCLE ( 'NONE', #11284, 5.499999999999998224 ) ;
#4742 = ORIENTED_EDGE ( 'NONE', *, *, #5262, .T. ) ;
#4743 = ORIENTED_EDGE ( 'NONE', *, *, #8871, .T. ) ;
#4744 = DIRECTION ( 'NONE',  ( 0.000000000000000000, 0.000000000000000000, 1.000000000000000000 ) ) ;
#4745 = CARTESIAN_POINT ( 'NONE',  ( 54.00668558637443795, -3.500000000000000000, 31.49272653608509032 ) ) ;
#4746 = VERTEX_POINT ( 'NONE', #3652 ) ;
#4747 = DIRECTION ( 'NONE',  ( 0.000000000000000000, 0.000000000000000000, 1.000000000000000000 ) ) ;
#4748 = VECTOR ( 'NONE', #10949, 1000.000000000000000 ) ;
#4749 = CIRCLE ( 'NONE', #8469, 1.500000000000001332 ) ;
#4750 = ORIENTED_EDGE ( 'NONE', *, *, #8692, .T. ) ;
#4751 = AXIS2_PLACEMENT_3D ( 'NONE', #10539, #7077, #2509 ) ;
#4752 = EDGE_CURVE ( 'NONE', #11458, #9436, #7213, .T. ) ;
#4753 = CARTESIAN_POINT ( 'NONE',  ( 83.21872773756770414, 2.500000000000000000, -59.70588235294136581 ) ) ;
#4754 = ADVANCED_FACE ( 'NONE', ( #10624 ), #10796, .T. ) ;
#4755 = ORIENTED_EDGE ( 'NONE', *, *, #10393, .T. ) ;
#4756 = CIRCLE ( 'NONE', #4568, 1.000000000000000888 ) ;
#4757 = AXIS2_PLACEMENT_3D ( 'NONE', #6563, #11084, #3049 ) ;
#4758 = CARTESIAN_POINT ( 'NONE',  ( 128.6458980337503135, 2.500000000000000000, -60.00000000000000711 ) ) ;
#4759 = VECTOR ( 'NONE', #4850, 1000.000000000000000 ) ;
#4760 = AXIS2_PLACEMENT_3D ( 'NONE', #3119, #8387, #6687 ) ;
#4761 = FACE_OUTER_BOUND ( 'NONE', #8243, .T. ) ;
#4762 = VECTOR ( 'NONE', #7340, 1000.000000000000000 ) ;
#4763 = VECTOR ( 'NONE', #1791, 1000.000000000000000 ) ;
#4764 = DIRECTION ( 'NONE',  ( -0.000000000000000000, 1.000000000000000000, 0.000000000000000000 ) ) ;
#4765 = DIRECTION ( 'NONE',  ( 0.000000000000000000, 1.000000000000000000, 0.000000000000000000 ) ) ;
#4766 = VERTEX_POINT ( 'NONE', #9200 ) ;
#4767 = ORIENTED_EDGE ( 'NONE', *, *, #8068, .F. ) ;
#4768 = CARTESIAN_POINT ( 'NONE',  ( 83.47978033629502193, -3.500000000000000000, 34.54530228251934432 ) ) ;
#4769 = CYLINDRICAL_SURFACE ( 'NONE', #3015, 5.250000000000011546 ) ;
#4770 = AXIS2_PLACEMENT_3D ( 'NONE', #6421, #9236, #5553 ) ;
#4771 = CARTESIAN_POINT ( 'NONE',  ( 77.30225762730341899, -3.500000000000000000, 51.23214634628330089 ) ) ;
#4772 = ORIENTED_EDGE ( 'NONE', *, *, #3872, .T. ) ;
#4773 = EDGE_CURVE ( 'NONE', #8267, #33, #641, .T. ) ;
#4774 = CARTESIAN_POINT ( 'NONE',  ( 126.0000000000015490, 2.500000000000000000, 35.99999999999688782 ) ) ;
#4775 = CYLINDRICAL_SURFACE ( 'NONE', #6433, 1.500000000000001332 ) ;
#4776 = EDGE_LOOP ( 'NONE', ( #180, #7520, #10399, #6091 ) ) ;
#4777 = EDGE_CURVE ( 'NONE', #8995, #10190, #11024, .T. ) ;
#4778 = CARTESIAN_POINT ( 'NONE',  ( 132.0000000000000000, -3.500000000000000000, -56.00000000000000711 ) ) ;
#4779 = VERTEX_POINT ( 'NONE', #5633 ) ;
#4780 = LINE ( 'NONE', #7456, #8554 ) ;
#4781 = PLANE ( 'NONE',  #2135 ) ;
#4782 = ORIENTED_EDGE ( 'NONE', *, *, #8274, .T. ) ;
#4783 = CIRCLE ( 'NONE', #11333, 5.500000000000005329 ) ;
#4784 = CARTESIAN_POINT ( 'NONE',  ( 89.45602203158698273, -3.500000000000000000, 33.37040607268359338 ) ) ;
#4785 = ORIENTED_EDGE ( 'NONE', *, *, #3558, .F. ) ;
#4786 = EDGE_CURVE ( 'NONE', #5142, #1460, #175, .T. ) ;
#4787 = EDGE_CURVE ( 'NONE', #8951, #5393, #10935, .T. ) ;
#4788 = DIRECTION ( 'NONE',  ( 0.000000000000000000, 1.000000000000000000, 0.000000000000000000 ) ) ;
#4789 = CARTESIAN_POINT ( 'NONE',  ( 81.58112528401703401, -3.500000000000000000, 54.89030745148533441 ) ) ;
#4790 = ORIENTED_EDGE ( 'NONE', *, *, #8517, .F. ) ;
#4791 = ADVANCED_FACE ( 'NONE', ( #2167 ), #2992, .F. ) ;
#4792 = CARTESIAN_POINT ( 'NONE',  ( -28.70982142857141994, 2.500000000000000000, 16.00000000000000711 ) ) ;
#4793 = CARTESIAN_POINT ( 'NONE',  ( 84.98292804986539295, -3.500000000000000000, -57.99999999999998579 ) ) ;
#4794 = CARTESIAN_POINT ( 'NONE',  ( 24.37500000000000355, -3.500000000000000000, 5.000000000000003553 ) ) ;
#4795 = EDGE_LOOP ( 'NONE', ( #2434, #10388, #9524, #2413, #8089, #123, #1793 ) ) ;
#4796 = ORIENTED_EDGE ( 'NONE', *, *, #5219, .T. ) ;
#4797 = DIRECTION ( 'NONE',  ( 0.000000000000000000, 1.000000000000000000, 0.000000000000000000 ) ) ;
#4798 = ORIENTED_EDGE ( 'NONE', *, *, #9068, .T. ) ;
#4799 = CARTESIAN_POINT ( 'NONE',  ( 42.20732815255049530, -3.500000000000000000, -38.65751651040450554 ) ) ;
#4800 = ORIENTED_EDGE ( 'NONE', *, *, #5361, .F. ) ;
#4801 = VERTEX_POINT ( 'NONE', #4812 ) ;
#4802 = ORIENTED_EDGE ( 'NONE', *, *, #5294, .T. ) ;
#4803 = DIRECTION ( 'NONE',  ( -0.000000000000000000, 0.000000000000000000, 1.000000000000000000 ) ) ;
#4804 = LINE ( 'NONE', #9190, #5092 ) ;
#4805 = ORIENTED_EDGE ( 'NONE', *, *, #3481, .T. ) ;
#4806 = DIRECTION ( 'NONE',  ( 0.000000000000000000, 0.000000000000000000, 1.000000000000000000 ) ) ;
#4807 = EDGE_CURVE ( 'NONE', #278, #3803, #3871, .T. ) ;
#4808 = EDGE_LOOP ( 'NONE', ( #7267, #4360 ) ) ;
#4809 = LINE ( 'NONE', #8369, #8262 ) ;
#4810 = ORIENTED_EDGE ( 'NONE', *, *, #3244, .F. ) ;
#4811 = DIRECTION ( 'NONE',  ( 0.000000000000000000, 0.000000000000000000, 1.000000000000000000 ) ) ;
#4812 = CARTESIAN_POINT ( 'NONE',  ( 44.98292804986587612, 2.500000000000000000, -57.99999999999941735 ) ) ;
#4813 = ADVANCED_FACE ( 'NONE', ( #8201 ), #10031, .T. ) ;
#4814 = FACE_OUTER_BOUND ( 'NONE', #11134, .T. ) ;
#4815 = DIRECTION ( 'NONE',  ( 0.000000000000000000, 0.000000000000000000, 1.000000000000000000 ) ) ;
#4816 = ORIENTED_EDGE ( 'NONE', *, *, #8755, .T. ) ;
#4817 = CIRCLE ( 'NONE', #886, 1.499999999999996891 ) ;
#4818 = EDGE_CURVE ( 'NONE', #1217, #1239, #4206, .T. ) ;
#4819 = ORIENTED_EDGE ( 'NONE', *, *, #2378, .T. ) ;
#4820 = DIRECTION ( 'NONE',  ( 0.9578262852211842926, 0.000000000000000000, -0.2873478855662358056 ) ) ;
#4821 = DIRECTION ( 'NONE',  ( 0.000000000000000000, 0.000000000000000000, 1.000000000000000000 ) ) ;
#4822 = VECTOR ( 'NONE', #1848, 1000.000000000000000 ) ;
#4823 = VECTOR ( 'NONE', #4680, 1000.000000000000000 ) ;
#4824 = CARTESIAN_POINT ( 'NONE',  ( 2.000000000000007105, 2.500000000000000000, 50.49999999999999289 ) ) ;
#4825 = CARTESIAN_POINT ( 'NONE',  ( 81.58112528401703401, 2.500000000000000000, 54.89030745148533441 ) ) ;
#4826 = DIRECTION ( 'NONE',  ( 0.6094479425782468596, -0.000000000000000000, 0.7928260876681229030 ) ) ;
#4827 = EDGE_LOOP ( 'NONE', ( #7380, #5065, #7764, #4800 ) ) ;
#4828 = ADVANCED_FACE ( 'NONE', ( #1175 ), #2877, .F. ) ;
#4829 = CARTESIAN_POINT ( 'NONE',  ( 76.84367829654500781, -3.500000000000000000, 30.64478518174480115 ) ) ;
#4830 = CIRCLE ( 'NONE', #9316, 1.499999999999994449 ) ;
#4831 = ORIENTED_EDGE ( 'NONE', *, *, #1908, .F. ) ;
#4832 = FACE_OUTER_BOUND ( 'NONE', #8875, .T. ) ;
#4833 = VECTOR ( 'NONE', #1744, 1000.000000000000000 ) ;
#4834 = EDGE_CURVE ( 'NONE', #1239, #252, #6560, .T. ) ;
#4835 = LINE ( 'NONE', #11525, #6998 ) ;
#4836 = ORIENTED_EDGE ( 'NONE', *, *, #462, .T. ) ;
#4837 = ADVANCED_FACE ( 'NONE', ( #4761 ), #2108, .T. ) ;
#4838 = VECTOR ( 'NONE', #10541, 1000.000000000000000 ) ;
#4839 = DIRECTION ( 'NONE',  ( 0.000000000000000000, 0.000000000000000000, 1.000000000000000000 ) ) ;
#4840 = VERTEX_POINT ( 'NONE', #1443 ) ;
#4841 = DIRECTION ( 'NONE',  ( 1.000000000000000000, 0.000000000000000000, 0.000000000000000000 ) ) ;
#4842 = CARTESIAN_POINT ( 'NONE',  ( 74.89424117543212844, -3.500000000000000000, 34.19624887357070264 ) ) ;
#4843 = VECTOR ( 'NONE', #2689, 1000.000000000000000 ) ;
#4844 = EDGE_LOOP ( 'NONE', ( #11289, #65, #9406, #705 ) ) ;
#4845 = CARTESIAN_POINT ( 'NONE',  ( 98.85412195973844973, 2.500000000000000000, 33.99999999999690203 ) ) ;
#4846 = CARTESIAN_POINT ( 'NONE',  ( -33.00000000000000000, 2.500000000000000000, 52.64589803375029220 ) ) ;
#4847 = DIRECTION ( 'NONE',  ( 0.000000000000000000, 0.000000000000000000, 1.000000000000000000 ) ) ;
#4848 = ORIENTED_EDGE ( 'NONE', *, *, #9260, .F. ) ;
#4849 = ORIENTED_EDGE ( 'NONE', *, *, #1119, .F. ) ;
#4850 = DIRECTION ( 'NONE',  ( -0.000000000000000000, -1.000000000000000000, -0.000000000000000000 ) ) ;
#4851 = EDGE_CURVE ( 'NONE', #7884, #11038, #5876, .T. ) ;
#4852 = VERTEX_POINT ( 'NONE', #5026 ) ;
#4853 = AXIS2_PLACEMENT_3D ( 'NONE', #9502, #5052, #8614 ) ;
#4854 = CIRCLE ( 'NONE', #7457, 1.000000000000000888 ) ;
#4855 = EDGE_CURVE ( 'NONE', #3137, #4383, #11296, .T. ) ;
#4856 = CARTESIAN_POINT ( 'NONE',  ( 44.98292804986587612, -3.500000000000000000, -57.99999999999941735 ) ) ;
#4857 = ORIENTED_EDGE ( 'NONE', *, *, #9767, .T. ) ;
#4858 = ORIENTED_EDGE ( 'NONE', *, *, #4933, .T. ) ;
#4859 = VERTEX_POINT ( 'NONE', #8321 ) ;
#4860 = LINE ( 'NONE', #10193, #1179 ) ;
#4861 = CARTESIAN_POINT ( 'NONE',  ( 126.0000000000015490, -3.500000000000000000, -35.99999999999688782 ) ) ;
#4862 = ORIENTED_EDGE ( 'NONE', *, *, #10412, .F. ) ;
#4863 = DIRECTION ( 'NONE',  ( 0.000000000000000000, 1.000000000000000000, 0.000000000000000000 ) ) ;
#4864 = ORIENTED_EDGE ( 'NONE', *, *, #9207, .T. ) ;
#4865 = EDGE_CURVE ( 'NONE', #11343, #9411, #8588, .T. ) ;
#4866 = FACE_OUTER_BOUND ( 'NONE', #2397, .T. ) ;
#4867 = VECTOR ( 'NONE', #751, 1000.000000000000000 ) ;
#4868 = EDGE_CURVE ( 'NONE', #347, #11613, #4146, .T. ) ;
#4869 = ORIENTED_EDGE ( 'NONE', *, *, #4964, .T. ) ;
#4870 = AXIS2_PLACEMENT_3D ( 'NONE', #4195, #2550, #3376 ) ;
#4871 = CYLINDRICAL_SURFACE ( 'NONE', #10779, 1.500000000000001332 ) ;
#4872 = DIRECTION ( 'NONE',  ( 0.000000000000000000, 1.000000000000000000, 0.000000000000000000 ) ) ;
#4873 = LINE ( 'NONE', #1290, #6530 ) ;
#4874 = DIRECTION ( 'NONE',  ( 1.000000000000000000, 0.000000000000000000, 0.000000000000000000 ) ) ;
#4875 = ORIENTED_EDGE ( 'NONE', *, *, #11363, .T. ) ;
#4876 = ORIENTED_EDGE ( 'NONE', *, *, #4245, .F. ) ;
#4877 = VECTOR ( 'NONE', #6860, 1000.000000000000000 ) ;
#4878 = FACE_OUTER_BOUND ( 'NONE', #10130, .T. ) ;
#4879 = DIRECTION ( 'NONE',  ( 0.000000000000000000, 1.000000000000000000, 0.000000000000000000 ) ) ;
#4880 = ADVANCED_FACE ( 'NONE', ( #7711 ), #3276, .T. ) ;
#4881 = ADVANCED_FACE ( 'NONE', ( #10657 ), #1503, .F. ) ;
#4882 = DIRECTION ( 'NONE',  ( 0.000000000000000000, 0.000000000000000000, -1.000000000000000000 ) ) ;
#4883 = EDGE_LOOP ( 'NONE', ( #420, #9233, #11244, #2648 ) ) ;
#4884 = DIRECTION ( 'NONE',  ( 0.000000000000000000, 0.000000000000000000, 1.000000000000000000 ) ) ;
#4885 = CYLINDRICAL_SURFACE ( 'NONE', #603, 1.000000000000000888 ) ;
#4886 = VERTEX_POINT ( 'NONE', #11596 ) ;
#4887 = DIRECTION ( 'NONE',  ( 0.000000000000000000, 1.000000000000000000, 0.000000000000000000 ) ) ;
#4888 = ORIENTED_EDGE ( 'NONE', *, *, #10665, .F. ) ;
#4889 = FACE_OUTER_BOUND ( 'NONE', #7325, .T. ) ;
#4890 = CARTESIAN_POINT ( 'NONE',  ( 126.0000000000015490, -3.500000000000000000, 35.99999999999688782 ) ) ;
#4891 = ORIENTED_EDGE ( 'NONE', *, *, #6934, .F. ) ;
#4892 = ADVANCED_FACE ( 'NONE', ( #7125 ), #2676, .F. ) ;
#4893 = DIRECTION ( 'NONE',  ( -1.000000000000000000, 0.000000000000000000, -1.734723475976806503E-15 ) ) ;
#4894 = VERTEX_POINT ( 'NONE', #2566 ) ;
#4895 = AXIS2_PLACEMENT_3D ( 'NONE', #8737, #2405, #8676 ) ;
#4896 = DIRECTION ( 'NONE',  ( 1.000000000000000000, 0.000000000000000000, 0.000000000000000000 ) ) ;
#4897 = CARTESIAN_POINT ( 'NONE',  ( 50.91266865372425343, -3.500000000000000000, -33.28896383770575085 ) ) ;
#4898 = CIRCLE ( 'NONE', #6951, 5.249999999999991118 ) ;
#4899 = ORIENTED_EDGE ( 'NONE', *, *, #3396, .F. ) ;
#4900 = DIRECTION ( 'NONE',  ( -0.000000000000000000, -1.000000000000000000, -0.000000000000000000 ) ) ;
#4901 = FACE_OUTER_BOUND ( 'NONE', #4723, .T. ) ;
#4902 = CARTESIAN_POINT ( 'NONE',  ( 79.50000000000051159, 2.500000000000000000, -57.24999999999916866 ) ) ;
#4903 = ORIENTED_EDGE ( 'NONE', *, *, #8071, .T. ) ;
#4904 = ORIENTED_EDGE ( 'NONE', *, *, #4865, .F. ) ;
#4905 = DIRECTION ( 'NONE',  ( 0.000000000000000000, 1.000000000000000000, 0.000000000000000000 ) ) ;
#4906 = VECTOR ( 'NONE', #4101, 1000.000000000000000 ) ;
#4907 = CIRCLE ( 'NONE', #3783, 6.000000000000001776 ) ;
#4908 = VERTEX_POINT ( 'NONE', #11420 ) ;
#4909 = DIRECTION ( 'NONE',  ( 0.000000000000000000, 0.000000000000000000, 1.000000000000000000 ) ) ;
#4910 = VERTEX_POINT ( 'NONE', #3456 ) ;
#4911 = CYLINDRICAL_SURFACE ( 'NONE', #8997, 1.499999999999994449 ) ;
#4912 = VERTEX_POINT ( 'NONE', #10709 ) ;
#4913 = AXIS2_PLACEMENT_3D ( 'NONE', #9610, #9792, #11611 ) ;
#4914 = LINE ( 'NONE', #8362, #9224 ) ;
#4915 = EDGE_CURVE ( 'NONE', #10041, #7994, #6194, .T. ) ;
#4916 = FACE_OUTER_BOUND ( 'NONE', #10183, .T. ) ;
#4917 = AXIS2_PLACEMENT_3D ( 'NONE', #2625, #8833, #7897 ) ;
#4918 = ORIENTED_EDGE ( 'NONE', *, *, #2609, .T. ) ;
#4919 = CARTESIAN_POINT ( 'NONE',  ( -30.00000000000000355, -3.500000000000000000, 55.99999999999997868 ) ) ;
#4920 = EDGE_CURVE ( 'NONE', #8896, #8584, #2894, .T. ) ;
#4921 = EDGE_LOOP ( 'NONE', ( #11528, #10648, #1684, #11557 ) ) ;
#4922 = CYLINDRICAL_SURFACE ( 'NONE', #11078, 5.249999999999997335 ) ;
#4923 = VECTOR ( 'NONE', #9254, 1000.000000000000000 ) ;
#4924 = DIRECTION ( 'NONE',  ( 0.000000000000000000, 1.000000000000000000, 0.000000000000000000 ) ) ;
#4925 = DIRECTION ( 'NONE',  ( 0.000000000000000000, 0.000000000000000000, -1.000000000000000000 ) ) ;
#4926 = AXIS2_PLACEMENT_3D ( 'NONE', #2059, #5582, #241 ) ;
#4927 = CIRCLE ( 'NONE', #8679, 1.000000000000000888 ) ;
#4928 = CARTESIAN_POINT ( 'NONE',  ( 129.5000000000002274, 2.500000000000000000, -3.233718702666561029 ) ) ;
#4929 = CYLINDRICAL_SURFACE ( 'NONE', #1573, 4.000000000000000000 ) ;
#4930 = EDGE_LOOP ( 'NONE', ( #1754, #7575, #3656, #11166, #2391, #3088, #3637, #3071, #4074, #8027, #6993, #8935 ) ) ;
#4931 = AXIS2_PLACEMENT_3D ( 'NONE', #4727, #8291, #9117 ) ;
#4932 = CARTESIAN_POINT ( 'NONE',  ( 36.48960135530299453, -3.500000000000000000, 59.00000000000000000 ) ) ;
#4933 = EDGE_CURVE ( 'NONE', #6602, #4250, #1954, .T. ) ;
#4934 = ORIENTED_EDGE ( 'NONE', *, *, #11591, .T. ) ;
#4935 = CARTESIAN_POINT ( 'NONE',  ( 127.9005420412504037, 2.500000000000000000, -59.66666666666667140 ) ) ;
#4936 = DIRECTION ( 'NONE',  ( 0.000000000000000000, 0.000000000000000000, 1.000000000000000000 ) ) ;
#4937 = CIRCLE ( 'NONE', #4191, 1.500000000000001332 ) ;
#4938 = AXIS2_PLACEMENT_3D ( 'NONE', #3203, #9297, #11172 ) ;
#4939 = AXIS2_PLACEMENT_3D ( 'NONE', #362, #2229, #8266 ) ;
#4940 = CARTESIAN_POINT ( 'NONE',  ( 80.99728228756691806, -3.500000000000000000, -34.25000000000000000 ) ) ;
#4941 = ORIENTED_EDGE ( 'NONE', *, *, #1849, .T. ) ;
#4942 = CYLINDRICAL_SURFACE ( 'NONE', #3927, 6.000000000000002665 ) ;
#4943 = LINE ( 'NONE', #3064, #5302 ) ;
#4944 = CIRCLE ( 'NONE', #1190, 1.000000000000000888 ) ;
#4945 = ORIENTED_EDGE ( 'NONE', *, *, #2080, .T. ) ;
#4946 = AXIS2_PLACEMENT_3D ( 'NONE', #5543, #10931, #90 ) ;
#4947 = VECTOR ( 'NONE', #61, 1000.000000000000000 ) ;
#4948 = CARTESIAN_POINT ( 'NONE',  ( 126.0000000000015490, -3.500000000000000000, -37.24999999999689493 ) ) ;
#4949 = EDGE_LOOP ( 'NONE', ( #10020, #4126, #2797, #7396 ) ) ;
#4950 = FACE_OUTER_BOUND ( 'NONE', #2320, .T. ) ;
#4951 = ADVANCED_FACE ( 'NONE', ( #8648 ), #7019, .T. ) ;
#4952 = CYLINDRICAL_SURFACE ( 'NONE', #5875, 5.250000000000004441 ) ;
#4953 = ORIENTED_EDGE ( 'NONE', *, *, #4738, .F. ) ;
#4954 = VECTOR ( 'NONE', #11484, 1000.000000000000000 ) ;
#4955 = CARTESIAN_POINT ( 'NONE',  ( 74.55824046833656382, -3.500000000000000000, 35.13811060696434652 ) ) ;
#4956 = ORIENTED_EDGE ( 'NONE', *, *, #3285, .F. ) ;
#4957 = LINE ( 'NONE', #6757, #10845 ) ;
#4958 = CARTESIAN_POINT ( 'NONE',  ( 132.0000000000000000, 2.500000000000000000, -56.00000000000000711 ) ) ;
#4959 = ORIENTED_EDGE ( 'NONE', *, *, #1667, .F. ) ;
#4960 = FACE_OUTER_BOUND ( 'NONE', #9367, .T. ) ;
#4961 = DIRECTION ( 'NONE',  ( 0.000000000000000000, -1.000000000000000000, 0.000000000000000000 ) ) ;
#4962 = ADVANCED_FACE ( 'NONE', ( #625 ), #10474, .F. ) ;
#4963 = DIRECTION ( 'NONE',  ( 1.000000000000000000, 0.000000000000000000, -0.000000000000000000 ) ) ;
#4964 = EDGE_CURVE ( 'NONE', #5655, #4018, #1566, .T. ) ;
#4965 = ORIENTED_EDGE ( 'NONE', *, *, #11033, .F. ) ;
#4966 = EDGE_LOOP ( 'NONE', ( #5319, #5929 ) ) ;
#4967 = DIRECTION ( 'NONE',  ( 0.000000000000000000, 0.000000000000000000, 1.000000000000000000 ) ) ;
#4968 = AXIS2_PLACEMENT_3D ( 'NONE', #1994, #1174, #2934 ) ;
#4969 = ORIENTED_EDGE ( 'NONE', *, *, #11311, .T. ) ;
#4970 = DIRECTION ( 'NONE',  ( 0.000000000000000000, 1.000000000000000000, 0.000000000000000000 ) ) ;
#4971 = ORIENTED_EDGE ( 'NONE', *, *, #2408, .T. ) ;
#4972 = FACE_OUTER_BOUND ( 'NONE', #2996, .T. ) ;
#4973 = VERTEX_POINT ( 'NONE', #9715 ) ;
#4974 = CARTESIAN_POINT ( 'NONE',  ( -21.49999999999999645, -3.500000000000000000, -11.00000000000000178 ) ) ;
#4975 = FACE_OUTER_BOUND ( 'NONE', #39, .T. ) ;
#4976 = DIRECTION ( 'NONE',  ( 0.000000000000000000, 1.000000000000000000, 0.000000000000000000 ) ) ;
#4977 = ORIENTED_EDGE ( 'NONE', *, *, #5389, .F. ) ;
#4978 = DIRECTION ( 'NONE',  ( 0.000000000000000000, 1.000000000000000000, 0.000000000000000000 ) ) ;
#4979 = CARTESIAN_POINT ( 'NONE',  ( 24.37500000000000355, -3.500000000000000000, 5.000000000000003553 ) ) ;
#4980 = DIRECTION ( 'NONE',  ( 0.000000000000000000, 0.000000000000000000, 1.000000000000000000 ) ) ;
#4981 = EDGE_CURVE ( 'NONE', #950, #5076, #3565, .T. ) ;
#4982 = ORIENTED_EDGE ( 'NONE', *, *, #1096, .T. ) ;
#4983 = LINE ( 'NONE', #7852, #9576 ) ;
#4984 = CARTESIAN_POINT ( 'NONE',  ( 87.16033774973936943, 2.500000000000000000, -30.68756441539336777 ) ) ;
#4985 = EDGE_LOOP ( 'NONE', ( #1830, #8735 ) ) ;
#4986 = LINE ( 'NONE', #8276, #9195 ) ;
#4987 = ORIENTED_EDGE ( 'NONE', *, *, #6920, .T. ) ;
#4988 = DIRECTION ( 'NONE',  ( 0.9418617333936458724, 0.000000000000000000, -0.3360007070955604580 ) ) ;
#4989 = CYLINDRICAL_SURFACE ( 'NONE', #3596, 1.000000000000000888 ) ;
#4990 = EDGE_CURVE ( 'NONE', #5952, #5775, #9660, .T. ) ;
#4991 = ADVANCED_FACE ( 'NONE', ( #9774 ), #1746, .T. ) ;
#4992 = CYLINDRICAL_SURFACE ( 'NONE', #3452, 5.499999999999998224 ) ;
#4993 = ORIENTED_EDGE ( 'NONE', *, *, #1757, .T. ) ;
#4994 = DIRECTION ( 'NONE',  ( 1.000000000000000000, 0.000000000000000000, 0.000000000000000000 ) ) ;
#4995 = LINE ( 'NONE', #3181, #2856 ) ;
#4996 = ORIENTED_EDGE ( 'NONE', *, *, #675, .T. ) ;
#4997 = DIRECTION ( 'NONE',  ( 0.000000000000000000, 1.000000000000000000, 0.000000000000000000 ) ) ;
#4998 = ORIENTED_EDGE ( 'NONE', *, *, #9723, .T. ) ;
#4999 = DIRECTION ( 'NONE',  ( 0.000000000000000000, 1.000000000000000000, 0.000000000000000000 ) ) ;
#5000 = AXIS2_PLACEMENT_3D ( 'NONE', #10766, #7284, #967 ) ;
#5001 = LINE ( 'NONE', #8694, #1948 ) ;
#5002 = VECTOR ( 'NONE', #9544, 1000.000000000000000 ) ;
#5003 = VERTEX_POINT ( 'NONE', #1689 ) ;
#5004 = FACE_OUTER_BOUND ( 'NONE', #3524, .T. ) ;
#5005 = LINE ( 'NONE', #669, #4563 ) ;
#5006 = EDGE_LOOP ( 'NONE', ( #9183, #1502, #1675, #11441 ) ) ;
#5007 = EDGE_CURVE ( 'NONE', #6642, #10453, #540, .T. ) ;
#5008 = CIRCLE ( 'NONE', #7436, 1.000000000000000888 ) ;
#5009 = DIRECTION ( 'NONE',  ( -0.000000000000000000, 1.000000000000000000, -0.000000000000000000 ) ) ;
#5010 = DIRECTION ( 'NONE',  ( 0.000000000000000000, 1.000000000000000000, 0.000000000000000000 ) ) ;
#5011 = ORIENTED_EDGE ( 'NONE', *, *, #9340, .F. ) ;
#5012 = CARTESIAN_POINT ( 'NONE',  ( -27.37499999999999645, 2.500000000000000000, 13.79999999999997939 ) ) ;
#5013 = DIRECTION ( 'NONE',  ( 1.000000000000000000, 0.000000000000000000, -7.216449660063522246E-15 ) ) ;
#5014 = PLANE ( 'NONE',  #5097 ) ;
#5015 = DIRECTION ( 'NONE',  ( -0.000000000000000000, -1.000000000000000000, -0.000000000000000000 ) ) ;
#5016 = EDGE_LOOP ( 'NONE', ( #1328, #1470, #7425, #4212 ) ) ;
#5017 = ORIENTED_EDGE ( 'NONE', *, *, #7863, .T. ) ;
#5018 = DIRECTION ( 'NONE',  ( 0.000000000000000000, 0.000000000000000000, 1.000000000000000000 ) ) ;
#5019 = VECTOR ( 'NONE', #4673, 1000.000000000000000 ) ;
#5020 = ORIENTED_EDGE ( 'NONE', *, *, #2406, .T. ) ;
#5021 = ADVANCED_FACE ( 'NONE', ( #750 ), #8894, .T. ) ;
#5022 = DIRECTION ( 'NONE',  ( 0.000000000000000000, 0.000000000000000000, -1.000000000000000000 ) ) ;
#5023 = CIRCLE ( 'NONE', #6543, 1.000000000000000888 ) ;
#5024 = ORIENTED_EDGE ( 'NONE', *, *, #10968, .T. ) ;
#5025 = ADVANCED_FACE ( 'NONE', ( #809 ), #7957, .T. ) ;
#5026 = CARTESIAN_POINT ( 'NONE',  ( 75.78127226243331904, 2.500000000000000000, 59.70588235294136581 ) ) ;
#5027 = CARTESIAN_POINT ( 'NONE',  ( 44.98292804986584059, -3.500000000000000000, 52.99999999999941025 ) ) ;
#5028 = ORIENTED_EDGE ( 'NONE', *, *, #643, .T. ) ;
#5029 = DIRECTION ( 'NONE',  ( -1.000000000000000000, 0.000000000000000000, -0.000000000000000000 ) ) ;
#5030 = CARTESIAN_POINT ( 'NONE',  ( 26.37500000000000355, -3.500000000000000000, 14.00000000000000533 ) ) ;
#5031 = CARTESIAN_POINT ( 'NONE',  ( -28.70982142857141994, 2.500000000000000000, 21.50000000000000711 ) ) ;
#5032 = ORIENTED_EDGE ( 'NONE', *, *, #10440, .F. ) ;
#5033 = CIRCLE ( 'NONE', #9519, 1.499999999999996891 ) ;
#5034 = CARTESIAN_POINT ( 'NONE',  ( -27.88348565673954127, -3.500000000000000000, -25.13002623698856652 ) ) ;
#5035 = CARTESIAN_POINT ( 'NONE',  ( -28.87463609921741892, -3.500000000000000000, -24.99728287415670636 ) ) ;
#5036 = DIRECTION ( 'NONE',  ( 0.000000000000000000, 1.000000000000000000, 0.000000000000000000 ) ) ;
#5037 = EDGE_CURVE ( 'NONE', #1219, #1261, #2023, .T. ) ;
#5038 = VERTEX_POINT ( 'NONE', #8229 ) ;
#5039 = VECTOR ( 'NONE', #7679, 1000.000000000000227 ) ;
#5040 = EDGE_CURVE ( 'NONE', #10218, #298, #3786, .T. ) ;
#5041 = CARTESIAN_POINT ( 'NONE',  ( -31.86832102514612686, -3.500000000000000000, -50.82705339801412947 ) ) ;
#5042 = LINE ( 'NONE', #767, #6246 ) ;
#5043 = ORIENTED_EDGE ( 'NONE', *, *, #6087, .F. ) ;
#5044 = CYLINDRICAL_SURFACE ( 'NONE', #3589, 1.000000000000000888 ) ;
#5045 = EDGE_LOOP ( 'NONE', ( #7613, #9487, #2079, #6509 ) ) ;
#5046 = DIRECTION ( 'NONE',  ( 0.000000000000000000, -1.000000000000000000, 0.000000000000000000 ) ) ;
#5047 = CARTESIAN_POINT ( 'NONE',  ( 34.01707195013521812, 2.500000000000000000, 57.99999999999948841 ) ) ;
#5048 = VECTOR ( 'NONE', #10282, 1000.000000000000000 ) ;
#5049 = CIRCLE ( 'NONE', #2991, 1.000000000000000888 ) ;
#5050 = CARTESIAN_POINT ( 'NONE',  ( -25.12083890225464700, -3.500000000000000000, -58.53846153846148326 ) ) ;
#5051 = VERTEX_POINT ( 'NONE', #10005 ) ;
#5052 = DIRECTION ( 'NONE',  ( 0.000000000000000000, 1.000000000000000000, 0.000000000000000000 ) ) ;
#5053 = FACE_OUTER_BOUND ( 'NONE', #927, .T. ) ;
#5054 = VECTOR ( 'NONE', #4251, 1000.000000000000000 ) ;
#5055 = VERTEX_POINT ( 'NONE', #1968 ) ;
#5056 = CARTESIAN_POINT ( 'NONE',  ( -33.66666666666666430, -3.500000000000000000, -51.90054204125036108 ) ) ;
#5057 = EDGE_CURVE ( 'NONE', #1529, #6602, #4667, .T. ) ;
#5058 = ORIENTED_EDGE ( 'NONE', *, *, #6783, .T. ) ;
#5059 = CYLINDRICAL_SURFACE ( 'NONE', #11004, 5.499999999999998224 ) ;
#5060 = EDGE_CURVE ( 'NONE', #5273, #6528, #1036, .T. ) ;
#5061 = DIRECTION ( 'NONE',  ( 0.000000000000000000, -1.000000000000000000, -0.000000000000000000 ) ) ;
#5062 = ORIENTED_EDGE ( 'NONE', *, *, #533, .T. ) ;
#5063 = DIRECTION ( 'NONE',  ( 0.000000000000000000, 0.000000000000000000, 1.000000000000000000 ) ) ;
#5064 = LINE ( 'NONE', #6060, #6980 ) ;
#5065 = ORIENTED_EDGE ( 'NONE', *, *, #8585, .T. ) ;
#5066 = CARTESIAN_POINT ( 'NONE',  ( -24.37499999999999645, 2.500000000000000000, 5.000000000000003553 ) ) ;
#5067 = CARTESIAN_POINT ( 'NONE',  ( 125.5000000000002274, -3.500000000000000000, -3.876524617022159003 ) ) ;
#5068 = ORIENTED_EDGE ( 'NONE', *, *, #7726, .F. ) ;
#5069 = EDGE_CURVE ( 'NONE', #1445, #5438, #2228, .T. ) ;
#5070 = CARTESIAN_POINT ( 'NONE',  ( 92.50000000000022737, -3.500000000000000000, -9.000000000001710632 ) ) ;
#5071 = CARTESIAN_POINT ( 'NONE',  ( 45.49728228756692516, -3.500000000000000000, 34.25000000000000000 ) ) ;
#5072 = LINE ( 'NONE', #9704, #10149 ) ;
#5073 = CARTESIAN_POINT ( 'NONE',  ( 89.24999999999995737, 2.500000000000000000, -25.60000000009247145 ) ) ;
#5075 = ORIENTED_EDGE ( 'NONE', *, *, #11595, .F. ) ;
#5074 = EDGE_CURVE ( 'NONE', #136, #3951, #8945, .T. ) ;
#5076 = VERTEX_POINT ( 'NONE', #145 ) ;
#5077 = LINE ( 'NONE', #11475, #10748 ) ;
#5078 = ORIENTED_EDGE ( 'NONE', *, *, #9912, .T. ) ;
#5079 = AXIS2_PLACEMENT_3D ( 'NONE', #6978, #4171, #1409 ) ;
#5080 = CIRCLE ( 'NONE', #1519, 6.000000000000001776 ) ;
#5081 = LINE ( 'NONE', #9530, #5399 ) ;
#5082 = VERTEX_POINT ( 'NONE', #7352 ) ;
#5083 = DIRECTION ( 'NONE',  ( 0.2658170578869502587, 0.000000000000000000, -0.9640234912782601473 ) ) ;
#5084 = DIRECTION ( 'NONE',  ( -0.000000000000000000, -1.000000000000000000, -0.000000000000000000 ) ) ;
#5085 = ORIENTED_EDGE ( 'NONE', *, *, #3499, .F. ) ;
#5086 = CARTESIAN_POINT ( 'NONE',  ( 39.50000000000052580, -3.500000000000000000, -55.99999999999945288 ) ) ;
#5087 = DIRECTION ( 'NONE',  ( 0.000000000000000000, 1.000000000000000000, 0.000000000000000000 ) ) ;
#5088 = FACE_BOUND ( 'NONE', #9572, .T. ) ;
#5089 = VECTOR ( 'NONE', #6798, 1000.000000000000000 ) ;
#5090 = ADVANCED_FACE ( 'NONE', ( #10941 ), #1856, .F. ) ;
#5091 = VERTEX_POINT ( 'NONE', #9837 ) ;
#5092 = VECTOR ( 'NONE', #10132, 1000.000000000000000 ) ;
#5093 = EDGE_CURVE ( 'NONE', #355, #3228, #6171, .T. ) ;
#5094 = CYLINDRICAL_SURFACE ( 'NONE', #970, 1.000000000000000888 ) ;
#5095 = FACE_OUTER_BOUND ( 'NONE', #5380, .T. ) ;
#5096 = DIRECTION ( 'NONE',  ( -0.000000000000000000, -1.000000000000000000, -0.000000000000000000 ) ) ;
#5097 = AXIS2_PLACEMENT_3D ( 'NONE', #8579, #550, #4137 ) ;
#5098 = ORIENTED_EDGE ( 'NONE', *, *, #8647, .F. ) ;
#5099 = CIRCLE ( 'NONE', #40, 5.250000000000004441 ) ;
#5100 = CARTESIAN_POINT ( 'NONE',  ( 85.98105184898074071, 2.500000000000000000, 31.92362063310278586 ) ) ;
#5101 = DIRECTION ( 'NONE',  ( 0.000000000000000000, 1.000000000000000000, 0.000000000000000000 ) ) ;
#5102 = DIRECTION ( 'NONE',  ( -0.000000000000000000, -1.000000000000000000, -0.000000000000000000 ) ) ;
#5103 = EDGE_LOOP ( 'NONE', ( #4296, #2444, #2853, #2085 ) ) ;
#5104 = CARTESIAN_POINT ( 'NONE',  ( 129.6533256012082802, -3.500000000000000000, -55.13795634330070072 ) ) ;
#5105 = EDGE_CURVE ( 'NONE', #3133, #4669, #5436, .T. ) ;
#5106 = ORIENTED_EDGE ( 'NONE', *, *, #1161, .F. ) ;
#5107 = LINE ( 'NONE', #6916, #3438 ) ;
#5108 = VECTOR ( 'NONE', #5450, 1000.000000000000000 ) ;
#5109 = EDGE_CURVE ( 'NONE', #9007, #3507, #2910, .T. ) ;
#5110 = DIRECTION ( 'NONE',  ( -0.1333846237073302854, 0.000000000000000000, 0.9910643481421647083 ) ) ;
#5111 = CIRCLE ( 'NONE', #1743, 5.500000000000001776 ) ;
#5112 = CARTESIAN_POINT ( 'NONE',  ( 95.25000000000153477, -3.500000000000000000, 33.99999999999690203 ) ) ;
#5113 = AXIS2_PLACEMENT_3D ( 'NONE', #1447, #5029, #4803 ) ;
#5114 = VERTEX_POINT ( 'NONE', #9059 ) ;
#5115 = CARTESIAN_POINT ( 'NONE',  ( -24.23371870266458927, 2.500000000000000000, -57.99999999999993605 ) ) ;
#5116 = DIRECTION ( 'NONE',  ( 0.000000000000000000, 1.000000000000000000, 0.000000000000000000 ) ) ;
#5117 = ORIENTED_EDGE ( 'NONE', *, *, #2844, .F. ) ;
#5118 = CARTESIAN_POINT ( 'NONE',  ( 94.00000000000153477, -3.500000000000000000, -35.99999999999690203 ) ) ;
#5119 = VERTEX_POINT ( 'NONE', #10057 ) ;
#5120 = CARTESIAN_POINT ( 'NONE',  ( 94.50000000000022737, -3.500000000000000000, -7.500000000001714184 ) ) ;
#5121 = VECTOR ( 'NONE', #3479, 1000.000000000000114 ) ;
#5122 = AXIS2_PLACEMENT_3D ( 'NONE', #4192, #3493, #4128 ) ;
#5123 = CARTESIAN_POINT ( 'NONE',  ( 93.80258886427044729, 2.500000000000000000, 30.75371285159477708 ) ) ;
#5124 = VECTOR ( 'NONE', #628, 1000.000000000000000 ) ;
#5125 = ORIENTED_EDGE ( 'NONE', *, *, #1603, .F. ) ;
#5126 = CARTESIAN_POINT ( 'NONE',  ( 89.24999999999994316, -3.500000000000000000, 25.60000000009224408 ) ) ;
#5127 = AXIS2_PLACEMENT_3D ( 'NONE', #9686, #1660, #9745 ) ;
#5128 = DIRECTION ( 'NONE',  ( 0.000000000000000000, 1.000000000000000000, 0.000000000000000000 ) ) ;
#5129 = ORIENTED_EDGE ( 'NONE', *, *, #5290, .T. ) ;
#5130 = VECTOR ( 'NONE', #7231, 1000.000000000000000 ) ;
#5131 = AXIS2_PLACEMENT_3D ( 'NONE', #527, #5923, #1411 ) ;
#5132 = EDGE_CURVE ( 'NONE', #7873, #4148, #11417, .T. ) ;
#5133 = DIRECTION ( 'NONE',  ( 0.000000000000000000, 1.000000000000000000, 0.000000000000000000 ) ) ;
#5134 = CARTESIAN_POINT ( 'NONE',  ( -24.37499999999999645, -3.500000000000000000, -5.000000000000003553 ) ) ;
#5135 = VERTEX_POINT ( 'NONE', #9113 ) ;
#5136 = CARTESIAN_POINT ( 'NONE',  ( 129.5000000000002274, -3.500000000000000000, 3.233718702666561029 ) ) ;
#5137 = FACE_OUTER_BOUND ( 'NONE', #10391, .T. ) ;
#5138 = DIRECTION ( 'NONE',  ( 0.000000000000000000, 1.000000000000000000, 0.000000000000000000 ) ) ;
#5139 = ORIENTED_EDGE ( 'NONE', *, *, #8098, .F. ) ;
#5140 = CARTESIAN_POINT ( 'NONE',  ( 29.30818464227683151, -3.500000000000000000, -8.415214383491042227 ) ) ;
#5141 = ORIENTED_EDGE ( 'NONE', *, *, #7087, .F. ) ;
#5142 = VERTEX_POINT ( 'NONE', #1090 ) ;
#5143 = CARTESIAN_POINT ( 'NONE',  ( 61.17303757665695940, 2.500000000000000000, 30.36305979348978923 ) ) ;
#5144 = VECTOR ( 'NONE', #3309, 1000.000000000000000 ) ;
#5145 = CIRCLE ( 'NONE', #7750, 1.000000000000000888 ) ;
#5146 = ORIENTED_EDGE ( 'NONE', *, *, #9770, .F. ) ;
#5147 = EDGE_CURVE ( 'NONE', #3014, #10218, #9173, .T. ) ;
#5148 = VECTOR ( 'NONE', #206, 1000.000000000000000 ) ;
#5149 = ADVANCED_FACE ( 'NONE', ( #4552 ), #3846, .F. ) ;
#5150 = DIRECTION ( 'NONE',  ( -0.000000000000000000, -1.000000000000000000, -0.000000000000000000 ) ) ;
#5151 = ORIENTED_EDGE ( 'NONE', *, *, #9141, .T. ) ;
#5152 = EDGE_CURVE ( 'NONE', #1143, #1799, #9942, .T. ) ;
#5153 = DIRECTION ( 'NONE',  ( -0.000000000000000000, -0.000000000000000000, 1.000000000000000000 ) ) ;
#5154 = CARTESIAN_POINT ( 'NONE',  ( 75.54886228667969306, -3.500000000000000000, 35.00147820589290859 ) ) ;
#5155 = ORIENTED_EDGE ( 'NONE', *, *, #7662, .T. ) ;
#5156 = FACE_OUTER_BOUND ( 'NONE', #4527, .T. ) ;
#5157 = CARTESIAN_POINT ( 'NONE',  ( 56.74999999999997868, 2.500000000000000000, -25.60000000009224763 ) ) ;
#5158 = CARTESIAN_POINT ( 'NONE',  ( 56.74999999999997868, -3.500000000000000000, 24.10000000009224053 ) ) ;
#5159 = VECTOR ( 'NONE', #8970, 1000.000000000000000 ) ;
#5160 = VERTEX_POINT ( 'NONE', #1801 ) ;
#5161 = FACE_OUTER_BOUND ( 'NONE', #8943, .T. ) ;
#5162 = DIRECTION ( 'NONE',  ( 0.000000000000000000, 1.000000000000000000, 0.000000000000000000 ) ) ;
#5163 = DIRECTION ( 'NONE',  ( 0.000000000000000000, 0.000000000000000000, 1.000000000000000000 ) ) ;
#5164 = CIRCLE ( 'NONE', #7579, 6.000000000000001776 ) ;
#5165 = VERTEX_POINT ( 'NONE', #5377 ) ;
#5166 = EDGE_CURVE ( 'NONE', #1890, #6681, #3368, .T. ) ;
#5167 = CARTESIAN_POINT ( 'NONE',  ( 94.00000000000153477, -3.500000000000000000, -35.99999999999690203 ) ) ;
#5168 = DIRECTION ( 'NONE',  ( 0.000000000000000000, 1.000000000000000000, 0.000000000000000000 ) ) ;
#5169 = DIRECTION ( 'NONE',  ( -0.000000000000000000, -1.000000000000000000, -0.000000000000000000 ) ) ;
#5170 = ORIENTED_EDGE ( 'NONE', *, *, #3779, .T. ) ;
#5171 = DIRECTION ( 'NONE',  ( 0.000000000000000000, 1.000000000000000000, 0.000000000000000000 ) ) ;
#5172 = ORIENTED_EDGE ( 'NONE', *, *, #2530, .T. ) ;
#5173 = ORIENTED_EDGE ( 'NONE', *, *, #360, .T. ) ;
#5174 = CARTESIAN_POINT ( 'NONE',  ( 51.28783641408370642, 2.500000000000000000, -32.32140390234776106 ) ) ;
#5175 = CARTESIAN_POINT ( 'NONE',  ( -30.00000000000000355, -3.500000000000000000, -54.49999999999997868 ) ) ;
#5176 = EDGE_CURVE ( 'NONE', #3327, #8928, #7849, .T. ) ;
#5177 = DIRECTION ( 'NONE',  ( 0.000000000000000000, 1.000000000000000000, 0.000000000000000000 ) ) ;
#5178 = EDGE_CURVE ( 'NONE', #6104, #4418, #4113, .T. ) ;
#5179 = ORIENTED_EDGE ( 'NONE', *, *, #4207, .F. ) ;
#5180 = DIRECTION ( 'NONE',  ( -0.000000000000000000, -1.000000000000000000, -0.000000000000000000 ) ) ;
#5181 = CARTESIAN_POINT ( 'NONE',  ( 84.98292804986539295, 2.500000000000000000, 58.99999999999999289 ) ) ;
#5182 = VERTEX_POINT ( 'NONE', #7465 ) ;
#5183 = CARTESIAN_POINT ( 'NONE',  ( -22.62499999999999645, 2.500000000000000000, -16.00000000000000711 ) ) ;
#5184 = VERTEX_POINT ( 'NONE', #8402 ) ;
#5185 = DIRECTION ( 'NONE',  ( 0.000000000000000000, 0.000000000000000000, 1.000000000000000000 ) ) ;
#5186 = CARTESIAN_POINT ( 'NONE',  ( -28.57412527334259167, -3.500000000000000000, -0.7142857142857141906 ) ) ;
#5187 = ORIENTED_EDGE ( 'NONE', *, *, #4606, .F. ) ;
#5188 = DIRECTION ( 'NONE',  ( 0.000000000000000000, 0.000000000000000000, 1.000000000000000000 ) ) ;
#5189 = CARTESIAN_POINT ( 'NONE',  ( 135.6666666666666856, -3.500000000000000000, -51.90054204125040371 ) ) ;
#5190 = ORIENTED_EDGE ( 'NONE', *, *, #2331, .F. ) ;
#5191 = ADVANCED_FACE ( 'NONE', ( #3898 ), #11050, .F. ) ;
#5192 = DIRECTION ( 'NONE',  ( -0.000000000000000000, -1.000000000000000000, -0.000000000000000000 ) ) ;
#5193 = FACE_OUTER_BOUND ( 'NONE', #5103, .T. ) ;
#5194 = VERTEX_POINT ( 'NONE', #11164 ) ;
#5195 = ADVANCED_FACE ( 'NONE', ( #2247 ), #3016, .T. ) ;
#5196 = CARTESIAN_POINT ( 'NONE',  ( 82.51039864469777285, -3.500000000000000000, 60.00000000000000000 ) ) ;
#5197 = CARTESIAN_POINT ( 'NONE',  ( 92.50000000000022737, -3.500000000000000000, 9.000000000001710632 ) ) ;
#5198 = CARTESIAN_POINT ( 'NONE',  ( -30.99999999999997158, -3.500000000000000000, 60.00000000000000000 ) ) ;
#5199 = ORIENTED_EDGE ( 'NONE', *, *, #1569, .T. ) ;
#5200 = CARTESIAN_POINT ( 'NONE',  ( 51.28783641408370642, 2.500000000000000000, 32.32140390234776106 ) ) ;
#5201 = ORIENTED_EDGE ( 'NONE', *, *, #4653, .F. ) ;
#5202 = ORIENTED_EDGE ( 'NONE', *, *, #1067, .F. ) ;
#5203 = DIRECTION ( 'NONE',  ( 0.000000000000000000, 0.000000000000000000, 1.000000000000000000 ) ) ;
#5204 = ADVANCED_FACE ( 'NONE', ( #544 ), #9231, .F. ) ;
#5205 = ORIENTED_EDGE ( 'NONE', *, *, #10588, .F. ) ;
#5206 = VECTOR ( 'NONE', #1494, 1000.000000000000000 ) ;
#5207 = CARTESIAN_POINT ( 'NONE',  ( 93.47833594191118323, -3.500000000000000000, -14.41228775886719227 ) ) ;
#5208 = ORIENTED_EDGE ( 'NONE', *, *, #3826, .F. ) ;
#5209 = CIRCLE ( 'NONE', #1650, 1.499999999999996891 ) ;
#5210 = CARTESIAN_POINT ( 'NONE',  ( 76.48960135530326454, -3.500000000000000000, -59.00000000000000000 ) ) ;
#5211 = DIRECTION ( 'NONE',  ( 0.000000000000000000, 1.000000000000000000, 0.000000000000000000 ) ) ;
#5212 = ORIENTED_EDGE ( 'NONE', *, *, #3884, .F. ) ;
#5213 = DIRECTION ( 'NONE',  ( -0.000000000000000000, -1.000000000000000000, -0.000000000000000000 ) ) ;
#5214 = CARTESIAN_POINT ( 'NONE',  ( 79.50000000000051159, 2.500000000000000000, -55.99999999999916866 ) ) ;
#5215 = CARTESIAN_POINT ( 'NONE',  ( 92.50000000000022737, 2.500000000000000000, -9.000000000001710632 ) ) ;
#5216 = ADVANCED_FACE ( 'NONE', ( #3194 ), #10170, .F. ) ;
#5217 = CIRCLE ( 'NONE', #2012, 1.500000000000001332 ) ;
#5218 = EDGE_LOOP ( 'NONE', ( #2134, #8719, #1482, #10897 ) ) ;
#5219 = EDGE_CURVE ( 'NONE', #11506, #7289, #4957, .T. ) ;
#5220 = CYLINDRICAL_SURFACE ( 'NONE', #11088, 1.000000000000000888 ) ;
#5221 = DIRECTION ( 'NONE',  ( 0.1327433628318585301, 0.000000000000000000, -0.9911504424778759814 ) ) ;
#5222 = FACE_OUTER_BOUND ( 'NONE', #7813, .T. ) ;
#5223 = ORIENTED_EDGE ( 'NONE', *, *, #10936, .T. ) ;
#5224 = LINE ( 'NONE', #7142, #10538 ) ;
#5225 = DIRECTION ( 'NONE',  ( 0.000000000000000000, 0.000000000000000000, 1.000000000000000000 ) ) ;
#5226 = LINE ( 'NONE', #6912, #251 ) ;
#5227 = VERTEX_POINT ( 'NONE', #6703 ) ;
#5228 = CIRCLE ( 'NONE', #343, 5.500000000000005329 ) ;
#5229 = DIRECTION ( 'NONE',  ( 0.000000000000000000, 0.000000000000000000, 1.000000000000000000 ) ) ;
#5230 = EDGE_CURVE ( 'NONE', #4260, #2400, #10228, .T. ) ;
#5231 = EDGE_LOOP ( 'NONE', ( #5139, #9154, #5883, #3223 ) ) ;
#5232 = FACE_OUTER_BOUND ( 'NONE', #4737, .T. ) ;
#5233 = EDGE_CURVE ( 'NONE', #6895, #4396, #6587, .T. ) ;
#5234 = DIRECTION ( 'NONE',  ( 0.000000000000000000, 0.000000000000000000, 1.000000000000000000 ) ) ;
#5235 = CIRCLE ( 'NONE', #7272, 5.500000000000005329 ) ;
#5236 = CARTESIAN_POINT ( 'NONE',  ( 82.51039864469777285, 2.500000000000000000, -60.00000000000000000 ) ) ;
#5237 = ORIENTED_EDGE ( 'NONE', *, *, #2906, .F. ) ;
#5238 = CYLINDRICAL_SURFACE ( 'NONE', #11431, 1.000000000000000888 ) ;
#5239 = CARTESIAN_POINT ( 'NONE',  ( 89.24999999999995737, -3.500000000000000000, -25.60000000009247145 ) ) ;
#5240 = ORIENTED_EDGE ( 'NONE', *, *, #712, .T. ) ;
#5241 = VERTEX_POINT ( 'NONE', #318 ) ;
#5242 = AXIS2_PLACEMENT_3D ( 'NONE', #10341, #3135, #3956 ) ;
#5243 = CARTESIAN_POINT ( 'NONE',  ( -24.37499999999999645, -3.500000000000000000, 12.00000000000000533 ) ) ;
#5244 = CIRCLE ( 'NONE', #1461, 1.250000000000001110 ) ;
#5245 = ADVANCED_FACE ( 'NONE', ( #1315 ), #431, .F. ) ;
#5246 = CARTESIAN_POINT ( 'NONE',  ( 132.0000000000000000, -3.500000000000000000, 57.50000000000000000 ) ) ;
#5247 = EDGE_CURVE ( 'NONE', #7640, #6585, #173, .T. ) ;
#5248 = ORIENTED_EDGE ( 'NONE', *, *, #7383, .T. ) ;
#5249 = CARTESIAN_POINT ( 'NONE',  ( 61.50903828375251692, -3.500000000000000000, 29.42119806009614180 ) ) ;
#5250 = ORIENTED_EDGE ( 'NONE', *, *, #10497, .T. ) ;
#5251 = LINE ( 'NONE', #2827, #1695 ) ;
#5252 = LINE ( 'NONE', #3377, #11594 ) ;
#5253 = ORIENTED_EDGE ( 'NONE', *, *, #1722, .T. ) ;
#5254 = DIRECTION ( 'NONE',  ( 0.000000000000000000, 1.000000000000000000, 0.000000000000000000 ) ) ;
#5255 = PLANE ( 'NONE',  #8303 ) ;
#5256 = CARTESIAN_POINT ( 'NONE',  ( 39.50000000000052580, -3.500000000000000000, 55.99999999999945288 ) ) ;
#5257 = EDGE_LOOP ( 'NONE', ( #2084, #1457 ) ) ;
#5258 = CARTESIAN_POINT ( 'NONE',  ( 84.10565956188700909, -3.500000000000000000, -58.51999999999985391 ) ) ;
#5259 = ORIENTED_EDGE ( 'NONE', *, *, #7252, .T. ) ;
#5260 = EDGE_LOOP ( 'NONE', ( #2145, #10671, #9473, #9762 ) ) ;
#5261 = DIRECTION ( 'NONE',  ( -0.000000000000000000, -1.000000000000000000, -0.000000000000000000 ) ) ;
#5262 = EDGE_CURVE ( 'NONE', #4894, #974, #3082, .T. ) ;
#5263 = ORIENTED_EDGE ( 'NONE', *, *, #6083, .F. ) ;
#5264 = EDGE_CURVE ( 'NONE', #5931, #7573, #10101, .T. ) ;
#5265 = DIRECTION ( 'NONE',  ( 0.000000000000000000, -1.000000000000000000, 0.000000000000000000 ) ) ;
#5266 = ORIENTED_EDGE ( 'NONE', *, *, #9222, .F. ) ;
#5267 = CARTESIAN_POINT ( 'NONE',  ( 82.21710956236549350, -3.500000000000000000, 36.43220563184532068 ) ) ;
#5268 = DIRECTION ( 'NONE',  ( -0.000000000000000000, -1.000000000000000000, -0.000000000000000000 ) ) ;
#5269 = ORIENTED_EDGE ( 'NONE', *, *, #2782, .F. ) ;
#5270 = DIRECTION ( 'NONE',  ( 0.000000000000000000, 1.000000000000000000, 0.000000000000000000 ) ) ;
#5271 = DIRECTION ( 'NONE',  ( -1.000000000000000000, 0.000000000000000000, 0.000000000000000000 ) ) ;
#5272 = CARTESIAN_POINT ( 'NONE',  ( 132.0000000000000000, -3.500000000000000000, 57.50000000000000000 ) ) ;
#5273 = VERTEX_POINT ( 'NONE', #11111 ) ;
#5274 = CARTESIAN_POINT ( 'NONE',  ( 83.47978033629502193, -3.500000000000000000, -34.54530228251934432 ) ) ;
#5275 = LINE ( 'NONE', #6203, #9125 ) ;
#5276 = CARTESIAN_POINT ( 'NONE',  ( 80.75000000000051159, -3.500000000000000000, 53.99999999999998579 ) ) ;
#5277 = EDGE_CURVE ( 'NONE', #4441, #7894, #1426, .T. ) ;
#5278 = VERTEX_POINT ( 'NONE', #9288 ) ;
#5279 = EDGE_CURVE ( 'NONE', #8901, #4145, #11609, .T. ) ;
#5280 = DIRECTION ( 'NONE',  ( -0.2873478855662357501, 0.000000000000000000, -0.9578262852211841816 ) ) ;
#5281 = LINE ( 'NONE', #993, #6209 ) ;
#5282 = CARTESIAN_POINT ( 'NONE',  ( 37.90422433980270256, -3.500000000000000000, -54.26333652012772291 ) ) ;
#5283 = AXIS2_PLACEMENT_3D ( 'NONE', #8547, #7671, #7342 ) ;
#5284 = ORIENTED_EDGE ( 'NONE', *, *, #5359, .F. ) ;
#5285 = LINE ( 'NONE', #884, #1900 ) ;
#5286 = VERTEX_POINT ( 'NONE', #11277 ) ;
#5287 = FACE_BOUND ( 'NONE', #2102, .T. ) ;
#5288 = VECTOR ( 'NONE', #6214, 1000.000000000000000 ) ;
#5289 = CIRCLE ( 'NONE', #2466, 1.499999999999996891 ) ;
#5290 = EDGE_CURVE ( 'NONE', #7388, #2623, #10115, .T. ) ;
#5291 = ADVANCED_FACE ( 'NONE', ( #11529 ), #10458, .T. ) ;
#5292 = DIRECTION ( 'NONE',  ( 0.000000000000000000, 0.000000000000000000, 1.000000000000000000 ) ) ;
#5294 = EDGE_CURVE ( 'NONE', #11613, #7018, #1729, .T. ) ;
#5293 = VERTEX_POINT ( 'NONE', #3496 ) ;
#5295 = DIRECTION ( 'NONE',  ( 1.000000000000000000, 0.000000000000000000, 0.000000000000000000 ) ) ;
#5296 = FACE_OUTER_BOUND ( 'NONE', #2297, .T. ) ;
#5297 = EDGE_LOOP ( 'NONE', ( #2186, #2917, #11056, #7365 ) ) ;
#5298 = CIRCLE ( 'NONE', #9786, 1.000000000000000888 ) ;
#5299 = VERTEX_POINT ( 'NONE', #605 ) ;
#5300 = AXIS2_PLACEMENT_3D ( 'NONE', #1694, #2009, #5271 ) ;
#5301 = CARTESIAN_POINT ( 'NONE',  ( -21.49999999999999645, -3.500000000000000000, 10.26634360823522840 ) ) ;
#5302 = VECTOR ( 'NONE', #8559, 1000.000000000000000 ) ;
#5303 = CYLINDRICAL_SURFACE ( 'NONE', #1721, 5.499999999999998224 ) ;
#5304 = ORIENTED_EDGE ( 'NONE', *, *, #295, .T. ) ;
#5305 = VECTOR ( 'NONE', #8076, 1000.000000000000000 ) ;
#5306 = CARTESIAN_POINT ( 'NONE',  ( 44.98292804986587612, -3.500000000000000000, 57.99999999999941735 ) ) ;
#5307 = ORIENTED_EDGE ( 'NONE', *, *, #3908, .F. ) ;
#5308 = CARTESIAN_POINT ( 'NONE',  ( 37.90422433980270256, 2.500000000000000000, -54.26333652012772291 ) ) ;
#5309 = DIRECTION ( 'NONE',  ( -0.000000000000000000, 1.000000000000000000, -0.000000000000000000 ) ) ;
#5310 = ORIENTED_EDGE ( 'NONE', *, *, #7270, .T. ) ;
#5311 = EDGE_CURVE ( 'NONE', #258, #9986, #1614, .T. ) ;
#5312 = VECTOR ( 'NONE', #4309, 1000.000000000000000 ) ;
#5313 = CARTESIAN_POINT ( 'NONE',  ( 46.64745459439107123, 2.500000000000000000, 39.62839229367055793 ) ) ;
#5314 = DIRECTION ( 'NONE',  ( 0.2658170578869502587, 0.000000000000000000, 0.9640234912782601473 ) ) ;
#5315 = CARTESIAN_POINT ( 'NONE',  ( 85.80820683080756339, 2.500000000000000000, -36.91552153231685907 ) ) ;
#5316 = EDGE_LOOP ( 'NONE', ( #11157, #1558, #7312, #5849 ) ) ;
#5317 = DIRECTION ( 'NONE',  ( 0.000000000000000000, 1.000000000000000000, 0.000000000000000000 ) ) ;
#5318 = VECTOR ( 'NONE', #3960, 1000.000000000000000 ) ;
#5319 = ORIENTED_EDGE ( 'NONE', *, *, #4390, .T. ) ;
#5320 = CARTESIAN_POINT ( 'NONE',  ( -27.33759176332126017, -3.500000000000000000, -51.18735183279876821 ) ) ;
#5321 = CIRCLE ( 'NONE', #1937, 5.500000000000005329 ) ;
#5322 = EDGE_LOOP ( 'NONE', ( #9414, #6443, #1163, #8170 ) ) ;
#5323 = CIRCLE ( 'NONE', #9425, 1.250000000000001110 ) ;
#5324 = VECTOR ( 'NONE', #1186, 1000.000000000000000 ) ;
#5325 = DIRECTION ( 'NONE',  ( 0.06867802390884975017, 0.000000000000000000, -0.9976388770652312443 ) ) ;
#5326 = EDGE_LOOP ( 'NONE', ( #9535, #6365, #4215, #9944 ) ) ;
#5327 = AXIS2_PLACEMENT_3D ( 'NONE', #11347, #1551, #9579 ) ;
#5328 = CIRCLE ( 'NONE', #2517, 5.249999999999991118 ) ;
#5329 = EDGE_CURVE ( 'NONE', #10449, #10064, #10470, .T. ) ;
#5330 = CARTESIAN_POINT ( 'NONE',  ( -31.00000000000000355, 2.500000000000000000, -56.99999999999998579 ) ) ;
#5331 = DIRECTION ( 'NONE',  ( 0.9984603532054145969, -0.000000000000000000, 0.05547001962248444829 ) ) ;
#5332 = ORIENTED_EDGE ( 'NONE', *, *, #8294, .T. ) ;
#5333 = EDGE_CURVE ( 'NONE', #8391, #8455, #359, .T. ) ;
#5334 = DIRECTION ( 'NONE',  ( 0.000000000000000000, 0.000000000000000000, -1.000000000000000000 ) ) ;
#5335 = CARTESIAN_POINT ( 'NONE',  ( 80.99728228756691806, -3.500000000000000000, 34.25000000000000000 ) ) ;
#5336 = FACE_BOUND ( 'NONE', #8475, .T. ) ;
#5337 = AXIS2_PLACEMENT_3D ( 'NONE', #596, #7327, #2823 ) ;
#5338 = CIRCLE ( 'NONE', #79, 1.000000000000000888 ) ;
#5339 = ORIENTED_EDGE ( 'NONE', *, *, #9752, .T. ) ;
#5340 = AXIS2_PLACEMENT_3D ( 'NONE', #3835, #7397, #3775 ) ;
#5341 = CARTESIAN_POINT ( 'NONE',  ( 56.74999999999997868, -3.500000000000000000, -25.60000000009224763 ) ) ;
#5342 = CARTESIAN_POINT ( 'NONE',  ( 126.2337187026645893, 2.500000000000000000, -57.99999999999998579 ) ) ;
#5343 = CARTESIAN_POINT ( 'NONE',  ( 133.0000000000000000, 2.500000000000000000, -56.99999999999999289 ) ) ;
#5344 = EDGE_LOOP ( 'NONE', ( #11041, #6842, #9197, #10909 ) ) ;
#5345 = DIRECTION ( 'NONE',  ( -0.000000000000000000, -1.000000000000000000, -0.000000000000000000 ) ) ;
#5346 = LINE ( 'NONE', #11612, #3218 ) ;
#5347 = VERTEX_POINT ( 'NONE', #5999 ) ;
#5348 = CARTESIAN_POINT ( 'NONE',  ( -24.37499999999999645, -3.500000000000000000, -7.000000000000006217 ) ) ;
#5349 = EDGE_LOOP ( 'NONE', ( #8413, #1719, #1292, #3612 ) ) ;
#5350 = DIRECTION ( 'NONE',  ( 1.000000000000000000, 0.000000000000000000, 0.000000000000000000 ) ) ;
#5351 = EDGE_CURVE ( 'NONE', #9747, #4427, #4301, .T. ) ;
#5352 = AXIS2_PLACEMENT_3D ( 'NONE', #8199, #3817, #10903 ) ;
#5353 = CARTESIAN_POINT ( 'NONE',  ( 127.5000000000002274, 2.500000000000000000, -9.000000000001953993 ) ) ;
#5354 = DIRECTION ( 'NONE',  ( 0.000000000000000000, 1.000000000000000000, 0.000000000000000000 ) ) ;
#5355 = CARTESIAN_POINT ( 'NONE',  ( 74.01707195013517548, 2.500000000000000000, 52.99999999999920419 ) ) ;
#5356 = ORIENTED_EDGE ( 'NONE', *, *, #10620, .F. ) ;
#5357 = ORIENTED_EDGE ( 'NONE', *, *, #7160, .T. ) ;
#5358 = CARTESIAN_POINT ( 'NONE',  ( 125.2188800135601525, -3.500000000000000000, 14.00464700128622475 ) ) ;
#5359 = EDGE_CURVE ( 'NONE', #8302, #10309, #2999, .T. ) ;
#5360 = DIRECTION ( 'NONE',  ( 0.000000000000000000, 1.000000000000000000, 0.000000000000000000 ) ) ;
#5361 = EDGE_CURVE ( 'NONE', #4052, #10534, #7056, .T. ) ;
#5362 = DIRECTION ( 'NONE',  ( 0.000000000000000000, 1.000000000000000000, 0.000000000000000000 ) ) ;
#5363 = ORIENTED_EDGE ( 'NONE', *, *, #10666, .F. ) ;
#5364 = FACE_OUTER_BOUND ( 'NONE', #5904, .T. ) ;
#5365 = ORIENTED_EDGE ( 'NONE', *, *, #5069, .F. ) ;
#5366 = DIRECTION ( 'NONE',  ( 0.2658170578869502587, 0.000000000000000000, 0.9640234912782601473 ) ) ;
#5367 = CARTESIAN_POINT ( 'NONE',  ( 129.4911603522845667, 2.500000000000000000, 40.67699683500194396 ) ) ;
#5368 = DIRECTION ( 'NONE',  ( -0.000000000000000000, 1.000000000000000000, -0.000000000000000000 ) ) ;
#5369 = ORIENTED_EDGE ( 'NONE', *, *, #864, .T. ) ;
#5370 = CARTESIAN_POINT ( 'NONE',  ( 56.74999999999997868, -3.500000000000000000, 25.60000000009224053 ) ) ;
#5371 = EDGE_CURVE ( 'NONE', #2593, #8995, #556, .T. ) ;
#5372 = DIRECTION ( 'NONE',  ( 1.000000000000000000, 0.000000000000000000, 0.000000000000000000 ) ) ;
#5373 = EDGE_CURVE ( 'NONE', #9590, #3278, #7480, .T. ) ;
#5374 = VERTEX_POINT ( 'NONE', #9698 ) ;
#5375 = CARTESIAN_POINT ( 'NONE',  ( 44.11921944836681320, -3.500000000000000000, 28.92543966028971880 ) ) ;
#5376 = VERTEX_POINT ( 'NONE', #10585 ) ;
#5377 = CARTESIAN_POINT ( 'NONE',  ( 83.08694453782732126, -3.500000000000000000, 29.16243558469903974 ) ) ;
#5378 = DIRECTION ( 'NONE',  ( -0.000000000000000000, -1.000000000000000000, -0.000000000000000000 ) ) ;
#5379 = CIRCLE ( 'NONE', #5924, 5.250000000000004441 ) ;
#5380 = EDGE_LOOP ( 'NONE', ( #8912, #1952, #3532, #1047 ) ) ;
#5381 = DIRECTION ( 'NONE',  ( 0.000000000000000000, 0.000000000000000000, 1.000000000000000000 ) ) ;
#5382 = DIRECTION ( 'NONE',  ( 1.000000000000000000, 0.000000000000000000, 0.000000000000000000 ) ) ;
#5383 = DIRECTION ( 'NONE',  ( 0.000000000000000000, 0.000000000000000000, 1.000000000000000000 ) ) ;
#5384 = VERTEX_POINT ( 'NONE', #3315 ) ;
#5385 = EDGE_LOOP ( 'NONE', ( #2736, #5860, #104, #1267 ) ) ;
#5386 = EDGE_CURVE ( 'NONE', #2762, #1820, #8700, .T. ) ;
#5387 = AXIS2_PLACEMENT_3D ( 'NONE', #3962, #276, #11226 ) ;
#5388 = CARTESIAN_POINT ( 'NONE',  ( -28.84167316508822054, 2.500000000000000000, -23.99782629932536793 ) ) ;
#5389 = EDGE_CURVE ( 'NONE', #10786, #1993, #9756, .T. ) ;
#5390 = CIRCLE ( 'NONE', #321, 2.000000000000003109 ) ;
#5391 = LINE ( 'NONE', #8957, #4639 ) ;
#5392 = DIRECTION ( 'NONE',  ( 0.000000000000000000, 1.000000000000000000, 0.000000000000000000 ) ) ;
#5393 = VERTEX_POINT ( 'NONE', #8878 ) ;
#5394 = DIRECTION ( 'NONE',  ( 0.000000000000000000, 0.000000000000000000, -1.000000000000000000 ) ) ;
#5395 = AXIS2_PLACEMENT_3D ( 'NONE', #2598, #10687, #8153 ) ;
#5396 = CARTESIAN_POINT ( 'NONE',  ( 128.6458980337503135, -3.500000000000000000, 59.00000000000000000 ) ) ;
#5397 = ORIENTED_EDGE ( 'NONE', *, *, #11427, .T. ) ;
#5398 = CARTESIAN_POINT ( 'NONE',  ( 93.80258886427044729, 2.500000000000000000, -30.75371285159477708 ) ) ;
#5399 = VECTOR ( 'NONE', #10533, 1000.000000000000000 ) ;
#5400 = ORIENTED_EDGE ( 'NONE', *, *, #7430, .F. ) ;
#5401 = CARTESIAN_POINT ( 'NONE',  ( -33.00000000000000000, -3.500000000000000000, -52.64589803375029220 ) ) ;
#5402 = EDGE_CURVE ( 'NONE', #7478, #9168, #853, .T. ) ;
#5403 = CIRCLE ( 'NONE', #338, 1.499999999999994449 ) ;
#5404 = CARTESIAN_POINT ( 'NONE',  ( 56.74999999999997868, -3.500000000000000000, -24.10000000009224763 ) ) ;
#5405 = EDGE_CURVE ( 'NONE', #1544, #9362, #6120, .T. ) ;
#5406 = LINE ( 'NONE', #9089, #4947 ) ;
#5407 = AXIS2_PLACEMENT_3D ( 'NONE', #761, #1701, #9669 ) ;
#5408 = DIRECTION ( 'NONE',  ( -0.000000000000000000, 1.000000000000000000, -0.000000000000000000 ) ) ;
#5409 = DIRECTION ( 'NONE',  ( 0.000000000000000000, 1.000000000000000000, 0.000000000000000000 ) ) ;
#5410 = ORIENTED_EDGE ( 'NONE', *, *, #1425, .T. ) ;
#5411 = ORIENTED_EDGE ( 'NONE', *, *, #6147, .T. ) ;
#5412 = CARTESIAN_POINT ( 'NONE',  ( 84.98292804986539295, -3.500000000000000000, 58.99999999999999289 ) ) ;
#5413 = LINE ( 'NONE', #72, #11071 ) ;
#5414 = AXIS2_PLACEMENT_3D ( 'NONE', #8430, #7439, #1996 ) ;
#5415 = CIRCLE ( 'NONE', #1468, 5.499999999999991118 ) ;
#5416 = DIRECTION ( 'NONE',  ( 6.938893903907222067E-14, 0.000000000000000000, 1.000000000000000000 ) ) ;
#5417 = ORIENTED_EDGE ( 'NONE', *, *, #5739, .F. ) ;
#5418 = EDGE_CURVE ( 'NONE', #9684, #5076, #6820, .T. ) ;
#5419 =( LENGTH_UNIT ( ) NAMED_UNIT ( * ) SI_UNIT ( .MILLI., .METRE. ) );
#5420 = FACE_OUTER_BOUND ( 'NONE', #4105, .T. ) ;
#5421 = AXIS2_PLACEMENT_3D ( 'NONE', #10640, #7874, #4430 ) ;
#5422 = ORIENTED_EDGE ( 'NONE', *, *, #10565, .T. ) ;
#5423 = EDGE_CURVE ( 'NONE', #4281, #1917, #3936, .T. ) ;
#5424 = CARTESIAN_POINT ( 'NONE',  ( 34.01707195013521812, -3.500000000000000000, -57.99999999999948841 ) ) ;
#5425 = DIRECTION ( 'NONE',  ( 0.4154496880128091818, 0.000000000000000000, -0.9096161590088753801 ) ) ;
#5426 = CARTESIAN_POINT ( 'NONE',  ( 76.84367829654500781, -3.500000000000000000, 30.64478518174480115 ) ) ;
#5427 = ORIENTED_EDGE ( 'NONE', *, *, #10508, .T. ) ;
#5428 = CARTESIAN_POINT ( 'NONE',  ( 130.5000000000002274, -3.500000000000000000, -3.233718702666561029 ) ) ;
#5429 = CARTESIAN_POINT ( 'NONE',  ( 44.11921944836681320, 2.500000000000000000, 28.92543966028971880 ) ) ;
#5430 = VERTEX_POINT ( 'NONE', #10517 ) ;
#5431 = CIRCLE ( 'NONE', #7664, 1.500000000000001332 ) ;
#5432 = AXIS2_PLACEMENT_3D ( 'NONE', #3986, #10425, #10371 ) ;
#5433 = DIRECTION ( 'NONE',  ( 0.000000000000000000, 1.000000000000000000, 0.000000000000000000 ) ) ;
#5434 = VERTEX_POINT ( 'NONE', #5942 ) ;
#5435 = EDGE_CURVE ( 'NONE', #3726, #9436, #1498, .T. ) ;
#5436 = LINE ( 'NONE', #6474, #1296 ) ;
#5437 = DIRECTION ( 'NONE',  ( 0.000000000000000000, 1.000000000000000000, 0.000000000000000000 ) ) ;
#5438 = VERTEX_POINT ( 'NONE', #1488 ) ;
#5439 = EDGE_CURVE ( 'NONE', #6585, #5558, #5251, .T. ) ;
#5440 = DIRECTION ( 'NONE',  ( 0.000000000000000000, 0.000000000000000000, 1.000000000000000000 ) ) ;
#5441 = AXIS2_PLACEMENT_3D ( 'NONE', #11035, #3420, #8741 ) ;
#5442 = FACE_OUTER_BOUND ( 'NONE', #1554, .T. ) ;
#5443 = ORIENTED_EDGE ( 'NONE', *, *, #7529, .F. ) ;
#5444 = ORIENTED_EDGE ( 'NONE', *, *, #6838, .T. ) ;
#5445 = DIRECTION ( 'NONE',  ( 0.000000000000000000, 1.000000000000000000, 0.000000000000000000 ) ) ;
#5446 = CARTESIAN_POINT ( 'NONE',  ( 77.60834885156768337, -3.500000000000000000, 39.79663232658939620 ) ) ;
#5447 = PLANE ( 'NONE',  #1666 ) ;
#5448 = MANIFOLD_SOLID_BREP ( 'Stock-an_chassis bod-1', #5818 ) ;
#5449 = ORIENTED_EDGE ( 'NONE', *, *, #6024, .T. ) ;
#5450 = DIRECTION ( 'NONE',  ( 0.7928260876681227920, 0.000000000000000000, 0.6094479425782468596 ) ) ;
#5451 = DIRECTION ( 'NONE',  ( -0.000000000000000000, -1.000000000000000000, -0.000000000000000000 ) ) ;
#5452 = VERTEX_POINT ( 'NONE', #8926 ) ;
#5453 = DIRECTION ( 'NONE',  ( 0.000000000000000000, 1.000000000000000000, 0.000000000000000000 ) ) ;
#5454 = ADVANCED_FACE ( 'NONE', ( #1021 ), #6461, .F. ) ;
#5455 = ORIENTED_EDGE ( 'NONE', *, *, #6606, .F. ) ;
#5456 = DIRECTION ( 'NONE',  ( 0.000000000000000000, -1.000000000000000000, 0.000000000000000000 ) ) ;
#5457 = CARTESIAN_POINT ( 'NONE',  ( 56.74999999999997868, -3.500000000000000000, 25.60000000009224053 ) ) ;
#5458 = AXIS2_PLACEMENT_3D ( 'NONE', #4350, #7675, #713 ) ;
#5459 = CIRCLE ( 'NONE', #6569, 1.000000000000000888 ) ;
#5460 = DIRECTION ( 'NONE',  ( 0.000000000000000000, 1.000000000000000000, 0.000000000000000000 ) ) ;
#5461 = EDGE_CURVE ( 'NONE', #1529, #7174, #2006, .T. ) ;
#5462 = CARTESIAN_POINT ( 'NONE',  ( 81.58112528401701979, -3.500000000000000000, -54.89030745148533441 ) ) ;
#5463 = DIRECTION ( 'NONE',  ( 0.000000000000000000, 0.000000000000000000, 1.000000000000000000 ) ) ;
#5464 = ORIENTED_EDGE ( 'NONE', *, *, #7965, .F. ) ;
#5465 = EDGE_CURVE ( 'NONE', #1384, #8289, #4597, .T. ) ;
#5466 = VERTEX_POINT ( 'NONE', #10859 ) ;
#5467 = CARTESIAN_POINT ( 'NONE',  ( -30.00000000000000355, -3.500000000000000000, -55.99999999999997868 ) ) ;
#5468 = CIRCLE ( 'NONE', #6961, 1.000000000000000888 ) ;
#5469 = LINE ( 'NONE', #1013, #4153 ) ;
#5470 = CIRCLE ( 'NONE', #9392, 2.000000000000003109 ) ;
#5471 = CARTESIAN_POINT ( 'NONE',  ( 94.00000000000153477, -3.500000000000000000, -35.99999999999690203 ) ) ;
#5472 = ORIENTED_EDGE ( 'NONE', *, *, #3160, .T. ) ;
#5473 = VECTOR ( 'NONE', #8841, 1000.000000000000000 ) ;
#5474 = CARTESIAN_POINT ( 'NONE',  ( 89.24999999999994316, -3.500000000000000000, 31.10000000009224053 ) ) ;
#5475 = DIRECTION ( 'NONE',  ( 0.000000000000000000, -1.000000000000000000, 0.000000000000000000 ) ) ;
#5476 = AXIS2_PLACEMENT_3D ( 'NONE', #5030, #7782, #3280 ) ;
#5477 = ORIENTED_EDGE ( 'NONE', *, *, #1841, .F. ) ;
#5478 = CARTESIAN_POINT ( 'NONE',  ( 127.5000000000002274, -3.500000000000000000, -9.000000000001953993 ) ) ;
#5479 = LINE ( 'NONE', #2664, #7717 ) ;
#5480 = ORIENTED_EDGE ( 'NONE', *, *, #4536, .F. ) ;
#5481 = DIRECTION ( 'NONE',  ( 0.000000000000000000, 1.000000000000000000, 0.000000000000000000 ) ) ;
#5482 = DIRECTION ( 'NONE',  ( 0.3360007070955605135, -0.000000000000000000, 0.9418617333936459834 ) ) ;
#5483 = AXIS2_PLACEMENT_3D ( 'NONE', #1816, #992, #3804 ) ;
#5484 = ORIENTED_EDGE ( 'NONE', *, *, #2889, .T. ) ;
#5485 = EDGE_CURVE ( 'NONE', #5952, #11065, #3749, .T. ) ;
#5486 = CARTESIAN_POINT ( 'NONE',  ( 26.37500000000000355, 2.500000000000000000, 16.00000000000000711 ) ) ;
#5487 = ORIENTED_EDGE ( 'NONE', *, *, #9486, .T. ) ;
#5488 = VECTOR ( 'NONE', #5046, 1000.000000000000000 ) ;
#5489 = AXIS2_PLACEMENT_3D ( 'NONE', #4073, #1313, #10166 ) ;
#5490 = CARTESIAN_POINT ( 'NONE',  ( 126.2337187026645893, -3.500000000000000000, 58.99999999999999289 ) ) ;
#5491 = CARTESIAN_POINT ( 'NONE',  ( -34.00000000000000000, 2.500000000000000000, 56.99999999999999289 ) ) ;
#5492 = VERTEX_POINT ( 'NONE', #8986 ) ;
#5493 = AXIS2_PLACEMENT_3D ( 'NONE', #11599, #5270, #1633 ) ;
#5494 = CARTESIAN_POINT ( 'NONE',  ( 80.99728228756691806, -3.500000000000000000, -34.25000000000000000 ) ) ;
#5495 = CARTESIAN_POINT ( 'NONE',  ( 34.89434043811366593, -3.500000000000000000, -58.51999999999948443 ) ) ;
#5496 = CARTESIAN_POINT ( 'NONE',  ( 128.6458980337503135, -3.500000000000000000, -60.00000000000000000 ) ) ;
#5497 = VERTEX_POINT ( 'NONE', #5536 ) ;
#5498 = ORIENTED_EDGE ( 'NONE', *, *, #1429, .T. ) ;
#5499 = CARTESIAN_POINT ( 'NONE',  ( -24.37499999999999645, -3.500000000000000000, 16.00000000000000711 ) ) ;
#5500 = AXIS2_PLACEMENT_3D ( 'NONE', #6009, #8888, #4385 ) ;
#5501 = EDGE_CURVE ( 'NONE', #1990, #11203, #1869, .T. ) ;
#5502 = VERTEX_POINT ( 'NONE', #958 ) ;
#5503 = EDGE_CURVE ( 'NONE', #394, #8531, #10292, .T. ) ;
#5504 = DIRECTION ( 'NONE',  ( 0.000000000000000000, 0.000000000000000000, 1.000000000000000000 ) ) ;
#5505 = DIRECTION ( 'NONE',  ( 0.000000000000000000, -1.000000000000000000, 0.000000000000000000 ) ) ;
#5506 = CIRCLE ( 'NONE', #4735, 5.500000000000005329 ) ;
#5507 = EDGE_LOOP ( 'NONE', ( #3430, #5732, #6973, #8159 ) ) ;
#5508 = ORIENTED_EDGE ( 'NONE', *, *, #5531, .T. ) ;
#5509 = AXIS2_PLACEMENT_3D ( 'NONE', #7631, #6526, #4717 ) ;
#5510 = VECTOR ( 'NONE', #7922, 1000.000000000000000 ) ;
#5511 = CARTESIAN_POINT ( 'NONE',  ( 121.1458780402646482, -3.500000000000000000, -37.99999999999690203 ) ) ;
#5512 = LINE ( 'NONE', #7089, #3028 ) ;
#5513 = ORIENTED_EDGE ( 'NONE', *, *, #533, .F. ) ;
#5514 = LINE ( 'NONE', #4629, #153 ) ;
#5515 = CIRCLE ( 'NONE', #268, 5.499999999999991118 ) ;
#5516 = ORIENTED_EDGE ( 'NONE', *, *, #7891, .T. ) ;
#5517 = DIRECTION ( 'NONE',  ( -0.000000000000000000, -1.000000000000000000, -0.000000000000000000 ) ) ;
#5518 = AXIS2_PLACEMENT_3D ( 'NONE', #10148, #4820, #3878 ) ;
#5519 = AXIS2_PLACEMENT_3D ( 'NONE', #10205, #6449, #2936 ) ;
#5520 = VERTEX_POINT ( 'NONE', #6232 ) ;
#5521 = DIRECTION ( 'NONE',  ( 0.000000000000000000, 0.000000000000000000, 1.000000000000000000 ) ) ;
#5522 = EDGE_CURVE ( 'NONE', #695, #9693, #9987, .T. ) ;
#5523 = DIRECTION ( 'NONE',  ( 0.000000000000000000, 1.000000000000000000, 0.000000000000000000 ) ) ;
#5524 = DIRECTION ( 'NONE',  ( 1.000000000000000000, 0.000000000000000000, -7.044562338992071980E-17 ) ) ;
#5525 = CARTESIAN_POINT ( 'NONE',  ( 74.01707195013517548, -3.500000000000000000, -52.99999999999920419 ) ) ;
#5526 = ORIENTED_EDGE ( 'NONE', *, *, #2421, .T. ) ;
#5527 = EDGE_LOOP ( 'NONE', ( #2225, #1808, #4492, #1548 ) ) ;
#5528 = DIRECTION ( 'NONE',  ( 0.000000000000000000, 0.000000000000000000, 1.000000000000000000 ) ) ;
#5529 = AXIS2_PLACEMENT_3D ( 'NONE', #4072, #4248, #3189 ) ;
#5530 = CARTESIAN_POINT ( 'NONE',  ( 128.6458980337503135, 2.500000000000000000, 60.00000000000000000 ) ) ;
#5531 = EDGE_CURVE ( 'NONE', #9019, #4644, #2895, .T. ) ;
#5532 = EDGE_CURVE ( 'NONE', #4123, #7985, #14, .T. ) ;
#5533 = CARTESIAN_POINT ( 'NONE',  ( 43.21872773756807362, 2.500000000000000000, 59.70588235294130186 ) ) ;
#5534 = ORIENTED_EDGE ( 'NONE', *, *, #4625, .T. ) ;
#5535 = VECTOR ( 'NONE', #7904, 1000.000000000000000 ) ;
#5536 = CARTESIAN_POINT ( 'NONE',  ( 46.64745459439107123, 2.500000000000000000, -39.62839229367055793 ) ) ;
#5537 = LINE ( 'NONE', #1956, #10160 ) ;
#5538 = ORIENTED_EDGE ( 'NONE', *, *, #10461, .T. ) ;
#5539 = CARTESIAN_POINT ( 'NONE',  ( 84.35412195973775340, -3.500000000000000000, 53.99999999999998579 ) ) ;
#5540 = CARTESIAN_POINT ( 'NONE',  ( -24.37499999999999645, -3.500000000000000000, -5.000000000000003553 ) ) ;
#5541 = ORIENTED_EDGE ( 'NONE', *, *, #3813, .F. ) ;
#5542 = CARTESIAN_POINT ( 'NONE',  ( 89.55931393138254748, 2.500000000000000000, -31.09129537476070837 ) ) ;
#5543 = CARTESIAN_POINT ( 'NONE',  ( 79.50000000000051159, -3.500000000000000000, -55.99999999999916866 ) ) ;
#5544 = EDGE_LOOP ( 'NONE', ( #5821, #458, #9159, #4685 ) ) ;
#5545 = EDGE_CURVE ( 'NONE', #10442, #11397, #7223, .T. ) ;
#5546 = CARTESIAN_POINT ( 'NONE',  ( 89.55931393138253327, -3.500000000000000000, -31.09129537476070482 ) ) ;
#5547 = ORIENTED_EDGE ( 'NONE', *, *, #10862, .F. ) ;
#5548 = ADVANCED_FACE ( 'NONE', ( #9821 ), #2720, .F. ) ;
#5549 = DIRECTION ( 'NONE',  ( 0.000000000000000000, 0.000000000000000000, 1.000000000000000000 ) ) ;
#5550 = DIRECTION ( 'NONE',  ( 0.000000000000000000, 0.000000000000000000, 1.000000000000000000 ) ) ;
#5551 = VERTEX_POINT ( 'NONE', #5474 ) ;
#5552 = CARTESIAN_POINT ( 'NONE',  ( 81.58112528401701979, -3.500000000000000000, -54.89030745148533441 ) ) ;
#5553 = DIRECTION ( 'NONE',  ( -1.000000000000000000, 0.000000000000000000, -5.046468293750709826E-15 ) ) ;
#5554 = DIRECTION ( 'NONE',  ( 0.1327433628318585579, 0.000000000000000000, 0.9911504424778759814 ) ) ;
#5555 = ORIENTED_EDGE ( 'NONE', *, *, #11524, .F. ) ;
#5556 = ORIENTED_EDGE ( 'NONE', *, *, #4577, .T. ) ;
#5557 = CARTESIAN_POINT ( 'NONE',  ( 22.37500000000000711, -3.500000000000000000, 14.00000000000000533 ) ) ;
#5558 = VERTEX_POINT ( 'NONE', #7506 ) ;
#5559 = DIRECTION ( 'NONE',  ( 0.000000000000000000, 0.000000000000000000, 1.000000000000000000 ) ) ;
#5560 = FACE_OUTER_BOUND ( 'NONE', #4732, .T. ) ;
#5561 = VERTEX_POINT ( 'NONE', #6744 ) ;
#5562 = ORIENTED_EDGE ( 'NONE', *, *, #7582, .T. ) ;
#5563 = CARTESIAN_POINT ( 'NONE',  ( 82.21710956236549350, 2.500000000000000000, 36.43220563184532068 ) ) ;
#5564 = EDGE_CURVE ( 'NONE', #11192, #7603, #9331, .T. ) ;
#5565 = DIRECTION ( 'NONE',  ( -0.9976388770652311333, 0.000000000000000000, 0.06867802390885047181 ) ) ;
#5566 = ORIENTED_EDGE ( 'NONE', *, *, #6481, .T. ) ;
#5567 = FACE_OUTER_BOUND ( 'NONE', #1983, .T. ) ;
#5568 = EDGE_CURVE ( 'NONE', #5749, #9995, #6637, .T. ) ;
#5569 = VECTOR ( 'NONE', #912, 1000.000000000000000 ) ;
#5570 = VERTEX_POINT ( 'NONE', #7394 ) ;
#5571 = FACE_BOUND ( 'NONE', #7725, .T. ) ;
#5572 = VERTEX_POINT ( 'NONE', #11095 ) ;
#5573 = DIRECTION ( 'NONE',  ( 0.000000000000000000, 1.000000000000000000, 0.000000000000000000 ) ) ;
#5574 = DIRECTION ( 'NONE',  ( 0.000000000000000000, 0.000000000000000000, 1.000000000000000000 ) ) ;
#5575 = VECTOR ( 'NONE', #9772, 1000.000000000000000 ) ;
#5576 = EDGE_CURVE ( 'NONE', #5082, #7052, #4060, .T. ) ;
#5577 = DIRECTION ( 'NONE',  ( -0.000000000000000000, 1.000000000000000000, -0.000000000000000000 ) ) ;
#5578 = CARTESIAN_POINT ( 'NONE',  ( 89.24999999999994316, 2.500000000000000000, 25.60000000009224408 ) ) ;
#5579 = ORIENTED_EDGE ( 'NONE', *, *, #877, .T. ) ;
#5580 = ADVANCED_FACE ( 'NONE', ( #1188 ), #4942, .T. ) ;
#5581 = ORIENTED_EDGE ( 'NONE', *, *, #7965, .T. ) ;
#5582 = DIRECTION ( 'NONE',  ( 0.000000000000000000, 1.000000000000000000, 0.000000000000000000 ) ) ;
#5583 = AXIS2_PLACEMENT_3D ( 'NONE', #8124, #4450, #1973 ) ;
#5584 = DIRECTION ( 'NONE',  ( 0.000000000000000000, 1.000000000000000000, 0.000000000000000000 ) ) ;
#5585 = DIRECTION ( 'NONE',  ( 0.000000000000000000, 0.000000000000000000, 1.000000000000000000 ) ) ;
#5586 = ORIENTED_EDGE ( 'NONE', *, *, #6950, .F. ) ;
#5587 = CARTESIAN_POINT ( 'NONE',  ( 80.75000000000051159, -3.500000000000000000, -57.99999999999998579 ) ) ;
#5588 = LINE ( 'NONE', #129, #3797 ) ;
#5589 = ORIENTED_EDGE ( 'NONE', *, *, #7261, .F. ) ;
#5590 = CARTESIAN_POINT ( 'NONE',  ( 39.50000000000052580, 2.500000000000000000, 55.99999999999945288 ) ) ;
#5591 = CARTESIAN_POINT ( 'NONE',  ( 39.50000000000052580, 2.500000000000000000, 55.99999999999945288 ) ) ;
#5592 = CARTESIAN_POINT ( 'NONE',  ( -26.94642857142856940, -3.500000000000000000, 10.42104741743151486 ) ) ;
#5593 = EDGE_CURVE ( 'NONE', #9630, #4623, #756, .T. ) ;
#5594 = ORIENTED_EDGE ( 'NONE', *, *, #7765, .T. ) ;
#5595 = CARTESIAN_POINT ( 'NONE',  ( 129.6533256012082802, -3.500000000000000000, 55.13795634330070072 ) ) ;
#5596 = EDGE_CURVE ( 'NONE', #1613, #10442, #476, .T. ) ;
#5597 = AXIS2_PLACEMENT_3D ( 'NONE', #1260, #9348, #3957 ) ;
#5598 = DIRECTION ( 'NONE',  ( 0.9418617333936458724, 0.000000000000000000, -0.3360007070955604580 ) ) ;
#5599 = ORIENTED_EDGE ( 'NONE', *, *, #7707, .F. ) ;
#5600 = AXIS2_PLACEMENT_3D ( 'NONE', #7046, #6046, #2352 ) ;
#5601 = CARTESIAN_POINT ( 'NONE',  ( -22.37500000000000000, -3.500000000000000000, -10.65685424949238858 ) ) ;
#5602 = ORIENTED_EDGE ( 'NONE', *, *, #5176, .F. ) ;
#5603 = CARTESIAN_POINT ( 'NONE',  ( 80.99728228756691806, -3.500000000000000000, -34.25000000000000000 ) ) ;
#5604 = LINE ( 'NONE', #9943, #7287 ) ;
#5605 = ORIENTED_EDGE ( 'NONE', *, *, #9381, .T. ) ;
#5606 = DIRECTION ( 'NONE',  ( 0.000000000000000000, 1.000000000000000000, 0.000000000000000000 ) ) ;
#5607 = CARTESIAN_POINT ( 'NONE',  ( 77.30225762730340477, -3.500000000000000000, -51.23214634628331510 ) ) ;
#5608 = EDGE_CURVE ( 'NONE', #859, #3619, #5431, .T. ) ;
#5609 = CYLINDRICAL_SURFACE ( 'NONE', #2030, 1.500000000000001332 ) ;
#5610 = ADVANCED_FACE ( 'NONE', ( #4004 ), #6573, .T. ) ;
#5611 = EDGE_LOOP ( 'NONE', ( #4036, #6718, #4240, #10994, #5886, #10520, #11306, #6605, #6434, #8451, #4286 ) ) ;
#5612 = ORIENTED_EDGE ( 'NONE', *, *, #7149, .F. ) ;
#5613 = CARTESIAN_POINT ( 'NONE',  ( 87.57546621952566568, 2.500000000000000000, 23.74367658590766439 ) ) ;
#5614 = AXIS2_PLACEMENT_3D ( 'NONE', #2076, #5772, #4841 ) ;
#5615 = EDGE_CURVE ( 'NONE', #10682, #3822, #416, .T. ) ;
#5616 = AXIS2_PLACEMENT_3D ( 'NONE', #4241, #8689, #663 ) ;
#5617 = VERTEX_POINT ( 'NONE', #8389 ) ;
#5618 = CARTESIAN_POINT ( 'NONE',  ( 54.00668558637442374, 2.500000000000000000, -31.49272653608509032 ) ) ;
#5619 = DIRECTION ( 'NONE',  ( 0.000000000000000000, 0.000000000000000000, 1.000000000000000000 ) ) ;
#5620 = ORIENTED_EDGE ( 'NONE', *, *, #4102, .F. ) ;
#5621 = MECHANICAL_DESIGN_GEOMETRIC_PRESENTATION_REPRESENTATION (  '', ( #8982 ), #9543 ) ;
#5622 = ORIENTED_EDGE ( 'NONE', *, *, #2256, .F. ) ;
#5623 = CARTESIAN_POINT ( 'NONE',  ( 61.17303757665697361, 2.500000000000000000, -29.36305979348978923 ) ) ;
#5624 = DIRECTION ( 'NONE',  ( -0.000000000000000000, -1.000000000000000000, -0.000000000000000000 ) ) ;
#5625 = VERTEX_POINT ( 'NONE', #9275 ) ;
#5626 = DIRECTION ( 'NONE',  ( 0.000000000000000000, 0.000000000000000000, -1.000000000000000000 ) ) ;
#5627 = ORIENTED_EDGE ( 'NONE', *, *, #1709, .T. ) ;
#5628 = LINE ( 'NONE', #9196, #8628 ) ;
#5629 = EDGE_CURVE ( 'NONE', #880, #6831, #5797, .T. ) ;
#5630 = ORIENTED_EDGE ( 'NONE', *, *, #6907, .T. ) ;
#5631 = DIRECTION ( 'NONE',  ( 0.000000000000000000, 1.000000000000000000, 0.000000000000000000 ) ) ;
#5632 = EDGE_CURVE ( 'NONE', #6647, #9204, #1355, .T. ) ;
#5633 = CARTESIAN_POINT ( 'NONE',  ( 35.78127226243297798, 2.500000000000000000, 59.70588235294130186 ) ) ;
#5634 = DIRECTION ( 'NONE',  ( 0.000000000000000000, 1.000000000000000000, 0.000000000000000000 ) ) ;
#5635 = CYLINDRICAL_SURFACE ( 'NONE', #3816, 5.249999999999997335 ) ;
#5636 = EDGE_LOOP ( 'NONE', ( #10421, #6653, #3906, #6926 ) ) ;
#5637 = ORIENTED_EDGE ( 'NONE', *, *, #4320, .T. ) ;
#5638 = LINE ( 'NONE', #2283, #5488 ) ;
#5639 = CARTESIAN_POINT ( 'NONE',  ( 45.49728228756692516, -3.500000000000000000, -34.25000000000000000 ) ) ;
#5640 = ADVANCED_FACE ( 'NONE', ( #5872 ), #2293, .F. ) ;
#5641 = EDGE_CURVE ( 'NONE', #298, #1305, #6356, .T. ) ;
#5642 = CIRCLE ( 'NONE', #9382, 1.000000000000000888 ) ;
#5643 = ADVANCED_FACE ( 'NONE', ( #9449 ), #3942, .F. ) ;
#5644 = DIRECTION ( 'NONE',  ( 0.000000000000000000, 1.000000000000000000, 0.000000000000000000 ) ) ;
#5645 = VERTEX_POINT ( 'NONE', #10979 ) ;
#5646 = CARTESIAN_POINT ( 'NONE',  ( 21.49999999999999645, -3.500000000000000000, -11.00000000000000178 ) ) ;
#5647 = CARTESIAN_POINT ( 'NONE',  ( 45.46762553391260298, -3.500000000000000000, 31.75017591079638990 ) ) ;
#5648 = ORIENTED_EDGE ( 'NONE', *, *, #9455, .T. ) ;
#5649 = VECTOR ( 'NONE', #4879, 1000.000000000000000 ) ;
#5650 = CARTESIAN_POINT ( 'NONE',  ( -31.86832102514612686, -3.500000000000000000, -50.82705339801412947 ) ) ;
#5651 = ORIENTED_EDGE ( 'NONE', *, *, #4434, .F. ) ;
#5652 = CIRCLE ( 'NONE', #223, 5.500000000000005329 ) ;
#5653 = DIRECTION ( 'NONE',  ( 0.000000000000000000, 0.000000000000000000, 1.000000000000000000 ) ) ;
#5654 = DIRECTION ( 'NONE',  ( 0.000000000000000000, 0.000000000000000000, 1.000000000000000000 ) ) ;
#5655 = VERTEX_POINT ( 'NONE', #3885 ) ;
#5656 = AXIS2_PLACEMENT_3D ( 'NONE', #1232, #8426, #11138 ) ;
#5657 = AXIS2_PLACEMENT_3D ( 'NONE', #9778, #7078, #8217 ) ;
#5658 = DIRECTION ( 'NONE',  ( -0.000000000000000000, -1.000000000000000000, -0.000000000000000000 ) ) ;
#5659 = EDGE_LOOP ( 'NONE', ( #11540, #5823, #10035, #7349 ) ) ;
#5660 = EDGE_CURVE ( 'NONE', #4441, #6900, #4308, .T. ) ;
#5661 = CARTESIAN_POINT ( 'NONE',  ( 132.0000000000000000, -3.500000000000000000, -54.50000000000001421 ) ) ;
#5662 = LINE ( 'NONE', #3260, #4479 ) ;
#5663 = EDGE_LOOP ( 'NONE', ( #5484, #10880 ) ) ;
#5664 = LINE ( 'NONE', #10118, #8097 ) ;
#5665 = CARTESIAN_POINT ( 'NONE',  ( 84.98292804986539295, -3.500000000000000000, 57.99999999999998579 ) ) ;
#5666 = CYLINDRICAL_SURFACE ( 'NONE', #10991, 2.000000000000002665 ) ;
#5667 = AXIS2_PLACEMENT_3D ( 'NONE', #1758, #8902, #875 ) ;
#5668 = EDGE_LOOP ( 'NONE', ( #11275, #528, #4371, #6962 ) ) ;
#5669 = VERTEX_POINT ( 'NONE', #7450 ) ;
#5670 = DIRECTION ( 'NONE',  ( 0.000000000000000000, 0.000000000000000000, -1.000000000000000000 ) ) ;
#5671 = AXIS2_PLACEMENT_3D ( 'NONE', #2833, #7946, #11536 ) ;
#5672 = AXIS2_PLACEMENT_3D ( 'NONE', #8049, #6292, #9873 ) ;
#5673 = VERTEX_POINT ( 'NONE', #304 ) ;
#5674 = EDGE_CURVE ( 'NONE', #10527, #10246, #8798, .T. ) ;
#5675 = DIRECTION ( 'NONE',  ( 0.000000000000000000, 0.000000000000000000, 1.000000000000000000 ) ) ;
#5676 = ORIENTED_EDGE ( 'NONE', *, *, #4066, .F. ) ;
#5677 = AXIS2_PLACEMENT_3D ( 'NONE', #5167, #1587, #8729 ) ;
#5678 = EDGE_CURVE ( 'NONE', #6714, #2424, #2594, .T. ) ;
#5679 = VERTEX_POINT ( 'NONE', #1659 ) ;
#5680 = VERTEX_POINT ( 'NONE', #1471 ) ;
#5681 = LINE ( 'NONE', #2330, #414 ) ;
#5682 = FACE_OUTER_BOUND ( 'NONE', #6489, .T. ) ;
#5683 = ORIENTED_EDGE ( 'NONE', *, *, #7038, .F. ) ;
#5684 = DIRECTION ( 'NONE',  ( 0.000000000000000000, 1.000000000000000000, 0.000000000000000000 ) ) ;
#5685 = VECTOR ( 'NONE', #6659, 1000.000000000000000 ) ;
#5686 = ORIENTED_EDGE ( 'NONE', *, *, #2997, .F. ) ;
#5687 = AXIS2_PLACEMENT_3D ( 'NONE', #8063, #3568, #7357 ) ;
#5688 = PLANE ( 'NONE',  #2087 ) ;
#5689 = VERTEX_POINT ( 'NONE', #7925 ) ;
#5690 = AXIS2_PLACEMENT_3D ( 'NONE', #6574, #10158, #477 ) ;
#5691 = VECTOR ( 'NONE', #407, 1000.000000000000000 ) ;
#5692 = DIRECTION ( 'NONE',  ( 0.000000000000000000, 0.000000000000000000, 1.000000000000000000 ) ) ;
#5693 = CIRCLE ( 'NONE', #430, 1.000000000000000888 ) ;
#5694 = CARTESIAN_POINT ( 'NONE',  ( 89.24999999999994316, -3.500000000000000000, 25.60000000009224408 ) ) ;
#5695 = AXIS2_PLACEMENT_3D ( 'NONE', #10809, #2776, #6465 ) ;
#5696 = ADVANCED_FACE ( 'NONE', ( #11449 ), #5238, .F. ) ;
#5697 = AXIS2_PLACEMENT_3D ( 'NONE', #2725, #963, #2900 ) ;
#5698 = DIRECTION ( 'NONE',  ( 0.000000000000000000, 1.000000000000000000, 0.000000000000000000 ) ) ;
#5699 = DIRECTION ( 'NONE',  ( 0.000000000000000000, -1.000000000000000000, 0.000000000000000000 ) ) ;
#5700 = EDGE_LOOP ( 'NONE', ( #9525, #8215, #3039, #6254 ) ) ;
#5701 = EDGE_LOOP ( 'NONE', ( #4831, #2865 ) ) ;
#5702 = DIRECTION ( 'NONE',  ( 0.000000000000000000, 0.000000000000000000, 1.000000000000000000 ) ) ;
#5703 = AXIS2_PLACEMENT_3D ( 'NONE', #139, #3725, #5654 ) ;
#5704 = EDGE_CURVE ( 'NONE', #1718, #4912, #658, .T. ) ;
#5705 = CARTESIAN_POINT ( 'NONE',  ( -28.87463609921741892, 2.500000000000000000, -24.99728287415670636 ) ) ;
#5706 = DIRECTION ( 'NONE',  ( 0.000000000000000000, 1.000000000000000000, 0.000000000000000000 ) ) ;
#5707 = CARTESIAN_POINT ( 'NONE',  ( 94.50000000000022737, -3.500000000000000000, -7.500000000001714184 ) ) ;
#5708 = CARTESIAN_POINT ( 'NONE',  ( 42.20732815255049530, -3.500000000000000000, -38.65751651040450554 ) ) ;
#5709 = ORIENTED_EDGE ( 'NONE', *, *, #11292, .F. ) ;
#5710 = AXIS2_PLACEMENT_3D ( 'NONE', #9970, #6558, #4519 ) ;
#5711 = CARTESIAN_POINT ( 'NONE',  ( 91.50093993615007548, 2.500000000000000000, -24.51221812680892498 ) ) ;
#5712 = EDGE_LOOP ( 'NONE', ( #3714, #98, #9773, #10696 ) ) ;
#5713 = DIRECTION ( 'NONE',  ( 1.000000000000000000, 0.000000000000000000, 7.216449660063522246E-15 ) ) ;
#5714 = ADVANCED_FACE ( 'NONE', ( #6167 ), #10386, .F. ) ;
#5715 = CARTESIAN_POINT ( 'NONE',  ( 2.000000000000007105, -3.500000000000000000, 50.49999999999999289 ) ) ;
#5716 = ORIENTED_EDGE ( 'NONE', *, *, #1608, .F. ) ;
#5717 = DIRECTION ( 'NONE',  ( -1.000000000000000000, 0.000000000000000000, -5.348730717595153893E-15 ) ) ;
#5718 = EDGE_LOOP ( 'NONE', ( #8409, #2276 ) ) ;
#5719 = CARTESIAN_POINT ( 'NONE',  ( 126.0000000000015490, -3.500000000000000000, 35.99999999999688782 ) ) ;
#5720 = DIRECTION ( 'NONE',  ( 0.000000000000000000, 1.000000000000000000, 0.000000000000000000 ) ) ;
#5721 = ORIENTED_EDGE ( 'NONE', *, *, #5069, .T. ) ;
#5722 = EDGE_CURVE ( 'NONE', #4669, #5091, #6925, .T. ) ;
#5723 = CARTESIAN_POINT ( 'NONE',  ( 87.57546621952566568, -3.500000000000000000, 23.74367658590766439 ) ) ;
#5724 = PLANE ( 'NONE',  #1207 ) ;
#5725 = CARTESIAN_POINT ( 'NONE',  ( -24.37499999999999645, -3.500000000000000000, 16.00000000000000711 ) ) ;
#5727 = VERTEX_POINT ( 'NONE', #5115 ) ;
#5726 = EDGE_CURVE ( 'NONE', #10861, #974, #8417, .T. ) ;
#5728 = EDGE_LOOP ( 'NONE', ( #6575, #440, #143, #8480 ) ) ;
#5729 = CARTESIAN_POINT ( 'NONE',  ( 60.49257025717128045, -3.500000000000000000, -29.63028136373631938 ) ) ;
#5730 = ORIENTED_EDGE ( 'NONE', *, *, #3483, .T. ) ;
#5731 = DIRECTION ( 'NONE',  ( 0.000000000000000000, 0.000000000000000000, 1.000000000000000000 ) ) ;
#5732 = ORIENTED_EDGE ( 'NONE', *, *, #1229, .F. ) ;
#5733 = DIRECTION ( 'NONE',  ( 0.000000000000000000, 1.000000000000000000, 0.000000000000000000 ) ) ;
#5734 = EDGE_LOOP ( 'NONE', ( #140, #10165 ) ) ;
#5735 = CARTESIAN_POINT ( 'NONE',  ( 58.83479401428157018, 2.500000000000000000, 24.22027759394830326 ) ) ;
#5736 = DIRECTION ( 'NONE',  ( 0.000000000000000000, 1.000000000000000000, 0.000000000000000000 ) ) ;
#5737 = ORIENTED_EDGE ( 'NONE', *, *, #498, .F. ) ;
#5738 = DIRECTION ( 'NONE',  ( 0.000000000000000000, 0.000000000000000000, 1.000000000000000000 ) ) ;
#5739 = EDGE_CURVE ( 'NONE', #5645, #6116, #8801, .T. ) ;
#5740 = ORIENTED_EDGE ( 'NONE', *, *, #1771, .F. ) ;
#5741 = EDGE_CURVE ( 'NONE', #1520, #10446, #4358, .T. ) ;
#5742 = FACE_BOUND ( 'NONE', #11351, .T. ) ;
#5743 = ORIENTED_EDGE ( 'NONE', *, *, #5564, .T. ) ;
#5744 = CARTESIAN_POINT ( 'NONE',  ( 45.49728228756692516, 2.500000000000000000, 34.25000000000000000 ) ) ;
#5745 = CYLINDRICAL_SURFACE ( 'NONE', #10673, 5.499999999999998224 ) ;
#5746 = CARTESIAN_POINT ( 'NONE',  ( 127.5000000000002274, -3.500000000000000000, -9.000000000001953993 ) ) ;
#5747 = DIRECTION ( 'NONE',  ( 1.000000000000000000, 0.000000000000000000, 0.000000000000000000 ) ) ;
#5748 = DIRECTION ( 'NONE',  ( -0.000000000000000000, -1.000000000000000000, -0.000000000000000000 ) ) ;
#5749 = VERTEX_POINT ( 'NONE', #6109 ) ;
#5750 = ORIENTED_EDGE ( 'NONE', *, *, #3562, .T. ) ;
#5751 = FACE_OUTER_BOUND ( 'NONE', #3623, .T. ) ;
#5752 = ADVANCED_FACE ( 'NONE', ( #9685 ), #11517, .F. ) ;
#5753 = CARTESIAN_POINT ( 'NONE',  ( -30.00000000000000355, 2.500000000000000000, 55.99999999999997868 ) ) ;
#5754 = AXIS2_PLACEMENT_3D ( 'NONE', #8993, #5481, #4544 ) ;
#5755 = VECTOR ( 'NONE', #5785, 1000.000000000000000 ) ;
#5756 = LINE ( 'NONE', #4001, #8869 ) ;
#5757 = ORIENTED_EDGE ( 'NONE', *, *, #6239, .T. ) ;
#5758 = CARTESIAN_POINT ( 'NONE',  ( 126.2337187026645893, 2.500000000000000000, 58.99999999999999289 ) ) ;
#5759 = CYLINDRICAL_SURFACE ( 'NONE', #7180, 1.000000000000000888 ) ;
#5760 = ORIENTED_EDGE ( 'NONE', *, *, #813, .F. ) ;
#5761 = DIRECTION ( 'NONE',  ( 0.000000000000000000, 0.000000000000000000, 1.000000000000000000 ) ) ;
#5762 = VECTOR ( 'NONE', #2822, 1000.000000000000000 ) ;
#5763 = ORIENTED_EDGE ( 'NONE', *, *, #3347, .F. ) ;
#5764 = LINE ( 'NONE', #481, #3710 ) ;
#5765 = CARTESIAN_POINT ( 'NONE',  ( 130.4489866375057261, 2.500000000000000000, 40.38964894943570982 ) ) ;
#5766 = EDGE_LOOP ( 'NONE', ( #8318, #4613, #740, #9958 ) ) ;
#5767 = EDGE_CURVE ( 'NONE', #5194, #3076, #165, .T. ) ;
#5768 = CIRCLE ( 'NONE', #3345, 1.499999999999997780 ) ;
#5769 = DIRECTION ( 'NONE',  ( 0.000000000000000000, 0.000000000000000000, 1.000000000000000000 ) ) ;
#5770 = ORIENTED_EDGE ( 'NONE', *, *, #2578, .F. ) ;
#5771 = ADVANCED_FACE ( 'NONE', ( #9628 ), #10500, .F. ) ;
#5772 = DIRECTION ( 'NONE',  ( 0.000000000000000000, 1.000000000000000000, 0.000000000000000000 ) ) ;
#5773 = DIRECTION ( 'NONE',  ( -1.000000000000000000, 0.000000000000000000, 0.000000000000000000 ) ) ;
#5774 = AXIS2_PLACEMENT_3D ( 'NONE', #2633, #4338, #5163 ) ;
#5775 = VERTEX_POINT ( 'NONE', #6805 ) ;
#5776 = CYLINDRICAL_SURFACE ( 'NONE', #7538, 1.000000000000000888 ) ;
#5777 = DIRECTION ( 'NONE',  ( 1.000000000000000000, -0.000000000000000000, 0.000000000000000000 ) ) ;
#5778 = CARTESIAN_POINT ( 'NONE',  ( -30.00000000000000355, -3.500000000000000000, 55.99999999999997868 ) ) ;
#5779 = ORIENTED_EDGE ( 'NONE', *, *, #6702, .F. ) ;
#5780 = ORIENTED_EDGE ( 'NONE', *, *, #9286, .F. ) ;
#5781 = CYLINDRICAL_SURFACE ( 'NONE', #4562, 5.499999999999997335 ) ;
#5782 = EDGE_LOOP ( 'NONE', ( #11119, #1846 ) ) ;
#5783 = VECTOR ( 'NONE', #176, 1000.000000000000114 ) ;
#5784 = AXIS2_PLACEMENT_3D ( 'NONE', #7237, #8173, #1910 ) ;
#5785 = DIRECTION ( 'NONE',  ( 0.000000000000000000, 1.000000000000000000, 0.000000000000000000 ) ) ;
#5786 = ORIENTED_EDGE ( 'NONE', *, *, #4223, .F. ) ;
#5787 = EDGE_CURVE ( 'NONE', #5502, #9687, #529, .T. ) ;
#5788 = CYLINDRICAL_SURFACE ( 'NONE', #2359, 1.000000000000000888 ) ;
#5789 = VERTEX_POINT ( 'NONE', #11259 ) ;
#5790 = FACE_OUTER_BOUND ( 'NONE', #2950, .T. ) ;
#5791 = LINE ( 'NONE', #9364, #11477 ) ;
#5792 = AXIS2_PLACEMENT_3D ( 'NONE', #5210, #3333, #867 ) ;
#5793 = ORIENTED_EDGE ( 'NONE', *, *, #2050, .T. ) ;
#5794 = DIRECTION ( 'NONE',  ( 0.000000000000000000, 1.000000000000000000, 0.000000000000000000 ) ) ;
#5795 = EDGE_LOOP ( 'NONE', ( #10600, #7760, #11471, #4810 ) ) ;
#5796 = CARTESIAN_POINT ( 'NONE',  ( 128.3010588329270547, 2.500000000000000000, -30.63645376197341008 ) ) ;
#5797 = CIRCLE ( 'NONE', #8225, 1.250000000000007994 ) ;
#5798 = DIRECTION ( 'NONE',  ( 1.000000000000000000, 0.000000000000000000, 0.000000000000000000 ) ) ;
#5799 = CARTESIAN_POINT ( 'NONE',  ( 43.21872773756807362, -3.500000000000000000, 59.70588235294130186 ) ) ;
#5800 = ADVANCED_FACE ( 'NONE', ( #1600 ), #3241, .T. ) ;
#5801 = CARTESIAN_POINT ( 'NONE',  ( 133.0000000000000000, 2.500000000000000000, -60.00000000000000000 ) ) ;
#5802 = CARTESIAN_POINT ( 'NONE',  ( -26.64589803375033839, 2.500000000000000000, 60.00000000000000000 ) ) ;
#5803 = ORIENTED_EDGE ( 'NONE', *, *, #2945, .F. ) ;
#5804 = CARTESIAN_POINT ( 'NONE',  ( 89.24999999999995737, 2.500000000000000000, -24.10000000009246079 ) ) ;
#5805 = VERTEX_POINT ( 'NONE', #717 ) ;
#5806 = DIRECTION ( 'NONE',  ( -0.000000000000000000, 1.000000000000000000, -0.000000000000000000 ) ) ;
#5807 = DIRECTION ( 'NONE',  ( -1.000000000000000000, 0.000000000000000000, 5.046468293750709826E-15 ) ) ;
#5808 = EDGE_CURVE ( 'NONE', #3327, #1424, #588, .T. ) ;
#5809 = DIRECTION ( 'NONE',  ( 0.000000000000000000, 0.000000000000000000, 1.000000000000000000 ) ) ;
#5810 = EDGE_CURVE ( 'NONE', #5908, #6205, #2042, .T. ) ;
#5811 = ORIENTED_EDGE ( 'NONE', *, *, #5294, .F. ) ;
#5812 = DIRECTION ( 'NONE',  ( 2.775557561562888827E-14, 0.000000000000000000, 1.000000000000000000 ) ) ;
#5813 = FACE_OUTER_BOUND ( 'NONE', #10817, .T. ) ;
#5814 = ORIENTED_EDGE ( 'NONE', *, *, #9207, .F. ) ;
#5815 = EDGE_CURVE ( 'NONE', #10133, #3583, #1674, .T. ) ;
#5816 = FACE_OUTER_BOUND ( 'NONE', #3608, .T. ) ;
#5817 = ORIENTED_EDGE ( 'NONE', *, *, #5882, .F. ) ;
#5818 = CLOSED_SHELL ( 'NONE', ( #3653, #11251, #1886, #5714, #10038, #4951, #937, #3967, #310, #5245, #1842, #10605, #7376, #7096, #10428, #2723, #3060, #7991, #7350, #4837, #1832, #11498, #1876, #4608, #582, #4317, #8629, #986, #4466, #11003, #1800, #4335, #5216, #5191, #684, #6724, #10691, #10615, #3128, #2341, #4718, #7785, #3990, #248, #10122, #7494, #11327, #3526, #2211, #5992, #1352, #9072, #5610, #9334, #9824, #2751, #8163, #7055, #361, #8725, #11412, #2879, #10744, #4162, #7847, #5580, #6677, #8534, #4422, #7338, #3798, #439, #11061, #4813, #1001, #1478, #9145, #6495, #397, #745, #11174, #1128, #10916, #6772, #5962, #1031, #1703, #11394, #10141, #5204, #3096, #3599, #1130, #6786, #8903, #7566, #7132, #1921, #11533, #8817, #6513, #9291, #8712, #8521, #9972, #7226, #2706, #8057, #2270, #7177, #9499, #4179, #7356, #5548, #5025, #6346, #3845, #9322, #4593, #1271, #3685, #9836, #2630, #346, #4579, #8373, #2115, #7258, #9247, #7607, #5640, #1500, #7147, #3271, #6134, #8242, #8178, #6882, #3175, #5291, #2063, #8859, #10733, #1362, #7626, #11016, #2695, #10328, #1080, #4754, #5800, #4333, #1063, #10383, #11189, #1888, #3699, #2002, #4, #8553, #9696, #5752, #661, #5454, #8954, #1410, #10966, #8239, #8314, #2799, #4991, #11309, #8599, #4791, #4881, #11148, #8423, #907, #2549, #874, #1274, #1904, #8330, #8793, #6572, #7676, #11000, #8299, #7641, #8151, #10109, #7487, #5149, #5994, #10563, #183, #4482, #10235, #1953, #4024, #8568, #10016, #5021, #8495, #9383, #8114, #2455, #2288, #1337, #11130, #1042, #6692, #8738, #2, #4559, #5912, #2737, #10473, #9800, #6460, #5195, #4521, #10689, #10223, #4828, #4366, #9701, #7646, #4303, #8127, #1669, #3765, #1335, #8228, #11150, #1637, #3362, #11409, #8039, #6063, #2018, #10368, #9403, #11091, #1288, #2304, #4880, #2441, #18, #2765, #3138, #1924, #8386, #848, #9422, #9805, #971, #2604, #7464, #9176, #3093, #8597, #3921, #2932, #10248, #11017, #2993, #8412, #5090, #6378, #11059, #7135, #9721, #5643, #3392, #7304, #7979, #4892, #8067, #7068, #6049, #3950, #11460, #6288, #9343, #8918, #671, #7243, #1144, #11115, #8806, #985, #41, #289, #11379, #2733, #11079, #10740, #7568, #9616, #8714, #10075, #9945, #9318, #10294, #6738, #3856, #889, #5771, #2592, #11446, #5958, #3510, #8617, #7446, #3007, #2516, #4439, #8856, #6954, #10322, #10507, #9659, #5850, #1625, #762, #6410, #4962, #3975, #8009, #5696, #1413, #2187 ) ) ;
#5819 = DIRECTION ( 'NONE',  ( 0.000000000000000000, 1.000000000000000000, 0.000000000000000000 ) ) ;
#5820 = LINE ( 'NONE', #10164, #6629 ) ;
#5821 = ORIENTED_EDGE ( 'NONE', *, *, #3046, .F. ) ;
#5822 = CARTESIAN_POINT ( 'NONE',  ( 56.74999999999997868, -3.500000000000000000, 25.60000000009224053 ) ) ;
#5823 = ORIENTED_EDGE ( 'NONE', *, *, #328, .T. ) ;
#5824 = VECTOR ( 'NONE', #4592, 1000.000000000000000 ) ;
#5825 = CARTESIAN_POINT ( 'NONE',  ( 79.50000000000051159, -3.500000000000000000, 55.99999999999916866 ) ) ;
#5826 = DIRECTION ( 'NONE',  ( 0.000000000000000000, 1.000000000000000000, 0.000000000000000000 ) ) ;
#5827 = VECTOR ( 'NONE', #8608, 1000.000000000000000 ) ;
#5828 = ORIENTED_EDGE ( 'NONE', *, *, #74, .T. ) ;
#5829 = CYLINDRICAL_SURFACE ( 'NONE', #1934, 1.499999999999997780 ) ;
#5830 = CARTESIAN_POINT ( 'NONE',  ( 94.00000000000153477, -3.500000000000000000, -37.24999999999690203 ) ) ;
#5831 = DIRECTION ( 'NONE',  ( 0.000000000000000000, 1.000000000000000000, 0.000000000000000000 ) ) ;
#5832 = EDGE_LOOP ( 'NONE', ( #3335, #4515, #3447, #3573 ) ) ;
#5833 = EDGE_LOOP ( 'NONE', ( #6048, #7820, #5339, #4699 ) ) ;
#5834 = DIRECTION ( 'NONE',  ( 1.000000000000000000, 0.000000000000000000, -0.000000000000000000 ) ) ;
#5835 = VECTOR ( 'NONE', #6917, 1000.000000000000000 ) ;
#5836 = EDGE_CURVE ( 'NONE', #2902, #6057, #6385, .T. ) ;
#5837 = VECTOR ( 'NONE', #4410, 1000.000000000000000 ) ;
#5838 = VERTEX_POINT ( 'NONE', #2760 ) ;
#5839 = DIRECTION ( 'NONE',  ( 1.000000000000000000, 0.000000000000000000, 0.000000000000000000 ) ) ;
#5840 = ORIENTED_EDGE ( 'NONE', *, *, #3743, .F. ) ;
#5841 = DIRECTION ( 'NONE',  ( 1.000000000000000000, 0.000000000000000000, 7.692556537664882126E-15 ) ) ;
#5842 = ORIENTED_EDGE ( 'NONE', *, *, #4920, .T. ) ;
#5843 = AXIS2_PLACEMENT_3D ( 'NONE', #3581, #6207, #2456 ) ;
#5844 = DIRECTION ( 'NONE',  ( 0.000000000000000000, 1.000000000000000000, 0.000000000000000000 ) ) ;
#5845 = LINE ( 'NONE', #1393, #7335 ) ;
#5846 = VECTOR ( 'NONE', #10807, 1000.000000000000000 ) ;
#5847 = CARTESIAN_POINT ( 'NONE',  ( 90.50000000000021316, 2.500000000000000000, 3.876524617021916530 ) ) ;
#5848 = EDGE_CURVE ( 'NONE', #8669, #7595, #11403, .T. ) ;
#5849 = ORIENTED_EDGE ( 'NONE', *, *, #4702, .F. ) ;
#5850 = ADVANCED_FACE ( 'NONE', ( #6218 ), #9863, .F. ) ;
#5851 = FACE_OUTER_BOUND ( 'NONE', #5527, .T. ) ;
#5852 = AXIS2_PLACEMENT_3D ( 'NONE', #4330, #11424, #3397 ) ;
#5853 = DIRECTION ( 'NONE',  ( 0.000000000000000000, 1.000000000000000000, 0.000000000000000000 ) ) ;
#5854 = LINE ( 'NONE', #9315, #5981 ) ;
#5855 = VERTEX_POINT ( 'NONE', #2710 ) ;
#5856 = AXIS2_PLACEMENT_3D ( 'NONE', #8550, #6036, #5920 ) ;
#5857 = AXIS2_PLACEMENT_3D ( 'NONE', #6700, #6755, #5717 ) ;
#5858 = CARTESIAN_POINT ( 'NONE',  ( 121.1458780402646340, 2.500000000000000000, -33.99999999999690203 ) ) ;
#5859 = CARTESIAN_POINT ( 'NONE',  ( 126.0000000000015490, -3.500000000000000000, -35.99999999999688782 ) ) ;
#5860 = ORIENTED_EDGE ( 'NONE', *, *, #3206, .T. ) ;
#5861 = CARTESIAN_POINT ( 'NONE',  ( 56.74999999999997868, 2.500000000000000000, -27.10000000009224408 ) ) ;
#5862 = VERTEX_POINT ( 'NONE', #10905 ) ;
#5863 = CARTESIAN_POINT ( 'NONE',  ( 88.05394221400148069, -3.500000000000000000, -27.79532361463138912 ) ) ;
#5864 = CARTESIAN_POINT ( 'NONE',  ( 24.37500000000000355, -3.500000000000000000, -7.000000000000006217 ) ) ;
#5865 = VECTOR ( 'NONE', #5102, 1000.000000000000000 ) ;
#5866 = EDGE_CURVE ( 'NONE', #7876, #6066, #8036, .T. ) ;
#5867 = AXIS2_PLACEMENT_3D ( 'NONE', #2973, #11002, #4967 ) ;
#5868 = AXIS2_PLACEMENT_3D ( 'NONE', #9871, #76, #3662 ) ;
#5869 = VECTOR ( 'NONE', #1676, 1000.000000000000000 ) ;
#5870 = CARTESIAN_POINT ( 'NONE',  ( 84.35412195973775340, 2.500000000000000000, -53.99999999999998579 ) ) ;
#5871 = ORIENTED_EDGE ( 'NONE', *, *, #6103, .F. ) ;
#5872 = FACE_OUTER_BOUND ( 'NONE', #8117, .T. ) ;
#5873 = DIRECTION ( 'NONE',  ( 0.000000000000000000, 1.000000000000000000, 0.000000000000000000 ) ) ;
#5874 = ORIENTED_EDGE ( 'NONE', *, *, #3908, .T. ) ;
#5875 = AXIS2_PLACEMENT_3D ( 'NONE', #11044, #1310, #424 ) ;
#5876 = CIRCLE ( 'NONE', #7193, 1.499999999999997780 ) ;
#5877 = LINE ( 'NONE', #1417, #9161 ) ;
#5878 = ORIENTED_EDGE ( 'NONE', *, *, #8755, .F. ) ;
#5879 = CARTESIAN_POINT ( 'NONE',  ( 79.50000000000051159, -3.500000000000000000, -54.74999999999916866 ) ) ;
#5880 = EDGE_CURVE ( 'NONE', #6405, #3785, #5235, .T. ) ;
#5881 = DIRECTION ( 'NONE',  ( -0.000000000000000000, 1.000000000000000000, -0.000000000000000000 ) ) ;
#5882 = EDGE_CURVE ( 'NONE', #10078, #9120, #1476, .T. ) ;
#5883 = ORIENTED_EDGE ( 'NONE', *, *, #11539, .T. ) ;
#5884 = CARTESIAN_POINT ( 'NONE',  ( 94.00000000000153477, -3.500000000000000000, 35.99999999999690203 ) ) ;
#5885 = DIRECTION ( 'NONE',  ( 0.000000000000000000, 1.000000000000000000, 0.000000000000000000 ) ) ;
#5886 = ORIENTED_EDGE ( 'NONE', *, *, #10584, .F. ) ;
#5887 = DIRECTION ( 'NONE',  ( -0.5854410483392259446, 0.000000000000000000, 0.8107149800759005931 ) ) ;
#5888 = DIRECTION ( 'NONE',  ( -0.2873478855662357501, 0.000000000000000000, -0.9578262852211841816 ) ) ;
#5889 = EDGE_LOOP ( 'NONE', ( #10146, #11482 ) ) ;
#5890 = CARTESIAN_POINT ( 'NONE',  ( -31.21686531451300084, 2.500000000000000000, 50.01926101503037358 ) ) ;
#5891 = CARTESIAN_POINT ( 'NONE',  ( -22.37500000000000000, -3.500000000000000000, -7.000000000000006217 ) ) ;
#5892 = CYLINDRICAL_SURFACE ( 'NONE', #2852, 1.000000000000000888 ) ;
#5893 = DIRECTION ( 'NONE',  ( 0.9910643481421648193, 0.000000000000000000, 0.1333846237073302854 ) ) ;
#5894 = ORIENTED_EDGE ( 'NONE', *, *, #984, .T. ) ;
#5895 = VERTEX_POINT ( 'NONE', #9916 ) ;
#5896 = LINE ( 'NONE', #8410, #1762 ) ;
#5897 = EDGE_CURVE ( 'NONE', #9938, #7573, #1881, .T. ) ;
#5898 = AXIS2_PLACEMENT_3D ( 'NONE', #8958, #6487, #988 ) ;
#5899 = EDGE_LOOP ( 'NONE', ( #5098, #3541 ) ) ;
#5900 = EDGE_CURVE ( 'NONE', #11352, #4859, #8203, .T. ) ;
#5901 = LINE ( 'NONE', #1220, #6505 ) ;
#5902 = ORIENTED_EDGE ( 'NONE', *, *, #10855, .T. ) ;
#5903 = ORIENTED_EDGE ( 'NONE', *, *, #2133, .F. ) ;
#5904 = EDGE_LOOP ( 'NONE', ( #1322, #1499, #2160, #10492 ) ) ;
#5905 = DIRECTION ( 'NONE',  ( -0.000000000000000000, -0.000000000000000000, -1.000000000000000000 ) ) ;
#5906 = FACE_OUTER_BOUND ( 'NONE', #2842, .T. ) ;
#5907 = CARTESIAN_POINT ( 'NONE',  ( -27.33759176332126373, 2.500000000000000000, 51.18735183279876821 ) ) ;
#5908 = VERTEX_POINT ( 'NONE', #6281 ) ;
#5909 = CYLINDRICAL_SURFACE ( 'NONE', #9959, 1.000000000000000888 ) ;
#5910 = DIRECTION ( 'NONE',  ( -0.000000000000000000, 1.000000000000000000, -0.000000000000000000 ) ) ;
#5911 = DIRECTION ( 'NONE',  ( 3.469446951953611033E-15, 0.000000000000000000, 1.000000000000000000 ) ) ;
#5912 = ADVANCED_FACE ( 'NONE', ( #4419 ), #8087, .F. ) ;
#5913 = EDGE_LOOP ( 'NONE', ( #3806, #8633, #5205, #6776, #16, #10663, #7550, #4263, #8427, #9722, #6577, #2382, #6774, #2356, #650, #7, #8247, #7361, #3391, #4662, #8505, #6324, #9015, #11279, #2347, #7194, #11571, #8252, #10542, #11359, #5250, #6492, #7200, #9796, #687, #6997, #8511, #11075, #7655, #6695, #994, #6804, #9076, #11093, #1444, #3676, #6320, #1495, #9128, #8745, #6220, #2515, #1616, #2475, #6122, #3314, #3354, #2099, #11419, #622, #2403, #7984, #4324, #8771, #4993, #4133, #9360, #1851, #10621, #8128, #9220, #5998, #5961, #10435, #5566, #7133, #6130, #2498, #2749, #9501, #9263, #10107, #7016, #6201, #8150, #843, #4869, #4334, #5683, #8056, #1373, #818, #10129, #2698, #5212, #8103, #2924, #7054, #4168, #10537, #3012, #731, #4091, #5630, #2410, #1602, #2978, #6957 ) ) ;
#5914 = EDGE_CURVE ( 'NONE', #2559, #9954, #7651, .T. ) ;
#5915 = DIRECTION ( 'NONE',  ( 0.000000000000000000, 0.000000000000000000, -1.000000000000000000 ) ) ;
#5916 = CARTESIAN_POINT ( 'NONE',  ( 89.55286222528677342, -3.500000000000000000, -13.64374621796593701 ) ) ;
#5917 = ORIENTED_EDGE ( 'NONE', *, *, #7514, .T. ) ;
#5918 = LINE ( 'NONE', #10105, #966 ) ;
#5919 = ORIENTED_EDGE ( 'NONE', *, *, #2943, .T. ) ;
#5920 = DIRECTION ( 'NONE',  ( 0.000000000000000000, 0.000000000000000000, 1.000000000000000000 ) ) ;
#5921 = DIRECTION ( 'NONE',  ( 0.000000000000000000, 1.000000000000000000, 0.000000000000000000 ) ) ;
#5922 = EDGE_CURVE ( 'NONE', #8650, #7793, #734, .T. ) ;
#5923 = DIRECTION ( 'NONE',  ( 0.000000000000000000, 1.000000000000000000, 0.000000000000000000 ) ) ;
#5924 = AXIS2_PLACEMENT_3D ( 'NONE', #689, #1690, #868 ) ;
#5926 = EDGE_CURVE ( 'NONE', #1030, #709, #3727, .T. ) ;
#5925 = ORIENTED_EDGE ( 'NONE', *, *, #694, .T. ) ;
#5927 = CARTESIAN_POINT ( 'NONE',  ( 42.99769075490628012, -3.500000000000000000, 34.20480962656461088 ) ) ;
#5928 = CARTESIAN_POINT ( 'NONE',  ( -27.78504933807234067, 2.500000000000000000, -16.10836839094013229 ) ) ;
#5929 = ORIENTED_EDGE ( 'NONE', *, *, #7744, .T. ) ;
#5930 = DIRECTION ( 'NONE',  ( 0.000000000000000000, 0.000000000000000000, 1.000000000000000000 ) ) ;
#5931 = VERTEX_POINT ( 'NONE', #3760 ) ;
#5932 = FACE_OUTER_BOUND ( 'NONE', #5832, .T. ) ;
#5933 = AXIS2_PLACEMENT_3D ( 'NONE', #2144, #5831, #3022 ) ;
#5934 = CARTESIAN_POINT ( 'NONE',  ( 121.1458780402646482, -3.500000000000000000, -37.99999999999690203 ) ) ;
#5935 = VECTOR ( 'NONE', #1048, 1000.000000000000000 ) ;
#5936 = VERTEX_POINT ( 'NONE', #7322 ) ;
#5937 = CARTESIAN_POINT ( 'NONE',  ( 42.51039864469806417, 2.500000000000000000, -60.00000000000000000 ) ) ;
#5938 = DIRECTION ( 'NONE',  ( 0.000000000000000000, 1.000000000000000000, 0.000000000000000000 ) ) ;
#5939 = ORIENTED_EDGE ( 'NONE', *, *, #8820, .T. ) ;
#5940 = EDGE_CURVE ( 'NONE', #4034, #5114, #8862, .T. ) ;
#5941 = VECTOR ( 'NONE', #7868, 1000.000000000000114 ) ;
#5942 = CARTESIAN_POINT ( 'NONE',  ( 45.49728228756692516, -3.500000000000000000, -35.75000000000000000 ) ) ;
#5943 = CARTESIAN_POINT ( 'NONE',  ( 87.57546621952566568, -3.500000000000000000, -23.74367658590766439 ) ) ;
#5944 = VERTEX_POINT ( 'NONE', #3654 ) ;
#5945 = EDGE_CURVE ( 'NONE', #5680, #7590, #3551, .T. ) ;
#5946 = VECTOR ( 'NONE', #6013, 1000.000000000000000 ) ;
#5947 = CARTESIAN_POINT ( 'NONE',  ( 125.4791691109702327, -3.500000000000000000, 41.22410137583473499 ) ) ;
#5948 = DIRECTION ( 'NONE',  ( 1.000000000000000000, 0.000000000000000000, 0.000000000000000000 ) ) ;
#5949 = CARTESIAN_POINT ( 'NONE',  ( 74.01707195013517548, 2.500000000000000000, -53.99999999999920419 ) ) ;
#5950 = PLANE ( 'NONE',  #3519 ) ;
#5951 = ORIENTED_EDGE ( 'NONE', *, *, #1512, .T. ) ;
#5952 = VERTEX_POINT ( 'NONE', #10683 ) ;
#5953 = CYLINDRICAL_SURFACE ( 'NONE', #633, 5.250000000000011546 ) ;
#5954 = ORIENTED_EDGE ( 'NONE', *, *, #5247, .F. ) ;
#5955 = CARTESIAN_POINT ( 'NONE',  ( 89.55286222528677342, 2.500000000000000000, -13.64374621796593345 ) ) ;
#5956 = VECTOR ( 'NONE', #11156, 1000.000000000000000 ) ;
#5957 = ORIENTED_EDGE ( 'NONE', *, *, #2371, .F. ) ;
#5958 = ADVANCED_FACE ( 'NONE', ( #8972 ), #7215, .F. ) ;
#5959 = CARTESIAN_POINT ( 'NONE',  ( 83.21872773756770414, -3.500000000000000000, -59.70588235294136581 ) ) ;
#5960 = CARTESIAN_POINT ( 'NONE',  ( -28.50000000000001421, 2.500000000000000000, -53.99999999999996447 ) ) ;
#5961 = ORIENTED_EDGE ( 'NONE', *, *, #6397, .T. ) ;
#5962 = ADVANCED_FACE ( 'NONE', ( #4814 ), #2220, .T. ) ;
#5963 = CYLINDRICAL_SURFACE ( 'NONE', #11295, 1.000000000000000888 ) ;
#5964 = CARTESIAN_POINT ( 'NONE',  ( -24.37499999999999645, 2.500000000000000000, 12.00000000000000533 ) ) ;
#5965 = FACE_BOUND ( 'NONE', #5718, .T. ) ;
#5966 = ORIENTED_EDGE ( 'NONE', *, *, #229, .F. ) ;
#5967 = AXIS2_PLACEMENT_3D ( 'NONE', #7294, #10006, #1969 ) ;
#5968 = DIRECTION ( 'NONE',  ( 0.000000000000000000, 1.000000000000000000, 0.000000000000000000 ) ) ;
#5969 = CARTESIAN_POINT ( 'NONE',  ( -32.20801575699088204, 2.500000000000000000, 49.88651765219851342 ) ) ;
#5970 = DIRECTION ( 'NONE',  ( 0.000000000000000000, 0.000000000000000000, -1.000000000000000000 ) ) ;
#5971 = EDGE_LOOP ( 'NONE', ( #3915, #613 ) ) ;
#5972 = VECTOR ( 'NONE', #3991, 1000.000000000000000 ) ;
#5973 = DIRECTION ( 'NONE',  ( 0.000000000000000000, 1.000000000000000000, 0.000000000000000000 ) ) ;
#5974 = DIRECTION ( 'NONE',  ( 0.000000000000000000, 1.000000000000000000, 0.000000000000000000 ) ) ;
#5975 = ORIENTED_EDGE ( 'NONE', *, *, #3396, .T. ) ;
#5976 = DIRECTION ( 'NONE',  ( -1.000000000000000000, 0.000000000000000000, 0.000000000000000000 ) ) ;
#5977 = VERTEX_POINT ( 'NONE', #8378 ) ;
#5978 = CARTESIAN_POINT ( 'NONE',  ( 46.24055067520988160, 2.500000000000000000, 31.86304543320769866 ) ) ;
#5979 = CARTESIAN_POINT ( 'NONE',  ( 45.49728228756692516, -3.500000000000000000, 32.75000000000000711 ) ) ;
#5980 = VECTOR ( 'NONE', #2189, 1000.000000000000000 ) ;
#5981 = VECTOR ( 'NONE', #3929, 1000.000000000000000 ) ;
#5982 = EDGE_CURVE ( 'NONE', #7330, #10147, #4873, .T. ) ;
#5983 = DIRECTION ( 'NONE',  ( 0.000000000000000000, 1.000000000000000000, 0.000000000000000000 ) ) ;
#5984 = ORIENTED_EDGE ( 'NONE', *, *, #9735, .T. ) ;
#5985 = CARTESIAN_POINT ( 'NONE',  ( 2.000000000000007994, -3.500000000000000000, -52.00000000000000000 ) ) ;
#5986 = DIRECTION ( 'NONE',  ( -7.692556537664882126E-15, 0.000000000000000000, 1.000000000000000000 ) ) ;
#5987 = ORIENTED_EDGE ( 'NONE', *, *, #8751, .T. ) ;
#5988 = DIRECTION ( 'NONE',  ( 1.000000000000000000, 0.000000000000000000, -0.000000000000000000 ) ) ;
#5989 = ORIENTED_EDGE ( 'NONE', *, *, #9584, .F. ) ;
#5990 = CYLINDRICAL_SURFACE ( 'NONE', #11574, 2.000000000000003109 ) ;
#5991 = EDGE_CURVE ( 'NONE', #8822, #674, #9528, .T. ) ;
#5992 = ADVANCED_FACE ( 'NONE', ( #3820 ), #1176, .T. ) ;
#5993 = CARTESIAN_POINT ( 'NONE',  ( 44.10565956188739278, 2.500000000000000000, 53.47999999999941423 ) ) ;
#5994 = ADVANCED_FACE ( 'NONE', ( #7495 ), #3873, .T. ) ;
#5995 = ORIENTED_EDGE ( 'NONE', *, *, #299, .F. ) ;
#5996 = DIRECTION ( 'NONE',  ( 0.000000000000000000, 0.000000000000000000, 1.000000000000000000 ) ) ;
#5997 = DIRECTION ( 'NONE',  ( 0.000000000000000000, 1.000000000000000000, 0.000000000000000000 ) ) ;
#5998 = ORIENTED_EDGE ( 'NONE', *, *, #9222, .T. ) ;
#5999 = CARTESIAN_POINT ( 'NONE',  ( 86.34174532563687876, 2.500000000000000000, 32.95126413974819712 ) ) ;
#6000 = DIRECTION ( 'NONE',  ( 0.000000000000000000, 1.000000000000000000, 0.000000000000000000 ) ) ;
#6001 = ORIENTED_EDGE ( 'NONE', *, *, #8749, .F. ) ;
#6002 = CARTESIAN_POINT ( 'NONE',  ( 81.82864925813825607, -3.500000000000000000, -51.29469526676726332 ) ) ;
#6003 = DIRECTION ( 'NONE',  ( 0.000000000000000000, 1.000000000000000000, 0.000000000000000000 ) ) ;
#6004 = DIRECTION ( 'NONE',  ( -1.000000000000000000, 0.000000000000000000, 0.000000000000000000 ) ) ;
#6005 = EDGE_LOOP ( 'NONE', ( #9098, #2662, #3037, #4467 ) ) ;
#6006 = DIRECTION ( 'NONE',  ( 0.000000000000000000, 0.000000000000000000, -1.000000000000000000 ) ) ;
#6007 = ORIENTED_EDGE ( 'NONE', *, *, #6177, .F. ) ;
#6008 = ORIENTED_EDGE ( 'NONE', *, *, #4149, .F. ) ;
#6009 = CARTESIAN_POINT ( 'NONE',  ( 79.50000000000051159, -3.500000000000000000, -55.99999999999916866 ) ) ;
#6010 = ORIENTED_EDGE ( 'NONE', *, *, #9619, .F. ) ;
#6011 = EDGE_CURVE ( 'NONE', #1068, #11085, #406, .T. ) ;
#6012 = CIRCLE ( 'NONE', #399, 0.9999999999999991118 ) ;
#6013 = DIRECTION ( 'NONE',  ( 1.000000000000000000, 0.000000000000000000, -7.692556537664882126E-15 ) ) ;
#6014 = ORIENTED_EDGE ( 'NONE', *, *, #620, .F. ) ;
#6015 = DIRECTION ( 'NONE',  ( 0.9911504424778760924, -0.000000000000000000, 0.1327433628318585856 ) ) ;
#6016 = CARTESIAN_POINT ( 'NONE',  ( -22.37500000000000000, -3.500000000000000000, -12.00000000000000533 ) ) ;
#6017 = ORIENTED_EDGE ( 'NONE', *, *, #4468, .F. ) ;
#6018 = CARTESIAN_POINT ( 'NONE',  ( 93.47833594191119744, -3.500000000000000000, 14.41228775886719227 ) ) ;
#6019 = DIRECTION ( 'NONE',  ( 1.000000000000000000, 0.000000000000000000, 0.000000000000000000 ) ) ;
#6020 = CARTESIAN_POINT ( 'NONE',  ( 67.50000000000052580, 2.500000000000000000, -60.00000000000000000 ) ) ;
#6021 = ORIENTED_EDGE ( 'NONE', *, *, #4606, .T. ) ;
#6022 = EDGE_CURVE ( 'NONE', #1727, #4145, #2407, .T. ) ;
#6023 = DIRECTION ( 'NONE',  ( 0.000000000000000000, 1.000000000000000000, 0.000000000000000000 ) ) ;
#6024 = EDGE_CURVE ( 'NONE', #8289, #5520, #10089, .T. ) ;
#6025 = CARTESIAN_POINT ( 'NONE',  ( 93.47833594191119744, -3.500000000000000000, 14.41228775886719227 ) ) ;
#6026 = DIRECTION ( 'NONE',  ( 0.000000000000000000, 0.000000000000000000, -1.000000000000000000 ) ) ;
#6027 = AXIS2_PLACEMENT_3D ( 'NONE', #2317, #2370, #678 ) ;
#6028 = ORIENTED_EDGE ( 'NONE', *, *, #6206, .F. ) ;
#6029 = CIRCLE ( 'NONE', #9209, 5.499999999999998224 ) ;
#6030 = LINE ( 'NONE', #6910, #3423 ) ;
#6031 = CARTESIAN_POINT ( 'NONE',  ( 26.37500000000000355, -3.500000000000000000, 11.18581490044991256 ) ) ;
#6032 = DIRECTION ( 'NONE',  ( 0.000000000000000000, 1.000000000000000000, 0.000000000000000000 ) ) ;
#6033 = EDGE_LOOP ( 'NONE', ( #204, #8947, #9283, #277, #10907, #6793, #1157, #87, #5307, #5581, #9203, #1378 ) ) ;
#6034 = FACE_OUTER_BOUND ( 'NONE', #11028, .T. ) ;
#6035 = VERTEX_POINT ( 'NONE', #9146 ) ;
#6036 = DIRECTION ( 'NONE',  ( 0.000000000000000000, 1.000000000000000000, 0.000000000000000000 ) ) ;
#6037 = VECTOR ( 'NONE', #10074, 1000.000000000000000 ) ;
#6038 = DIRECTION ( 'NONE',  ( 0.000000000000000000, 0.000000000000000000, 1.000000000000000000 ) ) ;
#6039 = VECTOR ( 'NONE', #6121, 1000.000000000000000 ) ;
#6040 = EDGE_CURVE ( 'NONE', #10805, #11356, #7461, .T. ) ;
#6041 = AXIS2_PLACEMENT_3D ( 'NONE', #7414, #7040, #10622 ) ;
#6042 = EDGE_CURVE ( 'NONE', #4540, #6228, #915, .T. ) ;
#6043 = DIRECTION ( 'NONE',  ( -0.000000000000000000, -1.000000000000000000, -0.000000000000000000 ) ) ;
#6044 = AXIS2_PLACEMENT_3D ( 'NONE', #3789, #6255, #5381 ) ;
#6045 = ORIENTED_EDGE ( 'NONE', *, *, #4000, .F. ) ;
#6046 = DIRECTION ( 'NONE',  ( 0.000000000000000000, 1.000000000000000000, 0.000000000000000000 ) ) ;
#6047 = LINE ( 'NONE', #5928, #10932 ) ;
#6048 = ORIENTED_EDGE ( 'NONE', *, *, #10251, .F. ) ;
#6049 = ADVANCED_FACE ( 'NONE', ( #10256 ), #8257, .F. ) ;
#6050 = FACE_OUTER_BOUND ( 'NONE', #9649, .T. ) ;
#6051 = ORIENTED_EDGE ( 'NONE', *, *, #6068, .T. ) ;
#6052 = DIRECTION ( 'NONE',  ( 0.000000000000000000, 0.000000000000000000, -1.000000000000000000 ) ) ;
#6053 = CIRCLE ( 'NONE', #6620, 5.249999999999991118 ) ;
#6054 = AXIS2_PLACEMENT_3D ( 'NONE', #2363, #5938, #7872 ) ;
#6055 = DIRECTION ( 'NONE',  ( -0.9578262852211842926, 0.000000000000000000, -0.2873478855662358056 ) ) ;
#6056 = AXIS2_PLACEMENT_3D ( 'NONE', #10697, #8882, #856 ) ;
#6057 = VERTEX_POINT ( 'NONE', #5801 ) ;
#6058 = CARTESIAN_POINT ( 'NONE',  ( 126.2337187026645893, -3.500000000000000000, -58.99999999999999289 ) ) ;
#6059 = CIRCLE ( 'NONE', #3461, 1.000000000000000888 ) ;
#6060 = CARTESIAN_POINT ( 'NONE',  ( 132.9999999999999716, 2.500000000000000000, 60.00000000000000000 ) ) ;
#6061 = ORIENTED_EDGE ( 'NONE', *, *, #7688, .F. ) ;
#6062 = AXIS2_PLACEMENT_3D ( 'NONE', #4440, #3675, #8055 ) ;
#6063 = ADVANCED_FACE ( 'NONE', ( #6624 ), #2994, .T. ) ;
#6064 = CARTESIAN_POINT ( 'NONE',  ( -24.87652461702021611, -3.500000000000000000, -53.99999999999993605 ) ) ;
#6065 = DIRECTION ( 'NONE',  ( 0.000000000000000000, 0.000000000000000000, -1.000000000000000000 ) ) ;
#6066 = VERTEX_POINT ( 'NONE', #2168 ) ;
#6067 = AXIS2_PLACEMENT_3D ( 'NONE', #4435, #11584, #9102 ) ;
#6068 = EDGE_CURVE ( 'NONE', #1903, #6870, #7384, .T. ) ;
#6069 = DIRECTION ( 'NONE',  ( 0.000000000000000000, 0.000000000000000000, 1.000000000000000000 ) ) ;
#6070 = FACE_OUTER_BOUND ( 'NONE', #10919, .T. ) ;
#6071 = DIRECTION ( 'NONE',  ( 0.000000000000000000, 0.000000000000000000, 1.000000000000000000 ) ) ;
#6072 = EDGE_LOOP ( 'NONE', ( #7336, #5357, #156, #10950 ) ) ;
#6073 = DIRECTION ( 'NONE',  ( -0.000000000000000000, -1.000000000000000000, -0.000000000000000000 ) ) ;
#6074 = VERTEX_POINT ( 'NONE', #4928 ) ;
#6075 = EDGE_LOOP ( 'NONE', ( #1679, #1473, #2947, #2141 ) ) ;
#6076 = DIRECTION ( 'NONE',  ( 0.000000000000000000, 1.000000000000000000, 0.000000000000000000 ) ) ;
#6077 = VECTOR ( 'NONE', #7269, 1000.000000000000000 ) ;
#6078 = AXIS2_PLACEMENT_3D ( 'NONE', #6280, #5460, #7264 ) ;
#6079 = VERTEX_POINT ( 'NONE', #7611 ) ;
#6080 = AXIS2_PLACEMENT_3D ( 'NONE', #9947, #1972, #7410 ) ;
#6081 = CARTESIAN_POINT ( 'NONE',  ( -27.55385631544756819, 2.500000000000000000, -15.13546048867516625 ) ) ;
#6082 = ORIENTED_EDGE ( 'NONE', *, *, #9791, .T. ) ;
#6083 = EDGE_CURVE ( 'NONE', #10962, #1748, #8496, .T. ) ;
#6084 = DIRECTION ( 'NONE',  ( 0.000000000000000000, 0.000000000000000000, -1.000000000000000000 ) ) ;
#6085 = LINE ( 'NONE', #5154, #10423 ) ;
#6086 = ORIENTED_EDGE ( 'NONE', *, *, #4640, .F. ) ;
#6087 = EDGE_CURVE ( 'NONE', #5241, #6228, #4048, .T. ) ;
#6088 = CARTESIAN_POINT ( 'NONE',  ( 34.64587804026361795, -3.500000000000000000, 53.99999999999948130 ) ) ;
#6089 = LINE ( 'NONE', #8654, #6216 ) ;
#6090 = FACE_BOUND ( 'NONE', #5734, .T. ) ;
#6091 = ORIENTED_EDGE ( 'NONE', *, *, #2117, .F. ) ;
#6092 = LINE ( 'NONE', #4277, #3966 ) ;
#6093 = CARTESIAN_POINT ( 'NONE',  ( 53.39723764379619553, 2.500000000000000000, 30.69990044841696886 ) ) ;
#6094 = DIRECTION ( 'NONE',  ( -0.5854410483392259446, 0.000000000000000000, -0.8107149800759005931 ) ) ;
#6095 = VECTOR ( 'NONE', #5221, 1000.000000000000114 ) ;
#6096 = ORIENTED_EDGE ( 'NONE', *, *, #3205, .T. ) ;
#6097 = DIRECTION ( 'NONE',  ( 0.000000000000000000, 1.000000000000000000, 0.000000000000000000 ) ) ;
#6098 = EDGE_CURVE ( 'NONE', #855, #11022, #9319, .T. ) ;
#6099 = LINE ( 'NONE', #11318, #2786 ) ;
#6100 = DIRECTION ( 'NONE',  ( 1.000000000000000000, 0.000000000000000000, -7.044562338992071980E-17 ) ) ;
#6101 = VERTEX_POINT ( 'NONE', #4284 ) ;
#6102 = CARTESIAN_POINT ( 'NONE',  ( 46.85657683199546142, 2.500000000000000000, 40.60628180161065615 ) ) ;
#6103 = EDGE_CURVE ( 'NONE', #1384, #1778, #6099, .T. ) ;
#6104 = VERTEX_POINT ( 'NONE', #5858 ) ;
#6105 = DIRECTION ( 'NONE',  ( 0.000000000000000000, 0.000000000000000000, 1.000000000000000000 ) ) ;
#6106 = DIRECTION ( 'NONE',  ( 0.000000000000000000, 1.000000000000000000, 0.000000000000000000 ) ) ;
#6107 = CARTESIAN_POINT ( 'NONE',  ( 94.00000000000153477, 2.500000000000000000, 41.24999999999690203 ) ) ;
#6108 = EDGE_LOOP ( 'NONE', ( #5760, #10293, #240, #6297 ) ) ;
#6109 = CARTESIAN_POINT ( 'NONE',  ( 21.49999999999999645, -3.500000000000000000, -10.26634360823522663 ) ) ;
#6110 = LINE ( 'NONE', #7747, #9431 ) ;
#6111 = ORIENTED_EDGE ( 'NONE', *, *, #74, .F. ) ;
#6112 = EDGE_CURVE ( 'NONE', #5931, #6862, #1403, .T. ) ;
#6113 = VERTEX_POINT ( 'NONE', #8789 ) ;
#6114 = DIRECTION ( 'NONE',  ( 0.000000000000000000, 0.000000000000000000, 1.000000000000000000 ) ) ;
#6115 = DIRECTION ( 'NONE',  ( 0.000000000000000000, 1.000000000000000000, 0.000000000000000000 ) ) ;
#6116 = VERTEX_POINT ( 'NONE', #6031 ) ;
#6117 = CARTESIAN_POINT ( 'NONE',  ( -31.78318584070796859, -3.500000000000000000, -54.24778761061944721 ) ) ;
#6118 = CARTESIAN_POINT ( 'NONE',  ( 89.24999999999994316, -3.500000000000000000, 24.10000000009224408 ) ) ;
#6119 = ORIENTED_EDGE ( 'NONE', *, *, #3671, .F. ) ;
#6120 = LINE ( 'NONE', #7762, #1125 ) ;
#6121 = DIRECTION ( 'NONE',  ( 1.000000000000000000, 0.000000000000000000, 0.000000000000000000 ) ) ;
#6122 = ORIENTED_EDGE ( 'NONE', *, *, #4235, .F. ) ;
#6123 = DIRECTION ( 'NONE',  ( 0.000000000000000000, 0.000000000000000000, 1.000000000000000000 ) ) ;
#6124 = CYLINDRICAL_SURFACE ( 'NONE', #10004, 1.000000000000000888 ) ;
#6125 = CARTESIAN_POINT ( 'NONE',  ( 34.64587804026361795, 2.500000000000000000, -53.99999999999948130 ) ) ;
#6126 = AXIS2_PLACEMENT_3D ( 'NONE', #5073, #2432, #9468 ) ;
#6127 = ORIENTED_EDGE ( 'NONE', *, *, #5501, .F. ) ;
#6128 = CARTESIAN_POINT ( 'NONE',  ( 22.37500000000000711, -3.500000000000000000, 10.65685424949238858 ) ) ;
#6129 = ORIENTED_EDGE ( 'NONE', *, *, #764, .F. ) ;
#6130 = ORIENTED_EDGE ( 'NONE', *, *, #9578, .F. ) ;
#6131 = CARTESIAN_POINT ( 'NONE',  ( 94.50000000000022737, 2.500000000000000000, -7.500000000001714184 ) ) ;
#6132 = EDGE_CURVE ( 'NONE', #3583, #2568, #6911, .T. ) ;
#6133 = ORIENTED_EDGE ( 'NONE', *, *, #2667, .F. ) ;
#6134 = ADVANCED_FACE ( 'NONE', ( #9611 ), #9673, .T. ) ;
#6135 = VECTOR ( 'NONE', #1831, 1000.000000000000000 ) ;
#6136 = CARTESIAN_POINT ( 'NONE',  ( -28.50000000000001421, -3.500000000000000000, 53.99999999999996447 ) ) ;
#6137 = ORIENTED_EDGE ( 'NONE', *, *, #1534, .F. ) ;
#6138 = CIRCLE ( 'NONE', #1262, 1.000000000000000888 ) ;
#6139 = DIRECTION ( 'NONE',  ( -0.000000000000000000, -1.000000000000000000, -0.000000000000000000 ) ) ;
#6140 = CARTESIAN_POINT ( 'NONE',  ( 51.28783641408370642, -3.500000000000000000, 32.32140390234776106 ) ) ;
#6141 = ORIENTED_EDGE ( 'NONE', *, *, #624, .T. ) ;
#6142 = DIRECTION ( 'NONE',  ( 1.000000000000000000, 0.000000000000000000, 0.000000000000000000 ) ) ;
#6143 = PLANE ( 'NONE',  #4917 ) ;
#6144 = FACE_OUTER_BOUND ( 'NONE', #10280, .T. ) ;
#6145 = CIRCLE ( 'NONE', #3153, 5.249999999999991118 ) ;
#6146 = ORIENTED_EDGE ( 'NONE', *, *, #6068, .F. ) ;
#6147 = EDGE_CURVE ( 'NONE', #9693, #5936, #1646, .T. ) ;
#6148 = CARTESIAN_POINT ( 'NONE',  ( 91.69240685003698843, 2.500000000000000000, -26.13352486258014906 ) ) ;
#6149 = EDGE_CURVE ( 'NONE', #6074, #6807, #4353, .T. ) ;
#6150 = DIRECTION ( 'NONE',  ( 0.000000000000000000, 1.000000000000000000, 0.000000000000000000 ) ) ;
#6151 = DIRECTION ( 'NONE',  ( -0.000000000000000000, -1.000000000000000000, -0.000000000000000000 ) ) ;
#6152 = AXIS2_PLACEMENT_3D ( 'NONE', #4616, #10826, #979 ) ;
#6153 = ORIENTED_EDGE ( 'NONE', *, *, #6931, .T. ) ;
#6154 = DIRECTION ( 'NONE',  ( 0.9418617333936458724, 0.000000000000000000, 0.3360007070955604580 ) ) ;
#6155 = CARTESIAN_POINT ( 'NONE',  ( 88.92248353675768158, -3.500000000000000000, -37.33466346525224822 ) ) ;
#6156 = LINE ( 'NONE', #6363, #5148 ) ;
#6157 = ORIENTED_EDGE ( 'NONE', *, *, #1722, .F. ) ;
#6158 = VECTOR ( 'NONE', #2923, 1000.000000000000000 ) ;
#6159 = DIRECTION ( 'NONE',  ( 0.000000000000000000, 0.000000000000000000, 1.000000000000000000 ) ) ;
#6160 = VERTEX_POINT ( 'NONE', #10490 ) ;
#6161 = CYLINDRICAL_SURFACE ( 'NONE', #4375, 5.249999999999997335 ) ;
#6162 = FACE_BOUND ( 'NONE', #4985, .T. ) ;
#6163 = AXIS2_PLACEMENT_3D ( 'NONE', #1827, #948, #8148 ) ;
#6164 = EDGE_CURVE ( 'NONE', #8928, #8673, #2398, .T. ) ;
#6165 = DIRECTION ( 'NONE',  ( 0.000000000000000000, 0.000000000000000000, 1.000000000000000000 ) ) ;
#6166 = VERTEX_POINT ( 'NONE', #2278 ) ;
#6167 = FACE_OUTER_BOUND ( 'NONE', #3729, .T. ) ;
#6168 = CARTESIAN_POINT ( 'NONE',  ( 80.99728228756691806, -3.500000000000000000, 34.25000000000000000 ) ) ;
#6169 = VERTEX_POINT ( 'NONE', #5041 ) ;
#6170 = EDGE_LOOP ( 'NONE', ( #1345, #11171, #4062, #10135 ) ) ;
#6171 = CIRCLE ( 'NONE', #10672, 5.499999999999998224 ) ;
#6172 = CARTESIAN_POINT ( 'NONE',  ( -24.37499999999999645, -3.500000000000000000, 7.000000000000006217 ) ) ;
#6173 = AXIS2_PLACEMENT_3D ( 'NONE', #11313, #3221, #4925 ) ;
#6174 = DIRECTION ( 'NONE',  ( 0.000000000000000000, 1.000000000000000000, 0.000000000000000000 ) ) ;
#6175 = EDGE_CURVE ( 'NONE', #10743, #7913, #4907, .T. ) ;
#6176 = VERTEX_POINT ( 'NONE', #574 ) ;
#6177 = EDGE_CURVE ( 'NONE', #5617, #6539, #7911, .T. ) ;
#6178 = VECTOR ( 'NONE', #1892, 1000.000000000000000 ) ;
#6179 = LINE ( 'NONE', #1889, #3818 ) ;
#6180 = ORIENTED_EDGE ( 'NONE', *, *, #8921, .T. ) ;
#6181 = DIRECTION ( 'NONE',  ( 0.000000000000000000, 0.000000000000000000, 1.000000000000000000 ) ) ;
#6182 = CARTESIAN_POINT ( 'NONE',  ( 34.01707195013521101, 2.500000000000000000, 57.99999999999948841 ) ) ;
#6183 = VERTEX_POINT ( 'NONE', #11504 ) ;
#6184 = FACE_OUTER_BOUND ( 'NONE', #2505, .T. ) ;
#6185 = LINE ( 'NONE', #9580, #7003 ) ;
#6186 = CARTESIAN_POINT ( 'NONE',  ( 95.25000000000153477, 2.500000000000000000, -37.99999999999690203 ) ) ;
#6187 = ORIENTED_EDGE ( 'NONE', *, *, #6259, .F. ) ;
#6188 = CYLINDRICAL_SURFACE ( 'NONE', #5754, 1.000000000000000888 ) ;
#6189 = EDGE_LOOP ( 'NONE', ( #10241, #10638, #3488, #5141 ) ) ;
#6190 = CARTESIAN_POINT ( 'NONE',  ( -25.12083890225464700, -3.500000000000000000, 58.53846153846148326 ) ) ;
#6191 = EDGE_LOOP ( 'NONE', ( #10558, #9186, #3868, #804 ) ) ;
#6192 = CARTESIAN_POINT ( 'NONE',  ( 2.000000000000007994, -3.500000000000000000, -52.00000000000000000 ) ) ;
#6193 = VERTEX_POINT ( 'NONE', #10311 ) ;
#6194 = LINE ( 'NONE', #10535, #4954 ) ;
#6195 = CARTESIAN_POINT ( 'NONE',  ( 78.12972322633680733, 2.500000000000000000, -38.94330427634487535 ) ) ;
#6196 = VERTEX_POINT ( 'NONE', #8544 ) ;
#6197 = DIRECTION ( 'NONE',  ( 0.000000000000000000, 1.000000000000000000, 0.000000000000000000 ) ) ;
#6198 = CARTESIAN_POINT ( 'NONE',  ( 45.49728228756692516, 2.500000000000000000, 34.25000000000000000 ) ) ;
#6199 = FACE_BOUND ( 'NONE', #6691, .T. ) ;
#6200 = EDGE_CURVE ( 'NONE', #4418, #4289, #8730, .T. ) ;
#6201 = ORIENTED_EDGE ( 'NONE', *, *, #6319, .T. ) ;
#6202 = DIRECTION ( 'NONE',  ( 0.000000000000000000, 1.000000000000000000, 0.000000000000000000 ) ) ;
#6203 = CARTESIAN_POINT ( 'NONE',  ( 89.55931393138243379, -3.500000000000000000, 31.09129537476047034 ) ) ;
#6204 = CARTESIAN_POINT ( 'NONE',  ( -28.70982142857142350, 2.500000000000000000, -20.00000000000000711 ) ) ;
#6205 = VERTEX_POINT ( 'NONE', #703 ) ;
#6206 = EDGE_CURVE ( 'NONE', #325, #3103, #2457, .T. ) ;
#6207 = DIRECTION ( 'NONE',  ( 0.000000000000000000, 1.000000000000000000, 0.000000000000000000 ) ) ;
#6208 = CARTESIAN_POINT ( 'NONE',  ( 126.2337187026645893, -3.500000000000000000, -58.99999999999999289 ) ) ;
#6209 = VECTOR ( 'NONE', #5451, 1000.000000000000000 ) ;
#6210 = EDGE_LOOP ( 'NONE', ( #7748, #2821, #3757, #4202 ) ) ;
#6211 = CARTESIAN_POINT ( 'NONE',  ( 79.50000000000051159, 2.500000000000000000, 57.24999999999916866 ) ) ;
#6212 = EDGE_CURVE ( 'NONE', #9954, #5749, #4983, .T. ) ;
#6213 = EDGE_LOOP ( 'NONE', ( #3458, #2785, #8180, #2718 ) ) ;
#6214 = DIRECTION ( 'NONE',  ( 0.000000000000000000, 1.000000000000000000, 0.000000000000000000 ) ) ;
#6215 = AXIS2_PLACEMENT_3D ( 'NONE', #943, #2754, #5350 ) ;
#6216 = VECTOR ( 'NONE', #692, 1000.000000000000000 ) ;
#6217 = LINE ( 'NONE', #1004, #7564 ) ;
#6218 = FACE_OUTER_BOUND ( 'NONE', #6670, .T. ) ;
#6219 = LINE ( 'NONE', #8916, #10746 ) ;
#6220 = ORIENTED_EDGE ( 'NONE', *, *, #8436, .F. ) ;
#6221 = AXIS2_PLACEMENT_3D ( 'NONE', #9898, #1639, #3520 ) ;
#6222 = EDGE_CURVE ( 'NONE', #3658, #7131, #5470, .T. ) ;
#6223 = ORIENTED_EDGE ( 'NONE', *, *, #7660, .F. ) ;
#6224 = VECTOR ( 'NONE', #21, 1000.000000000000000 ) ;
#6225 = CARTESIAN_POINT ( 'NONE',  ( 85.98105184898074071, -3.500000000000000000, 31.92362063310278586 ) ) ;
#6226 = VECTOR ( 'NONE', #11036, 1000.000000000000000 ) ;
#6227 = CARTESIAN_POINT ( 'NONE',  ( 130.4489866375057261, -3.500000000000000000, 40.38964894943570982 ) ) ;
#6228 = VERTEX_POINT ( 'NONE', #2526 ) ;
#6229 = AXIS2_PLACEMENT_3D ( 'NONE', #7253, #10022, #7309 ) ;
#6230 = DIRECTION ( 'NONE',  ( -0.000000000000000000, -0.000000000000000000, 1.000000000000000000 ) ) ;
#6231 = ORIENTED_EDGE ( 'NONE', *, *, #7285, .F. ) ;
#6232 = CARTESIAN_POINT ( 'NONE',  ( 89.55286222528678763, 2.500000000000000000, 13.64374621796594234 ) ) ;
#6233 = DIRECTION ( 'NONE',  ( 1.387778780781444413E-14, 0.000000000000000000, 1.000000000000000000 ) ) ;
#6234 = ORIENTED_EDGE ( 'NONE', *, *, #4920, .F. ) ;
#6235 = VECTOR ( 'NONE', #1906, 1000.000000000000000 ) ;
#6236 = CARTESIAN_POINT ( 'NONE',  ( 125.4791691109702327, 2.500000000000000000, 41.22410137583473499 ) ) ;
#6237 = DIRECTION ( 'NONE',  ( 0.000000000000000000, 0.000000000000000000, 1.000000000000000000 ) ) ;
#6238 = DIRECTION ( 'NONE',  ( 0.000000000000000000, 1.000000000000000000, 0.000000000000000000 ) ) ;
#6239 = EDGE_CURVE ( 'NONE', #4427, #9747, #10893, .T. ) ;
#6240 = EDGE_LOOP ( 'NONE', ( #11086, #6300 ) ) ;
#6241 = LINE ( 'NONE', #9830, #7999 ) ;
#6242 = AXIS2_PLACEMENT_3D ( 'NONE', #5012, #4900, #1212 ) ;
#6243 = EDGE_CURVE ( 'NONE', #11069, #6985, #4532, .T. ) ;
#6244 = CARTESIAN_POINT ( 'NONE',  ( 89.24999999999995737, 2.500000000000000000, -25.60000000009247145 ) ) ;
#6245 = AXIS2_PLACEMENT_3D ( 'NONE', #5355, #2646, #7216 ) ;
#6246 = VECTOR ( 'NONE', #8606, 1000.000000000000114 ) ;
#6247 = ORIENTED_EDGE ( 'NONE', *, *, #4851, .F. ) ;
#6248 = CIRCLE ( 'NONE', #7739, 5.499999999999998224 ) ;
#6249 = LINE ( 'NONE', #29, #2768 ) ;
#6250 = ORIENTED_EDGE ( 'NONE', *, *, #5940, .F. ) ;
#6251 = VECTOR ( 'NONE', #9047, 999.9999999999998863 ) ;
#6252 = CARTESIAN_POINT ( 'NONE',  ( 61.17303757665695940, -3.500000000000000000, 30.36305979348978923 ) ) ;
#6253 = PLANE ( 'NONE',  #4446 ) ;
#6254 = ORIENTED_EDGE ( 'NONE', *, *, #11564, .F. ) ;
#6255 = DIRECTION ( 'NONE',  ( 0.000000000000000000, 1.000000000000000000, 0.000000000000000000 ) ) ;
#6256 = DIRECTION ( 'NONE',  ( 0.000000000000000000, 1.000000000000000000, 0.000000000000000000 ) ) ;
#6257 = PLANE ( 'NONE',  #8562 ) ;
#6258 = CIRCLE ( 'NONE', #3825, 5.250000000000004441 ) ;
#6259 = EDGE_CURVE ( 'NONE', #2958, #1357, #6963, .T. ) ;
#6260 = AXIS2_PLACEMENT_3D ( 'NONE', #1941, #2591, #6330 ) ;
#6261 = VERTEX_POINT ( 'NONE', #7729 ) ;
#6262 = VERTEX_POINT ( 'NONE', #8961 ) ;
#6263 = EDGE_CURVE ( 'NONE', #4289, #6405, #5346, .T. ) ;
#6264 = AXIS2_PLACEMENT_3D ( 'NONE', #5071, #8406, #4136 ) ;
#6265 = FACE_OUTER_BOUND ( 'NONE', #6746, .T. ) ;
#6266 = EDGE_LOOP ( 'NONE', ( #5612, #410, #2364, #8590 ) ) ;
#6267 = CARTESIAN_POINT ( 'NONE',  ( 84.98292804986539295, -3.500000000000000000, 58.99999999999999289 ) ) ;
#6268 = FACE_OUTER_BOUND ( 'NONE', #9504, .T. ) ;
#6269 = VERTEX_POINT ( 'NONE', #7255 ) ;
#6270 = AXIS2_PLACEMENT_3D ( 'NONE', #10846, #9914, #7318 ) ;
#6271 = CARTESIAN_POINT ( 'NONE',  ( 132.0000000000000000, -3.500000000000000000, -56.00000000000000711 ) ) ;
#6272 = DIRECTION ( 'NONE',  ( -1.000000000000000000, 0.000000000000000000, 1.009293658750141334E-14 ) ) ;
#6273 = ORIENTED_EDGE ( 'NONE', *, *, #9225, .T. ) ;
#6274 = LINE ( 'NONE', #4690, #1147 ) ;
#6275 = ORIENTED_EDGE ( 'NONE', *, *, #6149, .F. ) ;
#6276 = CARTESIAN_POINT ( 'NONE',  ( 40.75000000000054712, -3.500000000000000000, 57.99999999999944578 ) ) ;
#6277 = VECTOR ( 'NONE', #1454, 1000.000000000000000 ) ;
#6278 = EDGE_CURVE ( 'NONE', #9849, #7148, #6578, .T. ) ;
#6279 = EDGE_CURVE ( 'NONE', #5165, #6101, #9905, .T. ) ;
#6280 = CARTESIAN_POINT ( 'NONE',  ( 132.0000000000000000, 2.500000000000000000, -56.00000000000000711 ) ) ;
#6281 = CARTESIAN_POINT ( 'NONE',  ( -31.86832102514612686, -3.500000000000000000, 50.82705339801412947 ) ) ;
#6282 = CARTESIAN_POINT ( 'NONE',  ( 45.49728228756692516, 2.500000000000000000, -34.25000000000000000 ) ) ;
#6283 = ORIENTED_EDGE ( 'NONE', *, *, #10014, .F. ) ;
#6284 = ORIENTED_EDGE ( 'NONE', *, *, #4851, .T. ) ;
#6285 = CARTESIAN_POINT ( 'NONE',  ( 79.50000000000051159, -3.500000000000000000, -55.99999999999916866 ) ) ;
#6286 = DIRECTION ( 'NONE',  ( 0.000000000000000000, 0.000000000000000000, 1.000000000000000000 ) ) ;
#6287 = EDGE_CURVE ( 'NONE', #6585, #7640, #5289, .T. ) ;
#6288 = ADVANCED_FACE ( 'NONE', ( #7972 ), #3527, .F. ) ;
#6289 = DIRECTION ( 'NONE',  ( 0.000000000000000000, 1.000000000000000000, 0.000000000000000000 ) ) ;
#6290 = ORIENTED_EDGE ( 'NONE', *, *, #11370, .F. ) ;
#6291 = CARTESIAN_POINT ( 'NONE',  ( 128.0662582309404627, -3.500000000000000000, -34.86286459773508284 ) ) ;
#6292 = DIRECTION ( 'NONE',  ( -0.000000000000000000, -1.000000000000000000, -0.000000000000000000 ) ) ;
#6293 = EDGE_LOOP ( 'NONE', ( #9891, #1008, #4996, #10875 ) ) ;
#6294 = DIRECTION ( 'NONE',  ( 0.000000000000000000, 1.000000000000000000, 0.000000000000000000 ) ) ;
#6295 = DIRECTION ( 'NONE',  ( 0.000000000000000000, 1.000000000000000000, 0.000000000000000000 ) ) ;
#6296 = CYLINDRICAL_SURFACE ( 'NONE', #2105, 6.000000000000002665 ) ;
#6297 = ORIENTED_EDGE ( 'NONE', *, *, #2746, .T. ) ;
#6298 = DIRECTION ( 'NONE',  ( -0.000000000000000000, 1.000000000000000000, -0.000000000000000000 ) ) ;
#6299 = DIRECTION ( 'NONE',  ( 0.000000000000000000, 0.000000000000000000, 1.000000000000000000 ) ) ;
#6300 = ORIENTED_EDGE ( 'NONE', *, *, #8450, .F. ) ;
#6301 = EDGE_CURVE ( 'NONE', #7343, #8560, #5512, .T. ) ;
#6302 = CARTESIAN_POINT ( 'NONE',  ( 125.5000000000002274, -3.500000000000000000, -3.876524617022159003 ) ) ;
#6303 = ORIENTED_EDGE ( 'NONE', *, *, #5531, .F. ) ;
#6304 = EDGE_CURVE ( 'NONE', #7876, #2779, #5652, .T. ) ;
#6305 = CARTESIAN_POINT ( 'NONE',  ( -28.70982142857142350, -3.500000000000000000, -20.00000000000000711 ) ) ;
#6306 = DIRECTION ( 'NONE',  ( 0.000000000000000000, 1.000000000000000000, 0.000000000000000000 ) ) ;
#6307 = VECTOR ( 'NONE', #6664, 1000.000000000000000 ) ;
#6308 = EDGE_LOOP ( 'NONE', ( #8272, #3695, #4547, #1836 ) ) ;
#6309 = FACE_OUTER_BOUND ( 'NONE', #8398, .T. ) ;
#6310 = CARTESIAN_POINT ( 'NONE',  ( 89.24999999999995737, -3.500000000000000000, -25.60000000009247145 ) ) ;
#6311 = ORIENTED_EDGE ( 'NONE', *, *, #8921, .F. ) ;
#6312 = VERTEX_POINT ( 'NONE', #1765 ) ;
#6313 = AXIS2_PLACEMENT_3D ( 'NONE', #611, #4201, #7769 ) ;
#6314 = DIRECTION ( 'NONE',  ( 0.000000000000000000, 0.000000000000000000, 1.000000000000000000 ) ) ;
#6315 = CIRCLE ( 'NONE', #3521, 5.499999999999991118 ) ;
#6316 = EDGE_CURVE ( 'NONE', #4574, #4766, #1871, .T. ) ;
#6317 = LINE ( 'NONE', #10070, #11378 ) ;
#6318 = FACE_OUTER_BOUND ( 'NONE', #7523, .T. ) ;
#6319 = EDGE_CURVE ( 'NONE', #1532, #10655, #791, .T. ) ;
#6320 = ORIENTED_EDGE ( 'NONE', *, *, #3674, .T. ) ;
#6321 = CARTESIAN_POINT ( 'NONE',  ( 47.90541730422559397, -3.500000000000000000, -34.92148026146887929 ) ) ;
#6322 = AXIS2_PLACEMENT_3D ( 'NONE', #10163, #8447, #5653 ) ;
#6323 = CARTESIAN_POINT ( 'NONE',  ( 80.58567302514160247, -3.500000000000000000, 31.78411723411560175 ) ) ;
#6324 = ORIENTED_EDGE ( 'NONE', *, *, #4070, .T. ) ;
#6325 = DIRECTION ( 'NONE',  ( 0.000000000000000000, 1.000000000000000000, 0.000000000000000000 ) ) ;
#6326 = AXIS2_PLACEMENT_3D ( 'NONE', #1966, #5433, #1798 ) ;
#6327 = ORIENTED_EDGE ( 'NONE', *, *, #2406, .F. ) ;
#6328 = LINE ( 'NONE', #9911, #3782 ) ;
#6329 = DIRECTION ( 'NONE',  ( 0.000000000000000000, 0.000000000000000000, 1.000000000000000000 ) ) ;
#6330 = DIRECTION ( 'NONE',  ( 1.000000000000000000, 0.000000000000000000, 0.000000000000000000 ) ) ;
#6331 = VECTOR ( 'NONE', #282, 1000.000000000000000 ) ;
#6332 = DIRECTION ( 'NONE',  ( 0.000000000000000000, 0.000000000000000000, 1.000000000000000000 ) ) ;
#6333 = PLANE ( 'NONE',  #9810 ) ;
#6334 = ORIENTED_EDGE ( 'NONE', *, *, #9108, .F. ) ;
#6335 = ORIENTED_EDGE ( 'NONE', *, *, #7593, .T. ) ;
#6336 = DIRECTION ( 'NONE',  ( -0.000000000000000000, 1.000000000000000000, -0.000000000000000000 ) ) ;
#6337 = EDGE_CURVE ( 'NONE', #1982, #6176, #5281, .T. ) ;
#6338 = DIRECTION ( 'NONE',  ( 0.000000000000000000, 1.000000000000000000, 0.000000000000000000 ) ) ;
#6339 = AXIS2_PLACEMENT_3D ( 'NONE', #10741, #7982, #1716 ) ;
#6340 = CIRCLE ( 'NONE', #6524, 1.499999999999997780 ) ;
#6341 = FACE_OUTER_BOUND ( 'NONE', #3549, .T. ) ;
#6342 = ORIENTED_EDGE ( 'NONE', *, *, #212, .T. ) ;
#6343 = DIRECTION ( 'NONE',  ( 0.1327433628318585301, 0.000000000000000000, 0.9911504424778759814 ) ) ;
#6344 = VECTOR ( 'NONE', #1630, 1000.000000000000000 ) ;
#6345 = VERTEX_POINT ( 'NONE', #882 ) ;
#6346 = ADVANCED_FACE ( 'NONE', ( #2581 ), #8026, .F. ) ;
#6347 = DIRECTION ( 'NONE',  ( 1.000000000000000000, 0.000000000000000000, 0.000000000000000000 ) ) ;
#6348 = DIRECTION ( 'NONE',  ( 0.000000000000000000, 1.000000000000000000, 0.000000000000000000 ) ) ;
#6349 = LINE ( 'NONE', #9877, #4172 ) ;
#6350 = ORIENTED_EDGE ( 'NONE', *, *, #10320, .F. ) ;
#6351 = PLANE ( 'NONE',  #6496 ) ;
#6352 = EDGE_CURVE ( 'NONE', #8455, #8391, #3224, .T. ) ;
#6353 = CARTESIAN_POINT ( 'NONE',  ( 94.50000000000022737, -3.500000000000000000, 3.876524617021916530 ) ) ;
#6354 = AXIS2_PLACEMENT_3D ( 'NONE', #921, #10774, #6417 ) ;
#6355 = ORIENTED_EDGE ( 'NONE', *, *, #10795, .F. ) ;
#6356 = CIRCLE ( 'NONE', #7860, 5.249999999999991118 ) ;
#6357 = DIRECTION ( 'NONE',  ( 0.000000000000000000, 1.000000000000000000, 0.000000000000000000 ) ) ;
#6358 = ORIENTED_EDGE ( 'NONE', *, *, #6022, .T. ) ;
#6359 = CARTESIAN_POINT ( 'NONE',  ( 132.9999999999999716, 2.500000000000000000, 60.00000000000000000 ) ) ;
#6360 = CYLINDRICAL_SURFACE ( 'NONE', #9737, 1.000000000000000888 ) ;
#6361 = EDGE_LOOP ( 'NONE', ( #9569, #3913, #9727, #3042 ) ) ;
#6362 = PLANE ( 'NONE',  #2871 ) ;
#6363 = CARTESIAN_POINT ( 'NONE',  ( 86.34174532563687876, -3.500000000000000000, -32.95126413974819712 ) ) ;
#6364 = FACE_OUTER_BOUND ( 'NONE', #4043, .T. ) ;
#6365 = ORIENTED_EDGE ( 'NONE', *, *, #2667, .T. ) ;
#6366 = ORIENTED_EDGE ( 'NONE', *, *, #10764, .T. ) ;
#6367 = DIRECTION ( 'NONE',  ( 0.000000000000000000, 1.000000000000000000, 0.000000000000000000 ) ) ;
#6368 = EDGE_CURVE ( 'NONE', #5775, #335, #3968, .T. ) ;
#6369 = ORIENTED_EDGE ( 'NONE', *, *, #8652, .F. ) ;
#6370 = DIRECTION ( 'NONE',  ( 0.000000000000000000, 1.000000000000000000, 0.000000000000000000 ) ) ;
#6371 = FACE_OUTER_BOUND ( 'NONE', #4921, .T. ) ;
#6372 = ORIENTED_EDGE ( 'NONE', *, *, #10477, .F. ) ;
#6373 = EDGE_LOOP ( 'NONE', ( #7145, #824, #3204, #501 ) ) ;
#6374 = DIRECTION ( 'NONE',  ( 1.000000000000000000, 0.000000000000000000, 0.000000000000000000 ) ) ;
#6375 = DIRECTION ( 'NONE',  ( 0.000000000000000000, 0.000000000000000000, 1.000000000000000000 ) ) ;
#6376 = ORIENTED_EDGE ( 'NONE', *, *, #618, .F. ) ;
#6377 = CYLINDRICAL_SURFACE ( 'NONE', #11581, 5.499999999999998224 ) ;
#6378 = ADVANCED_FACE ( 'NONE', ( #9018 ), #111, .T. ) ;
#6379 = VERTEX_POINT ( 'NONE', #8849 ) ;
#6380 = EDGE_CURVE ( 'NONE', #4801, #1982, #4573, .T. ) ;
#6381 = CARTESIAN_POINT ( 'NONE',  ( 129.1770649696990461, -3.500000000000000000, -14.86834330006620419 ) ) ;
#6382 = FACE_OUTER_BOUND ( 'NONE', #9139, .T. ) ;
#6383 = AXIS2_PLACEMENT_3D ( 'NONE', #1592, #9552, #8792 ) ;
#6384 = DIRECTION ( 'NONE',  ( 1.000000000000000000, 0.000000000000000000, 0.000000000000000000 ) ) ;
#6385 = LINE ( 'NONE', #2880, #7095 ) ;
#6386 = DIRECTION ( 'NONE',  ( 0.000000000000000000, 1.000000000000000000, 0.000000000000000000 ) ) ;
#6387 = VERTEX_POINT ( 'NONE', #2809 ) ;
#6388 = VERTEX_POINT ( 'NONE', #6155 ) ;
#6389 = CARTESIAN_POINT ( 'NONE',  ( 45.49728228756692516, -3.500000000000000000, -34.25000000000000000 ) ) ;
#6390 = EDGE_CURVE ( 'NONE', #2249, #5119, #1905, .T. ) ;
#6391 = DIRECTION ( 'NONE',  ( 1.000000000000000000, 0.000000000000000000, 0.000000000000000000 ) ) ;
#6392 = VECTOR ( 'NONE', #3407, 1000.000000000000000 ) ;
#6393 = EDGE_CURVE ( 'NONE', #2400, #1917, #11256, .T. ) ;
#6394 = DIRECTION ( 'NONE',  ( 1.000000000000000000, 0.000000000000000000, 0.000000000000000000 ) ) ;
#6395 = ORIENTED_EDGE ( 'NONE', *, *, #374, .T. ) ;
#6396 = AXIS2_PLACEMENT_3D ( 'NONE', #11503, #4409, #7910 ) ;
#6397 = EDGE_CURVE ( 'NONE', #7581, #10948, #6552, .T. ) ;
#6398 = CARTESIAN_POINT ( 'NONE',  ( 45.49728228756692516, -3.500000000000000000, 34.25000000000000000 ) ) ;
#6399 = DIRECTION ( 'NONE',  ( -0.000000000000000000, -1.000000000000000000, -0.000000000000000000 ) ) ;
#6400 = VECTOR ( 'NONE', #10023, 1000.000000000000000 ) ;
#6401 = ORIENTED_EDGE ( 'NONE', *, *, #10883, .T. ) ;
#6402 = CIRCLE ( 'NONE', #5672, 1.000000000000000888 ) ;
#6403 = LINE ( 'NONE', #10982, #8494 ) ;
#6404 = DIRECTION ( 'NONE',  ( 0.000000000000000000, 0.000000000000000000, 1.000000000000000000 ) ) ;
#6405 = VERTEX_POINT ( 'NONE', #1226 ) ;
#6406 = FACE_OUTER_BOUND ( 'NONE', #4949, .T. ) ;
#6407 = PLANE ( 'NONE',  #6989 ) ;
#6408 = AXIS2_PLACEMENT_3D ( 'NONE', #3152, #6719, #4150 ) ;
#6409 = EDGE_LOOP ( 'NONE', ( #10947, #4348, #1606, #6943 ) ) ;
#6410 = ADVANCED_FACE ( 'NONE', ( #6608 ), #7484, .F. ) ;
#6411 = CARTESIAN_POINT ( 'NONE',  ( 90.50000000000021316, -3.500000000000000000, -3.876524617021916530 ) ) ;
#6412 = EDGE_LOOP ( 'NONE', ( #8074, #1777, #719, #5871 ) ) ;
#6413 = AXIS2_PLACEMENT_3D ( 'NONE', #9445, #1408, #4988 ) ;
#6414 = AXIS2_PLACEMENT_3D ( 'NONE', #6531, #6584, #4893 ) ;
#6415 = EDGE_CURVE ( 'NONE', #2812, #4517, #10892, .T. ) ;
#6416 = DIRECTION ( 'NONE',  ( 0.000000000000000000, 1.000000000000000000, 0.000000000000000000 ) ) ;
#6417 = DIRECTION ( 'NONE',  ( 0.000000000000000000, 0.000000000000000000, 1.000000000000000000 ) ) ;
#6418 = ORIENTED_EDGE ( 'NONE', *, *, #9011, .T. ) ;
#6419 = CIRCLE ( 'NONE', #7732, 0.9999999999999974465 ) ;
#6420 = CARTESIAN_POINT ( 'NONE',  ( -26.38384955752211880, -3.500000000000000000, 13.93274336283183779 ) ) ;
#6421 = CARTESIAN_POINT ( 'NONE',  ( -30.00000000000000355, -3.500000000000000000, 55.99999999999997868 ) ) ;
#6422 = CARTESIAN_POINT ( 'NONE',  ( 127.9005420412504037, -3.500000000000000000, -59.66666666666667140 ) ) ;
#6423 = EDGE_LOOP ( 'NONE', ( #11163, #5449, #7002, #2319 ) ) ;
#6424 = ORIENTED_EDGE ( 'NONE', *, *, #4498, .T. ) ;
#6425 = LINE ( 'NONE', #5499, #4748 ) ;
#6426 = VECTOR ( 'NONE', #6100, 1000.000000000000000 ) ;
#6427 = AXIS2_PLACEMENT_3D ( 'NONE', #7109, #7329, #6394 ) ;
#6428 = ORIENTED_EDGE ( 'NONE', *, *, #3627, .F. ) ;
#6429 = EDGE_CURVE ( 'NONE', #2792, #2559, #4804, .T. ) ;
#6430 = CARTESIAN_POINT ( 'NONE',  ( 80.99728228756691806, -3.500000000000000000, -28.75000000000000355 ) ) ;
#6431 = LINE ( 'NONE', #4567, #6158 ) ;
#6432 = EDGE_CURVE ( 'NONE', #8302, #1445, #1108, .T. ) ;
#6433 = AXIS2_PLACEMENT_3D ( 'NONE', #7395, #5873, #9332 ) ;
#6434 = ORIENTED_EDGE ( 'NONE', *, *, #5596, .T. ) ;
#6435 = ORIENTED_EDGE ( 'NONE', *, *, #4134, .F. ) ;
#6436 = VECTOR ( 'NONE', #8807, 1000.000000000000000 ) ;
#6437 = AXIS2_PLACEMENT_3D ( 'NONE', #5746, #3047, #6622 ) ;
#6438 = DIRECTION ( 'NONE',  ( 0.9910643481421648193, 0.000000000000000000, 0.1333846237073302854 ) ) ;
#6439 = CARTESIAN_POINT ( 'NONE',  ( -31.00000000000000000, 2.500000000000000000, -59.99999999999999289 ) ) ;
#6440 = ORIENTED_EDGE ( 'NONE', *, *, #10154, .F. ) ;
#6441 = CARTESIAN_POINT ( 'NONE',  ( 2.000000000000007994, -3.500000000000000000, -52.00000000000000000 ) ) ;
#6442 = VECTOR ( 'NONE', #1078, 1000.000000000000000 ) ;
#6443 = ORIENTED_EDGE ( 'NONE', *, *, #2848, .F. ) ;
#6444 = FACE_BOUND ( 'NONE', #9129, .T. ) ;
#6445 = AXIS2_PLACEMENT_3D ( 'NONE', #10602, #2442, #9593 ) ;
#6446 = VERTEX_POINT ( 'NONE', #164 ) ;
#6447 = DIRECTION ( 'NONE',  ( 0.000000000000000000, 1.000000000000000000, 0.000000000000000000 ) ) ;
#6448 = EDGE_CURVE ( 'NONE', #7245, #9658, #11466, .T. ) ;
#6449 = DIRECTION ( 'NONE',  ( 0.000000000000000000, 1.000000000000000000, 0.000000000000000000 ) ) ;
#6450 = EDGE_CURVE ( 'NONE', #388, #6166, #393, .T. ) ;
#6451 = DIRECTION ( 'NONE',  ( 0.000000000000000000, 1.000000000000000000, 0.000000000000000000 ) ) ;
#6452 = DIRECTION ( 'NONE',  ( 1.000000000000000000, 0.000000000000000000, 0.000000000000000000 ) ) ;
#6453 = ORIENTED_EDGE ( 'NONE', *, *, #9912, .F. ) ;
#6454 = ORIENTED_EDGE ( 'NONE', *, *, #11524, .T. ) ;
#6455 = CARTESIAN_POINT ( 'NONE',  ( -28.50000000000001421, -3.500000000000000000, -53.99999999999996447 ) ) ;
#6456 = VECTOR ( 'NONE', #10965, 1000.000000000000114 ) ;
#6457 = DIRECTION ( 'NONE',  ( 0.000000000000000000, 0.000000000000000000, 1.000000000000000000 ) ) ;
#6458 = CARTESIAN_POINT ( 'NONE',  ( 93.19777856741802680, 2.500000000000000000, -29.42949662270942213 ) ) ;
#6459 = EDGE_LOOP ( 'NONE', ( #5146, #3164, #9401, #383 ) ) ;
#6460 = ADVANCED_FACE ( 'NONE', ( #5682 ), #10959, .F. ) ;
#6461 = PLANE ( 'NONE',  #4684 ) ;
#6462 = DIRECTION ( 'NONE',  ( 0.000000000000000000, 1.000000000000000000, 0.000000000000000000 ) ) ;
#6463 = ORIENTED_EDGE ( 'NONE', *, *, #3244, .T. ) ;
#6464 = DIRECTION ( 'NONE',  ( -0.000000000000000000, -1.000000000000000000, -0.000000000000000000 ) ) ;
#6465 = DIRECTION ( 'NONE',  ( 1.000000000000000000, 0.000000000000000000, 0.000000000000000000 ) ) ;
#6466 = CARTESIAN_POINT ( 'NONE',  ( 133.2165501172941333, -3.500000000000000000, 49.61486054873415696 ) ) ;
#6467 = FACE_OUTER_BOUND ( 'NONE', #6075, .T. ) ;
#6468 = ORIENTED_EDGE ( 'NONE', *, *, #9532, .T. ) ;
#6469 = CARTESIAN_POINT ( 'NONE',  ( -24.37499999999999645, -3.500000000000000000, -5.000000000000003553 ) ) ;
#6470 = CARTESIAN_POINT ( 'NONE',  ( 57.49079118589932591, -3.500000000000000000, -27.98772452752288942 ) ) ;
#6471 = EDGE_LOOP ( 'NONE', ( #7653, #7508, #800, #6732 ) ) ;
#6472 = DIRECTION ( 'NONE',  ( 0.000000000000000000, 1.000000000000000000, 0.000000000000000000 ) ) ;
#6473 = VERTEX_POINT ( 'NONE', #4688 ) ;
#6474 = CARTESIAN_POINT ( 'NONE',  ( -3.123475382979883364, -3.500000000000000000, -53.99999999999977263 ) ) ;
#6475 = CYLINDRICAL_SURFACE ( 'NONE', #6354, 1.499999999999997780 ) ;
#6476 = ORIENTED_EDGE ( 'NONE', *, *, #5503, .T. ) ;
#6477 = CARTESIAN_POINT ( 'NONE',  ( 45.49728228756692516, -3.500000000000000000, 32.75000000000000711 ) ) ;
#6478 = CARTESIAN_POINT ( 'NONE',  ( 126.0000000000015490, -3.500000000000000000, 35.99999999999688782 ) ) ;
#6479 = DIRECTION ( 'NONE',  ( 0.000000000000000000, 1.000000000000000000, 0.000000000000000000 ) ) ;
#6480 = ORIENTED_EDGE ( 'NONE', *, *, #2258, .F. ) ;
#6481 = EDGE_CURVE ( 'NONE', #8156, #7807, #8363, .T. ) ;
#6482 = ORIENTED_EDGE ( 'NONE', *, *, #5402, .F. ) ;
#6483 = CARTESIAN_POINT ( 'NONE',  ( 92.50000000000022737, 2.500000000000000000, 10.50000000000170886 ) ) ;
#6484 = EDGE_CURVE ( 'NONE', #1820, #2158, #339, .T. ) ;
#6485 = ORIENTED_EDGE ( 'NONE', *, *, #2490, .F. ) ;
#6486 = CARTESIAN_POINT ( 'NONE',  ( 130.1755253229044911, -3.500000000000000000, 14.92381331968869063 ) ) ;
#6487 = DIRECTION ( 'NONE',  ( 0.000000000000000000, 1.000000000000000000, 0.000000000000000000 ) ) ;
#6488 = VERTEX_POINT ( 'NONE', #2041 ) ;
#6489 = EDGE_LOOP ( 'NONE', ( #5840, #10348, #8220, #2528 ) ) ;
#6490 = LINE ( 'NONE', #110, #5305 ) ;
#6491 = DIRECTION ( 'NONE',  ( 0.000000000000000000, 1.000000000000000000, 0.000000000000000000 ) ) ;
#6492 = ORIENTED_EDGE ( 'NONE', *, *, #10511, .F. ) ;
#6493 = CARTESIAN_POINT ( 'NONE',  ( 94.00000000000153477, -3.500000000000000000, 41.24999999999690203 ) ) ;
#6494 = EDGE_CURVE ( 'NONE', #10309, #8302, #1342, .T. ) ;
#6495 = ADVANCED_FACE ( 'NONE', ( #7373 ), #286, .T. ) ;
#6496 = AXIS2_PLACEMENT_3D ( 'NONE', #1028, #10647, #3724 ) ;
#6497 = VERTEX_POINT ( 'NONE', #3977 ) ;
#6498 = VECTOR ( 'NONE', #10886, 1000.000000000000114 ) ;
#6499 = EDGE_CURVE ( 'NONE', #10442, #8091, #231, .T. ) ;
#6500 = FACE_BOUND ( 'NONE', #4631, .T. ) ;
#6501 = ORIENTED_EDGE ( 'NONE', *, *, #7448, .F. ) ;
#6502 = DIRECTION ( 'NONE',  ( 0.000000000000000000, 1.000000000000000000, 0.000000000000000000 ) ) ;
#6503 = AXIS2_PLACEMENT_3D ( 'NONE', #9166, #9338, #9221 ) ;
#6504 = CARTESIAN_POINT ( 'NONE',  ( 90.16412422823495376, -3.500000000000000000, -32.41551160364603135 ) ) ;
#6505 = VECTOR ( 'NONE', #7536, 1000.000000000000000 ) ;
#6506 = CARTESIAN_POINT ( 'NONE',  ( 98.85412195973844973, -3.500000000000000000, 37.99999999999690203 ) ) ;
#6507 = FACE_OUTER_BOUND ( 'NONE', #2857, .T. ) ;
#6508 = EDGE_LOOP ( 'NONE', ( #3092, #6273, #10276, #4798 ) ) ;
#6509 = ORIENTED_EDGE ( 'NONE', *, *, #9562, .F. ) ;
#6510 = PLANE ( 'NONE',  #9603 ) ;
#6511 = AXIS2_PLACEMENT_3D ( 'NONE', #8537, #2333, #9366 ) ;
#6512 = LINE ( 'NONE', #10095, #10506 ) ;
#6513 = ADVANCED_FACE ( 'NONE', ( #4916 ), #2982, .T. ) ;
#6514 = CIRCLE ( 'NONE', #3900, 1.250000000000001110 ) ;
#6515 = CARTESIAN_POINT ( 'NONE',  ( -24.23371870266458217, 2.500000000000000000, -58.99999999999994316 ) ) ;
#6516 = ORIENTED_EDGE ( 'NONE', *, *, #724, .F. ) ;
#6517 = DIRECTION ( 'NONE',  ( 0.000000000000000000, 1.000000000000000000, 0.000000000000000000 ) ) ;
#6518 = LINE ( 'NONE', #4005, #1009 ) ;
#6519 = ORIENTED_EDGE ( 'NONE', *, *, #7751, .F. ) ;
#6520 = CARTESIAN_POINT ( 'NONE',  ( 88.05394221400148069, 2.500000000000000000, -27.79532361463138912 ) ) ;
#6521 = CARTESIAN_POINT ( 'NONE',  ( -28.50000000000001421, 2.500000000000000000, 53.99999999999996447 ) ) ;
#6522 = VERTEX_POINT ( 'NONE', #2208 ) ;
#6523 = DIRECTION ( 'NONE',  ( -0.000000000000000000, -1.000000000000000000, -0.000000000000000000 ) ) ;
#6524 = AXIS2_PLACEMENT_3D ( 'NONE', #7819, #8812, #6938 ) ;
#6525 = EDGE_CURVE ( 'NONE', #3126, #5347, #5791, .T. ) ;
#6526 = DIRECTION ( 'NONE',  ( -1.000000000000000000, 0.000000000000000000, 0.000000000000000000 ) ) ;
#6527 = EDGE_CURVE ( 'NONE', #209, #10512, #2864, .T. ) ;
#6528 = VERTEX_POINT ( 'NONE', #9133 ) ;
#6529 = EDGE_CURVE ( 'NONE', #6609, #11416, #10902, .T. ) ;
#6530 = VECTOR ( 'NONE', #10969, 1000.000000000000000 ) ;
#6531 = CARTESIAN_POINT ( 'NONE',  ( 24.37500000000000355, -3.500000000000000000, 5.000000000000003553 ) ) ;
#6532 = ORIENTED_EDGE ( 'NONE', *, *, #10544, .F. ) ;
#6533 = CARTESIAN_POINT ( 'NONE',  ( 94.00000000000153477, -3.500000000000000000, 35.99999999999690203 ) ) ;
#6534 = FACE_OUTER_BOUND ( 'NONE', #5316, .T. ) ;
#6535 = ORIENTED_EDGE ( 'NONE', *, *, #1550, .F. ) ;
#6536 = DIRECTION ( 'NONE',  ( 0.000000000000000000, 1.000000000000000000, 0.000000000000000000 ) ) ;
#6537 = DIRECTION ( 'NONE',  ( -1.000000000000000000, 0.000000000000000000, 1.009293658750141334E-14 ) ) ;
#6538 = LINE ( 'NONE', #8407, #1098 ) ;
#6539 = VERTEX_POINT ( 'NONE', #10479 ) ;
#6540 = EDGE_LOOP ( 'NONE', ( #6948, #7026, #6096, #7585 ) ) ;
#6541 = DIRECTION ( 'NONE',  ( -0.000000000000000000, 1.000000000000000000, -0.000000000000000000 ) ) ;
#6542 = VECTOR ( 'NONE', #10873, 1000.000000000000000 ) ;
#6543 = AXIS2_PLACEMENT_3D ( 'NONE', #571, #10255, #2395 ) ;
#6544 = ORIENTED_EDGE ( 'NONE', *, *, #5522, .T. ) ;
#6545 = CARTESIAN_POINT ( 'NONE',  ( 94.00000000000153477, 2.500000000000000000, -35.99999999999690203 ) ) ;
#6546 = CYLINDRICAL_SURFACE ( 'NONE', #11325, 1.000000000000000888 ) ;
#6547 = ORIENTED_EDGE ( 'NONE', *, *, #4604, .F. ) ;
#6548 = VECTOR ( 'NONE', #4483, 1000.000000000000000 ) ;
#6549 = ORIENTED_EDGE ( 'NONE', *, *, #10778, .T. ) ;
#6550 = EDGE_CURVE ( 'NONE', #10745, #9165, #4539, .T. ) ;
#6551 = CARTESIAN_POINT ( 'NONE',  ( 56.74999999999997868, -3.500000000000000000, -25.60000000009224763 ) ) ;
#6552 = LINE ( 'NONE', #2097, #7695 ) ;
#6553 = ORIENTED_EDGE ( 'NONE', *, *, #6991, .T. ) ;
#6554 = DIRECTION ( 'NONE',  ( 0.000000000000000000, 1.000000000000000000, 0.000000000000000000 ) ) ;
#6555 = ORIENTED_EDGE ( 'NONE', *, *, #8274, .F. ) ;
#6556 = FACE_BOUND ( 'NONE', #7530, .T. ) ;
#6557 = ORIENTED_EDGE ( 'NONE', *, *, #3416, .T. ) ;
#6558 = DIRECTION ( 'NONE',  ( -0.000000000000000000, -1.000000000000000000, -0.000000000000000000 ) ) ;
#6559 = EDGE_CURVE ( 'NONE', #9733, #7062, #3398, .T. ) ;
#6560 = LINE ( 'NONE', #9317, #10756 ) ;
#6561 = EDGE_CURVE ( 'NONE', #11285, #554, #2286, .T. ) ;
#6562 = DIRECTION ( 'NONE',  ( -1.000000000000000000, 0.000000000000000000, 0.000000000000000000 ) ) ;
#6563 = CARTESIAN_POINT ( 'NONE',  ( 94.00000000000153477, -3.500000000000000000, -35.99999999999690203 ) ) ;
#6564 = ORIENTED_EDGE ( 'NONE', *, *, #4773, .F. ) ;
#6565 = ORIENTED_EDGE ( 'NONE', *, *, #6304, .F. ) ;
#6566 = CARTESIAN_POINT ( 'NONE',  ( 45.49728228756692516, -3.500000000000000000, -34.25000000000000000 ) ) ;
#6567 = CYLINDRICAL_SURFACE ( 'NONE', #3216, 5.499999999999998224 ) ;
#6568 = VECTOR ( 'NONE', #10382, 1000.000000000000000 ) ;
#6569 = AXIS2_PLACEMENT_3D ( 'NONE', #3229, #468, #7398 ) ;
#6570 = EDGE_CURVE ( 'NONE', #3984, #7039, #11090, .T. ) ;
#6571 = CARTESIAN_POINT ( 'NONE',  ( -3.123475382979884252, -3.500000000000000000, 53.99999999999977263 ) ) ;
#6572 = ADVANCED_FACE ( 'NONE', ( #11361 ), #455, .T. ) ;
#6573 = CYLINDRICAL_SURFACE ( 'NONE', #365, 5.250000000000004441 ) ;
#6574 = CARTESIAN_POINT ( 'NONE',  ( 79.50000000000051159, -3.500000000000000000, 55.99999999999916866 ) ) ;
#6575 = ORIENTED_EDGE ( 'NONE', *, *, #229, .T. ) ;
#6576 = LINE ( 'NONE', #4829, #2051 ) ;
#6577 = ORIENTED_EDGE ( 'NONE', *, *, #6847, .F. ) ;
#6578 = CIRCLE ( 'NONE', #8838, 1.250000000000001110 ) ;
#6579 = DIRECTION ( 'NONE',  ( 0.000000000000000000, 1.000000000000000000, 0.000000000000000000 ) ) ;
#6580 = DIRECTION ( 'NONE',  ( 1.000000000000000000, 0.000000000000000000, -0.000000000000000000 ) ) ;
#6581 = ORIENTED_EDGE ( 'NONE', *, *, #10080, .T. ) ;
#6582 = CIRCLE ( 'NONE', #7156, 6.000000000000001776 ) ;
#6583 = AXIS2_PLACEMENT_3D ( 'NONE', #4654, #6464, #3516 ) ;
#6584 = DIRECTION ( 'NONE',  ( -0.000000000000000000, 1.000000000000000000, -0.000000000000000000 ) ) ;
#6585 = VERTEX_POINT ( 'NONE', #9598 ) ;
#6586 = EDGE_CURVE ( 'NONE', #1496, #6312, #4217, .T. ) ;
#6587 = LINE ( 'NONE', #8345, #10278 ) ;
#6588 = CARTESIAN_POINT ( 'NONE',  ( 56.74999999999997868, 2.500000000000000000, 27.10000000009223697 ) ) ;
#6589 = ORIENTED_EDGE ( 'NONE', *, *, #4425, .T. ) ;
#6590 = EDGE_CURVE ( 'NONE', #11195, #5617, #3234, .T. ) ;
#6591 = DIRECTION ( 'NONE',  ( 0.000000000000000000, 1.000000000000000000, 0.000000000000000000 ) ) ;
#6592 = DIRECTION ( 'NONE',  ( 0.06867802390885047181, 0.000000000000000000, 0.9976388770652312443 ) ) ;
#6593 = DIRECTION ( 'NONE',  ( 0.000000000000000000, 1.000000000000000000, 0.000000000000000000 ) ) ;
#6594 = AXIS2_PLACEMENT_3D ( 'NONE', #7715, #11180, #6777 ) ;
#6595 = EDGE_LOOP ( 'NONE', ( #7299, #2175, #287, #3663 ) ) ;
#6596 = ORIENTED_EDGE ( 'NONE', *, *, #7403, .F. ) ;
#6597 = LINE ( 'NONE', #10238, #4759 ) ;
#6598 = VECTOR ( 'NONE', #9988, 1000.000000000000000 ) ;
#6599 = ORIENTED_EDGE ( 'NONE', *, *, #9931, .T. ) ;
#6600 = AXIS2_PLACEMENT_3D ( 'NONE', #1046, #9951, #6105 ) ;
#6601 = DIRECTION ( 'NONE',  ( 0.000000000000000000, 1.000000000000000000, 0.000000000000000000 ) ) ;
#6602 = VERTEX_POINT ( 'NONE', #8592 ) ;
#6603 = CIRCLE ( 'NONE', #8473, 1.000000000000000888 ) ;
#6604 = CARTESIAN_POINT ( 'NONE',  ( 74.01707195013520391, 2.500000000000000000, 57.99999999999920419 ) ) ;
#6605 = ORIENTED_EDGE ( 'NONE', *, *, #3236, .T. ) ;
#6606 = EDGE_CURVE ( 'NONE', #5227, #5286, #6897, .T. ) ;
#6607 = PLANE ( 'NONE',  #5113 ) ;
#6608 = FACE_OUTER_BOUND ( 'NONE', #9228, .T. ) ;
#6609 = VERTEX_POINT ( 'NONE', #11237 ) ;
#6610 = DIRECTION ( 'NONE',  ( 0.000000000000000000, 0.000000000000000000, 1.000000000000000000 ) ) ;
#6611 = AXIS2_PLACEMENT_3D ( 'NONE', #786, #8809, #6935 ) ;
#6612 = ORIENTED_EDGE ( 'NONE', *, *, #1057, .T. ) ;
#6613 = CIRCLE ( 'NONE', #5493, 1.250000000000007994 ) ;
#6614 = DIRECTION ( 'NONE',  ( 0.000000000000000000, 1.000000000000000000, 0.000000000000000000 ) ) ;
#6615 = ORIENTED_EDGE ( 'NONE', *, *, #5593, .F. ) ;
#6616 = AXIS2_PLACEMENT_3D ( 'NONE', #9629, #11331, #778 ) ;
#6617 = AXIS2_PLACEMENT_3D ( 'NONE', #7853, #6032, #1459 ) ;
#6618 = CARTESIAN_POINT ( 'NONE',  ( 86.34174532563687876, -3.500000000000000000, 32.95126413974819712 ) ) ;
#6619 = DIRECTION ( 'NONE',  ( -0.000000000000000000, -1.000000000000000000, -0.000000000000000000 ) ) ;
#6620 = AXIS2_PLACEMENT_3D ( 'NONE', #4661, #4545, #5372 ) ;
#6621 = CIRCLE ( 'NONE', #5868, 6.000000000000001776 ) ;
#6622 = DIRECTION ( 'NONE',  ( 0.000000000000000000, 0.000000000000000000, 1.000000000000000000 ) ) ;
#6623 = VECTOR ( 'NONE', #3720, 1000.000000000000000 ) ;
#6624 = FACE_OUTER_BOUND ( 'NONE', #4329, .T. ) ;
#6625 = LINE ( 'NONE', #2169, #3638 ) ;
#6626 = ORIENTED_EDGE ( 'NONE', *, *, #11580, .F. ) ;
#6627 = ORIENTED_EDGE ( 'NONE', *, *, #9566, .T. ) ;
#6628 = CARTESIAN_POINT ( 'NONE',  ( 132.2587238320729739, -3.500000000000000000, 49.90220843430040532 ) ) ;
#6629 = VECTOR ( 'NONE', #8513, 1000.000000000000000 ) ;
#6630 = AXIS2_PLACEMENT_3D ( 'NONE', #4417, #10681, #6165 ) ;
#6631 = EDGE_CURVE ( 'NONE', #5452, #2779, #6089, .T. ) ;
#6632 = LINE ( 'NONE', #2116, #6949 ) ;
#6633 = AXIS2_PLACEMENT_3D ( 'NONE', #2399, #5974, #9550 ) ;
#6634 = EDGE_CURVE ( 'NONE', #5119, #103, #629, .T. ) ;
#6635 = CARTESIAN_POINT ( 'NONE',  ( 34.89434043811366593, -3.500000000000000000, 58.51999999999948443 ) ) ;
#6636 = ORIENTED_EDGE ( 'NONE', *, *, #1534, .T. ) ;
#6637 = LINE ( 'NONE', #5646, #3570 ) ;
#6638 = DIRECTION ( 'NONE',  ( 0.000000000000000000, 0.000000000000000000, 1.000000000000000000 ) ) ;
#6639 = ORIENTED_EDGE ( 'NONE', *, *, #234, .F. ) ;
#6640 = AXIS2_PLACEMENT_3D ( 'NONE', #8145, #6447, #5692 ) ;
#6641 = DIRECTION ( 'NONE',  ( 0.000000000000000000, 1.000000000000000000, 0.000000000000000000 ) ) ;
#6642 = VERTEX_POINT ( 'NONE', #4151 ) ;
#6643 = PLANE ( 'NONE',  #8756 ) ;
#6644 = EDGE_CURVE ( 'NONE', #5952, #2893, #1571, .T. ) ;
#6645 = DIRECTION ( 'NONE',  ( 1.000000000000000000, 0.000000000000000000, 0.000000000000000000 ) ) ;
#6646 = EDGE_CURVE ( 'NONE', #8992, #11322, #6839, .T. ) ;
#6647 = VERTEX_POINT ( 'NONE', #7839 ) ;
#6648 = AXIS2_PLACEMENT_3D ( 'NONE', #11555, #4224, #7029 ) ;
#6649 = FACE_OUTER_BOUND ( 'NONE', #5006, .T. ) ;
#6650 = ORIENTED_EDGE ( 'NONE', *, *, #10206, .F. ) ;
#6651 = CARTESIAN_POINT ( 'NONE',  ( 51.46907917169167490, -3.500000000000000000, -27.13683935576333539 ) ) ;
#6652 = DIRECTION ( 'NONE',  ( 0.06867802390884975017, 0.000000000000000000, -0.9976388770652312443 ) ) ;
#6653 = ORIENTED_EDGE ( 'NONE', *, *, #5230, .T. ) ;
#6654 = DIRECTION ( 'NONE',  ( 0.000000000000000000, 0.000000000000000000, 1.000000000000000000 ) ) ;
#6655 = DIRECTION ( 'NONE',  ( -1.000000000000000000, 0.000000000000000000, 0.000000000000000000 ) ) ;
#6656 = DIRECTION ( 'NONE',  ( 0.000000000000000000, 1.000000000000000000, 0.000000000000000000 ) ) ;
#6657 = ORIENTED_EDGE ( 'NONE', *, *, #2334, .T. ) ;
#6658 = ORIENTED_EDGE ( 'NONE', *, *, #5678, .F. ) ;
#6659 = DIRECTION ( 'NONE',  ( 0.000000000000000000, 0.000000000000000000, 1.000000000000000000 ) ) ;
#6660 = EDGE_LOOP ( 'NONE', ( #6061, #6440, #8917, #7854 ) ) ;
#6661 = EDGE_CURVE ( 'NONE', #8959, #7702, #11425, .T. ) ;
#6662 = CYLINDRICAL_SURFACE ( 'NONE', #1826, 5.500000000000005329 ) ;
#6663 = VERTEX_POINT ( 'NONE', #11181 ) ;
#6664 = DIRECTION ( 'NONE',  ( 0.000000000000000000, 1.000000000000000000, 0.000000000000000000 ) ) ;
#6665 = ORIENTED_EDGE ( 'NONE', *, *, #3125, .F. ) ;
#6666 = DIRECTION ( 'NONE',  ( 0.000000000000000000, 0.000000000000000000, -1.000000000000000000 ) ) ;
#6667 = CARTESIAN_POINT ( 'NONE',  ( 77.59056977575610858, -3.500000000000000000, -54.61559535584993341 ) ) ;
#6668 = EDGE_LOOP ( 'NONE', ( #8596, #6335, #5995, #9357 ) ) ;
#6669 = CARTESIAN_POINT ( 'NONE',  ( 88.27166405808893046, 2.500000000000000000, -20.18771224122698271 ) ) ;
#6670 = EDGE_LOOP ( 'NONE', ( #1796, #2675, #7915, #2089 ) ) ;
#6671 = EDGE_CURVE ( 'NONE', #4414, #298, #3154, .T. ) ;
#6672 = FACE_BOUND ( 'NONE', #4808, .T. ) ;
#6673 = EDGE_CURVE ( 'NONE', #11508, #7303, #5845, .T. ) ;
#6674 = ORIENTED_EDGE ( 'NONE', *, *, #8930, .T. ) ;
#6675 = DIRECTION ( 'NONE',  ( 0.000000000000000000, 1.000000000000000000, 0.000000000000000000 ) ) ;
#6676 = CARTESIAN_POINT ( 'NONE',  ( 93.47833594191119744, 2.500000000000000000, 14.41228775886719227 ) ) ;
#6677 = ADVANCED_FACE ( 'NONE', ( #4975 ), #8536, .T. ) ;
#6678 = AXIS2_PLACEMENT_3D ( 'NONE', #3200, #6656, #9409 ) ;
#6679 = CARTESIAN_POINT ( 'NONE',  ( 89.55286222528678763, -3.500000000000000000, 13.64374621796594234 ) ) ;
#6680 = CYLINDRICAL_SURFACE ( 'NONE', #8866, 2.000000000000002665 ) ;
#6681 = VERTEX_POINT ( 'NONE', #10361 ) ;
#6682 = ORIENTED_EDGE ( 'NONE', *, *, #6644, .F. ) ;
#6683 = CARTESIAN_POINT ( 'NONE',  ( -31.00000000000000355, 2.500000000000000000, -59.99999999999999289 ) ) ;
#6684 = DIRECTION ( 'NONE',  ( 0.000000000000000000, 1.000000000000000000, 0.000000000000000000 ) ) ;
#6685 = CIRCLE ( 'NONE', #6867, 1.000000000000000888 ) ;
#6686 = CIRCLE ( 'NONE', #10625, 0.9999999999999991118 ) ;
#6687 = DIRECTION ( 'NONE',  ( 0.000000000000000000, 0.000000000000000000, 1.000000000000000000 ) ) ;
#6688 = ORIENTED_EDGE ( 'NONE', *, *, #7211, .F. ) ;
#6689 = DIRECTION ( 'NONE',  ( 0.000000000000000000, 1.000000000000000000, 0.000000000000000000 ) ) ;
#6690 = CARTESIAN_POINT ( 'NONE',  ( 42.88550278537807969, 2.500000000000000000, 51.24596267471466859 ) ) ;
#6691 = EDGE_LOOP ( 'NONE', ( #10195, #4050 ) ) ;
#6692 = ADVANCED_FACE ( 'NONE', ( #5906 ), #9479, .T. ) ;
#6693 = DIRECTION ( 'NONE',  ( 0.000000000000000000, 0.000000000000000000, -1.000000000000000000 ) ) ;
#6694 = CIRCLE ( 'NONE', #6503, 4.000000000000000000 ) ;
#6695 = ORIENTED_EDGE ( 'NONE', *, *, #4524, .T. ) ;
#6696 = FACE_OUTER_BOUND ( 'NONE', #3240, .T. ) ;
#6697 = CARTESIAN_POINT ( 'NONE',  ( 95.25000000000153477, 2.500000000000000000, -33.99999999999690203 ) ) ;
#6698 = EDGE_LOOP ( 'NONE', ( #3572, #2005 ) ) ;
#6699 = AXIS2_PLACEMENT_3D ( 'NONE', #8365, #4863, #4806 ) ;
#6700 = CARTESIAN_POINT ( 'NONE',  ( -24.37499999999999645, -3.500000000000000000, 5.000000000000003553 ) ) ;
#6701 = EDGE_LOOP ( 'NONE', ( #2415, #4755, #4226, #1210, #122, #10416, #3739, #4084, #2361, #2066, #8861, #7924 ) ) ;
#6702 = EDGE_CURVE ( 'NONE', #6262, #10579, #6029, .T. ) ;
#6703 = CARTESIAN_POINT ( 'NONE',  ( 132.2587238320729739, 2.500000000000000000, -49.90220843430040532 ) ) ;
#6704 = LINE ( 'NONE', #4789, #4294 ) ;
#6705 = AXIS2_PLACEMENT_3D ( 'NONE', #4510, #7367, #1049 ) ;
#6706 = ORIENTED_EDGE ( 'NONE', *, *, #11326, .F. ) ;
#6707 = EDGE_CURVE ( 'NONE', #8975, #3209, #9719, .T. ) ;
#6708 = CARTESIAN_POINT ( 'NONE',  ( -28.57412527334259167, -3.500000000000000000, 0.7142857142857150787 ) ) ;
#6709 = DIRECTION ( 'NONE',  ( -1.000000000000000000, 0.000000000000000000, 0.000000000000000000 ) ) ;
#6710 = PLANE ( 'NONE',  #7634 ) ;
#6711 = EDGE_LOOP ( 'NONE', ( #1434, #4197, #2327, #5894 ) ) ;
#6712 = ORIENTED_EDGE ( 'NONE', *, *, #91, .F. ) ;
#6713 = DIRECTION ( 'NONE',  ( 0.000000000000000000, 0.000000000000000000, 1.000000000000000000 ) ) ;
#6714 = VERTEX_POINT ( 'NONE', #8776 ) ;
#6715 = CARTESIAN_POINT ( 'NONE',  ( 45.49728228756692516, -3.500000000000000000, -28.75000000000000355 ) ) ;
#6716 = ORIENTED_EDGE ( 'NONE', *, *, #10532, .T. ) ;
#6717 = DIRECTION ( 'NONE',  ( 0.000000000000000000, 0.000000000000000000, 1.000000000000000000 ) ) ;
#6718 = ORIENTED_EDGE ( 'NONE', *, *, #6042, .T. ) ;
#6719 = DIRECTION ( 'NONE',  ( 7.692556537664882126E-15, -0.000000000000000000, 1.000000000000000000 ) ) ;
#6720 = CARTESIAN_POINT ( 'NONE',  ( 37.90422433980270256, -3.500000000000000000, 54.26333652012772291 ) ) ;
#6721 = AXIS2_PLACEMENT_3D ( 'NONE', #5603, #8060, #5549 ) ;
#6722 = VERTEX_POINT ( 'NONE', #8015 ) ;
#6723 = FACE_OUTER_BOUND ( 'NONE', #11335, .T. ) ;
#6724 = ADVANCED_FACE ( 'NONE', ( #9842 ), #2681, .F. ) ;
#6725 = AXIS2_PLACEMENT_3D ( 'NONE', #10161, #8510, #419 ) ;
#6726 = ORIENTED_EDGE ( 'NONE', *, *, #2826, .T. ) ;
#6727 = DIRECTION ( 'NONE',  ( 0.000000000000000000, 1.000000000000000000, 0.000000000000000000 ) ) ;
#6728 = AXIS2_PLACEMENT_3D ( 'NONE', #10658, #810, #10475 ) ;
#6729 = AXIS2_PLACEMENT_3D ( 'NONE', #5758, #1245, #5812 ) ;
#6730 = DIRECTION ( 'NONE',  ( 0.000000000000000000, 0.000000000000000000, 1.000000000000000000 ) ) ;
#6731 = LINE ( 'NONE', #6845, #11039 ) ;
#6732 = ORIENTED_EDGE ( 'NONE', *, *, #6903, .T. ) ;
#6733 = EDGE_CURVE ( 'NONE', #10502, #6663, #7704, .T. ) ;
#6734 = DIRECTION ( 'NONE',  ( 0.000000000000000000, 1.000000000000000000, 0.000000000000000000 ) ) ;
#6735 = CARTESIAN_POINT ( 'NONE',  ( 79.50000000000051159, 2.500000000000000000, -55.99999999999916866 ) ) ;
#6736 = ORIENTED_EDGE ( 'NONE', *, *, #2565, .T. ) ;
#6737 = CARTESIAN_POINT ( 'NONE',  ( -28.70982142857141994, -3.500000000000000000, 18.50000000000000711 ) ) ;
#6738 = ADVANCED_FACE ( 'NONE', ( #2898 ), #10925, .F. ) ;
#6739 = ORIENTED_EDGE ( 'NONE', *, *, #1782, .F. ) ;
#6740 = CARTESIAN_POINT ( 'NONE',  ( 2.000000000000007994, -3.500000000000000000, -50.49999999999999289 ) ) ;
#6741 = DIRECTION ( 'NONE',  ( 1.000000000000000000, 0.000000000000000000, 0.000000000000000000 ) ) ;
#6742 = CARTESIAN_POINT ( 'NONE',  ( 121.1458780402646482, -3.500000000000000000, 37.99999999999690203 ) ) ;
#6743 = ORIENTED_EDGE ( 'NONE', *, *, #6529, .T. ) ;
#6744 = CARTESIAN_POINT ( 'NONE',  ( 89.24999999999994316, 2.500000000000000000, 31.10000000009224053 ) ) ;
#6745 = DIRECTION ( 'NONE',  ( 0.000000000000000000, 0.000000000000000000, 1.000000000000000000 ) ) ;
#6746 = EDGE_LOOP ( 'NONE', ( #6547, #1840, #1862, #7901 ) ) ;
#6747 = EDGE_CURVE ( 'NONE', #10123, #3901, #7908, .T. ) ;
#6748 = CARTESIAN_POINT ( 'NONE',  ( 75.78127226243331904, -3.500000000000000000, 59.70588235294136581 ) ) ;
#6749 = ORIENTED_EDGE ( 'NONE', *, *, #1667, .T. ) ;
#6750 = DIRECTION ( 'NONE',  ( 1.000000000000000000, 0.000000000000000000, 0.000000000000000000 ) ) ;
#6751 = EDGE_CURVE ( 'NONE', #6953, #5384, #3425, .T. ) ;
#6752 = DIRECTION ( 'NONE',  ( -0.000000000000000000, -1.000000000000000000, -0.000000000000000000 ) ) ;
#6753 = EDGE_LOOP ( 'NONE', ( #11474, #9808, #7713, #2615 ) ) ;
#6754 = DIRECTION ( 'NONE',  ( -0.000000000000000000, -0.000000000000000000, 1.000000000000000000 ) ) ;
#6755 = DIRECTION ( 'NONE',  ( -0.000000000000000000, 1.000000000000000000, -0.000000000000000000 ) ) ;
#6756 = VERTEX_POINT ( 'NONE', #10045 ) ;
#6757 = CARTESIAN_POINT ( 'NONE',  ( 53.39723764379618132, -3.500000000000000000, -30.69990044841697596 ) ) ;
#6758 = CARTESIAN_POINT ( 'NONE',  ( -26.64589803375033128, 2.500000000000000000, -59.99999999999999289 ) ) ;
#6759 = VECTOR ( 'NONE', #10619, 1000.000000000000000 ) ;
#6760 = ORIENTED_EDGE ( 'NONE', *, *, #9278, .F. ) ;
#6761 = DIRECTION ( 'NONE',  ( 1.000000000000000000, 0.000000000000000000, 0.000000000000000000 ) ) ;
#6762 = DIRECTION ( 'NONE',  ( 0.000000000000000000, 1.000000000000000000, 0.000000000000000000 ) ) ;
#6763 = DIRECTION ( 'NONE',  ( -1.000000000000000000, 0.000000000000000000, 0.000000000000000000 ) ) ;
#6764 = DIRECTION ( 'NONE',  ( 0.9640234912782601473, -0.000000000000000000, 0.2658170578869502587 ) ) ;
#6765 = ORIENTED_EDGE ( 'NONE', *, *, #11363, .F. ) ;
#6766 = ORIENTED_EDGE ( 'NONE', *, *, #4511, .F. ) ;
#6767 = DIRECTION ( 'NONE',  ( 0.000000000000000000, 1.000000000000000000, 0.000000000000000000 ) ) ;
#6768 = CIRCLE ( 'NONE', #6215, 5.500000000000005329 ) ;
#6769 = EDGE_CURVE ( 'NONE', #6379, #11376, #3607, .T. ) ;
#6770 = AXIS2_PLACEMENT_3D ( 'NONE', #10675, #4462, #2636 ) ;
#6771 = ORIENTED_EDGE ( 'NONE', *, *, #4121, .T. ) ;
#6772 = ADVANCED_FACE ( 'NONE', ( #1751 ), #2570, .F. ) ;
#6773 = LINE ( 'NONE', #10127, #3704 ) ;
#6774 = ORIENTED_EDGE ( 'NONE', *, *, #3882, .F. ) ;
#6775 = CARTESIAN_POINT ( 'NONE',  ( 132.0000000000000000, 2.500000000000000000, 56.00000000000000711 ) ) ;
#6776 = ORIENTED_EDGE ( 'NONE', *, *, #5329, .T. ) ;
#6777 = DIRECTION ( 'NONE',  ( 0.000000000000000000, 0.000000000000000000, 1.000000000000000000 ) ) ;
#6778 = CARTESIAN_POINT ( 'NONE',  ( 39.50000000000052580, -3.500000000000000000, 55.99999999999945288 ) ) ;
#6779 = VECTOR ( 'NONE', #9828, 1000.000000000000000 ) ;
#6780 = AXIS2_PLACEMENT_3D ( 'NONE', #417, #3004, #1356 ) ;
#6781 = LINE ( 'NONE', #2210, #10828 ) ;
#6782 = VERTEX_POINT ( 'NONE', #10661 ) ;
#6783 = EDGE_CURVE ( 'NONE', #1903, #4574, #9024, .T. ) ;
#6784 = CARTESIAN_POINT ( 'NONE',  ( 82.51039864469777285, 2.500000000000000000, 60.00000000000000000 ) ) ;
#6785 = AXIS2_PLACEMENT_3D ( 'NONE', #9730, #7851, #765 ) ;
#6786 = ADVANCED_FACE ( 'NONE', ( #4449 ), #6143, .F. ) ;
#6787 = CARTESIAN_POINT ( 'NONE',  ( 132.0000000000000000, 2.500000000000000000, 54.50000000000001421 ) ) ;
#6788 = CARTESIAN_POINT ( 'NONE',  ( 135.0000000000000000, -3.500000000000000000, 52.64589803375033483 ) ) ;
#6789 = VERTEX_POINT ( 'NONE', #11600 ) ;
#6790 = AXIS2_PLACEMENT_3D ( 'NONE', #711, #3297, #6855 ) ;
#6791 = DIRECTION ( 'NONE',  ( 0.000000000000000000, 1.000000000000000000, 0.000000000000000000 ) ) ;
#6792 = CYLINDRICAL_SURFACE ( 'NONE', #10180, 1.499999999999996891 ) ;
#6793 = ORIENTED_EDGE ( 'NONE', *, *, #473, .F. ) ;
#6794 = VECTOR ( 'NONE', #6591, 1000.000000000000000 ) ;
#6795 = DIRECTION ( 'NONE',  ( -0.000000000000000000, -1.000000000000000000, -0.000000000000000000 ) ) ;
#6796 = VERTEX_POINT ( 'NONE', #11489 ) ;
#6797 = CARTESIAN_POINT ( 'NONE',  ( 39.50000000000052580, -3.500000000000000000, 55.99999999999945288 ) ) ;
#6798 = DIRECTION ( 'NONE',  ( 0.000000000000000000, 1.000000000000000000, 0.000000000000000000 ) ) ;
#6799 = AXIS2_PLACEMENT_3D ( 'NONE', #9355, #6541, #3965 ) ;
#6800 = EDGE_CURVE ( 'NONE', #8040, #10290, #4721, .T. ) ;
#6801 = EDGE_CURVE ( 'NONE', #5727, #7734, #10713, .T. ) ;
#6802 = AXIS2_PLACEMENT_3D ( 'NONE', #11117, #3020, #6709 ) ;
#6803 = LINE ( 'NONE', #5050, #1195 ) ;
#6804 = ORIENTED_EDGE ( 'NONE', *, *, #3010, .T. ) ;
#6805 = CARTESIAN_POINT ( 'NONE',  ( 38.86226143540571343, 2.500000000000000000, 50.78887828550951156 ) ) ;
#6806 = DIRECTION ( 'NONE',  ( 0.000000000000000000, 1.000000000000000000, 0.000000000000000000 ) ) ;
#6807 = VERTEX_POINT ( 'NONE', #134 ) ;
#6808 = CIRCLE ( 'NONE', #4570, 1.000000000000000888 ) ;
#6809 = AXIS2_PLACEMENT_3D ( 'NONE', #11081, #7437, #10086 ) ;
#6810 = CARTESIAN_POINT ( 'NONE',  ( -3.123475382979884252, 2.500000000000000000, 53.99999999999977263 ) ) ;
#6811 = EDGE_LOOP ( 'NONE', ( #10582, #2068, #3410, #1623 ) ) ;
#6812 = DIRECTION ( 'NONE',  ( 1.000000000000000000, 0.000000000000000000, 0.000000000000000000 ) ) ;
#6813 = DIRECTION ( 'NONE',  ( 0.000000000000000000, 0.000000000000000000, 1.000000000000000000 ) ) ;
#6814 = EDGE_CURVE ( 'NONE', #10078, #10290, #9048, .T. ) ;
#6815 = EDGE_LOOP ( 'NONE', ( #6975, #7234, #5925, #10808 ) ) ;
#6816 = EDGE_CURVE ( 'NONE', #8531, #394, #9399, .T. ) ;
#6817 = CYLINDRICAL_SURFACE ( 'NONE', #3482, 5.499999999999998224 ) ;
#6818 = CARTESIAN_POINT ( 'NONE',  ( 94.00000000000153477, -3.500000000000000000, -35.99999999999690203 ) ) ;
#6819 = ORIENTED_EDGE ( 'NONE', *, *, #6631, .F. ) ;
#6820 = LINE ( 'NONE', #10400, #8045 ) ;
#6821 = LINE ( 'NONE', #11051, #1289 ) ;
#6822 = ORIENTED_EDGE ( 'NONE', *, *, #10728, .F. ) ;
#6823 = CARTESIAN_POINT ( 'NONE',  ( 128.3010588329270547, -3.500000000000000000, 30.63645376197341008 ) ) ;
#6824 = DIRECTION ( 'NONE',  ( 1.000000000000000000, 0.000000000000000000, 0.000000000000000000 ) ) ;
#6825 = CARTESIAN_POINT ( 'NONE',  ( -27.37499999999999645, -3.500000000000000000, 11.32455532033676704 ) ) ;
#6826 = CARTESIAN_POINT ( 'NONE',  ( -30.00000000000000355, -3.500000000000000000, -55.99999999999997868 ) ) ;
#6827 = VERTEX_POINT ( 'NONE', #8052 ) ;
#6828 = ORIENTED_EDGE ( 'NONE', *, *, #9532, .F. ) ;
#6829 = DIRECTION ( 'NONE',  ( -1.000000000000000000, 0.000000000000000000, 0.000000000000000000 ) ) ;
#6830 = VECTOR ( 'NONE', #8625, 1000.000000000000000 ) ;
#6831 = VERTEX_POINT ( 'NONE', #3670 ) ;
#6832 = DIRECTION ( 'NONE',  ( 0.000000000000000000, 0.000000000000000000, 1.000000000000000000 ) ) ;
#6833 = ORIENTED_EDGE ( 'NONE', *, *, #7214, .F. ) ;
#6834 = CARTESIAN_POINT ( 'NONE',  ( -28.70982142857142350, 2.500000000000000000, -20.00000000000000711 ) ) ;
#6835 = CARTESIAN_POINT ( 'NONE',  ( 126.0000000000015490, -3.500000000000000000, -35.99999999999688782 ) ) ;
#6836 = ORIENTED_EDGE ( 'NONE', *, *, #8906, .T. ) ;
#6837 = DIRECTION ( 'NONE',  ( 0.000000000000000000, 1.000000000000000000, 0.000000000000000000 ) ) ;
#6838 = EDGE_CURVE ( 'NONE', #7058, #33, #10811, .T. ) ;
#6839 = LINE ( 'NONE', #2388, #11266 ) ;
#6840 = FACE_BOUND ( 'NONE', #3304, .T. ) ;
#6841 = EDGE_CURVE ( 'NONE', #807, #5570, #1741, .T. ) ;
#6842 = ORIENTED_EDGE ( 'NONE', *, *, #817, .F. ) ;
#6843 = DIRECTION ( 'NONE',  ( 0.000000000000000000, 1.000000000000000000, 0.000000000000000000 ) ) ;
#6844 = DIRECTION ( 'NONE',  ( 0.000000000000000000, 0.000000000000000000, -1.000000000000000000 ) ) ;
#6845 = CARTESIAN_POINT ( 'NONE',  ( -22.37500000000000000, 2.500000000000000000, 7.000000000000006217 ) ) ;
#6846 = ORIENTED_EDGE ( 'NONE', *, *, #4393, .F. ) ;
#6847 = EDGE_CURVE ( 'NONE', #4396, #10693, #5099, .T. ) ;
#6848 = EDGE_CURVE ( 'NONE', #7478, #9336, #1537, .T. ) ;
#6849 = DIRECTION ( 'NONE',  ( 0.9910643481421648193, 0.000000000000000000, -0.1333846237073302854 ) ) ;
#6850 = CYLINDRICAL_SURFACE ( 'NONE', #6633, 5.250000000000004441 ) ;
#6851 = VERTEX_POINT ( 'NONE', #5426 ) ;
#6852 = CARTESIAN_POINT ( 'NONE',  ( 42.88550278537807969, -3.500000000000000000, -51.24596267471466859 ) ) ;
#6853 = EDGE_CURVE ( 'NONE', #1435, #5679, #7228, .T. ) ;
#6854 = VERTEX_POINT ( 'NONE', #3611 ) ;
#6855 = DIRECTION ( 'NONE',  ( 0.000000000000000000, 0.000000000000000000, 1.000000000000000000 ) ) ;
#6856 = CARTESIAN_POINT ( 'NONE',  ( 82.75064805719480887, -3.500000000000000000, 32.46794823927666584 ) ) ;
#6857 = FACE_OUTER_BOUND ( 'NONE', #2254, .T. ) ;
#6858 = VECTOR ( 'NONE', #5084, 1000.000000000000000 ) ;
#6859 = EDGE_LOOP ( 'NONE', ( #8018, #11014, #2933, #108 ) ) ;
#6860 = DIRECTION ( 'NONE',  ( 0.000000000000000000, 1.000000000000000000, 0.000000000000000000 ) ) ;
#6861 = DIRECTION ( 'NONE',  ( 0.000000000000000000, 1.000000000000000000, 0.000000000000000000 ) ) ;
#6862 = VERTEX_POINT ( 'NONE', #5315 ) ;
#6863 = CARTESIAN_POINT ( 'NONE',  ( 126.0000000000015490, -3.500000000000000000, 35.99999999999688782 ) ) ;
#6864 = ORIENTED_EDGE ( 'NONE', *, *, #6397, .F. ) ;
#6865 = CARTESIAN_POINT ( 'NONE',  ( -22.62499999999999645, -3.500000000000000000, -16.00000000000000711 ) ) ;
#6866 = EDGE_CURVE ( 'NONE', #6057, #10948, #6349, .T. ) ;
#6867 = AXIS2_PLACEMENT_3D ( 'NONE', #3384, #10593, #2373 ) ;
#6868 = DIRECTION ( 'NONE',  ( 0.000000000000000000, 1.000000000000000000, 0.000000000000000000 ) ) ;
#6869 = AXIS2_PLACEMENT_3D ( 'NONE', #6545, #6601, #448 ) ;
#6870 = VERTEX_POINT ( 'NONE', #10699 ) ;
#6871 = FACE_OUTER_BOUND ( 'NONE', #9171, .T. ) ;
#6872 = DIRECTION ( 'NONE',  ( 1.000000000000000000, 0.000000000000000000, 0.000000000000000000 ) ) ;
#6873 = VERTEX_POINT ( 'NONE', #1898 ) ;
#6874 = VECTOR ( 'NONE', #5713, 1000.000000000000000 ) ;
#6875 = DIRECTION ( 'NONE',  ( 0.000000000000000000, 0.000000000000000000, 1.000000000000000000 ) ) ;
#6876 = DIRECTION ( 'NONE',  ( 1.000000000000000000, 0.000000000000000000, 0.000000000000000000 ) ) ;
#6877 = EDGE_LOOP ( 'NONE', ( #7421, #779, #7834, #3593 ) ) ;
#6878 = AXIS2_PLACEMENT_3D ( 'NONE', #9591, #11293, #3453 ) ;
#6879 = CYLINDRICAL_SURFACE ( 'NONE', #4565, 1.000000000000000888 ) ;
#6880 = CARTESIAN_POINT ( 'NONE',  ( 127.5000000000002274, -3.500000000000000000, 9.000000000001953993 ) ) ;
#6881 = CARTESIAN_POINT ( 'NONE',  ( 43.21872773756807362, -3.500000000000000000, -59.70588235294130186 ) ) ;
#6882 = ADVANCED_FACE ( 'NONE', ( #8884 ), #6296, .T. ) ;
#6883 = DIRECTION ( 'NONE',  ( -0.000000000000000000, -1.000000000000000000, -0.000000000000000000 ) ) ;
#6884 = EDGE_CURVE ( 'NONE', #11376, #1336, #7158, .T. ) ;
#6885 = VERTEX_POINT ( 'NONE', #9934 ) ;
#6886 = VERTEX_POINT ( 'NONE', #3721 ) ;
#6887 = DIRECTION ( 'NONE',  ( -0.000000000000000000, 1.000000000000000000, -0.000000000000000000 ) ) ;
#6888 = EDGE_CURVE ( 'NONE', #10598, #6104, #5479, .T. ) ;
#6889 = VERTEX_POINT ( 'NONE', #3502 ) ;
#6890 = CARTESIAN_POINT ( 'NONE',  ( 92.50000000000022737, -3.500000000000000000, 9.000000000001710632 ) ) ;
#6891 = AXIS2_PLACEMENT_3D ( 'NONE', #1642, #4406, #3523 ) ;
#6892 = ORIENTED_EDGE ( 'NONE', *, *, #9787, .F. ) ;
#6893 = DIRECTION ( 'NONE',  ( -0.1333846237073302854, 0.000000000000000000, 0.9910643481421647083 ) ) ;
#6894 = DIRECTION ( 'NONE',  ( 1.000000000000000000, 0.000000000000000000, 0.000000000000000000 ) ) ;
#6895 = VERTEX_POINT ( 'NONE', #3554 ) ;
#6896 = DIRECTION ( 'NONE',  ( -1.000000000000000000, 0.000000000000000000, 0.000000000000000000 ) ) ;
#6897 = LINE ( 'NONE', #8721, #8453 ) ;
#6898 = FACE_BOUND ( 'NONE', #11577, .T. ) ;
#6899 = EDGE_CURVE ( 'NONE', #2268, #6169, #600, .T. ) ;
#6900 = VERTEX_POINT ( 'NONE', #909 ) ;
#6901 = AXIS2_PLACEMENT_3D ( 'NONE', #2937, #9201, #10207 ) ;
#6902 = VECTOR ( 'NONE', #3550, 1000.000000000000227 ) ;
#6903 = EDGE_CURVE ( 'NONE', #10693, #4779, #8816, .T. ) ;
#6904 = DIRECTION ( 'NONE',  ( 0.9418617333936458724, 0.000000000000000000, -0.3360007070955604580 ) ) ;
#6905 = CARTESIAN_POINT ( 'NONE',  ( 84.26623043858603523, -3.500000000000000000, -27.92637936698952927 ) ) ;
#6906 = FACE_OUTER_BOUND ( 'NONE', #9926, .T. ) ;
#6907 = EDGE_CURVE ( 'NONE', #10133, #11085, #10726, .T. ) ;
#6908 = ORIENTED_EDGE ( 'NONE', *, *, #10954, .F. ) ;
#6909 = AXIS2_PLACEMENT_3D ( 'NONE', #5066, #11464, #8630 ) ;
#6910 = CARTESIAN_POINT ( 'NONE',  ( 129.6533256012082802, 2.500000000000000000, 55.13795634330070072 ) ) ;
#6911 = LINE ( 'NONE', #1589, #2653 ) ;
#6912 = CARTESIAN_POINT ( 'NONE',  ( 43.15360207239141488, -3.500000000000000000, -52.22989497538527814 ) ) ;
#6913 = ORIENTED_EDGE ( 'NONE', *, *, #7212, .T. ) ;
#6914 = DIRECTION ( 'NONE',  ( -0.000000000000000000, -1.000000000000000000, -0.000000000000000000 ) ) ;
#6915 = EDGE_LOOP ( 'NONE', ( #3179, #1089, #3667, #5555 ) ) ;
#6916 = CARTESIAN_POINT ( 'NONE',  ( -30.00000000000000355, -3.500000000000000000, 57.49999999999997868 ) ) ;
#6917 = DIRECTION ( 'NONE',  ( 1.000000000000000000, 0.000000000000000000, 0.000000000000000000 ) ) ;
#6918 = VECTOR ( 'NONE', #7510, 1000.000000000000000 ) ;
#6919 = EDGE_CURVE ( 'NONE', #3126, #1305, #10645, .T. ) ;
#6920 = EDGE_CURVE ( 'NONE', #5561, #3014, #8070, .T. ) ;
#6921 = FACE_OUTER_BOUND ( 'NONE', #3489, .T. ) ;
#6922 = ORIENTED_EDGE ( 'NONE', *, *, #7288, .T. ) ;
#6923 = CARTESIAN_POINT ( 'NONE',  ( 126.0000000000015490, -3.500000000000000000, 35.99999999999688782 ) ) ;
#6924 = CYLINDRICAL_SURFACE ( 'NONE', #1380, 5.499999999999998224 ) ;
#6925 = CIRCLE ( 'NONE', #1878, 5.500000000000001776 ) ;
#6926 = ORIENTED_EDGE ( 'NONE', *, *, #9427, .T. ) ;
#6927 = FACE_OUTER_BOUND ( 'NONE', #1092, .T. ) ;
#6928 = EDGE_LOOP ( 'NONE', ( #5547, #2796, #9957, #4374 ) ) ;
#6929 = DIRECTION ( 'NONE',  ( 1.000000000000000000, 0.000000000000000000, -7.692556537664882126E-15 ) ) ;
#6930 = CARTESIAN_POINT ( 'NONE',  ( 45.49728228756692516, 2.500000000000000000, -32.75000000000000711 ) ) ;
#6931 = EDGE_CURVE ( 'NONE', #11416, #8498, #4986, .T. ) ;
#6932 = ORIENTED_EDGE ( 'NONE', *, *, #773, .F. ) ;
#6933 = DIRECTION ( 'NONE',  ( 0.000000000000000000, 1.000000000000000000, 0.000000000000000000 ) ) ;
#6934 = EDGE_CURVE ( 'NONE', #4746, #1099, #1079, .T. ) ;
#6935 = DIRECTION ( 'NONE',  ( 0.000000000000000000, 0.000000000000000000, 1.000000000000000000 ) ) ;
#6936 = EDGE_LOOP ( 'NONE', ( #10330, #8282, #3306, #1050 ) ) ;
#6937 = CARTESIAN_POINT ( 'NONE',  ( -24.87652461702021611, -3.500000000000000000, 53.99999999999993605 ) ) ;
#6938 = DIRECTION ( 'NONE',  ( 0.000000000000000000, 0.000000000000000000, 1.000000000000000000 ) ) ;
#6939 = EDGE_LOOP ( 'NONE', ( #1216, #7157, #379, #9375 ) ) ;
#6940 = CARTESIAN_POINT ( 'NONE',  ( 89.24999999999995737, -3.500000000000000000, -27.10000000009248566 ) ) ;
#6941 = FACE_OUTER_BOUND ( 'NONE', #7459, .T. ) ;
#6942 = DIRECTION ( 'NONE',  ( -0.000000000000000000, 1.000000000000000000, -0.000000000000000000 ) ) ;
#6943 = ORIENTED_EDGE ( 'NONE', *, *, #1908, .T. ) ;
#6944 = DIRECTION ( 'NONE',  ( 0.000000000000000000, 1.000000000000000000, 0.000000000000000000 ) ) ;
#6945 = ORIENTED_EDGE ( 'NONE', *, *, #4498, .F. ) ;
#6946 = ORIENTED_EDGE ( 'NONE', *, *, #6499, .F. ) ;
#6947 = CYLINDRICAL_SURFACE ( 'NONE', #5500, 5.249999999999997335 ) ;
#6948 = ORIENTED_EDGE ( 'NONE', *, *, #144, .F. ) ;
#6949 = VECTOR ( 'NONE', #3827, 1000.000000000000114 ) ;
#6950 = EDGE_CURVE ( 'NONE', #2583, #7343, #10136, .T. ) ;
#6951 = AXIS2_PLACEMENT_3D ( 'NONE', #9734, #649, #1708 ) ;
#6952 = LINE ( 'NONE', #8827, #2015 ) ;
#6953 = VERTEX_POINT ( 'NONE', #1406 ) ;
#6954 = ADVANCED_FACE ( 'NONE', ( #193 ), #5044, .T. ) ;
#6955 = CARTESIAN_POINT ( 'NONE',  ( -31.78318584070796859, -3.500000000000000000, 54.24778761061944721 ) ) ;
#6956 = LINE ( 'NONE', #10536, #4867 ) ;
#6957 = ORIENTED_EDGE ( 'NONE', *, *, #4434, .T. ) ;
#6958 = DIRECTION ( 'NONE',  ( 0.000000000000000000, 1.000000000000000000, 0.000000000000000000 ) ) ;
#6959 = DIRECTION ( 'NONE',  ( 0.000000000000000000, 1.000000000000000000, 0.000000000000000000 ) ) ;
#6960 = FACE_BOUND ( 'NONE', #2344, .T. ) ;
#6961 = AXIS2_PLACEMENT_3D ( 'NONE', #8658, #7844, #10306 ) ;
#6962 = ORIENTED_EDGE ( 'NONE', *, *, #10185, .F. ) ;
#6963 = CIRCLE ( 'NONE', #11080, 4.000000000000000000 ) ;
#6964 = DIRECTION ( 'NONE',  ( 0.000000000000000000, 1.000000000000000000, 0.000000000000000000 ) ) ;
#6965 = CARTESIAN_POINT ( 'NONE',  ( 124.0724168181187821, 2.500000000000000000, 34.64098451924513711 ) ) ;
#6966 = CARTESIAN_POINT ( 'NONE',  ( 127.5000000000002274, -3.500000000000000000, -7.500000000001957545 ) ) ;
#6967 = EDGE_CURVE ( 'NONE', #8198, #11356, #5459, .T. ) ;
#6968 = ORIENTED_EDGE ( 'NONE', *, *, #1588, .F. ) ;
#6969 = AXIS2_PLACEMENT_3D ( 'NONE', #2927, #1448, #6019 ) ;
#6970 = CYLINDRICAL_SURFACE ( 'NONE', #9968, 1.499999999999994449 ) ;
#6971 = DIRECTION ( 'NONE',  ( -0.000000000000000000, -1.000000000000000000, -0.000000000000000000 ) ) ;
#6972 = LINE ( 'NONE', #4107, #4584 ) ;
#6973 = ORIENTED_EDGE ( 'NONE', *, *, #10220, .T. ) ;
#6974 = CARTESIAN_POINT ( 'NONE',  ( 7.123475382979927772, 2.500000000000000000, 53.99999999999968736 ) ) ;
#6975 = ORIENTED_EDGE ( 'NONE', *, *, #3987, .F. ) ;
#6976 = DIRECTION ( 'NONE',  ( 0.000000000000000000, 1.000000000000000000, 0.000000000000000000 ) ) ;
#6977 = AXIS2_PLACEMENT_3D ( 'NONE', #10958, #3862, #2808 ) ;
#6978 = CARTESIAN_POINT ( 'NONE',  ( 61.17303757665697361, 2.500000000000000000, -30.36305979348978923 ) ) ;
#6979 = CIRCLE ( 'NONE', #8095, 5.249999999999991118 ) ;
#6980 = VECTOR ( 'NONE', #2483, 1000.000000000000000 ) ;
#6981 = CARTESIAN_POINT ( 'NONE',  ( 80.99728228756691806, -3.500000000000000000, 34.25000000000000000 ) ) ;
#6982 = VERTEX_POINT ( 'NONE', #7614 ) ;
#6983 = DIRECTION ( 'NONE',  ( 0.000000000000000000, 0.000000000000000000, -1.000000000000000000 ) ) ;
#6984 = CARTESIAN_POINT ( 'NONE',  ( 80.99728228756691806, -3.500000000000000000, -34.25000000000000000 ) ) ;
#6985 = VERTEX_POINT ( 'NONE', #6737 ) ;
#6986 = EDGE_CURVE ( 'NONE', #4203, #8188, #5918, .T. ) ;
#6987 = VERTEX_POINT ( 'NONE', #4109 ) ;
#6988 = CARTESIAN_POINT ( 'NONE',  ( 89.55286222528678763, -3.500000000000000000, 13.64374621796594234 ) ) ;
#6989 = AXIS2_PLACEMENT_3D ( 'NONE', #9831, #1963, #7286 ) ;
#6990 = VECTOR ( 'NONE', #11328, 1000.000000000000000 ) ;
#6991 = EDGE_CURVE ( 'NONE', #10629, #7093, #5080, .T. ) ;
#6992 = DIRECTION ( 'NONE',  ( 0.000000000000000000, 1.000000000000000000, 0.000000000000000000 ) ) ;
#6993 = ORIENTED_EDGE ( 'NONE', *, *, #1527, .F. ) ;
#6994 = CARTESIAN_POINT ( 'NONE',  ( 132.0000000000000000, -3.500000000000000000, 56.00000000000000711 ) ) ;
#6995 = VECTOR ( 'NONE', #9559, 1000.000000000000000 ) ;
#6996 = CARTESIAN_POINT ( 'NONE',  ( 21.49999999999999289, 2.500000000000000000, -35.99999999999688782 ) ) ;
#6997 = ORIENTED_EDGE ( 'NONE', *, *, #4636, .T. ) ;
#6998 = VECTOR ( 'NONE', #3250, 1000.000000000000000 ) ;
#6999 = CIRCLE ( 'NONE', #6630, 1.499999999999996891 ) ;
#7000 = DIRECTION ( 'NONE',  ( 1.000000000000000000, 0.000000000000000000, 7.692556537664882126E-15 ) ) ;
#7001 = DIRECTION ( 'NONE',  ( -0.000000000000000000, 1.000000000000000000, -0.000000000000000000 ) ) ;
#7002 = ORIENTED_EDGE ( 'NONE', *, *, #7111, .F. ) ;
#7003 = VECTOR ( 'NONE', #7879, 1000.000000000000000 ) ;
#7004 = EDGE_CURVE ( 'NONE', #7195, #335, #257, .T. ) ;
#7005 = CARTESIAN_POINT ( 'NONE',  ( 128.6458980337503135, -3.500000000000000000, -59.00000000000000000 ) ) ;
#7006 = FACE_OUTER_BOUND ( 'NONE', #7103, .T. ) ;
#7007 = FACE_OUTER_BOUND ( 'NONE', #5016, .T. ) ;
#7008 = VERTEX_POINT ( 'NONE', #4166 ) ;
#7009 = DIRECTION ( 'NONE',  ( 0.000000000000000000, 1.000000000000000000, 0.000000000000000000 ) ) ;
#7011 = ORIENTED_EDGE ( 'NONE', *, *, #10365, .T. ) ;
#7010 = EDGE_CURVE ( 'NONE', #4973, #2071, #11456, .T. ) ;
#7012 = VERTEX_POINT ( 'NONE', #10314 ) ;
#7013 = LINE ( 'NONE', #6131, #7545 ) ;
#7014 = VECTOR ( 'NONE', #8920, 1000.000000000000000 ) ;
#7015 = AXIS2_PLACEMENT_3D ( 'NONE', #4268, #6139, #4444 ) ;
#7016 = ORIENTED_EDGE ( 'NONE', *, *, #1988, .T. ) ;
#7017 = DIRECTION ( 'NONE',  ( 0.000000000000000000, 0.000000000000000000, -1.000000000000000000 ) ) ;
#7018 = VERTEX_POINT ( 'NONE', #7733 ) ;
#7019 = CYLINDRICAL_SURFACE ( 'NONE', #6445, 4.000000000000000000 ) ;
#7020 = LINE ( 'NONE', #3394, #3178 ) ;
#7021 = ORIENTED_EDGE ( 'NONE', *, *, #5836, .T. ) ;
#7022 = CYLINDRICAL_SURFACE ( 'NONE', #9804, 1.000000000000000888 ) ;
#7023 = DIRECTION ( 'NONE',  ( 0.1921353852253153971, 0.000000000000000000, -0.9813684291561043382 ) ) ;
#7024 = FACE_BOUND ( 'NONE', #6240, .T. ) ;
#7025 = AXIS2_PLACEMENT_3D ( 'NONE', #2036, #9185, #5619 ) ;
#7026 = ORIENTED_EDGE ( 'NONE', *, *, #53, .F. ) ;
#7027 = EDGE_CURVE ( 'NONE', #10402, #1761, #6012, .T. ) ;
#7028 = CYLINDRICAL_SURFACE ( 'NONE', #4170, 1.499999999999994449 ) ;
#7029 = DIRECTION ( 'NONE',  ( 0.000000000000000000, 0.000000000000000000, 1.000000000000000000 ) ) ;
#7030 = CARTESIAN_POINT ( 'NONE',  ( 82.64068987684871104, -3.500000000000000000, -39.49873427556501326 ) ) ;
#7031 = AXIS2_PLACEMENT_3D ( 'NONE', #11242, #10201, #4045 ) ;
#7032 = EDGE_LOOP ( 'NONE', ( #2537, #5487 ) ) ;
#7033 = CARTESIAN_POINT ( 'NONE',  ( 35.78127226243297798, -3.500000000000000000, 59.70588235294130186 ) ) ;
#7034 = CARTESIAN_POINT ( 'NONE',  ( 39.50000000000052580, 2.500000000000000000, 55.99999999999945288 ) ) ;
#7035 = DIRECTION ( 'NONE',  ( 0.000000000000000000, 0.000000000000000000, 1.000000000000000000 ) ) ;
#7036 = VERTEX_POINT ( 'NONE', #5804 ) ;
#7037 = CARTESIAN_POINT ( 'NONE',  ( -22.37500000000000000, -3.500000000000000000, -10.65685424949238858 ) ) ;
#7038 = EDGE_CURVE ( 'NONE', #283, #4505, #9568, .T. ) ;
#7039 = VERTEX_POINT ( 'NONE', #5861 ) ;
#7040 = DIRECTION ( 'NONE',  ( 0.000000000000000000, 1.000000000000000000, 0.000000000000000000 ) ) ;
#7041 = EDGE_CURVE ( 'NONE', #325, #9441, #9953, .T. ) ;
#7042 = DIRECTION ( 'NONE',  ( 0.000000000000000000, 1.000000000000000000, 0.000000000000000000 ) ) ;
#7043 = EDGE_CURVE ( 'NONE', #2428, #11380, #213, .T. ) ;
#7044 = CARTESIAN_POINT ( 'NONE',  ( 126.0000000000015490, -3.500000000000000000, -35.99999999999688782 ) ) ;
#7045 = VERTEX_POINT ( 'NONE', #1462 ) ;
#7046 = CARTESIAN_POINT ( 'NONE',  ( -27.37499999999999645, -3.500000000000000000, -11.32455532033676704 ) ) ;
#7047 = DIRECTION ( 'NONE',  ( 0.000000000000000000, 1.000000000000000000, 0.000000000000000000 ) ) ;
#7048 = ORIENTED_EDGE ( 'NONE', *, *, #8470, .T. ) ;
#7049 = ORIENTED_EDGE ( 'NONE', *, *, #877, .F. ) ;
#7050 = DIRECTION ( 'NONE',  ( 0.000000000000000000, 1.000000000000000000, 0.000000000000000000 ) ) ;
#7051 = CARTESIAN_POINT ( 'NONE',  ( -28.70982142857141994, 2.500000000000000000, 20.00000000000000711 ) ) ;
#7052 = VERTEX_POINT ( 'NONE', #9442 ) ;
#7053 = DIRECTION ( 'NONE',  ( 0.000000000000000000, 1.000000000000000000, 0.000000000000000000 ) ) ;
#7054 = ORIENTED_EDGE ( 'NONE', *, *, #2358, .T. ) ;
#7055 = ADVANCED_FACE ( 'NONE', ( #6467 ), #11321, .T. ) ;
#7056 = LINE ( 'NONE', #11401, #3182 ) ;
#7057 = CARTESIAN_POINT ( 'NONE',  ( 24.37500000000000355, 2.500000000000000000, 5.000000000000003553 ) ) ;
#7058 = VERTEX_POINT ( 'NONE', #5592 ) ;
#7059 = DIRECTION ( 'NONE',  ( 1.000000000000000000, 0.000000000000000000, 0.000000000000000000 ) ) ;
#7060 = CARTESIAN_POINT ( 'NONE',  ( -31.78318584070796859, -3.500000000000000000, 54.24778761061944721 ) ) ;
#7061 = CARTESIAN_POINT ( 'NONE',  ( 35.78127226243297798, -3.500000000000000000, 59.70588235294130186 ) ) ;
#7062 = VERTEX_POINT ( 'NONE', #9164 ) ;
#7063 = CARTESIAN_POINT ( 'NONE',  ( 79.50000000000051159, 2.500000000000000000, -55.99999999999916866 ) ) ;
#7064 = AXIS2_PLACEMENT_3D ( 'NONE', #638, #878, #11367 ) ;
#7065 = VERTEX_POINT ( 'NONE', #1137 ) ;
#7066 = DIRECTION ( 'NONE',  ( -0.000000000000000000, 1.000000000000000000, -0.000000000000000000 ) ) ;
#7067 = ORIENTED_EDGE ( 'NONE', *, *, #4964, .F. ) ;
#7068 = ADVANCED_FACE ( 'NONE', ( #4713 ), #2952, .F. ) ;
#7069 = CIRCLE ( 'NONE', #3146, 1.000000000000000888 ) ;
#7070 = LINE ( 'NONE', #8715, #10635 ) ;
#7071 = ORIENTED_EDGE ( 'NONE', *, *, #9977, .T. ) ;
#7072 = VECTOR ( 'NONE', #9249, 1000.000000000000000 ) ;
#7073 = EDGE_CURVE ( 'NONE', #8673, #278, #4898, .T. ) ;
#7074 = CARTESIAN_POINT ( 'NONE',  ( 129.5000000000002274, -3.500000000000000000, -7.500000000001957545 ) ) ;
#7075 = CARTESIAN_POINT ( 'NONE',  ( 90.16412422823493955, 2.500000000000000000, -32.41551160364603135 ) ) ;
#7076 = EDGE_LOOP ( 'NONE', ( #4313, #7232, #6223, #6836 ) ) ;
#7077 = DIRECTION ( 'NONE',  ( 0.000000000000000000, 1.000000000000000000, 0.000000000000000000 ) ) ;
#7078 = DIRECTION ( 'NONE',  ( 0.000000000000000000, 1.000000000000000000, 0.000000000000000000 ) ) ;
#7079 = DIRECTION ( 'NONE',  ( 7.216449660063522246E-15, -0.000000000000000000, 1.000000000000000000 ) ) ;
#7080 = AXIS2_PLACEMENT_3D ( 'NONE', #11426, #7079, #9665 ) ;
#7081 = VERTEX_POINT ( 'NONE', #3477 ) ;
#7082 = DIRECTION ( 'NONE',  ( -1.000000000000000000, 0.000000000000000000, -1.734723475976806503E-15 ) ) ;
#7083 = DIRECTION ( 'NONE',  ( 0.000000000000000000, 1.000000000000000000, 0.000000000000000000 ) ) ;
#7084 = LINE ( 'NONE', #7030, #8385 ) ;
#7085 = VECTOR ( 'NONE', #8016, 1000.000000000000000 ) ;
#7086 = ORIENTED_EDGE ( 'NONE', *, *, #7270, .F. ) ;
#7087 = EDGE_CURVE ( 'NONE', #10595, #11352, #4287, .T. ) ;
#7088 = DIRECTION ( 'NONE',  ( 0.000000000000000000, 0.000000000000000000, 1.000000000000000000 ) ) ;
#7089 = CARTESIAN_POINT ( 'NONE',  ( 88.27166405808893046, -3.500000000000000000, -20.18771224122698627 ) ) ;
#7090 = ORIENTED_EDGE ( 'NONE', *, *, #2101, .T. ) ;
#7091 = DIRECTION ( 'NONE',  ( 0.000000000000000000, 1.000000000000000000, 0.000000000000000000 ) ) ;
#7092 = CIRCLE ( 'NONE', #3546, 5.500000000000018652 ) ;
#7093 = VERTEX_POINT ( 'NONE', #7037 ) ;
#7094 = FACE_BOUND ( 'NONE', #1970, .T. ) ;
#7095 = VECTOR ( 'NONE', #5524, 1000.000000000000000 ) ;
#7096 = ADVANCED_FACE ( 'NONE', ( #11507 ), #11614, .F. ) ;
#7097 = DIRECTION ( 'NONE',  ( 0.000000000000000000, 0.000000000000000000, 1.000000000000000000 ) ) ;
#7098 = EDGE_CURVE ( 'NONE', #1143, #9645, #5285, .T. ) ;
#7099 = ORIENTED_EDGE ( 'NONE', *, *, #6278, .T. ) ;
#7100 = DIRECTION ( 'NONE',  ( 0.000000000000000000, 1.000000000000000000, 0.000000000000000000 ) ) ;
#7101 = DIRECTION ( 'NONE',  ( 1.000000000000000000, 0.000000000000000000, 0.000000000000000000 ) ) ;
#7102 = ORIENTED_EDGE ( 'NONE', *, *, #171, .T. ) ;
#7103 = EDGE_LOOP ( 'NONE', ( #8529, #1585, #494, #3365 ) ) ;
#7104 = AXIS2_PLACEMENT_3D ( 'NONE', #5719, #9347, #487 ) ;
#7105 = PLANE ( 'NONE',  #8183 ) ;
#7106 = AXIS2_PLACEMENT_3D ( 'NONE', #1307, #4887, #10503 ) ;
#7107 = CYLINDRICAL_SURFACE ( 'NONE', #9769, 1.000000000000000888 ) ;
#7108 = ORIENTED_EDGE ( 'NONE', *, *, #5678, .T. ) ;
#7109 = CARTESIAN_POINT ( 'NONE',  ( 39.50000000000052580, -3.500000000000000000, -55.99999999999945288 ) ) ;
#7110 = ORIENTED_EDGE ( 'NONE', *, *, #3870, .F. ) ;
#7111 = EDGE_CURVE ( 'NONE', #7402, #5520, #7888, .T. ) ;
#7112 = DIRECTION ( 'NONE',  ( 0.000000000000000000, 0.000000000000000000, 1.000000000000000000 ) ) ;
#7113 = DIRECTION ( 'NONE',  ( 0.000000000000000000, 1.000000000000000000, 0.000000000000000000 ) ) ;
#7114 = ORIENTED_EDGE ( 'NONE', *, *, #5900, .F. ) ;
#7115 = EDGE_CURVE ( 'NONE', #1820, #7368, #4143, .T. ) ;
#7116 = LINE ( 'NONE', #3609, #7934 ) ;
#7117 = DIRECTION ( 'NONE',  ( 0.000000000000000000, 0.000000000000000000, 1.000000000000000000 ) ) ;
#7118 = DIRECTION ( 'NONE',  ( 1.000000000000000000, 0.000000000000000000, 0.000000000000000000 ) ) ;
#7119 = EDGE_LOOP ( 'NONE', ( #10427, #9101 ) ) ;
#7120 = LINE ( 'NONE', #9996, #1438 ) ;
#7121 = CARTESIAN_POINT ( 'NONE',  ( 84.26623043858603523, -3.500000000000000000, -27.92637936698952927 ) ) ;
#7122 = ORIENTED_EDGE ( 'NONE', *, *, #1053, .F. ) ;
#7123 = DIRECTION ( 'NONE',  ( 0.000000000000000000, 1.000000000000000000, 0.000000000000000000 ) ) ;
#7124 = ORIENTED_EDGE ( 'NONE', *, *, #2985, .T. ) ;
#7125 = FACE_OUTER_BOUND ( 'NONE', #292, .T. ) ;
#7126 = DIRECTION ( 'NONE',  ( 0.000000000000000000, 1.000000000000000000, 0.000000000000000000 ) ) ;
#7127 = EDGE_LOOP ( 'NONE', ( #7690, #9148, #7099, #10604 ) ) ;
#7128 = DIRECTION ( 'NONE',  ( 0.000000000000000000, 1.000000000000000000, 0.000000000000000000 ) ) ;
#7129 = DIRECTION ( 'NONE',  ( 0.000000000000000000, -1.000000000000000000, 0.000000000000000000 ) ) ;
#7130 = DIRECTION ( 'NONE',  ( 1.000000000000000000, 0.000000000000000000, 0.000000000000000000 ) ) ;
#7131 = VERTEX_POINT ( 'NONE', #7975 ) ;
#7132 = ADVANCED_FACE ( 'NONE', ( #6034 ), #2638, .T. ) ;
#7133 = ORIENTED_EDGE ( 'NONE', *, *, #255, .T. ) ;
#7134 = CIRCLE ( 'NONE', #4895, 1.000000000000000888 ) ;
#7135 = ADVANCED_FACE ( 'NONE', ( #11561 ), #10677, .F. ) ;
#7136 = CYLINDRICAL_SURFACE ( 'NONE', #4730, 1.500000000000001332 ) ;
#7137 = AXIS2_PLACEMENT_3D ( 'NONE', #11196, #10047, #2011 ) ;
#7138 = DIRECTION ( 'NONE',  ( 0.000000000000000000, 1.000000000000000000, 0.000000000000000000 ) ) ;
#7139 = DIRECTION ( 'NONE',  ( 0.000000000000000000, -1.000000000000000000, 0.000000000000000000 ) ) ;
#7140 = ORIENTED_EDGE ( 'NONE', *, *, #212, .F. ) ;
#7141 = AXIS2_PLACEMENT_3D ( 'NONE', #3118, #6684, #9446 ) ;
#7142 = CARTESIAN_POINT ( 'NONE',  ( -27.33759176332126017, -3.500000000000000000, 51.18735183279876821 ) ) ;
#7143 = DIRECTION ( 'NONE',  ( 0.000000000000000000, 1.000000000000000000, 0.000000000000000000 ) ) ;
#7144 = AXIS2_PLACEMENT_3D ( 'NONE', #3582, #7143, #7204 ) ;
#7145 = ORIENTED_EDGE ( 'NONE', *, *, #4100, .F. ) ;
#7146 = CARTESIAN_POINT ( 'NONE',  ( 128.6121276115077592, -3.500000000000000000, -51.66729637763074834 ) ) ;
#7147 = ADVANCED_FACE ( 'NONE', ( #3584 ), #3529, .T. ) ;
#7148 = VERTEX_POINT ( 'NONE', #6211 ) ;
#7149 = EDGE_CURVE ( 'NONE', #1681, #6889, #2402, .T. ) ;
#7150 = FACE_BOUND ( 'NONE', #7624, .T. ) ;
#7151 = CIRCLE ( 'NONE', #2094, 5.500000000000005329 ) ;
#7152 = DIRECTION ( 'NONE',  ( -0.000000000000000000, 1.000000000000000000, -0.000000000000000000 ) ) ;
#7153 = DIRECTION ( 'NONE',  ( -0.000000000000000000, 1.000000000000000000, -0.000000000000000000 ) ) ;
#7154 = DIRECTION ( 'NONE',  ( 0.000000000000000000, 0.000000000000000000, 1.000000000000000000 ) ) ;
#7155 = ORIENTED_EDGE ( 'NONE', *, *, #7302, .T. ) ;
#7156 = AXIS2_PLACEMENT_3D ( 'NONE', #10523, #9648, #2555 ) ;
#7157 = ORIENTED_EDGE ( 'NONE', *, *, #7526, .F. ) ;
#7158 = CIRCLE ( 'NONE', #8655, 1.000000000000000888 ) ;
#7159 = CARTESIAN_POINT ( 'NONE',  ( 98.85412195973844973, -3.500000000000000000, -37.99999999999690203 ) ) ;
#7160 = EDGE_CURVE ( 'NONE', #9165, #7131, #9795, .T. ) ;
#7161 = DIRECTION ( 'NONE',  ( 0.000000000000000000, 0.000000000000000000, 1.000000000000000000 ) ) ;
#7162 = EDGE_CURVE ( 'NONE', #6035, #9950, #4345, .T. ) ;
#7163 = CIRCLE ( 'NONE', #3238, 5.250000000000004441 ) ;
#7164 = CARTESIAN_POINT ( 'NONE',  ( 94.00000000000153477, -3.500000000000000000, -35.99999999999690203 ) ) ;
#7165 = ORIENTED_EDGE ( 'NONE', *, *, #7162, .F. ) ;
#7166 = SURFACE_STYLE_USAGE ( .BOTH. , #1787 ) ;
#7167 = CARTESIAN_POINT ( 'NONE',  ( -26.37499999999999645, 2.500000000000000000, -11.32455532033676704 ) ) ;
#7168 = ORIENTED_EDGE ( 'NONE', *, *, #5166, .T. ) ;
#7169 = VECTOR ( 'NONE', #4797, 1000.000000000000000 ) ;
#7170 = AXIS2_PLACEMENT_3D ( 'NONE', #10871, #94, #11592 ) ;
#7171 = DIRECTION ( 'NONE',  ( 0.000000000000000000, 1.000000000000000000, 0.000000000000000000 ) ) ;
#7172 = CARTESIAN_POINT ( 'NONE',  ( 135.6666666666666856, -3.500000000000000000, 51.90054204125040371 ) ) ;
#7173 = DIRECTION ( 'NONE',  ( 0.000000000000000000, 0.000000000000000000, 1.000000000000000000 ) ) ;
#7174 = VERTEX_POINT ( 'NONE', #8028 ) ;
#7175 = LINE ( 'NONE', #2666, #9681 ) ;
#7176 = AXIS2_PLACEMENT_3D ( 'NONE', #5723, #3849, #435 ) ;
#7177 = ADVANCED_FACE ( 'NONE', ( #1521 ), #2461, .T. ) ;
#7178 = LINE ( 'NONE', #6470, #3451 ) ;
#7179 = EDGE_CURVE ( 'NONE', #11356, #5278, #4231, .T. ) ;
#7180 = AXIS2_PLACEMENT_3D ( 'NONE', #2177, #11096, #6638 ) ;
#7181 = ORIENTED_EDGE ( 'NONE', *, *, #5615, .F. ) ;
#7182 = CIRCLE ( 'NONE', #6799, 5.250000000000004441 ) ;
#7183 = CIRCLE ( 'NONE', #3998, 2.000000000000003109 ) ;
#7184 = CARTESIAN_POINT ( 'NONE',  ( 90.16412422823493955, -3.500000000000000000, -32.41551160364603135 ) ) ;
#7185 = ORIENTED_EDGE ( 'NONE', *, *, #8749, .T. ) ;
#7186 = VECTOR ( 'NONE', #10644, 1000.000000000000114 ) ;
#7187 = CARTESIAN_POINT ( 'NONE',  ( 45.49728228756692516, -3.500000000000000000, -34.25000000000000000 ) ) ;
#7188 = CARTESIAN_POINT ( 'NONE',  ( 132.2587238320729739, -3.500000000000000000, 49.90220843430040532 ) ) ;
#7189 = ORIENTED_EDGE ( 'NONE', *, *, #3657, .T. ) ;
#7190 = CARTESIAN_POINT ( 'NONE',  ( 54.42873395770144640, 2.500000000000000000, 30.58615322285541893 ) ) ;
#7191 = CARTESIAN_POINT ( 'NONE',  ( 44.11921944836681320, -3.500000000000000000, 28.92543966028971880 ) ) ;
#7192 = AXIS2_PLACEMENT_3D ( 'NONE', #2729, #4491, #8939 ) ;
#7193 = AXIS2_PLACEMENT_3D ( 'NONE', #2384, #9266, #1235 ) ;
#7194 = ORIENTED_EDGE ( 'NONE', *, *, #3099, .T. ) ;
#7195 = VERTEX_POINT ( 'NONE', #6974 ) ;
#7196 = VECTOR ( 'NONE', #1706, 1000.000000000000000 ) ;
#7197 = DIRECTION ( 'NONE',  ( 0.000000000000000000, 0.000000000000000000, 1.000000000000000000 ) ) ;
#7198 = CARTESIAN_POINT ( 'NONE',  ( 36.48960135530299453, -3.500000000000000000, -59.00000000000000000 ) ) ;
#7199 = DIRECTION ( 'NONE',  ( 0.9910643481421647083, 0.000000000000000000, -0.1333846237073302854 ) ) ;
#7200 = ORIENTED_EDGE ( 'NONE', *, *, #2075, .T. ) ;
#7201 = EDGE_CURVE ( 'NONE', #5076, #11583, #5642, .T. ) ;
#7202 = VECTOR ( 'NONE', #6933, 1000.000000000000000 ) ;
#7203 = CYLINDRICAL_SURFACE ( 'NONE', #6229, 1.250000000000001110 ) ;
#7204 = DIRECTION ( 'NONE',  ( 0.000000000000000000, 0.000000000000000000, -1.000000000000000000 ) ) ;
#7205 = VERTEX_POINT ( 'NONE', #9615 ) ;
#7206 = CYLINDRICAL_SURFACE ( 'NONE', #515, 1.000000000000000000 ) ;
#7207 = ORIENTED_EDGE ( 'NONE', *, *, #7798, .T. ) ;
#7208 = CARTESIAN_POINT ( 'NONE',  ( 89.24999999999994316, 2.500000000000000000, 24.10000000009224408 ) ) ;
#7209 = AXIS2_PLACEMENT_3D ( 'NONE', #4103, #3108, #460 ) ;
#7210 = DIRECTION ( 'NONE',  ( 0.000000000000000000, 1.000000000000000000, 0.000000000000000000 ) ) ;
#7211 = EDGE_CURVE ( 'NONE', #7793, #4540, #7257, .T. ) ;
#7212 = EDGE_CURVE ( 'NONE', #8640, #9553, #10510, .T. ) ;
#7213 = LINE ( 'NONE', #11515, #8688 ) ;
#7214 = EDGE_CURVE ( 'NONE', #6497, #2260, #2700, .T. ) ;
#7215 = CYLINDRICAL_SURFACE ( 'NONE', #3910, 1.000000000000000888 ) ;
#7216 = DIRECTION ( 'NONE',  ( -6.938893903907222067E-14, 0.000000000000000000, 1.000000000000000000 ) ) ;
#7217 = ORIENTED_EDGE ( 'NONE', *, *, #923, .F. ) ;
#7218 = VERTEX_POINT ( 'NONE', #1930 ) ;
#7219 = DIRECTION ( 'NONE',  ( 1.000000000000000000, 0.000000000000000000, 0.000000000000000000 ) ) ;
#7220 = CARTESIAN_POINT ( 'NONE',  ( 129.6533256012082802, 2.500000000000000000, -55.13795634330070072 ) ) ;
#7221 = CARTESIAN_POINT ( 'NONE',  ( 74.01707195013521812, 2.500000000000000000, -58.99999999999921130 ) ) ;
#7222 = ORIENTED_EDGE ( 'NONE', *, *, #10896, .F. ) ;
#7223 = LINE ( 'NONE', #10694, #2806 ) ;
#7224 = LINE ( 'NONE', #4598, #4364 ) ;
#7225 = EDGE_LOOP ( 'NONE', ( #8325, #5223, #9290, #4188 ) ) ;
#7226 = ADVANCED_FACE ( 'NONE', ( #1169 ), #8079, .F. ) ;
#7227 = DIRECTION ( 'NONE',  ( -1.000000000000000000, 0.000000000000000000, 0.000000000000000000 ) ) ;
#7228 = LINE ( 'NONE', #1026, #6224 ) ;
#7229 = ORIENTED_EDGE ( 'NONE', *, *, #10188, .F. ) ;
#7230 = LINE ( 'NONE', #8221, #317 ) ;
#7231 = DIRECTION ( 'NONE',  ( -1.000000000000000000, 0.000000000000000000, 0.000000000000000000 ) ) ;
#7232 = ORIENTED_EDGE ( 'NONE', *, *, #6337, .T. ) ;
#7233 = LINE ( 'NONE', #2841, #2869 ) ;
#7234 = ORIENTED_EDGE ( 'NONE', *, *, #8968, .T. ) ;
#7235 = EDGE_CURVE ( 'NONE', #3979, #5689, #4705, .T. ) ;
#7236 = CARTESIAN_POINT ( 'NONE',  ( 132.9999999999999716, 2.500000000000000000, 60.00000000000000000 ) ) ;
#7237 = CARTESIAN_POINT ( 'NONE',  ( 126.0000000000015490, -3.500000000000000000, -35.99999999999688782 ) ) ;
#7238 = EDGE_LOOP ( 'NONE', ( #4849, #4412, #1421, #11354 ) ) ;
#7239 = EDGE_CURVE ( 'NONE', #3400, #2073, #6274, .T. ) ;
#7240 = LINE ( 'NONE', #149, #10357 ) ;
#7241 = DIRECTION ( 'NONE',  ( -0.5854410483392260556, 0.000000000000000000, -0.8107149800759005931 ) ) ;
#7242 = CARTESIAN_POINT ( 'NONE',  ( 98.85412195973844973, -3.500000000000000000, 33.99999999999690203 ) ) ;
#7243 = ADVANCED_FACE ( 'NONE', ( #2811 ), #3696, .F. ) ;
#7244 = EDGE_LOOP ( 'NONE', ( #4767, #4965, #5369, #9187 ) ) ;
#7245 = VERTEX_POINT ( 'NONE', #51 ) ;
#7246 = DIRECTION ( 'NONE',  ( -7.216449660063522246E-15, 0.000000000000000000, 1.000000000000000000 ) ) ;
#7247 = AXIS2_PLACEMENT_3D ( 'NONE', #7645, #8525, #10175 ) ;
#7248 = CIRCLE ( 'NONE', #2192, 1.000000000000000888 ) ;
#7249 = LINE ( 'NONE', #216, #4823 ) ;
#7250 = DIRECTION ( 'NONE',  ( 0.000000000000000000, 0.000000000000000000, -1.000000000000000000 ) ) ;
#7251 = VERTEX_POINT ( 'NONE', #5398 ) ;
#7252 = EDGE_CURVE ( 'NONE', #1148, #4501, #2643, .T. ) ;
#7253 = CARTESIAN_POINT ( 'NONE',  ( 94.00000000000153477, -3.500000000000000000, -35.99999999999690203 ) ) ;
#7254 = VECTOR ( 'NONE', #1139, 1000.000000000000000 ) ;
#7255 = CARTESIAN_POINT ( 'NONE',  ( 22.37500000000000711, -3.500000000000000000, 12.00000000000000533 ) ) ;
#7256 = ORIENTED_EDGE ( 'NONE', *, *, #3674, .F. ) ;
#7257 = LINE ( 'NONE', #6493, #576 ) ;
#7258 = ADVANCED_FACE ( 'NONE', ( #5567 ), #6377, .T. ) ;
#7259 = EDGE_LOOP ( 'NONE', ( #1936, #6082, #939, #1233 ) ) ;
#7260 = CARTESIAN_POINT ( 'NONE',  ( -24.23371870266458927, -3.500000000000000000, 57.99999999999993605 ) ) ;
#7261 = EDGE_CURVE ( 'NONE', #5091, #6522, #5514, .T. ) ;
#7262 = CIRCLE ( 'NONE', #3895, 5.500000000000005329 ) ;
#7263 = CYLINDRICAL_SURFACE ( 'NONE', #10389, 5.500000000000005329 ) ;
#7264 = DIRECTION ( 'NONE',  ( 1.000000000000000000, 0.000000000000000000, 0.000000000000000000 ) ) ;
#7265 = CARTESIAN_POINT ( 'NONE',  ( 127.5000000000002274, -3.500000000000000000, -9.000000000001953993 ) ) ;
#7266 = LINE ( 'NONE', #2881, #2306 ) ;
#7267 = ORIENTED_EDGE ( 'NONE', *, *, #6561, .T. ) ;
#7268 = ORIENTED_EDGE ( 'NONE', *, *, #9368, .T. ) ;
#7269 = DIRECTION ( 'NONE',  ( 0.2658170578869502587, 0.000000000000000000, -0.9640234912782601473 ) ) ;
#7270 = EDGE_CURVE ( 'NONE', #9411, #4489, #9697, .T. ) ;
#7271 = CARTESIAN_POINT ( 'NONE',  ( 75.54886228667969306, -3.500000000000000000, -35.00147820589290859 ) ) ;
#7272 = AXIS2_PLACEMENT_3D ( 'NONE', #7265, #5354, #4641 ) ;
#7273 = CIRCLE ( 'NONE', #8396, 1.499999999999994449 ) ;
#7274 = EDGE_CURVE ( 'NONE', #7039, #3984, #9710, .T. ) ;
#7275 = CARTESIAN_POINT ( 'NONE',  ( 56.74999999999997868, -3.500000000000000000, -25.60000000009224763 ) ) ;
#7276 = VERTEX_POINT ( 'NONE', #3644 ) ;
#7277 =( NAMED_UNIT ( * ) PLANE_ANGLE_UNIT ( ) SI_UNIT ( $, .RADIAN. ) );
#7278 = CARTESIAN_POINT ( 'NONE',  ( 2.000000000000007105, -3.500000000000000000, 52.00000000000000000 ) ) ;
#7279 = VECTOR ( 'NONE', #5083, 1000.000000000000000 ) ;
#7280 = ORIENTED_EDGE ( 'NONE', *, *, #2921, .F. ) ;
#7281 = CARTESIAN_POINT ( 'NONE',  ( 83.47978033629502193, -3.500000000000000000, 34.54530228251934432 ) ) ;
#7282 = DIRECTION ( 'NONE',  ( 0.000000000000000000, 1.000000000000000000, 0.000000000000000000 ) ) ;
#7283 = VERTEX_POINT ( 'NONE', #10961 ) ;
#7284 = DIRECTION ( 'NONE',  ( 0.000000000000000000, 1.000000000000000000, 0.000000000000000000 ) ) ;
#7285 = EDGE_CURVE ( 'NONE', #6269, #5430, #2929, .T. ) ;
#7286 = DIRECTION ( 'NONE',  ( 0.000000000000000000, 0.000000000000000000, -1.000000000000000000 ) ) ;
#7287 = VECTOR ( 'NONE', #4725, 1000.000000000000000 ) ;
#7288 = EDGE_CURVE ( 'NONE', #5393, #8765, #8952, .T. ) ;
#7289 = VERTEX_POINT ( 'NONE', #9020 ) ;
#7290 = AXIS2_PLACEMENT_3D ( 'NONE', #2948, #6517, #8332 ) ;
#7291 = LINE ( 'NONE', #9111, #1270 ) ;
#7292 = ORIENTED_EDGE ( 'NONE', *, *, #793, .F. ) ;
#7293 = CARTESIAN_POINT ( 'NONE',  ( 129.7371487755050623, -3.500000000000000000, 39.68730511752550427 ) ) ;
#7294 = CARTESIAN_POINT ( 'NONE',  ( 51.89728435666194883, 2.500000000000000000, -33.11422999001588607 ) ) ;
#7295 = ORIENTED_EDGE ( 'NONE', *, *, #862, .T. ) ;
#7296 = CYLINDRICAL_SURFACE ( 'NONE', #6044, 5.499999999999998224 ) ;
#7297 = DIRECTION ( 'NONE',  ( 0.7928260876681227920, 0.000000000000000000, -0.6094479425782468596 ) ) ;
#7298 = CARTESIAN_POINT ( 'NONE',  ( 82.64068987684871104, -3.500000000000000000, -39.49873427556501326 ) ) ;
#7299 = ORIENTED_EDGE ( 'NONE', *, *, #7041, .F. ) ;
#7300 = VERTEX_POINT ( 'NONE', #995 ) ;
#7301 = CARTESIAN_POINT ( 'NONE',  ( 26.37500000000000355, -3.500000000000000000, 11.18581490044991078 ) ) ;
#7302 = EDGE_CURVE ( 'NONE', #4489, #2480, #288, .T. ) ;
#7303 = VERTEX_POINT ( 'NONE', #9856 ) ;
#7304 = ADVANCED_FACE ( 'NONE', ( #10732 ), #7206, .F. ) ;
#7305 = LINE ( 'NONE', #1980, #6498 ) ;
#7306 = DIRECTION ( 'NONE',  ( 0.000000000000000000, 0.000000000000000000, 1.000000000000000000 ) ) ;
#7307 = ORIENTED_EDGE ( 'NONE', *, *, #3689, .T. ) ;
#7308 = ORIENTED_EDGE ( 'NONE', *, *, #109, .T. ) ;
#7309 = DIRECTION ( 'NONE',  ( 0.000000000000000000, 0.000000000000000000, 1.000000000000000000 ) ) ;
#7310 = DIRECTION ( 'NONE',  ( 1.000000000000000000, 0.000000000000000000, -7.692556537664882126E-15 ) ) ;
#7311 = AXIS2_PLACEMENT_3D ( 'NONE', #4092, #10242, #7597 ) ;
#7312 = ORIENTED_EDGE ( 'NONE', *, *, #11207, .T. ) ;
#7313 = DIRECTION ( 'NONE',  ( 0.000000000000000000, 0.000000000000000000, 1.000000000000000000 ) ) ;
#7314 = ORIENTED_EDGE ( 'NONE', *, *, #1297, .F. ) ;
#7315 = PLANE ( 'NONE',  #5656 ) ;
#7316 = EDGE_CURVE ( 'NONE', #5003, #6642, #6781, .T. ) ;
#7317 = ORIENTED_EDGE ( 'NONE', *, *, #7235, .T. ) ;
#7318 = DIRECTION ( 'NONE',  ( 0.000000000000000000, 0.000000000000000000, -1.000000000000000000 ) ) ;
#7319 = AXIS2_PLACEMENT_3D ( 'NONE', #7617, #10263, #412 ) ;
#7320 = EDGE_CURVE ( 'NONE', #2672, #3301, #2960, .T. ) ;
#7321 = CARTESIAN_POINT ( 'NONE',  ( 61.17303757665697361, -3.500000000000000000, -30.36305979348978923 ) ) ;
#7322 = CARTESIAN_POINT ( 'NONE',  ( 76.84367829654500781, -3.500000000000000000, -30.64478518174480115 ) ) ;
#7323 = DIRECTION ( 'NONE',  ( 0.000000000000000000, 1.000000000000000000, 0.000000000000000000 ) ) ;
#7324 = EDGE_LOOP ( 'NONE', ( #3811, #9966, #1405, #247 ) ) ;
#7325 = EDGE_LOOP ( 'NONE', ( #1818, #9412, #4836, #11145 ) ) ;
#7326 = FACE_OUTER_BOUND ( 'NONE', #8194, .T. ) ;
#7327 = DIRECTION ( 'NONE',  ( 0.000000000000000000, 1.000000000000000000, 0.000000000000000000 ) ) ;
#7328 = VECTOR ( 'NONE', #3694, 1000.000000000000000 ) ;
#7329 = DIRECTION ( 'NONE',  ( 0.000000000000000000, 1.000000000000000000, 0.000000000000000000 ) ) ;
#7330 = VERTEX_POINT ( 'NONE', #11070 ) ;
#7331 = VECTOR ( 'NONE', #4256, 1000.000000000000000 ) ;
#7332 = EDGE_CURVE ( 'NONE', #10051, #2683, #5768, .T. ) ;
#7333 = DIRECTION ( 'NONE',  ( 0.000000000000000000, 1.000000000000000000, 0.000000000000000000 ) ) ;
#7334 = CARTESIAN_POINT ( 'NONE',  ( 82.21710956236549350, -3.500000000000000000, -36.43220563184532068 ) ) ;
#7335 = VECTOR ( 'NONE', #3214, 1000.000000000000114 ) ;
#7336 = ORIENTED_EDGE ( 'NONE', *, *, #9980, .F. ) ;
#7337 = VECTOR ( 'NONE', #3717, 1000.000000000000000 ) ;
#7338 = ADVANCED_FACE ( 'NONE', ( #3156 ), #7602, .T. ) ;
#7339 = DIRECTION ( 'NONE',  ( 0.000000000000000000, 0.000000000000000000, 1.000000000000000000 ) ) ;
#7340 = DIRECTION ( 'NONE',  ( -1.000000000000000000, 0.000000000000000000, 0.000000000000000000 ) ) ;
#7341 = LINE ( 'NONE', #7172, #447 ) ;
#7342 = DIRECTION ( 'NONE',  ( 0.000000000000000000, 0.000000000000000000, -1.000000000000000000 ) ) ;
#7343 = VERTEX_POINT ( 'NONE', #6669 ) ;
#7344 = CARTESIAN_POINT ( 'NONE',  ( 40.75000000000051870, -3.500000000000000000, -53.99999999999944578 ) ) ;
#7345 = CARTESIAN_POINT ( 'NONE',  ( -26.56270587296968699, 2.500000000000000000, 15.26820385150702641 ) ) ;
#7346 = AXIS2_PLACEMENT_3D ( 'NONE', #7971, #3348, #7790 ) ;
#7347 = ORIENTED_EDGE ( 'NONE', *, *, #4054, .F. ) ;
#7348 = LINE ( 'NONE', #10937, #4376 ) ;
#7349 = ORIENTED_EDGE ( 'NONE', *, *, #1989, .T. ) ;
#7350 = ADVANCED_FACE ( 'NONE', ( #6723 ), #508, .F. ) ;
#7351 = VECTOR ( 'NONE', #3953, 1000.000000000000114 ) ;
#7352 = CARTESIAN_POINT ( 'NONE',  ( 92.19713777471335447, 2.500000000000000000, -20.95625378212819712 ) ) ;
#7353 = CARTESIAN_POINT ( 'NONE',  ( 124.0724168181187821, 2.500000000000000000, -34.64098451924513711 ) ) ;
#7354 = ORIENTED_EDGE ( 'NONE', *, *, #3842, .F. ) ;
#7355 = VECTOR ( 'NONE', #4556, 1000.000000000000000 ) ;
#7356 = ADVANCED_FACE ( 'NONE', ( #3038 ), #7658, .F. ) ;
#7357 = DIRECTION ( 'NONE',  ( 0.000000000000000000, 0.000000000000000000, 1.000000000000000000 ) ) ;
#7358 = CARTESIAN_POINT ( 'NONE',  ( 128.7715961163515033, -3.500000000000000000, 31.54121597654004105 ) ) ;
#7359 = CARTESIAN_POINT ( 'NONE',  ( 50.91266865372425343, 2.500000000000000000, 33.28896383770575085 ) ) ;
#7360 = EDGE_LOOP ( 'NONE', ( #4023, #1329, #6766, #7422 ) ) ;
#7361 = ORIENTED_EDGE ( 'NONE', *, *, #5674, .T. ) ;
#7362 = CYLINDRICAL_SURFACE ( 'NONE', #6041, 1.000000000000000888 ) ;
#7363 = VECTOR ( 'NONE', #1122, 1000.000000000000000 ) ;
#7364 = AXIS2_PLACEMENT_3D ( 'NONE', #7591, #11229, #9472 ) ;
#7365 = ORIENTED_EDGE ( 'NONE', *, *, #3205, .F. ) ;
#7366 = DIRECTION ( 'NONE',  ( 1.000000000000000000, 0.000000000000000000, 0.000000000000000000 ) ) ;
#7367 = DIRECTION ( 'NONE',  ( 0.000000000000000000, 1.000000000000000000, 0.000000000000000000 ) ) ;
#7368 = VERTEX_POINT ( 'NONE', #5907 ) ;
#7369 = ORIENTED_EDGE ( 'NONE', *, *, #5836, .F. ) ;
#7370 = AXIS2_PLACEMENT_3D ( 'NONE', #2417, #6992, #10578 ) ;
#7371 = AXIS2_PLACEMENT_3D ( 'NONE', #7044, #1714, #6384 ) ;
#7372 = DIRECTION ( 'NONE',  ( 0.000000000000000000, 0.000000000000000000, 1.000000000000000000 ) ) ;
#7373 = FACE_OUTER_BOUND ( 'NONE', #6753, .T. ) ;
#7374 = VERTEX_POINT ( 'NONE', #5031 ) ;
#7375 = DIRECTION ( 'NONE',  ( 0.000000000000000000, 1.000000000000000000, 0.000000000000000000 ) ) ;
#7376 = ADVANCED_FACE ( 'NONE', ( #4097 ), #1333, .F. ) ;
#7377 = AXIS2_PLACEMENT_3D ( 'NONE', #6880, #795, #6237 ) ;
#7378 = ORIENTED_EDGE ( 'NONE', *, *, #6733, .F. ) ;
#7379 = CARTESIAN_POINT ( 'NONE',  ( 80.99728228756691806, 2.500000000000000000, 34.25000000000000000 ) ) ;
#7380 = ORIENTED_EDGE ( 'NONE', *, *, #11562, .F. ) ;
#7381 = CARTESIAN_POINT ( 'NONE',  ( 42.20732815255049530, -3.500000000000000000, 38.65751651040450554 ) ) ;
#7382 = DIRECTION ( 'NONE',  ( 0.000000000000000000, 0.000000000000000000, 1.000000000000000000 ) ) ;
#7383 = EDGE_CURVE ( 'NONE', #1141, #7081, #3715, .T. ) ;
#7384 = LINE ( 'NONE', #1343, #8962 ) ;
#7385 = CARTESIAN_POINT ( 'NONE',  ( 45.49728228756692516, -3.500000000000000000, 34.25000000000000000 ) ) ;
#7386 = ORIENTED_EDGE ( 'NONE', *, *, #3481, .F. ) ;
#7387 = EDGE_CURVE ( 'NONE', #4623, #2568, #1087, .T. ) ;
#7388 = VERTEX_POINT ( 'NONE', #9307 ) ;
#7389 = CARTESIAN_POINT ( 'NONE',  ( 44.98292804986584770, -3.500000000000000000, -53.99999999999941735 ) ) ;
#7390 = AXIS2_PLACEMENT_3D ( 'NONE', #2049, #5631, #3700 ) ;
#7391 = DIRECTION ( 'NONE',  ( 0.000000000000000000, 0.000000000000000000, -1.000000000000000000 ) ) ;
#7392 = CARTESIAN_POINT ( 'NONE',  ( 56.74999999999997868, -3.500000000000000000, -25.60000000009224763 ) ) ;
#7393 = ORIENTED_EDGE ( 'NONE', *, *, #7830, .F. ) ;
#7394 = CARTESIAN_POINT ( 'NONE',  ( 93.80258886427044729, -3.500000000000000000, 30.75371285159477708 ) ) ;
#7395 = CARTESIAN_POINT ( 'NONE',  ( 2.000000000000007105, -3.500000000000000000, 52.00000000000000000 ) ) ;
#7396 = ORIENTED_EDGE ( 'NONE', *, *, #9927, .T. ) ;
#7397 = DIRECTION ( 'NONE',  ( -0.000000000000000000, -1.000000000000000000, -0.000000000000000000 ) ) ;
#7398 = DIRECTION ( 'NONE',  ( 0.000000000000000000, 0.000000000000000000, 1.000000000000000000 ) ) ;
#7399 = ORIENTED_EDGE ( 'NONE', *, *, #3701, .F. ) ;
#7400 = CYLINDRICAL_SURFACE ( 'NONE', #7618, 5.249999999999997335 ) ;
#7401 = CARTESIAN_POINT ( 'NONE',  ( 24.37500000000000355, -3.500000000000000000, -5.000000000000003553 ) ) ;
#7402 = VERTEX_POINT ( 'NONE', #5847 ) ;
#7403 = EDGE_CURVE ( 'NONE', #5855, #8100, #7262, .T. ) ;
#7404 = PLANE ( 'NONE',  #1756 ) ;
#7405 = ORIENTED_EDGE ( 'NONE', *, *, #7891, .F. ) ;
#7406 = DIRECTION ( 'NONE',  ( 0.9976388770652312443, -0.000000000000000000, 0.06867802390884975017 ) ) ;
#7407 = FACE_OUTER_BOUND ( 'NONE', #969, .T. ) ;
#7408 = ORIENTED_EDGE ( 'NONE', *, *, #1446, .T. ) ;
#7409 = CARTESIAN_POINT ( 'NONE',  ( 41.76031830491573515, -3.500000000000000000, -55.32660475167552505 ) ) ;
#7410 = DIRECTION ( 'NONE',  ( 0.000000000000000000, 0.000000000000000000, 1.000000000000000000 ) ) ;
#7411 = DIRECTION ( 'NONE',  ( 0.000000000000000000, 1.000000000000000000, 0.000000000000000000 ) ) ;
#7412 = EDGE_LOOP ( 'NONE', ( #679, #11526, #933, #10499 ) ) ;
#7413 = ORIENTED_EDGE ( 'NONE', *, *, #6671, .T. ) ;
#7414 = CARTESIAN_POINT ( 'NONE',  ( 34.01707195013521812, -3.500000000000000000, 58.99999999999948841 ) ) ;
#7415 = EDGE_CURVE ( 'NONE', #10218, #8803, #6145, .T. ) ;
#7416 = ORIENTED_EDGE ( 'NONE', *, *, #3467, .T. ) ;
#7417 = EDGE_CURVE ( 'NONE', #4018, #4505, #903, .T. ) ;
#7418 = DIRECTION ( 'NONE',  ( -0.000000000000000000, -1.000000000000000000, -0.000000000000000000 ) ) ;
#7419 = CIRCLE ( 'NONE', #1821, 5.499999999999998224 ) ;
#7420 = FACE_OUTER_BOUND ( 'NONE', #10159, .T. ) ;
#7421 = ORIENTED_EDGE ( 'NONE', *, *, #5722, .T. ) ;
#7422 = ORIENTED_EDGE ( 'NONE', *, *, #1035, .F. ) ;
#7423 = DIRECTION ( 'NONE',  ( 1.000000000000000000, 0.000000000000000000, -7.692556537664882126E-15 ) ) ;
#7424 = DIRECTION ( 'NONE',  ( 1.000000000000000000, 0.000000000000000000, 0.000000000000000000 ) ) ;
#7425 = ORIENTED_EDGE ( 'NONE', *, *, #6390, .F. ) ;
#7426 = DIRECTION ( 'NONE',  ( -1.000000000000000000, 0.000000000000000000, 1.261617073437676668E-15 ) ) ;
#7427 = AXIS2_PLACEMENT_3D ( 'NONE', #9352, #2196, #9294 ) ;
#7428 = ORIENTED_EDGE ( 'NONE', *, *, #7316, .T. ) ;
#7429 = AXIS2_PLACEMENT_3D ( 'NONE', #2922, #4621, #5504 ) ;
#7430 = EDGE_CURVE ( 'NONE', #7452, #9684, #10262, .T. ) ;
#7431 = FACE_BOUND ( 'NONE', #4966, .T. ) ;
#7432 = PRODUCT_DEFINITION_CONTEXT ( 'detailed design', #2236, 'design' ) ;
#7433 = EDGE_CURVE ( 'NONE', #11458, #5434, #5403, .T. ) ;
#7434 = ORIENTED_EDGE ( 'NONE', *, *, #5264, .F. ) ;
#7435 = LINE ( 'NONE', #10139, #852 ) ;
#7436 = AXIS2_PLACEMENT_3D ( 'NONE', #3072, #6523, #10108 ) ;
#7437 = DIRECTION ( 'NONE',  ( -0.000000000000000000, 1.000000000000000000, -0.000000000000000000 ) ) ;
#7438 = AXIS2_PLACEMENT_3D ( 'NONE', #6192, #2381, #10599 ) ;
#7439 = DIRECTION ( 'NONE',  ( 0.9976388770652312443, -0.000000000000000000, 0.06867802390884975017 ) ) ;
#7440 = FACE_OUTER_BOUND ( 'NONE', #10044, .T. ) ;
#7441 = ORIENTED_EDGE ( 'NONE', *, *, #10668, .T. ) ;
#7442 = ORIENTED_EDGE ( 'NONE', *, *, #2133, .T. ) ;
#7443 = LINE ( 'NONE', #1181, #9229 ) ;
#7444 = VECTOR ( 'NONE', #1095, 1000.000000000000000 ) ;
#7445 = DIRECTION ( 'NONE',  ( -0.000000000000000000, -1.000000000000000000, -0.000000000000000000 ) ) ;
#7446 = ADVANCED_FACE ( 'NONE', ( #10134 ), #395, .F. ) ;
#7447 = VECTOR ( 'NONE', #1514, 1000.000000000000000 ) ;
#7448 = EDGE_CURVE ( 'NONE', #9884, #8156, #1228, .T. ) ;
#7449 = CARTESIAN_POINT ( 'NONE',  ( 39.50000000000052580, -3.500000000000000000, 55.99999999999945288 ) ) ;
#7450 = CARTESIAN_POINT ( 'NONE',  ( 54.00668558637442374, -3.500000000000000000, -30.49272653608509032 ) ) ;
#7451 = DIRECTION ( 'NONE',  ( 0.1921353852253143424, 0.000000000000000000, 0.9813684291561045603 ) ) ;
#7452 = VERTEX_POINT ( 'NONE', #1635 ) ;
#7453 = LINE ( 'NONE', #8444, #6918 ) ;
#7454 = ORIENTED_EDGE ( 'NONE', *, *, #2981, .T. ) ;
#7455 = AXIS2_PLACEMENT_3D ( 'NONE', #3048, #1121, #2109 ) ;
#7456 = CARTESIAN_POINT ( 'NONE',  ( 84.10565956188700909, -3.500000000000000000, -58.51999999999985391 ) ) ;
#7457 = AXIS2_PLACEMENT_3D ( 'NONE', #8457, #1427, #7522 ) ;
#7458 = DIRECTION ( 'NONE',  ( 0.000000000000000000, 0.000000000000000000, 1.000000000000000000 ) ) ;
#7459 = EDGE_LOOP ( 'NONE', ( #9714, #5526, #8794, #5464 ) ) ;
#7460 = EDGE_CURVE ( 'NONE', #7205, #10098, #8197, .T. ) ;
#7461 = CIRCLE ( 'NONE', #10664, 5.250000000000004441 ) ;
#7462 = CARTESIAN_POINT ( 'NONE',  ( -28.87463609921741892, -3.500000000000000000, 24.99728287415670636 ) ) ;
#7463 = ORIENTED_EDGE ( 'NONE', *, *, #6103, .T. ) ;
#7464 = ADVANCED_FACE ( 'NONE', ( #1574 ), #3399, .T. ) ;
#7465 = CARTESIAN_POINT ( 'NONE',  ( -22.37500000000000000, 2.500000000000000000, 10.65685424949238858 ) ) ;
#7466 = CARTESIAN_POINT ( 'NONE',  ( 60.49257025717126623, -3.500000000000000000, 29.63028136373632293 ) ) ;
#7467 = EDGE_LOOP ( 'NONE', ( #5201, #8472, #2013, #11177 ) ) ;
#7468 = FACE_OUTER_BOUND ( 'NONE', #5322, .T. ) ;
#7469 = DIRECTION ( 'NONE',  ( 0.000000000000000000, 1.000000000000000000, 0.000000000000000000 ) ) ;
#7470 = FACE_OUTER_BOUND ( 'NONE', #10209, .T. ) ;
#7471 = ORIENTED_EDGE ( 'NONE', *, *, #7967, .T. ) ;
#7472 = EDGE_LOOP ( 'NONE', ( #9903, #785, #10731, #7828 ) ) ;
#7473 = CARTESIAN_POINT ( 'NONE',  ( -34.00000000000000000, 2.500000000000000000, -56.99999999999998579 ) ) ;
#7474 = VECTOR ( 'NONE', #5192, 1000.000000000000000 ) ;
#7475 = AXIS2_PLACEMENT_3D ( 'NONE', #5118, #1474, #8744 ) ;
#7476 = ORIENTED_EDGE ( 'NONE', *, *, #517, .T. ) ;
#7477 = CARTESIAN_POINT ( 'NONE',  ( 127.9005420412504037, -3.500000000000000000, 59.66666666666667140 ) ) ;
#7478 = VERTEX_POINT ( 'NONE', #5158 ) ;
#7479 = ORIENTED_EDGE ( 'NONE', *, *, #1241, .T. ) ;
#7480 = CIRCLE ( 'NONE', #10112, 1.000000000000000888 ) ;
#7481 = EDGE_LOOP ( 'NONE', ( #6180, #7168 ) ) ;
#7482 = DIRECTION ( 'NONE',  ( 0.9418617333936458724, 0.000000000000000000, 0.3360007070955604580 ) ) ;
#7483 = EDGE_CURVE ( 'NONE', #9441, #11552, #3517, .T. ) ;
#7484 = CYLINDRICAL_SURFACE ( 'NONE', #3598, 1.000000000000000888 ) ;
#7485 = EDGE_LOOP ( 'NONE', ( #7347, #9342, #11593, #8235 ) ) ;
#7486 = DIRECTION ( 'NONE',  ( 0.000000000000000000, 0.000000000000000000, 1.000000000000000000 ) ) ;
#7487 = ADVANCED_FACE ( 'NONE', ( #6144 ), #1508, .F. ) ;
#7488 = ORIENTED_EDGE ( 'NONE', *, *, #4636, .F. ) ;
#7489 = CARTESIAN_POINT ( 'NONE',  ( 129.1770649696990461, 2.500000000000000000, 14.86834330006620419 ) ) ;
#7490 = VERTEX_POINT ( 'NONE', #8722 ) ;
#7491 = DIRECTION ( 'NONE',  ( 0.000000000000000000, 1.000000000000000000, 0.000000000000000000 ) ) ;
#7492 = CARTESIAN_POINT ( 'NONE',  ( 87.16033774973953996, -3.500000000000000000, 30.68756441539320434 ) ) ;
#7493 = DIRECTION ( 'NONE',  ( 0.000000000000000000, 0.000000000000000000, 1.000000000000000000 ) ) ;
#7494 = ADVANCED_FACE ( 'NONE', ( #3462, #10662, #11362, #6960, #5336, #2447, #565, #7024, #11303, #9600, #11490, #1696, #632, #7840, #2571, #4400, #7962, #2512, #10608, #693, #3338, #9720, #6090, #6898, #8834, #757, #11551, #4332, #816, #2627, #4152, #6199, #7898, #3281, #4273, #9779, #7719, #6840, #10420, #2389, #5965, #9539, #5088, #8656 ), #10481, .T. ) ;
#7495 = FACE_OUTER_BOUND ( 'NONE', #9212, .T. ) ;
#7496 = CARTESIAN_POINT ( 'NONE',  ( 57.49079118589932591, -3.500000000000000000, 27.98772452752288942 ) ) ;
#7497 = EDGE_LOOP ( 'NONE', ( #8581, #1671, #3095, #10284 ) ) ;
#7498 = EDGE_CURVE ( 'NONE', #8887, #3327, #3626, .T. ) ;
#7499 = VERTEX_POINT ( 'NONE', #7359 ) ;
#7500 = PLANE ( 'NONE',  #7920 ) ;
#7501 = DIRECTION ( 'NONE',  ( 1.000000000000000000, 0.000000000000000000, 0.000000000000000000 ) ) ;
#7502 = CIRCLE ( 'NONE', #5458, 5.499999999999998224 ) ;
#7503 = AXIS2_PLACEMENT_3D ( 'NONE', #4657, #2345, #2223 ) ;
#7504 = DIRECTION ( 'NONE',  ( 1.000000000000000000, 0.000000000000000000, 0.000000000000000000 ) ) ;
#7505 = VERTEX_POINT ( 'NONE', #6422 ) ;
#7506 = CARTESIAN_POINT ( 'NONE',  ( 127.5000000000002274, 2.500000000000000000, 7.500000000001957545 ) ) ;
#7507 = CARTESIAN_POINT ( 'NONE',  ( -22.37500000000000000, -3.500000000000000000, 10.65685424949238858 ) ) ;
#7508 = ORIENTED_EDGE ( 'NONE', *, *, #5233, .T. ) ;
#7509 = CIRCLE ( 'NONE', #9016, 5.500000000000005329 ) ;
#7510 = DIRECTION ( 'NONE',  ( 0.000000000000000000, 1.000000000000000000, 0.000000000000000000 ) ) ;
#7511 = VERTEX_POINT ( 'NONE', #10714 ) ;
#7512 = VECTOR ( 'NONE', #6791, 1000.000000000000000 ) ;
#7513 = DIRECTION ( 'NONE',  ( 0.000000000000000000, 0.000000000000000000, 1.000000000000000000 ) ) ;
#7514 = EDGE_CURVE ( 'NONE', #10594, #10177, #9326, .T. ) ;
#7515 = FACE_OUTER_BOUND ( 'NONE', #9321, .T. ) ;
#7516 = ORIENTED_EDGE ( 'NONE', *, *, #1365, .T. ) ;
#7517 = CIRCLE ( 'NONE', #2472, 5.250000000000004441 ) ;
#7518 = AXIS2_PLACEMENT_3D ( 'NONE', #7961, #7129, #925 ) ;
#7519 = CARTESIAN_POINT ( 'NONE',  ( 62.24760681940412610, -3.500000000000000000, 25.43776788477287099 ) ) ;
#7520 = ORIENTED_EDGE ( 'NONE', *, *, #776, .T. ) ;
#7521 = DIRECTION ( 'NONE',  ( -0.000000000000000000, -1.000000000000000000, -0.000000000000000000 ) ) ;
#7522 = DIRECTION ( 'NONE',  ( 0.000000000000000000, 0.000000000000000000, 1.000000000000000000 ) ) ;
#7523 = EDGE_LOOP ( 'NONE', ( #1925, #866, #6819, #4432 ) ) ;
#7524 = DIRECTION ( 'NONE',  ( 0.000000000000000000, 1.000000000000000000, 0.000000000000000000 ) ) ;
#7525 = LINE ( 'NONE', #9293, #8881 ) ;
#7526 = EDGE_CURVE ( 'NONE', #7289, #5669, #9506, .T. ) ;
#7527 = DIRECTION ( 'NONE',  ( 0.000000000000000000, 1.000000000000000000, 0.000000000000000000 ) ) ;
#7528 = CIRCLE ( 'NONE', #5677, 5.249999999999991118 ) ;
#7529 = EDGE_CURVE ( 'NONE', #11022, #1170, #3791, .T. ) ;
#7530 = EDGE_LOOP ( 'NONE', ( #7454, #415 ) ) ;
#7531 = EDGE_LOOP ( 'NONE', ( #6283, #8768, #3472, #5304 ) ) ;
#7532 = DIRECTION ( 'NONE',  ( -0.000000000000000000, -0.000000000000000000, 1.000000000000000000 ) ) ;
#7533 = ORIENTED_EDGE ( 'NONE', *, *, #3308, .F. ) ;
#7534 = AXIS2_PLACEMENT_3D ( 'NONE', #357, #3937, #10973 ) ;
#7535 = AXIS2_PLACEMENT_3D ( 'NONE', #8006, #142, #1088 ) ;
#7536 = DIRECTION ( 'NONE',  ( -0.000000000000000000, -1.000000000000000000, -0.000000000000000000 ) ) ;
#7537 = ORIENTED_EDGE ( 'NONE', *, *, #3712, .T. ) ;
#7538 = AXIS2_PLACEMENT_3D ( 'NONE', #3019, #10232, #8522 ) ;
#7539 = LINE ( 'NONE', #3150, #8357 ) ;
#7540 = ORIENTED_EDGE ( 'NONE', *, *, #9110, .F. ) ;
#7541 = CARTESIAN_POINT ( 'NONE',  ( 74.01707195013521812, 2.500000000000000000, 58.99999999999921130 ) ) ;
#7542 = CARTESIAN_POINT ( 'NONE',  ( 80.99728228756691806, 2.500000000000000000, 34.25000000000000000 ) ) ;
#7543 = ORIENTED_EDGE ( 'NONE', *, *, #6702, .T. ) ;
#7544 = CARTESIAN_POINT ( 'NONE',  ( 89.24999999999994316, -3.500000000000000000, 25.60000000009224408 ) ) ;
#7545 = VECTOR ( 'NONE', #3269, 1000.000000000000000 ) ;
#7546 = AXIS2_PLACEMENT_3D ( 'NONE', #3433, #8626, #9694 ) ;
#7547 = ORIENTED_EDGE ( 'NONE', *, *, #9188, .F. ) ;
#7548 = AXIS2_PLACEMENT_3D ( 'NONE', #2724, #9875, #6347 ) ;
#7549 = FACE_BOUND ( 'NONE', #3848, .T. ) ;
#7550 = ORIENTED_EDGE ( 'NONE', *, *, #6393, .F. ) ;
#7551 = CIRCLE ( 'NONE', #11121, 1.000000000000000888 ) ;
#7552 = CARTESIAN_POINT ( 'NONE',  ( 2.000000000000007994, -3.500000000000000000, -52.00000000000000000 ) ) ;
#7553 = DIRECTION ( 'NONE',  ( 0.000000000000000000, -1.000000000000000000, 0.000000000000000000 ) ) ;
#7554 = VECTOR ( 'NONE', #11337, 1000.000000000000000 ) ;
#7555 = AXIS2_PLACEMENT_3D ( 'NONE', #4940, #474, #7504 ) ;
#7556 = EDGE_CURVE ( 'NONE', #3753, #9194, #101, .T. ) ;
#7557 = AXIS2_PLACEMENT_3D ( 'NONE', #5197, #8932, #3319 ) ;
#7558 = DIRECTION ( 'NONE',  ( -1.000000000000000000, 0.000000000000000000, 1.261617073437676668E-15 ) ) ;
#7559 = FACE_OUTER_BOUND ( 'NONE', #9746, .T. ) ;
#7560 = EDGE_LOOP ( 'NONE', ( #4047, #2235, #10575, #648 ) ) ;
#7561 = ORIENTED_EDGE ( 'NONE', *, *, #8981, .T. ) ;
#7562 = CARTESIAN_POINT ( 'NONE',  ( 90.50000000000021316, -3.500000000000000000, -3.876524617021916530 ) ) ;
#7563 = CIRCLE ( 'NONE', #9065, 5.250000000000004441 ) ;
#7564 = VECTOR ( 'NONE', #1880, 1000.000000000000000 ) ;
#7565 = CARTESIAN_POINT ( 'NONE',  ( 80.99728228756691806, -3.500000000000000000, 34.25000000000000000 ) ) ;
#7566 = ADVANCED_FACE ( 'NONE', ( #11601 ), #6257, .F. ) ;
#7567 = CIRCLE ( 'NONE', #2524, 5.500000000000005329 ) ;
#7568 = ADVANCED_FACE ( 'NONE', ( #6364 ), #3684, .F. ) ;
#7569 = DIRECTION ( 'NONE',  ( 0.000000000000000000, 1.000000000000000000, 0.000000000000000000 ) ) ;
#7570 = EDGE_LOOP ( 'NONE', ( #8575, #895, #700, #9301 ) ) ;
#7571 = CARTESIAN_POINT ( 'NONE',  ( -30.00000000000000355, 2.500000000000000000, 55.99999999999997868 ) ) ;
#7572 = DIRECTION ( 'NONE',  ( -0.5854410483392259446, 0.000000000000000000, -0.8107149800759005931 ) ) ;
#7573 = VERTEX_POINT ( 'NONE', #7298 ) ;
#7574 = CARTESIAN_POINT ( 'NONE',  ( 35.78127226243297798, -3.500000000000000000, -59.70588235294130186 ) ) ;
#7575 = ORIENTED_EDGE ( 'NONE', *, *, #3110, .F. ) ;
#7576 = LINE ( 'NONE', #10930, #7254 ) ;
#7577 = DIRECTION ( 'NONE',  ( 0.000000000000000000, 1.000000000000000000, 0.000000000000000000 ) ) ;
#7578 = ORIENTED_EDGE ( 'NONE', *, *, #10365, .F. ) ;
#7579 = AXIS2_PLACEMENT_3D ( 'NONE', #2337, #5910, #3985 ) ;
#7580 = CARTESIAN_POINT ( 'NONE',  ( -31.78318584070796859, 2.500000000000000000, -54.24778761061944721 ) ) ;
#7581 = VERTEX_POINT ( 'NONE', #5496 ) ;
#7582 = EDGE_CURVE ( 'NONE', #8198, #9684, #10063, .T. ) ;
#7583 = CARTESIAN_POINT ( 'NONE',  ( -24.37499999999999645, -3.500000000000000000, 5.000000000000003553 ) ) ;
#7584 = CARTESIAN_POINT ( 'NONE',  ( 90.50000000000021316, -3.500000000000000000, 3.876524617021916530 ) ) ;
#7585 = ORIENTED_EDGE ( 'NONE', *, *, #11066, .T. ) ;
#7586 = CARTESIAN_POINT ( 'NONE',  ( 94.50000000000022737, 2.500000000000000000, -3.876524617021916530 ) ) ;
#7587 = DIRECTION ( 'NONE',  ( 0.000000000000000000, 0.000000000000000000, -1.000000000000000000 ) ) ;
#7588 = LINE ( 'NONE', #3141, #8543 ) ;
#7589 = ORIENTED_EDGE ( 'NONE', *, *, #6570, .T. ) ;
#7590 = VERTEX_POINT ( 'NONE', #8177 ) ;
#7591 = CARTESIAN_POINT ( 'NONE',  ( 36.48960135530299453, 2.500000000000000000, 59.00000000000000000 ) ) ;
#7592 = ORIENTED_EDGE ( 'NONE', *, *, #10168, .T. ) ;
#7593 = EDGE_CURVE ( 'NONE', #3446, #10504, #8950, .T. ) ;
#7594 = CYLINDRICAL_SURFACE ( 'NONE', #3332, 1.000000000000000888 ) ;
#7595 = VERTEX_POINT ( 'NONE', #9005 ) ;
#7596 = EDGE_CURVE ( 'NONE', #807, #11286, #10878, .T. ) ;
#7597 = DIRECTION ( 'NONE',  ( -0.000000000000000000, 0.000000000000000000, 1.000000000000000000 ) ) ;
#7598 = ORIENTED_EDGE ( 'NONE', *, *, #808, .F. ) ;
#7599 = PLANE ( 'NONE',  #6408 ) ;
#7600 = DIRECTION ( 'NONE',  ( 0.000000000000000000, -0.000000000000000000, 1.000000000000000000 ) ) ;
#7601 = ORIENTED_EDGE ( 'NONE', *, *, #7596, .F. ) ;
#7602 = CYLINDRICAL_SURFACE ( 'NONE', #1837, 5.499999999999998224 ) ;
#7603 = VERTEX_POINT ( 'NONE', #2915 ) ;
#7604 = DIRECTION ( 'NONE',  ( 0.000000000000000000, 0.000000000000000000, 1.000000000000000000 ) ) ;
#7605 = DIRECTION ( 'NONE',  ( 0.000000000000000000, 1.000000000000000000, 0.000000000000000000 ) ) ;
#7606 = FACE_OUTER_BOUND ( 'NONE', #11478, .T. ) ;
#7607 = ADVANCED_FACE ( 'NONE', ( #1041 ), #8064, .T. ) ;
#7608 = ORIENTED_EDGE ( 'NONE', *, *, #4536, .T. ) ;
#7609 = EDGE_CURVE ( 'NONE', #9246, #5299, #9895, .T. ) ;
#7610 = CIRCLE ( 'NONE', #10812, 1.250000000000007994 ) ;
#7611 = CARTESIAN_POINT ( 'NONE',  ( 121.1458780402646340, 2.500000000000000000, 33.99999999999690203 ) ) ;
#7612 = DIRECTION ( 'NONE',  ( 0.000000000000000000, 1.000000000000000000, 0.000000000000000000 ) ) ;
#7613 = ORIENTED_EDGE ( 'NONE', *, *, #7744, .F. ) ;
#7614 = CARTESIAN_POINT ( 'NONE',  ( -34.00000000000000000, -3.500000000000000000, -52.64589803375029220 ) ) ;
#7615 = VERTEX_POINT ( 'NONE', #2028 ) ;
#7616 = CARTESIAN_POINT ( 'NONE',  ( 94.00000000000153477, 2.500000000000000000, 35.99999999999690203 ) ) ;
#7617 = CARTESIAN_POINT ( 'NONE',  ( 45.49728228756692516, 2.500000000000000000, -34.25000000000000000 ) ) ;
#7618 = AXIS2_PLACEMENT_3D ( 'NONE', #8395, #1250, #2955 ) ;
#7619 = AXIS2_PLACEMENT_3D ( 'NONE', #4033, #9474, #5022 ) ;
#7620 = FACE_OUTER_BOUND ( 'NONE', #2184, .T. ) ;
#7621 = ORIENTED_EDGE ( 'NONE', *, *, #1014, .T. ) ;
#7622 = CARTESIAN_POINT ( 'NONE',  ( 39.50000000000052580, -3.500000000000000000, -55.99999999999945288 ) ) ;
#7623 = CARTESIAN_POINT ( 'NONE',  ( 44.10565956188739278, 2.500000000000000000, -53.47999999999941423 ) ) ;
#7624 = EDGE_LOOP ( 'NONE', ( #3755, #1076 ) ) ;
#7625 = LINE ( 'NONE', #11208, #3536 ) ;
#7626 = ADVANCED_FACE ( 'NONE', ( #5442 ), #9893, .T. ) ;
#7627 = VECTOR ( 'NONE', #207, 1000.000000000000000 ) ;
#7628 = VERTEX_POINT ( 'NONE', #8899 ) ;
#7629 = CARTESIAN_POINT ( 'NONE',  ( 45.49728228756692516, 2.500000000000000000, 34.25000000000000000 ) ) ;
#7630 = EDGE_CURVE ( 'NONE', #807, #709, #872, .T. ) ;
#7631 = CARTESIAN_POINT ( 'NONE',  ( -21.49999999999999645, 6.500000000000000888, -11.00000000000000178 ) ) ;
#7632 = ORIENTED_EDGE ( 'NONE', *, *, #2945, .T. ) ;
#7633 = DIRECTION ( 'NONE',  ( 0.000000000000000000, -1.000000000000000000, 0.000000000000000000 ) ) ;
#7634 = AXIS2_PLACEMENT_3D ( 'NONE', #5725, #493, #4963 ) ;
#7635 = CARTESIAN_POINT ( 'NONE',  ( -24.37499999999999645, 2.500000000000000000, -5.000000000000003553 ) ) ;
#7636 = ORIENTED_EDGE ( 'NONE', *, *, #7073, .F. ) ;
#7637 = CARTESIAN_POINT ( 'NONE',  ( 43.21872773756807362, -3.500000000000000000, 59.70588235294130186 ) ) ;
#7638 = CYLINDRICAL_SURFACE ( 'NONE', #11405, 5.499999999999997335 ) ;
#7639 = AXIS2_PLACEMENT_3D ( 'NONE', #879, #9851, #8661 ) ;
#7640 = VERTEX_POINT ( 'NONE', #3571 ) ;
#7641 = ADVANCED_FACE ( 'NONE', ( #11118 ), #2252, .F. ) ;
#7642 = DIRECTION ( 'NONE',  ( 0.000000000000000000, 1.000000000000000000, 0.000000000000000000 ) ) ;
#7643 = DIRECTION ( 'NONE',  ( 0.000000000000000000, 0.000000000000000000, 1.000000000000000000 ) ) ;
#7644 = CARTESIAN_POINT ( 'NONE',  ( 76.48960135530326454, -3.500000000000000000, -60.00000000000000000 ) ) ;
#7645 = CARTESIAN_POINT ( 'NONE',  ( 44.98292804986584059, 2.500000000000000000, 52.99999999999941025 ) ) ;
#7647 = ORIENTED_EDGE ( 'NONE', *, *, #6570, .F. ) ;
#7646 = ADVANCED_FACE ( 'NONE', ( #1214 ), #5609, .F. ) ;
#7648 = EDGE_LOOP ( 'NONE', ( #1632, #1314, #9652, #369 ) ) ;
#7649 = LINE ( 'NONE', #8528, #1002 ) ;
#7650 = EDGE_LOOP ( 'NONE', ( #6913, #9655 ) ) ;
#7651 = CIRCLE ( 'NONE', #6163, 6.000000000000001776 ) ;
#7652 = LINE ( 'NONE', #10296, #8185 ) ;
#7653 = ORIENTED_EDGE ( 'NONE', *, *, #10461, .F. ) ;
#7654 = DIRECTION ( 'NONE',  ( 0.000000000000000000, 1.000000000000000000, 0.000000000000000000 ) ) ;
#7655 = ORIENTED_EDGE ( 'NONE', *, *, #10281, .T. ) ;
#7656 = DIRECTION ( 'NONE',  ( 0.9418617333936458724, 0.000000000000000000, 0.3360007070955604580 ) ) ;
#7657 = DIRECTION ( 'NONE',  ( 0.000000000000000000, 0.000000000000000000, 1.000000000000000000 ) ) ;
#7658 = PLANE ( 'NONE',  #11012 ) ;
#7659 = VECTOR ( 'NONE', #592, 999.9999999999998863 ) ;
#7660 = EDGE_CURVE ( 'NONE', #3478, #6176, #4083, .T. ) ;
#7661 = ORIENTED_EDGE ( 'NONE', *, *, #5576, .T. ) ;
#7662 = EDGE_CURVE ( 'NONE', #833, #559, #324, .T. ) ;
#7663 = CARTESIAN_POINT ( 'NONE',  ( 80.99728228756691806, 2.500000000000000000, 34.25000000000000000 ) ) ;
#7664 = AXIS2_PLACEMENT_3D ( 'NONE', #7571, #10099, #11153 ) ;
#7665 = DIRECTION ( 'NONE',  ( 0.000000000000000000, 1.000000000000000000, 0.000000000000000000 ) ) ;
#7666 = LINE ( 'NONE', #11191, #4114 ) ;
#7667 = ORIENTED_EDGE ( 'NONE', *, *, #547, .T. ) ;
#7668 = DIRECTION ( 'NONE',  ( 0.000000000000000000, 1.000000000000000000, 0.000000000000000000 ) ) ;
#7669 = CARTESIAN_POINT ( 'NONE',  ( 44.11921944836681320, -3.500000000000000000, -28.92543966028971880 ) ) ;
#7670 = ORIENTED_EDGE ( 'NONE', *, *, #3359, .F. ) ;
#7671 = DIRECTION ( 'NONE',  ( 0.000000000000000000, 1.000000000000000000, 0.000000000000000000 ) ) ;
#7672 = EDGE_LOOP ( 'NONE', ( #9457, #2882, #10708, #538 ) ) ;
#7673 = DIRECTION ( 'NONE',  ( 0.000000000000000000, 0.000000000000000000, 1.000000000000000000 ) ) ;
#7674 = EDGE_CURVE ( 'NONE', #1030, #990, #6538, .T. ) ;
#7675 = DIRECTION ( 'NONE',  ( 0.000000000000000000, 1.000000000000000000, 0.000000000000000000 ) ) ;
#7676 = ADVANCED_FACE ( 'NONE', ( #11055 ), #6710, .T. ) ;
#7677 = DIRECTION ( 'NONE',  ( 0.000000000000000000, 0.000000000000000000, 1.000000000000000000 ) ) ;
#7678 = ORIENTED_EDGE ( 'NONE', *, *, #5501, .T. ) ;
#7679 = DIRECTION ( 'NONE',  ( -0.2873478855662357501, 0.000000000000000000, 0.9578262852211841816 ) ) ;
#7680 = DIRECTION ( 'NONE',  ( 0.000000000000000000, 0.000000000000000000, 1.000000000000000000 ) ) ;
#7681 = ORIENTED_EDGE ( 'NONE', *, *, #7809, .F. ) ;
#7682 = CARTESIAN_POINT ( 'NONE',  ( 45.49728228756692516, -3.500000000000000000, 35.75000000000000000 ) ) ;
#7683 = ORIENTED_EDGE ( 'NONE', *, *, #3023, .F. ) ;
#7684 = DIRECTION ( 'NONE',  ( 0.000000000000000000, 1.000000000000000000, 0.000000000000000000 ) ) ;
#7685 = CARTESIAN_POINT ( 'NONE',  ( 77.88127890956920396, -3.500000000000000000, -50.39266176948437703 ) ) ;
#7686 = ORIENTED_EDGE ( 'NONE', *, *, #445, .T. ) ;
#7687 = CARTESIAN_POINT ( 'NONE',  ( 26.37500000000000355, -3.500000000000000000, -14.00000000000000533 ) ) ;
#7688 = EDGE_CURVE ( 'NONE', #6387, #194, #524, .T. ) ;
#7689 = CARTESIAN_POINT ( 'NONE',  ( 95.25000000000153477, -3.500000000000000000, -33.99999999999690203 ) ) ;
#7690 = ORIENTED_EDGE ( 'NONE', *, *, #7320, .F. ) ;
#7691 = AXIS2_PLACEMENT_3D ( 'NONE', #8094, #1833, #8870 ) ;
#7692 = EDGE_CURVE ( 'NONE', #10453, #6722, #10121, .T. ) ;
#7693 = DIRECTION ( 'NONE',  ( 0.000000000000000000, 1.000000000000000000, 0.000000000000000000 ) ) ;
#7694 = DIRECTION ( 'NONE',  ( 1.000000000000000000, 0.000000000000000000, 0.000000000000000000 ) ) ;
#7695 = VECTOR ( 'NONE', #9305, 1000.000000000000000 ) ;
#7696 = VERTEX_POINT ( 'NONE', #4902 ) ;
#7697 = DIRECTION ( 'NONE',  ( 0.000000000000000000, 0.000000000000000000, 1.000000000000000000 ) ) ;
#7698 = CARTESIAN_POINT ( 'NONE',  ( -26.94642857142856940, 2.500000000000000000, -10.42104741743151486 ) ) ;
#7699 = CARTESIAN_POINT ( 'NONE',  ( 2.000000000000007105, 2.500000000000000000, 52.00000000000000000 ) ) ;
#7700 = DIRECTION ( 'NONE',  ( 0.000000000000000000, 0.000000000000000000, 1.000000000000000000 ) ) ;
#7701 = ORIENTED_EDGE ( 'NONE', *, *, #4834, .F. ) ;
#7702 = VERTEX_POINT ( 'NONE', #2083 ) ;
#7703 = CARTESIAN_POINT ( 'NONE',  ( 62.24760681940412610, -3.500000000000000000, 25.43776788477287099 ) ) ;
#7704 = CIRCLE ( 'NONE', #5657, 1.499999999999997780 ) ;
#7705 = ORIENTED_EDGE ( 'NONE', *, *, #2244, .T. ) ;
#7706 = EDGE_CURVE ( 'NONE', #9019, #9577, #2944, .T. ) ;
#7707 = EDGE_CURVE ( 'NONE', #3485, #602, #3329, .T. ) ;
#7708 = DIRECTION ( 'NONE',  ( 0.05547001962248444135, 0.000000000000000000, -0.9984603532054145969 ) ) ;
#7709 = EDGE_LOOP ( 'NONE', ( #8445, #9788, #10187, #7720 ) ) ;
#7710 = EDGE_CURVE ( 'NONE', #5374, #6789, #3880, .T. ) ;
#7711 = FACE_OUTER_BOUND ( 'NONE', #9963, .T. ) ;
#7712 = PLANE ( 'NONE',  #7311 ) ;
#7713 = ORIENTED_EDGE ( 'NONE', *, *, #9529, .T. ) ;
#7714 = AXIS2_PLACEMENT_3D ( 'NONE', #6825, #7824, #1619 ) ;
#7715 = CARTESIAN_POINT ( 'NONE',  ( 84.98292804986539295, -3.500000000000000000, -58.99999999999999289 ) ) ;
#7716 = DIRECTION ( 'NONE',  ( 0.2658170578869502587, 0.000000000000000000, -0.9640234912782601473 ) ) ;
#7717 = VECTOR ( 'NONE', #7282, 1000.000000000000000 ) ;
#7718 = CIRCLE ( 'NONE', #11479, 1.499999999999994449 ) ;
#7719 = FACE_BOUND ( 'NONE', #667, .T. ) ;
#7720 = ORIENTED_EDGE ( 'NONE', *, *, #10381, .F. ) ;
#7721 = CARTESIAN_POINT ( 'NONE',  ( 94.50000000000022737, -3.500000000000000000, 3.876524617021916530 ) ) ;
#7722 = VECTOR ( 'NONE', #6438, 999.9999999999998863 ) ;
#7723 = CARTESIAN_POINT ( 'NONE',  ( 132.0000000000000000, -3.500000000000000000, 56.00000000000000711 ) ) ;
#7724 = CARTESIAN_POINT ( 'NONE',  ( -28.50000000000001421, -3.500000000000000000, -53.99999999999996447 ) ) ;
#7725 = EDGE_LOOP ( 'NONE', ( #7970, #376 ) ) ;
#7726 = EDGE_CURVE ( 'NONE', #2568, #9645, #1071, .T. ) ;
#7727 = VECTOR ( 'NONE', #9554, 1000.000000000000114 ) ;
#7728 = AXIS2_PLACEMENT_3D ( 'NONE', #5822, #8515, #3896 ) ;
#7729 = CARTESIAN_POINT ( 'NONE',  ( 76.48960135530326454, -3.500000000000000000, 60.00000000000000000 ) ) ;
#7730 = DIRECTION ( 'NONE',  ( 0.000000000000000000, 0.000000000000000000, 1.000000000000000000 ) ) ;
#7731 = EDGE_LOOP ( 'NONE', ( #6051, #3585, #3498, #8080 ) ) ;
#7732 = AXIS2_PLACEMENT_3D ( 'NONE', #2315, #7642, #11223 ) ;
#7733 = CARTESIAN_POINT ( 'NONE',  ( -34.00000000000000000, -3.500000000000000000, 52.64589803375029220 ) ) ;
#7734 = VERTEX_POINT ( 'NONE', #9237 ) ;
#7735 = DIRECTION ( 'NONE',  ( 0.000000000000000000, 1.000000000000000000, 0.000000000000000000 ) ) ;
#7736 = CIRCLE ( 'NONE', #3065, 5.499999999999998224 ) ;
#7737 = CARTESIAN_POINT ( 'NONE',  ( 45.49728228756692516, -3.500000000000000000, 34.25000000000000000 ) ) ;
#7738 = VECTOR ( 'NONE', #11247, 1000.000000000000000 ) ;
#7739 = AXIS2_PLACEMENT_3D ( 'NONE', #8823, #10649, #3448 ) ;
#7740 = VECTOR ( 'NONE', #8799, 1000.000000000000000 ) ;
#7741 = CIRCLE ( 'NONE', #11308, 1.499999999999996891 ) ;
#7742 = EDGE_CURVE ( 'NONE', #3822, #1273, #1377, .T. ) ;
#7743 = CARTESIAN_POINT ( 'NONE',  ( 87.16033774973936943, -3.500000000000000000, -30.68756441539336777 ) ) ;
#7744 = EDGE_CURVE ( 'NONE', #3944, #5572, #2188, .T. ) ;
#7745 = ORIENTED_EDGE ( 'NONE', *, *, #7630, .F. ) ;
#7746 = DIRECTION ( 'NONE',  ( 0.6902962621009354205, 0.000000000000000000, 0.7235268277883527555 ) ) ;
#7747 = CARTESIAN_POINT ( 'NONE',  ( -34.00000000000000000, 2.500000000000000000, -52.64589803375029220 ) ) ;
#7748 = ORIENTED_EDGE ( 'NONE', *, *, #9437, .F. ) ;
#7749 = AXIS2_PLACEMENT_3D ( 'NONE', #10634, #10509, #6813 ) ;
#7750 = AXIS2_PLACEMENT_3D ( 'NONE', #2708, #891, #9027 ) ;
#7751 = EDGE_CURVE ( 'NONE', #10172, #4746, #4630, .T. ) ;
#7752 = DIRECTION ( 'NONE',  ( 0.000000000000000000, 0.000000000000000000, -1.000000000000000000 ) ) ;
#7753 = EDGE_LOOP ( 'NONE', ( #1249, #11146, #3777, #664 ) ) ;
#7754 = FACE_OUTER_BOUND ( 'NONE', #657, .T. ) ;
#7755 = CIRCLE ( 'NONE', #2707, 5.500000000000005329 ) ;
#7756 = DIRECTION ( 'NONE',  ( 1.000000000000000000, 0.000000000000000000, 0.000000000000000000 ) ) ;
#7757 = EDGE_LOOP ( 'NONE', ( #1044, #10592, #5562, #8514 ) ) ;
#7758 = CARTESIAN_POINT ( 'NONE',  ( 61.50903828375251692, 2.500000000000000000, 29.42119806009614180 ) ) ;
#7759 = LINE ( 'NONE', #6118, #5312 ) ;
#7760 = ORIENTED_EDGE ( 'NONE', *, *, #8025, .F. ) ;
#7761 = AXIS2_PLACEMENT_3D ( 'NONE', #5126, #10513, #2362 ) ;
#7762 = CARTESIAN_POINT ( 'NONE',  ( 84.10565956188700909, -3.500000000000000000, 58.51999999999985391 ) ) ;
#7763 = DIRECTION ( 'NONE',  ( 0.000000000000000000, 1.000000000000000000, 0.000000000000000000 ) ) ;
#7764 = ORIENTED_EDGE ( 'NONE', *, *, #89, .F. ) ;
#7765 = EDGE_CURVE ( 'NONE', #7374, #11069, #3087, .T. ) ;
#7766 = CARTESIAN_POINT ( 'NONE',  ( 133.0293885607873676, -3.500000000000000000, -50.59718969508274711 ) ) ;
#7767 = LINE ( 'NONE', #5367, #2325 ) ;
#7768 = DIRECTION ( 'NONE',  ( 0.000000000000000000, 1.000000000000000000, 0.000000000000000000 ) ) ;
#7769 = DIRECTION ( 'NONE',  ( 0.000000000000000000, 0.000000000000000000, 1.000000000000000000 ) ) ;
#7770 = ORIENTED_EDGE ( 'NONE', *, *, #3429, .F. ) ;
#7771 = ORIENTED_EDGE ( 'NONE', *, *, #6707, .T. ) ;
#7772 = DIRECTION ( 'NONE',  ( 0.000000000000000000, 1.000000000000000000, 0.000000000000000000 ) ) ;
#7773 = EDGE_CURVE ( 'NONE', #9617, #3183, #7588, .T. ) ;
#7774 = AXIS2_PLACEMENT_3D ( 'NONE', #5744, #4924, #4157 ) ;
#7775 = ORIENTED_EDGE ( 'NONE', *, *, #5178, .T. ) ;
#7776 = DIRECTION ( 'NONE',  ( 0.000000000000000000, 0.000000000000000000, 1.000000000000000000 ) ) ;
#7777 = EDGE_LOOP ( 'NONE', ( #280, #9031, #6892, #147 ) ) ;
#7778 = DIRECTION ( 'NONE',  ( 0.000000000000000000, -1.000000000000000000, 0.000000000000000000 ) ) ;
#7779 = DIRECTION ( 'NONE',  ( -0.000000000000000000, -1.000000000000000000, -0.000000000000000000 ) ) ;
#7780 = ORIENTED_EDGE ( 'NONE', *, *, #9356, .F. ) ;
#7781 = DIRECTION ( 'NONE',  ( 1.000000000000000000, 0.000000000000000000, 0.000000000000000000 ) ) ;
#7782 = DIRECTION ( 'NONE',  ( 1.000000000000000000, -0.000000000000000000, 0.000000000000000000 ) ) ;
#7783 = DIRECTION ( 'NONE',  ( 0.000000000000000000, 0.000000000000000000, -1.000000000000000000 ) ) ;
#7784 = ORIENTED_EDGE ( 'NONE', *, *, #10001, .F. ) ;
#7785 = ADVANCED_FACE ( 'NONE', ( #7470 ), #5666, .F. ) ;
#7786 = DIRECTION ( 'NONE',  ( 0.000000000000000000, 1.000000000000000000, 0.000000000000000000 ) ) ;
#7787 = DIRECTION ( 'NONE',  ( 0.000000000000000000, 0.000000000000000000, 1.000000000000000000 ) ) ;
#7788 = PLANE ( 'NONE',  #157 ) ;
#7789 = ORIENTED_EDGE ( 'NONE', *, *, #7320, .T. ) ;
#7790 = DIRECTION ( 'NONE',  ( -1.000000000000000000, 0.000000000000000000, -1.734723475976806503E-15 ) ) ;
#7791 = DIRECTION ( 'NONE',  ( 0.000000000000000000, 0.000000000000000000, 1.000000000000000000 ) ) ;
#7792 = FACE_OUTER_BOUND ( 'NONE', #1332, .T. ) ;
#7793 = VERTEX_POINT ( 'NONE', #11472 ) ;
#7794 = DIRECTION ( 'NONE',  ( 0.000000000000000000, 1.000000000000000000, 0.000000000000000000 ) ) ;
#7795 = EDGE_CURVE ( 'NONE', #9124, #10786, #4067, .T. ) ;
#7796 = ORIENTED_EDGE ( 'NONE', *, *, #4393, .T. ) ;
#7797 = CYLINDRICAL_SURFACE ( 'NONE', #5856, 1.000000000000000888 ) ;
#7798 = EDGE_CURVE ( 'NONE', #7303, #559, #2380, .T. ) ;
#7799 = CARTESIAN_POINT ( 'NONE',  ( 127.1208389022546754, -3.500000000000000000, -58.53846153846154010 ) ) ;
#7800 = DIRECTION ( 'NONE',  ( 0.000000000000000000, 1.000000000000000000, 0.000000000000000000 ) ) ;
#7801 = VECTOR ( 'NONE', #2507, 1000.000000000000000 ) ;
#7802 = ORIENTED_EDGE ( 'NONE', *, *, #2831, .F. ) ;
#7803 = CARTESIAN_POINT ( 'NONE',  ( 42.51039864469806417, 2.500000000000000000, 60.00000000000000000 ) ) ;
#7804 = DIRECTION ( 'NONE',  ( 1.000000000000000000, 0.000000000000000000, 7.692556537664882126E-15 ) ) ;
#7805 = EDGE_LOOP ( 'NONE', ( #1595, #1861, #9582, #2940, #11332, #9451, #7540, #9637, #5780, #5190, #10990, #3323, #8821, #4088, #8467, #883, #7936, #8342, #4108, #5966, #3837, #495, #4888, #11369, #6008, #1766 ) ) ;
#7806 = DIRECTION ( 'NONE',  ( -0.000000000000000000, -0.000000000000000000, 1.000000000000000000 ) ) ;
#7807 = VERTEX_POINT ( 'NONE', #9583 ) ;
#7808 = LINE ( 'NONE', #3307, #2953 ) ;
#7809 = EDGE_CURVE ( 'NONE', #1141, #3478, #6685, .T. ) ;
#7810 = LINE ( 'NONE', #5934, #5144 ) ;
#7811 = EDGE_CURVE ( 'NONE', #3901, #283, #798, .T. ) ;
#7812 = AXIS2_PLACEMENT_3D ( 'NONE', #1866, #1103, #1812 ) ;
#7813 = EDGE_LOOP ( 'NONE', ( #7140, #2745, #11049, #6760 ) ) ;
#7814 = CYLINDRICAL_SURFACE ( 'NONE', #4031, 5.499999999999998224 ) ;
#7815 = CARTESIAN_POINT ( 'NONE',  ( 74.89434043811361619, -3.500000000000000000, 53.47999999999920107 ) ) ;
#7816 = ORIENTED_EDGE ( 'NONE', *, *, #11429, .F. ) ;
#7817 = CIRCLE ( 'NONE', #2766, 5.500000000000005329 ) ;
#7818 = DIRECTION ( 'NONE',  ( 0.000000000000000000, 0.000000000000000000, -1.000000000000000000 ) ) ;
#7819 = CARTESIAN_POINT ( 'NONE',  ( 89.24999999999994316, -3.500000000000000000, 25.60000000009224408 ) ) ;
#7820 = ORIENTED_EDGE ( 'NONE', *, *, #148, .T. ) ;
#7821 = VECTOR ( 'NONE', #1687, 1000.000000000000000 ) ;
#7822 = DIRECTION ( 'NONE',  ( 0.000000000000000000, 1.000000000000000000, 0.000000000000000000 ) ) ;
#7823 = DIRECTION ( 'NONE',  ( -0.000000000000000000, 0.000000000000000000, 1.000000000000000000 ) ) ;
#7824 = DIRECTION ( 'NONE',  ( 0.000000000000000000, 1.000000000000000000, 0.000000000000000000 ) ) ;
#7825 = ORIENTED_EDGE ( 'NONE', *, *, #185, .T. ) ;
#7826 = CARTESIAN_POINT ( 'NONE',  ( -28.57412527334259167, -3.500000000000000000, -0.7142857142857150787 ) ) ;
#7827 = ORIENTED_EDGE ( 'NONE', *, *, #4736, .F. ) ;
#7828 = ORIENTED_EDGE ( 'NONE', *, *, #1211, .F. ) ;
#7829 = DIRECTION ( 'NONE',  ( 0.000000000000000000, 0.000000000000000000, 1.000000000000000000 ) ) ;
#7830 = EDGE_CURVE ( 'NONE', #6345, #10512, #9488, .T. ) ;
#7831 = ORIENTED_EDGE ( 'NONE', *, *, #5982, .T. ) ;
#7832 = LINE ( 'NONE', #6136, #5946 ) ;
#7833 = CIRCLE ( 'NONE', #11201, 4.000000000000000000 ) ;
#7834 = ORIENTED_EDGE ( 'NONE', *, *, #10457, .F. ) ;
#7835 = DIRECTION ( 'NONE',  ( 0.000000000000000000, 0.000000000000000000, 1.000000000000000000 ) ) ;
#7836 = DIRECTION ( 'NONE',  ( 0.000000000000000000, 0.000000000000000000, 1.000000000000000000 ) ) ;
#7837 = ORIENTED_EDGE ( 'NONE', *, *, #1656, .F. ) ;
#7838 = LINE ( 'NONE', #1506, #7917 ) ;
#7839 = CARTESIAN_POINT ( 'NONE',  ( 94.50000000000022737, -3.500000000000000000, -3.876524617021916530 ) ) ;
#7840 = FACE_BOUND ( 'NONE', #5971, .T. ) ;
#7841 = ORIENTED_EDGE ( 'NONE', *, *, #6866, .T. ) ;
#7842 = VECTOR ( 'NONE', #4764, 1000.000000000000000 ) ;
#7843 = AXIS2_PLACEMENT_3D ( 'NONE', #3083, #10229, #5773 ) ;
#7844 = DIRECTION ( 'NONE',  ( 0.000000000000000000, 1.000000000000000000, 0.000000000000000000 ) ) ;
#7845 = DIRECTION ( 'NONE',  ( -0.000000000000000000, -1.000000000000000000, -0.000000000000000000 ) ) ;
#7846 = DIRECTION ( 'NONE',  ( 0.4154496880128091818, 0.000000000000000000, -0.9096161590088753801 ) ) ;
#7847 = ADVANCED_FACE ( 'NONE', ( #9706 ), #5950, .F. ) ;
#7848 = ORIENTED_EDGE ( 'NONE', *, *, #7288, .F. ) ;
#7849 = CIRCLE ( 'NONE', #1484, 5.500000000000005329 ) ;
#7850 = EDGE_CURVE ( 'NONE', #4392, #1141, #1680, .T. ) ;
#7851 = DIRECTION ( 'NONE',  ( 0.000000000000000000, 1.000000000000000000, 0.000000000000000000 ) ) ;
#7852 = CARTESIAN_POINT ( 'NONE',  ( 21.49999999999999645, -3.500000000000000000, -10.26634360823522663 ) ) ;
#7853 = CARTESIAN_POINT ( 'NONE',  ( 74.01707195013517548, -3.500000000000000000, 52.99999999999920419 ) ) ;
#7854 = ORIENTED_EDGE ( 'NONE', *, *, #8981, .F. ) ;
#7855 = CARTESIAN_POINT ( 'NONE',  ( 92.50000000000022737, 2.500000000000000000, 9.000000000001710632 ) ) ;
#7856 = ORIENTED_EDGE ( 'NONE', *, *, #7742, .T. ) ;
#7857 = ORIENTED_EDGE ( 'NONE', *, *, #4738, .T. ) ;
#7858 = LINE ( 'NONE', #11443, #1931 ) ;
#7859 = DIRECTION ( 'NONE',  ( 0.000000000000000000, -1.000000000000000000, 0.000000000000000000 ) ) ;
#7860 = AXIS2_PLACEMENT_3D ( 'NONE', #2064, #8507, #10267 ) ;
#7861 = FACE_OUTER_BOUND ( 'NONE', #8763, .T. ) ;
#7863 = EDGE_CURVE ( 'NONE', #3793, #8650, #8580, .T. ) ;
#7862 = ORIENTED_EDGE ( 'NONE', *, *, #6634, .T. ) ;
#7864 = DIRECTION ( 'NONE',  ( 0.000000000000000000, -1.000000000000000000, 0.000000000000000000 ) ) ;
#7865 = CARTESIAN_POINT ( 'NONE',  ( 89.24999999999995737, 2.500000000000000000, -25.60000000009247145 ) ) ;
#7866 = ORIENTED_EDGE ( 'NONE', *, *, #2371, .T. ) ;
#7867 = ORIENTED_EDGE ( 'NONE', *, *, #8492, .T. ) ;
#7868 = DIRECTION ( 'NONE',  ( 0.9418617333936458724, 0.000000000000000000, 0.3360007070955604580 ) ) ;
#7869 = DIRECTION ( 'NONE',  ( -0.000000000000000000, 1.000000000000000000, -0.000000000000000000 ) ) ;
#7870 = EDGE_LOOP ( 'NONE', ( #8864, #8709, #11608, #4628 ) ) ;
#7871 = DIRECTION ( 'NONE',  ( -1.000000000000000000, 0.000000000000000000, 0.000000000000000000 ) ) ;
#7872 = DIRECTION ( 'NONE',  ( 1.000000000000000000, 0.000000000000000000, 0.000000000000000000 ) ) ;
#7873 = VERTEX_POINT ( 'NONE', #1555 ) ;
#7874 = DIRECTION ( 'NONE',  ( 0.000000000000000000, 1.000000000000000000, 0.000000000000000000 ) ) ;
#7875 = PLANE ( 'NONE',  #2287 ) ;
#7876 = VERTEX_POINT ( 'NONE', #4138 ) ;
#7877 = EDGE_CURVE ( 'NONE', #1926, #7036, #1645, .T. ) ;
#7878 = LINE ( 'NONE', #5947, #2496 ) ;
#7879 = DIRECTION ( 'NONE',  ( 1.000000000000000000, 0.000000000000000000, 0.000000000000000000 ) ) ;
#7880 = CARTESIAN_POINT ( 'NONE',  ( -21.49999999999999645, -3.500000000000000000, -10.26634360823523018 ) ) ;
#7881 = ORIENTED_EDGE ( 'NONE', *, *, #89, .T. ) ;
#7882 = CARTESIAN_POINT ( 'NONE',  ( -31.00000000000000355, -3.500000000000000000, -59.99999999999999289 ) ) ;
#7883 = VERTEX_POINT ( 'NONE', #7882 ) ;
#7884 = VERTEX_POINT ( 'NONE', #8638 ) ;
#7885 = CARTESIAN_POINT ( 'NONE',  ( 77.60834885156769758, 2.500000000000000000, -39.79663232658940331 ) ) ;
#7886 = ORIENTED_EDGE ( 'NONE', *, *, #1864, .T. ) ;
#7887 = AXIS2_PLACEMENT_3D ( 'NONE', #7737, #5921, #6741 ) ;
#7888 = CIRCLE ( 'NONE', #2459, 5.499999999999991118 ) ;
#7889 = LINE ( 'NONE', #2619, #10069 ) ;
#7890 = VERTEX_POINT ( 'NONE', #3444 ) ;
#7891 = EDGE_CURVE ( 'NONE', #4578, #7045, #1638, .T. ) ;
#7892 = DIRECTION ( 'NONE',  ( 0.000000000000000000, -1.000000000000000000, 0.000000000000000000 ) ) ;
#7893 = CARTESIAN_POINT ( 'NONE',  ( 2.000000000000007105, -3.500000000000000000, 53.50000000000000000 ) ) ;
#7894 = VERTEX_POINT ( 'NONE', #11350 ) ;
#7895 = EDGE_CURVE ( 'NONE', #5384, #6953, #4264, .T. ) ;
#7896 = LINE ( 'NONE', #2387, #10917 ) ;
#7897 = DIRECTION ( 'NONE',  ( -0.000000000000000000, 0.000000000000000000, 1.000000000000000000 ) ) ;
#7898 = FACE_BOUND ( 'NONE', #2091, .T. ) ;
#7899 = VECTOR ( 'NONE', #6904, 1000.000000000000114 ) ;
#7900 = EDGE_CURVE ( 'NONE', #6831, #880, #7610, .T. ) ;
#7901 = ORIENTED_EDGE ( 'NONE', *, *, #5230, .F. ) ;
#7902 = AXIS2_PLACEMENT_3D ( 'NONE', #9255, #8246, #222 ) ;
#7903 = DIRECTION ( 'NONE',  ( 0.000000000000000000, 1.000000000000000000, 0.000000000000000000 ) ) ;
#7904 = DIRECTION ( 'NONE',  ( -0.000000000000000000, -1.000000000000000000, -0.000000000000000000 ) ) ;
#7905 = CYLINDRICAL_SURFACE ( 'NONE', #4659, 1.000000000000000000 ) ;
#7906 = VECTOR ( 'NONE', #1644, 1000.000000000000000 ) ;
#7907 = VERTEX_POINT ( 'NONE', #5258 ) ;
#7908 = CIRCLE ( 'NONE', #6583, 0.9999999999999991118 ) ;
#7909 = AXIS2_PLACEMENT_3D ( 'NONE', #530, #2233, #7572 ) ;
#7910 = DIRECTION ( 'NONE',  ( 0.000000000000000000, 0.000000000000000000, 1.000000000000000000 ) ) ;
#7911 = LINE ( 'NONE', #766, #2277 ) ;
#7912 = CARTESIAN_POINT ( 'NONE',  ( 34.01707195013521812, -3.500000000000000000, -57.99999999999948841 ) ) ;
#7913 = VERTEX_POINT ( 'NONE', #5140 ) ;
#7914 = CARTESIAN_POINT ( 'NONE',  ( -31.21686531451300084, -3.500000000000000000, 50.01926101503037358 ) ) ;
#7915 = ORIENTED_EDGE ( 'NONE', *, *, #185, .F. ) ;
#7916 = DIRECTION ( 'NONE',  ( 0.1921353852253153971, 0.000000000000000000, -0.9813684291561043382 ) ) ;
#7917 = VECTOR ( 'NONE', #9718, 1000.000000000000000 ) ;
#7918 = FACE_BOUND ( 'NONE', #849, .T. ) ;
#7919 = EDGE_CURVE ( 'NONE', #5430, #5789, #680, .T. ) ;
#7920 = AXIS2_PLACEMENT_3D ( 'NONE', #8434, #2000, #9150 ) ;
#7921 = AXIS2_PLACEMENT_3D ( 'NONE', #1423, #5997, #9571 ) ;
#7922 = DIRECTION ( 'NONE',  ( 0.000000000000000000, 1.000000000000000000, 0.000000000000000000 ) ) ;
#7923 = AXIS2_PLACEMENT_3D ( 'NONE', #5086, #2569, #6142 ) ;
#7924 = ORIENTED_EDGE ( 'NONE', *, *, #5914, .T. ) ;
#7925 = CARTESIAN_POINT ( 'NONE',  ( 45.49728228756692516, 2.500000000000000000, 35.75000000000000000 ) ) ;
#7926 = CARTESIAN_POINT ( 'NONE',  ( 89.24999999999995737, -3.500000000000000000, -25.60000000009247145 ) ) ;
#7927 = ORIENTED_EDGE ( 'NONE', *, *, #10310, .T. ) ;
#7928 = VERTEX_POINT ( 'NONE', #7826 ) ;
#7929 = AXIS2_PLACEMENT_3D ( 'NONE', #2819, #8088, #7101 ) ;
#7930 = LINE ( 'NONE', #6172, #6135 ) ;
#7931 = CIRCLE ( 'NONE', #2693, 1.499999999999996891 ) ;
#7932 = EDGE_CURVE ( 'NONE', #4463, #6985, #741, .T. ) ;
#7933 = CARTESIAN_POINT ( 'NONE',  ( 24.37500000000000355, -3.500000000000000000, -3.000000000000000444 ) ) ;
#7934 = VECTOR ( 'NONE', #8931, 1000.000000000000000 ) ;
#7935 = EDGE_CURVE ( 'NONE', #300, #5908, #2495, .T. ) ;
#7936 = ORIENTED_EDGE ( 'NONE', *, *, #10767, .F. ) ;
#7937 = FACE_OUTER_BOUND ( 'NONE', #2029, .T. ) ;
#7938 = ORIENTED_EDGE ( 'NONE', *, *, #4207, .T. ) ;
#7939 = AXIS2_PLACEMENT_3D ( 'NONE', #9282, #311, #8280 ) ;
#7940 = VECTOR ( 'NONE', #560, 1000.000000000000000 ) ;
#7941 = CARTESIAN_POINT ( 'NONE',  ( -28.70982142857142350, 2.500000000000000000, -20.00000000000000711 ) ) ;
#7942 = DIRECTION ( 'NONE',  ( 0.000000000000000000, 1.000000000000000000, 0.000000000000000000 ) ) ;
#7943 = ORIENTED_EDGE ( 'NONE', *, *, #3429, .T. ) ;
#7944 = CARTESIAN_POINT ( 'NONE',  ( -30.00000000000000355, -3.500000000000000000, 55.99999999999997868 ) ) ;
#7945 = CARTESIAN_POINT ( 'NONE',  ( 37.90422433980270256, -3.500000000000000000, -54.26333652012772291 ) ) ;
#7946 = DIRECTION ( 'NONE',  ( 0.000000000000000000, 1.000000000000000000, 0.000000000000000000 ) ) ;
#7947 = VERTEX_POINT ( 'NONE', #5200 ) ;
#7948 = CARTESIAN_POINT ( 'NONE',  ( 126.0000000000015490, 2.500000000000000000, 35.99999999999688782 ) ) ;
#7949 = ORIENTED_EDGE ( 'NONE', *, *, #6590, .T. ) ;
#7950 = ORIENTED_EDGE ( 'NONE', *, *, #6147, .F. ) ;
#7951 = DIRECTION ( 'NONE',  ( -0.000000000000000000, -1.000000000000000000, -0.000000000000000000 ) ) ;
#7952 = AXIS2_PLACEMENT_3D ( 'NONE', #6834, #7892, #6084 ) ;
#7953 = ORIENTED_EDGE ( 'NONE', *, *, #1757, .F. ) ;
#7954 = EDGE_CURVE ( 'NONE', #4250, #10190, #3129, .T. ) ;
#7955 = DIRECTION ( 'NONE',  ( 0.000000000000000000, 0.000000000000000000, 1.000000000000000000 ) ) ;
#7956 = ORIENTED_EDGE ( 'NONE', *, *, #3657, .F. ) ;
#7957 = PLANE ( 'NONE',  #8214 ) ;
#7958 = DIRECTION ( 'NONE',  ( 0.000000000000000000, 0.000000000000000000, 1.000000000000000000 ) ) ;
#7959 = ORIENTED_EDGE ( 'NONE', *, *, #7111, .T. ) ;
#7960 = FACE_OUTER_BOUND ( 'NONE', #6811, .T. ) ;
#7961 = CARTESIAN_POINT ( 'NONE',  ( -28.87463609921741892, 2.500000000000000000, -24.99728287415670636 ) ) ;
#7962 = FACE_BOUND ( 'NONE', #3823, .T. ) ;
#7963 = CIRCLE ( 'NONE', #5710, 1.000000000000000888 ) ;
#7964 = ORIENTED_EDGE ( 'NONE', *, *, #4691, .F. ) ;
#7965 = EDGE_CURVE ( 'NONE', #4886, #11543, #4319, .T. ) ;
#7966 = DIRECTION ( 'NONE',  ( 0.000000000000000000, 0.000000000000000000, 1.000000000000000000 ) ) ;
#7967 = EDGE_CURVE ( 'NONE', #475, #660, #7175, .T. ) ;
#7968 = CARTESIAN_POINT ( 'NONE',  ( -27.81858407079645801, -3.500000000000000000, 54.77876106194688788 ) ) ;
#7969 = CARTESIAN_POINT ( 'NONE',  ( 127.9005420412504037, 2.500000000000000000, 59.66666666666667140 ) ) ;
#7970 = ORIENTED_EDGE ( 'NONE', *, *, #10574, .T. ) ;
#7971 = CARTESIAN_POINT ( 'NONE',  ( 24.37500000000000355, -3.500000000000000000, 5.000000000000003553 ) ) ;
#7972 = FACE_OUTER_BOUND ( 'NONE', #3802, .T. ) ;
#7973 = DIRECTION ( 'NONE',  ( 0.000000000000000000, 1.000000000000000000, 0.000000000000000000 ) ) ;
#7974 = ORIENTED_EDGE ( 'NONE', *, *, #6888, .F. ) ;
#7975 = CARTESIAN_POINT ( 'NONE',  ( -24.37499999999999645, 2.500000000000000000, -7.000000000000006217 ) ) ;
#7976 = ORIENTED_EDGE ( 'NONE', *, *, #8996, .F. ) ;
#7977 = FACE_BOUND ( 'NONE', #2727, .T. ) ;
#7978 = EDGE_CURVE ( 'NONE', #10579, #2893, #3556, .T. ) ;
#7979 = ADVANCED_FACE ( 'NONE', ( #1082 ), #4438, .F. ) ;
#7980 = CARTESIAN_POINT ( 'NONE',  ( 79.50000000000051159, -3.500000000000000000, -55.99999999999916866 ) ) ;
#7981 = ORIENTED_EDGE ( 'NONE', *, *, #4102, .T. ) ;
#7982 = DIRECTION ( 'NONE',  ( 0.000000000000000000, 1.000000000000000000, 0.000000000000000000 ) ) ;
#7983 = CARTESIAN_POINT ( 'NONE',  ( -30.99999999999997158, 2.500000000000000000, 60.00000000000000000 ) ) ;
#7984 = ORIENTED_EDGE ( 'NONE', *, *, #8355, .T. ) ;
#7985 = VERTEX_POINT ( 'NONE', #3613 ) ;
#7986 = CARTESIAN_POINT ( 'NONE',  ( -24.37499999999999645, 2.500000000000000000, 7.000000000000006217 ) ) ;
#7987 = LINE ( 'NONE', #7220, #11454 ) ;
#7988 = EDGE_LOOP ( 'NONE', ( #1884, #5422, #10065, #3252, #5498, #8853, #7856, #4719, #7543, #1875, #3067 ) ) ;
#7989 = DIRECTION ( 'NONE',  ( 1.000000000000000000, 0.000000000000000000, 0.000000000000000000 ) ) ;
#7990 = ORIENTED_EDGE ( 'NONE', *, *, #10106, .T. ) ;
#7991 = ADVANCED_FACE ( 'NONE', ( #3778 ), #9880, .F. ) ;
#7992 = DIRECTION ( 'NONE',  ( 0.000000000000000000, 1.000000000000000000, 0.000000000000000000 ) ) ;
#7993 = LINE ( 'NONE', #4312, #6902 ) ;
#7994 = VERTEX_POINT ( 'NONE', #4490 ) ;
#7995 = EDGE_CURVE ( 'NONE', #4489, #8542, #7230, .T. ) ;
#7996 = DIRECTION ( 'NONE',  ( 0.000000000000000000, 0.000000000000000000, 1.000000000000000000 ) ) ;
#7997 = LINE ( 'NONE', #11348, #4763 ) ;
#7998 = DIRECTION ( 'NONE',  ( 0.9910643481421648193, 0.000000000000000000, 0.1333846237073302854 ) ) ;
#7999 = VECTOR ( 'NONE', #1794, 1000.000000000000000 ) ;
#8000 = VERTEX_POINT ( 'NONE', #1737 ) ;
#8001 = CARTESIAN_POINT ( 'NONE',  ( 129.2995191861324429, -3.500000000000000000, -30.69192378159589296 ) ) ;
#8002 = VECTOR ( 'NONE', #10784, 1000.000000000000000 ) ;
#8003 = LINE ( 'NONE', #9167, #2513 ) ;
#8004 = EDGE_LOOP ( 'NONE', ( #3024, #1976, #4064, #9866 ) ) ;
#8005 = CIRCLE ( 'NONE', #4461, 1.000000000000000888 ) ;
#8006 = CARTESIAN_POINT ( 'NONE',  ( -27.55385631544756819, 2.500000000000000000, -15.13546048867516625 ) ) ;
#8007 = ORIENTED_EDGE ( 'NONE', *, *, #9325, .F. ) ;
#8008 = AXIS2_PLACEMENT_3D ( 'NONE', #6081, #5265, #9657 ) ;
#8009 = ADVANCED_FACE ( 'NONE', ( #2836 ), #6188, .F. ) ;
#8010 = DIRECTION ( 'NONE',  ( 0.000000000000000000, 1.000000000000000000, 0.000000000000000000 ) ) ;
#8011 = DIRECTION ( 'NONE',  ( 0.000000000000000000, 0.000000000000000000, 1.000000000000000000 ) ) ;
#8012 = ORIENTED_EDGE ( 'NONE', *, *, #486, .F. ) ;
#8013 = EDGE_CURVE ( 'NONE', #6873, #8813, #10814, .T. ) ;
#8014 = CARTESIAN_POINT ( 'NONE',  ( 89.24999999999994316, -3.500000000000000000, 27.10000000009224053 ) ) ;
#8015 = CARTESIAN_POINT ( 'NONE',  ( 76.48960135530326454, 2.500000000000000000, -60.00000000000000000 ) ) ;
#8016 = DIRECTION ( 'NONE',  ( 1.000000000000000000, 0.000000000000000000, 0.000000000000000000 ) ) ;
#8017 = AXIS2_PLACEMENT_3D ( 'NONE', #6020, #7783, #8777 ) ;
#8018 = ORIENTED_EDGE ( 'NONE', *, *, #10883, .F. ) ;
#8019 = DIRECTION ( 'NONE',  ( 0.000000000000000000, 0.000000000000000000, 1.000000000000000000 ) ) ;
#8020 = ORIENTED_EDGE ( 'NONE', *, *, #1479, .T. ) ;
#8021 = CARTESIAN_POINT ( 'NONE',  ( 77.88127890956920396, -3.500000000000000000, 50.39266176948436993 ) ) ;
#8022 = DIRECTION ( 'NONE',  ( 0.8107149800759007041, 0.000000000000000000, -0.5854410483392260556 ) ) ;
#8023 = ORIENTED_EDGE ( 'NONE', *, *, #8906, .F. ) ;
#8024 = LINE ( 'NONE', #2579, #9023 ) ;
#8025 = EDGE_CURVE ( 'NONE', #4145, #3890, #137, .T. ) ;
#8026 = CYLINDRICAL_SURFACE ( 'NONE', #9782, 2.000000000000003109 ) ;
#8027 = ORIENTED_EDGE ( 'NONE', *, *, #8551, .F. ) ;
#8028 = CARTESIAN_POINT ( 'NONE',  ( 126.2337187026645893, -3.500000000000000000, -57.99999999999998579 ) ) ;
#8029 = EDGE_CURVE ( 'NONE', #7045, #5497, #7120, .T. ) ;
#8030 = AXIS2_PLACEMENT_3D ( 'NONE', #976, #10993, #5550 ) ;
#8031 = ORIENTED_EDGE ( 'NONE', *, *, #3427, .F. ) ;
#8032 = CARTESIAN_POINT ( 'NONE',  ( 130.0384615384617746, -3.500000000000000000, -4.120838902256623193 ) ) ;
#8033 = AXIS2_PLACEMENT_3D ( 'NONE', #5, #1943, #5295 ) ;
#8034 = DIRECTION ( 'NONE',  ( 0.000000000000000000, 1.000000000000000000, 0.000000000000000000 ) ) ;
#8035 = EDGE_CURVE ( 'NONE', #2540, #5135, #9936, .T. ) ;
#8036 = LINE ( 'NONE', #3539, #9337 ) ;
#8037 = CARTESIAN_POINT ( 'NONE',  ( 80.75000000000051159, -3.500000000000000000, -57.99999999999998579 ) ) ;
#8038 = VERTEX_POINT ( 'NONE', #8108 ) ;
#8039 = ADVANCED_FACE ( 'NONE', ( #6406 ), #1962, .T. ) ;
#8040 = VERTEX_POINT ( 'NONE', #860 ) ;
#8041 = AXIS2_PLACEMENT_3D ( 'NONE', #5825, #5009, #8573 ) ;
#8042 = FACE_OUTER_BOUND ( 'NONE', #4883, .T. ) ;
#8043 = VECTOR ( 'NONE', #3305, 1000.000000000000000 ) ;
#8044 = CARTESIAN_POINT ( 'NONE',  ( 126.2337187026645893, 2.500000000000000000, 57.99999999999998579 ) ) ;
#8045 = VECTOR ( 'NONE', #1672, 1000.000000000000000 ) ;
#8046 = CYLINDRICAL_SURFACE ( 'NONE', #8115, 1.250000000000001110 ) ;
#8047 = VERTEX_POINT ( 'NONE', #5542 ) ;
#8048 = CARTESIAN_POINT ( 'NONE',  ( 91.50093993615007548, -3.500000000000000000, -24.51221812680892498 ) ) ;
#8049 = CARTESIAN_POINT ( 'NONE',  ( 44.98292804986588322, 2.500000000000000000, -58.99999999999941735 ) ) ;
#8050 = ORIENTED_EDGE ( 'NONE', *, *, #9680, .F. ) ;
#8051 = LINE ( 'NONE', #1959, #6442 ) ;
#8052 = CARTESIAN_POINT ( 'NONE',  ( 61.50903828375251692, -3.500000000000000000, 29.42119806009614180 ) ) ;
#8053 = EDGE_LOOP ( 'NONE', ( #10872, #5480, #7049, #9470 ) ) ;
#8054 = CARTESIAN_POINT ( 'NONE',  ( 74.89434043811361619, -3.500000000000000000, 53.47999999999920107 ) ) ;
#8055 = DIRECTION ( 'NONE',  ( 0.000000000000000000, 0.000000000000000000, 1.000000000000000000 ) ) ;
#8056 = ORIENTED_EDGE ( 'NONE', *, *, #3514, .T. ) ;
#8057 = ADVANCED_FACE ( 'NONE', ( #2728 ), #6351, .T. ) ;
#8058 = DIRECTION ( 'NONE',  ( 0.000000000000000000, 0.000000000000000000, 1.000000000000000000 ) ) ;
#8059 = ORIENTED_EDGE ( 'NONE', *, *, #6368, .F. ) ;
#8060 = DIRECTION ( 'NONE',  ( 0.000000000000000000, 1.000000000000000000, 0.000000000000000000 ) ) ;
#8061 = CARTESIAN_POINT ( 'NONE',  ( 90.16412422823493955, -3.500000000000000000, 32.41551160364603135 ) ) ;
#8062 = ORIENTED_EDGE ( 'NONE', *, *, #7098, .F. ) ;
#8063 = CARTESIAN_POINT ( 'NONE',  ( 128.6458980337503135, -3.500000000000000000, 59.00000000000000000 ) ) ;
#8064 = CYLINDRICAL_SURFACE ( 'NONE', #11391, 5.249999999999997335 ) ;
#8065 = ORIENTED_EDGE ( 'NONE', *, *, #56, .F. ) ;
#8066 = ORIENTED_EDGE ( 'NONE', *, *, #8025, .T. ) ;
#8067 = ADVANCED_FACE ( 'NONE', ( #10867 ), #8886, .F. ) ;
#8068 = EDGE_CURVE ( 'NONE', #11414, #1926, #6241, .T. ) ;
#8069 = DIRECTION ( 'NONE',  ( 0.000000000000000000, 1.000000000000000000, 0.000000000000000000 ) ) ;
#8070 = CIRCLE ( 'NONE', #2835, 5.500000000000005329 ) ;
#8071 = EDGE_CURVE ( 'NONE', #10102, #11152, #11184, .T. ) ;
#8072 = CARTESIAN_POINT ( 'NONE',  ( -30.00000000000000355, -3.500000000000000000, -55.99999999999997868 ) ) ;
#8073 = CARTESIAN_POINT ( 'NONE',  ( 83.08694453782732126, -3.500000000000000000, 29.16243558469903974 ) ) ;
#8074 = ORIENTED_EDGE ( 'NONE', *, *, #2755, .T. ) ;
#8075 = AXIS2_PLACEMENT_3D ( 'NONE', #4580, #3648, #8081 ) ;
#8076 = DIRECTION ( 'NONE',  ( 0.000000000000000000, 1.000000000000000000, 0.000000000000000000 ) ) ;
#8077 = DIRECTION ( 'NONE',  ( 0.000000000000000000, 1.000000000000000000, 0.000000000000000000 ) ) ;
#8078 = ORIENTED_EDGE ( 'NONE', *, *, #1735, .F. ) ;
#8079 = PLANE ( 'NONE',  #9763 ) ;
#8080 = ORIENTED_EDGE ( 'NONE', *, *, #11457, .T. ) ;
#8081 = DIRECTION ( 'NONE',  ( 0.000000000000000000, 0.000000000000000000, -1.000000000000000000 ) ) ;
#8082 = AXIS2_PLACEMENT_3D ( 'NONE', #7699, #11282, #8637 ) ;
#8083 = AXIS2_PLACEMENT_3D ( 'NONE', #1734, #9761, #6404 ) ;
#8084 = DIRECTION ( 'NONE',  ( -0.000000000000000000, -1.000000000000000000, -0.000000000000000000 ) ) ;
#8085 = EDGE_CURVE ( 'NONE', #7008, #3446, #3127, .T. ) ;
#8086 = CARTESIAN_POINT ( 'NONE',  ( 74.01707195013517548, 2.500000000000000000, 53.99999999999920419 ) ) ;
#8087 = CYLINDRICAL_SURFACE ( 'NONE', #6339, 1.499999999999994449 ) ;
#8088 = DIRECTION ( 'NONE',  ( 0.000000000000000000, 1.000000000000000000, 0.000000000000000000 ) ) ;
#8089 = ORIENTED_EDGE ( 'NONE', *, *, #2050, .F. ) ;
#8090 = VECTOR ( 'NONE', #8419, 1000.000000000000000 ) ;
#8091 = VERTEX_POINT ( 'NONE', #3891 ) ;
#8092 = CARTESIAN_POINT ( 'NONE',  ( 47.90541730422559397, -3.500000000000000000, 34.92148026146887929 ) ) ;
#8093 = AXIS2_PLACEMENT_3D ( 'NONE', #5134, #7942, #11530 ) ;
#8094 = CARTESIAN_POINT ( 'NONE',  ( 39.50000000000052580, -3.500000000000000000, 55.99999999999945288 ) ) ;
#8095 = AXIS2_PLACEMENT_3D ( 'NONE', #7616, #5806, #9378 ) ;
#8096 = EDGE_CURVE ( 'NONE', #5551, #4414, #898, .T. ) ;
#8097 = VECTOR ( 'NONE', #4025, 1000.000000000000000 ) ;
#8098 = EDGE_CURVE ( 'NONE', #9553, #8644, #2014, .T. ) ;
#8099 = DIRECTION ( 'NONE',  ( 0.000000000000000000, 0.000000000000000000, -1.000000000000000000 ) ) ;
#8100 = VERTEX_POINT ( 'NONE', #1309 ) ;
#8101 = DIRECTION ( 'NONE',  ( 0.000000000000000000, 1.000000000000000000, 0.000000000000000000 ) ) ;
#8102 = FACE_OUTER_BOUND ( 'NONE', #428, .T. ) ;
#8103 = ORIENTED_EDGE ( 'NONE', *, *, #2016, .T. ) ;
#8104 = CIRCLE ( 'NONE', #3055, 1.000000000000000888 ) ;
#8105 = CARTESIAN_POINT ( 'NONE',  ( 89.24999999999995737, 2.500000000000000000, -27.10000000009248566 ) ) ;
#8106 = DIRECTION ( 'NONE',  ( -0.000000000000000000, -1.000000000000000000, -0.000000000000000000 ) ) ;
#8107 = ORIENTED_EDGE ( 'NONE', *, *, #5503, .F. ) ;
#8108 = CARTESIAN_POINT ( 'NONE',  ( 79.50000000000051159, 2.500000000000000000, -54.74999999999916866 ) ) ;
#8109 = DIRECTION ( 'NONE',  ( 0.000000000000000000, 0.000000000000000000, -1.000000000000000000 ) ) ;
#8110 = AXIS2_PLACEMENT_3D ( 'NONE', #7926, #6806, #3421 ) ;
#8111 = VECTOR ( 'NONE', #9864, 1000.000000000000000 ) ;
#8112 = ORIENTED_EDGE ( 'NONE', *, *, #7596, .T. ) ;
#8113 = CIRCLE ( 'NONE', #1561, 1.000000000000000888 ) ;
#8114 = ADVANCED_FACE ( 'NONE', ( #4950 ), #6643, .F. ) ;
#8115 = AXIS2_PLACEMENT_3D ( 'NONE', #7164, #9274, #246 ) ;
#8116 = DIRECTION ( 'NONE',  ( 0.000000000000000000, 1.000000000000000000, 0.000000000000000000 ) ) ;
#8117 = EDGE_LOOP ( 'NONE', ( #2771, #4035, #3941, #9998 ) ) ;
#8118 = EDGE_CURVE ( 'NONE', #408, #690, #1360, .T. ) ;
#8119 = CIRCLE ( 'NONE', #8979, 1.000000000000000000 ) ;
#8120 = CARTESIAN_POINT ( 'NONE',  ( -24.37499999999999645, -3.500000000000000000, -12.00000000000000533 ) ) ;
#8121 = CARTESIAN_POINT ( 'NONE',  ( 39.50000000000052580, -3.500000000000000000, 55.99999999999945288 ) ) ;
#8122 = EDGE_LOOP ( 'NONE', ( #1293, #2979, #3089, #1979 ) ) ;
#8123 = LINE ( 'NONE', #6420, #2302 ) ;
#8124 = CARTESIAN_POINT ( 'NONE',  ( 54.00668558637442374, -3.500000000000000000, -31.49272653608509032 ) ) ;
#8125 = CIRCLE ( 'NONE', #9819, 1.250000000000001110 ) ;
#8126 = AXIS2_PLACEMENT_3D ( 'NONE', #9862, #5523, #7097 ) ;
#8127 = ADVANCED_FACE ( 'NONE', ( #6696 ), #4715, .T. ) ;
#8128 = ORIENTED_EDGE ( 'NONE', *, *, #2814, .T. ) ;
#8129 = ORIENTED_EDGE ( 'NONE', *, *, #2396, .F. ) ;
#8130 = CARTESIAN_POINT ( 'NONE',  ( 85.98105184898074071, -3.500000000000000000, -31.92362063310278586 ) ) ;
#8131 = CIRCLE ( 'NONE', #3081, 6.000000000000001776 ) ;
#8132 = CARTESIAN_POINT ( 'NONE',  ( 45.46762553391260298, -3.500000000000000000, 31.75017591079638990 ) ) ;
#8133 = DIRECTION ( 'NONE',  ( -1.000000000000000000, 0.000000000000000000, 0.000000000000000000 ) ) ;
#8134 = ORIENTED_EDGE ( 'NONE', *, *, #6967, .T. ) ;
#8135 = VECTOR ( 'NONE', #6754, 1000.000000000000000 ) ;
#8136 = LINE ( 'NONE', #5563, #7722 ) ;
#8137 = EDGE_CURVE ( 'NONE', #10024, #7595, #5764, .T. ) ;
#8138 = CARTESIAN_POINT ( 'NONE',  ( 40.75000000000054712, 2.500000000000000000, -57.99999999999944578 ) ) ;
#8139 = ORIENTED_EDGE ( 'NONE', *, *, #8263, .T. ) ;
#8140 = DIRECTION ( 'NONE',  ( 0.000000000000000000, 0.000000000000000000, 1.000000000000000000 ) ) ;
#8141 = EDGE_CURVE ( 'NONE', #4310, #9349, #6694, .T. ) ;
#8142 = ORIENTED_EDGE ( 'NONE', *, *, #3190, .F. ) ;
#8143 = CARTESIAN_POINT ( 'NONE',  ( 92.50000000000022737, 2.500000000000000000, -7.500000000001714184 ) ) ;
#8144 = AXIS2_PLACEMENT_3D ( 'NONE', #7723, #7491, #6730 ) ;
#8145 = CARTESIAN_POINT ( 'NONE',  ( 132.0000000000000000, -3.500000000000000000, -56.00000000000000711 ) ) ;
#8146 = DIRECTION ( 'NONE',  ( 0.000000000000000000, 0.000000000000000000, -1.000000000000000000 ) ) ;
#8147 = EDGE_CURVE ( 'NONE', #433, #5625, #7069, .T. ) ;
#8148 = DIRECTION ( 'NONE',  ( 1.000000000000000000, 0.000000000000000000, 0.000000000000000000 ) ) ;
#8149 = DIRECTION ( 'NONE',  ( -0.000000000000000000, 1.000000000000000000, -0.000000000000000000 ) ) ;
#8150 = ORIENTED_EDGE ( 'NONE', *, *, #1383, .F. ) ;
#8151 = ADVANCED_FACE ( 'NONE', ( #10273 ), #1198, .T. ) ;
#8152 = ORIENTED_EDGE ( 'NONE', *, *, #4210, .F. ) ;
#8153 = DIRECTION ( 'NONE',  ( 1.000000000000000000, 0.000000000000000000, -0.000000000000000000 ) ) ;
#8154 = DIRECTION ( 'NONE',  ( 0.000000000000000000, 1.000000000000000000, 0.000000000000000000 ) ) ;
#8155 = LINE ( 'NONE', #10804, #1576 ) ;
#8156 = VERTEX_POINT ( 'NONE', #259 ) ;
#8157 = PRESENTATION_STYLE_ASSIGNMENT (( #7166 ) ) ;
#8158 = CARTESIAN_POINT ( 'NONE',  ( 51.89728435666194883, -3.500000000000000000, 33.11422999001588607 ) ) ;
#8159 = ORIENTED_EDGE ( 'NONE', *, *, #10544, .T. ) ;
#8160 = LINE ( 'NONE', #962, #10751 ) ;
#8161 = DIRECTION ( 'NONE',  ( 0.000000000000000000, 1.000000000000000000, 0.000000000000000000 ) ) ;
#8162 = CARTESIAN_POINT ( 'NONE',  ( 94.00000000000153477, -3.500000000000000000, 35.99999999999690203 ) ) ;
#8163 = ADVANCED_FACE ( 'NONE', ( #4889 ), #7400, .T. ) ;
#8164 = ORIENTED_EDGE ( 'NONE', *, *, #1400, .T. ) ;
#8165 = CARTESIAN_POINT ( 'NONE',  ( 92.50000000000022737, -3.500000000000000000, 10.50000000000170886 ) ) ;
#8166 = EDGE_CURVE ( 'NONE', #6079, #709, #7576, .T. ) ;
#8167 = CYLINDRICAL_SURFACE ( 'NONE', #5703, 1.000000000000000888 ) ;
#8168 = ORIENTED_EDGE ( 'NONE', *, *, #5176, .T. ) ;
#8169 = CYLINDRICAL_SURFACE ( 'NONE', #7535, 1.000000000000000888 ) ;
#8170 = ORIENTED_EDGE ( 'NONE', *, *, #1324, .F. ) ;
#8171 = VECTOR ( 'NONE', #4729, 1000.000000000000000 ) ;
#8172 = DIRECTION ( 'NONE',  ( 1.000000000000000000, 0.000000000000000000, 0.000000000000000000 ) ) ;
#8173 = DIRECTION ( 'NONE',  ( 0.000000000000000000, 1.000000000000000000, 0.000000000000000000 ) ) ;
#8174 = ORIENTED_EDGE ( 'NONE', *, *, #5880, .T. ) ;
#8175 = DIRECTION ( 'NONE',  ( 0.000000000000000000, 0.000000000000000000, 1.000000000000000000 ) ) ;
#8176 = LINE ( 'NONE', #3850, #10197 ) ;
#8177 = CARTESIAN_POINT ( 'NONE',  ( 62.24760681940412610, -3.500000000000000000, -25.43776788477287099 ) ) ;
#8178 = ADVANCED_FACE ( 'NONE', ( #4832 ), #370, .T. ) ;
#8179 = ORIENTED_EDGE ( 'NONE', *, *, #10153, .T. ) ;
#8180 = ORIENTED_EDGE ( 'NONE', *, *, #3828, .T. ) ;
#8181 = CYLINDRICAL_SURFACE ( 'NONE', #3248, 1.000000000000000888 ) ;
#8182 = EDGE_CURVE ( 'NONE', #4250, #7907, #4780, .T. ) ;
#8183 = AXIS2_PLACEMENT_3D ( 'NONE', #1720, #3709, #124 ) ;
#8184 = EDGE_LOOP ( 'NONE', ( #811, #2531, #10894, #5151 ) ) ;
#8185 = VECTOR ( 'NONE', #11232, 1000.000000000000000 ) ;
#8186 = DIRECTION ( 'NONE',  ( 0.06867802390885047181, 0.000000000000000000, 0.9976388770652312443 ) ) ;
#8187 = LINE ( 'NONE', #8073, #2780 ) ;
#8188 = VERTEX_POINT ( 'NONE', #2240 ) ;
#8189 = ORIENTED_EDGE ( 'NONE', *, *, #7707, .T. ) ;
#8190 = CARTESIAN_POINT ( 'NONE',  ( 80.99728228756691806, -3.500000000000000000, -35.75000000000000000 ) ) ;
#8191 = CARTESIAN_POINT ( 'NONE',  ( 44.98292804986588322, 2.500000000000000000, 58.99999999999941735 ) ) ;
#8192 = ORIENTED_EDGE ( 'NONE', *, *, #8344, .F. ) ;
#8193 = CARTESIAN_POINT ( 'NONE',  ( 132.0000000000000000, -3.500000000000000000, -56.00000000000000711 ) ) ;
#8194 = EDGE_LOOP ( 'NONE', ( #9753, #10494, #1591, #1682 ) ) ;
#8195 = CARTESIAN_POINT ( 'NONE',  ( -27.78504933807234067, 2.500000000000000000, 16.10836839094013229 ) ) ;
#8196 = EDGE_CURVE ( 'NONE', #950, #8198, #10049, .T. ) ;
#8197 = CIRCLE ( 'NONE', #2772, 1.499999999999996891 ) ;
#8198 = VERTEX_POINT ( 'NONE', #10985 ) ;
#8199 = CARTESIAN_POINT ( 'NONE',  ( 39.50000000000052580, 2.500000000000000000, -55.99999999999945288 ) ) ;
#8200 = EDGE_CURVE ( 'NONE', #1748, #7081, #5008, .T. ) ;
#8201 = FACE_OUTER_BOUND ( 'NONE', #11516, .T. ) ;
#8202 = CIRCLE ( 'NONE', #3723, 1.000000000000000888 ) ;
#8203 = LINE ( 'NONE', #4525, #5783 ) ;
#8204 = CARTESIAN_POINT ( 'NONE',  ( 51.28783641408370642, -3.500000000000000000, -32.32140390234776106 ) ) ;
#8205 = ORIENTED_EDGE ( 'NONE', *, *, #2219, .T. ) ;
#8206 = EDGE_LOOP ( 'NONE', ( #6822, #5811, #4110, #3389 ) ) ;
#8207 = CARTESIAN_POINT ( 'NONE',  ( 88.27166405808893046, -3.500000000000000000, -20.18771224122698271 ) ) ;
#8208 = LINE ( 'NONE', #10688, #396 ) ;
#8209 = EDGE_CURVE ( 'NONE', #4310, #2428, #4182, .T. ) ;
#8210 = EDGE_CURVE ( 'NONE', #3647, #5561, #7817, .T. ) ;
#8211 = DIRECTION ( 'NONE',  ( 0.000000000000000000, 0.000000000000000000, 1.000000000000000000 ) ) ;
#8212 = ORIENTED_EDGE ( 'NONE', *, *, #8566, .T. ) ;
#8213 = CARTESIAN_POINT ( 'NONE',  ( 136.0000000000000000, 2.500000000000000000, -56.99999999999999289 ) ) ;
#8214 = AXIS2_PLACEMENT_3D ( 'NONE', #11546, #3511, #202 ) ;
#8215 = ORIENTED_EDGE ( 'NONE', *, *, #5945, .T. ) ;
#8216 = AXIS2_PLACEMENT_3D ( 'NONE', #6204, #3471, #10549 ) ;
#8217 = DIRECTION ( 'NONE',  ( 0.000000000000000000, 0.000000000000000000, 1.000000000000000000 ) ) ;
#8218 = CYLINDRICAL_SURFACE ( 'NONE', #5697, 1.500000000000001332 ) ;
#8219 = CARTESIAN_POINT ( 'NONE',  ( 130.1755253229044911, 2.500000000000000000, -14.92381331968869063 ) ) ;
#8220 = ORIENTED_EDGE ( 'NONE', *, *, #10203, .T. ) ;
#8221 = CARTESIAN_POINT ( 'NONE',  ( 129.6533256012082802, -3.500000000000000000, -55.13795634330070072 ) ) ;
#8222 = CARTESIAN_POINT ( 'NONE',  ( 74.01707195013517548, 2.500000000000000000, -52.99999999999920419 ) ) ;
#8223 = CIRCLE ( 'NONE', #11422, 2.000000000000003109 ) ;
#8224 = ORIENTED_EDGE ( 'NONE', *, *, #10001, .T. ) ;
#8225 = AXIS2_PLACEMENT_3D ( 'NONE', #4774, #3180, #10324 ) ;
#8226 = CARTESIAN_POINT ( 'NONE',  ( 45.49728228756692516, -3.500000000000000000, 34.25000000000000000 ) ) ;
#8227 = VERTEX_POINT ( 'NONE', #9454 ) ;
#8228 = ADVANCED_FACE ( 'NONE', ( #2543 ), #1419, .T. ) ;
#8229 = CARTESIAN_POINT ( 'NONE',  ( 127.5000000000002274, 2.500000000000000000, -7.500000000001957545 ) ) ;
#8230 = CARTESIAN_POINT ( 'NONE',  ( -24.37499999999999645, -3.500000000000000000, 3.000000000000000444 ) ) ;
#8231 = VERTEX_POINT ( 'NONE', #6865 ) ;
#8232 = CARTESIAN_POINT ( 'NONE',  ( 38.86226143540571343, -3.500000000000000000, -50.78887828550951156 ) ) ;
#8233 = CYLINDRICAL_SURFACE ( 'NONE', #9825, 1.000000000000000888 ) ;
#8234 = CARTESIAN_POINT ( 'NONE',  ( 74.01707195013517548, 2.500000000000000000, -53.99999999999920419 ) ) ;
#8235 = ORIENTED_EDGE ( 'NONE', *, *, #1510, .T. ) ;
#8236 = ORIENTED_EDGE ( 'NONE', *, *, #7830, .T. ) ;
#8237 = DIRECTION ( 'NONE',  ( 1.000000000000000000, -0.000000000000000000, 0.000000000000000000 ) ) ;
#8238 = VERTEX_POINT ( 'NONE', #2477 ) ;
#8239 = ADVANCED_FACE ( 'NONE', ( #7754 ), #8564, .F. ) ;
#8240 = CARTESIAN_POINT ( 'NONE',  ( 74.89434043811365882, -3.500000000000000000, 58.51999999999921442 ) ) ;
#8241 = DIRECTION ( 'NONE',  ( -0.000000000000000000, 1.000000000000000000, -0.000000000000000000 ) ) ;
#8242 = ADVANCED_FACE ( 'NONE', ( #3369 ), #5990, .F. ) ;
#8243 = EDGE_LOOP ( 'NONE', ( #9191, #873, #9448, #5356 ) ) ;
#8244 = ORIENTED_EDGE ( 'NONE', *, *, #10443, .T. ) ;
#8245 = PLANE ( 'NONE',  #6977 ) ;
#8246 = DIRECTION ( 'NONE',  ( 0.000000000000000000, -1.000000000000000000, 0.000000000000000000 ) ) ;
#8247 = ORIENTED_EDGE ( 'NONE', *, *, #8890, .T. ) ;
#8248 = DIRECTION ( 'NONE',  ( 0.000000000000000000, 0.000000000000000000, 1.000000000000000000 ) ) ;
#8249 = EDGE_LOOP ( 'NONE', ( #9613, #9607, #7784, #5743 ) ) ;
#8250 = VECTOR ( 'NONE', #7794, 1000.000000000000000 ) ;
#8251 = CARTESIAN_POINT ( 'NONE',  ( -3.123475382979884252, -3.500000000000000000, 53.99999999999977263 ) ) ;
#8252 = ORIENTED_EDGE ( 'NONE', *, *, #1891, .T. ) ;
#8253 = CARTESIAN_POINT ( 'NONE',  ( 82.51039864469777285, -3.500000000000000000, 59.00000000000000000 ) ) ;
#8254 = AXIS2_PLACEMENT_3D ( 'NONE', #2942, #2001, #7391 ) ;
#8255 = VECTOR ( 'NONE', #2529, 1000.000000000000000 ) ;
#8256 = DIRECTION ( 'NONE',  ( 0.000000000000000000, 1.000000000000000000, 0.000000000000000000 ) ) ;
#8257 = CYLINDRICAL_SURFACE ( 'NONE', #350, 1.000000000000000888 ) ;
#8258 = CARTESIAN_POINT ( 'NONE',  ( 89.45602203158698273, -3.500000000000000000, 33.37040607268358627 ) ) ;
#8259 = ORIENTED_EDGE ( 'NONE', *, *, #5726, .T. ) ;
#8260 = ORIENTED_EDGE ( 'NONE', *, *, #3210, .F. ) ;
#8261 = PLANE ( 'NONE',  #1549 ) ;
#8262 = VECTOR ( 'NONE', #4693, 1000.000000000000000 ) ;
#8263 = EDGE_CURVE ( 'NONE', #9428, #5570, #7808, .T. ) ;
#8264 = CARTESIAN_POINT ( 'NONE',  ( 132.0000000000000000, -3.500000000000000000, 56.00000000000000711 ) ) ;
#8265 = AXIS2_PLACEMENT_3D ( 'NONE', #7034, #2697, #1817 ) ;
#8266 = DIRECTION ( 'NONE',  ( 0.000000000000000000, 0.000000000000000000, 1.000000000000000000 ) ) ;
#8267 = VERTEX_POINT ( 'NONE', #1607 ) ;
#8268 = VECTOR ( 'NONE', #11310, 1000.000000000000000 ) ;
#8269 = CARTESIAN_POINT ( 'NONE',  ( 92.19713777471335447, -3.500000000000000000, -20.95625378212819712 ) ) ;
#8270 = DIRECTION ( 'NONE',  ( 0.9910643481421647083, 0.000000000000000000, -0.1333846237073302854 ) ) ;
#8271 = AXIS2_PLACEMENT_3D ( 'NONE', #1805, #8949, #3460 ) ;
#8272 = ORIENTED_EDGE ( 'NONE', *, *, #9749, .F. ) ;
#8273 = CIRCLE ( 'NONE', #11276, 1.000000000000000888 ) ;
#8274 = EDGE_CURVE ( 'NONE', #3619, #859, #5217, .T. ) ;
#8275 = FACE_OUTER_BOUND ( 'NONE', #6409, .T. ) ;
#8276 = CARTESIAN_POINT ( 'NONE',  ( 125.5000000000002274, 2.500000000000000000, -7.500000000001957545 ) ) ;
#8277 = EDGE_LOOP ( 'NONE', ( #11005, #3005 ) ) ;
#8278 = DIRECTION ( 'NONE',  ( 1.000000000000000000, 0.000000000000000000, 0.000000000000000000 ) ) ;
#8279 = EDGE_CURVE ( 'NONE', #5051, #9323, #9498, .T. ) ;
#8280 = DIRECTION ( 'NONE',  ( 0.000000000000000000, 0.000000000000000000, 1.000000000000000000 ) ) ;
#8281 = CIRCLE ( 'NONE', #1541, 1.000000000000000888 ) ;
#8282 = ORIENTED_EDGE ( 'NONE', *, *, #4149, .T. ) ;
#8283 = LINE ( 'NONE', #3843, #9037 ) ;
#8284 = ORIENTED_EDGE ( 'NONE', *, *, #2562, .F. ) ;
#8285 = CIRCLE ( 'NONE', #996, 1.499999999999996891 ) ;
#8286 = VECTOR ( 'NONE', #10398, 1000.000000000000000 ) ;
#8287 = CARTESIAN_POINT ( 'NONE',  ( 88.05394221400148069, 2.500000000000000000, 27.79532361463138912 ) ) ;
#8288 = DIRECTION ( 'NONE',  ( -0.000000000000000000, -1.000000000000000000, -0.000000000000000000 ) ) ;
#8289 = VERTEX_POINT ( 'NONE', #6988 ) ;
#8290 = AXIS2_PLACEMENT_3D ( 'NONE', #11053, #10285, #10173 ) ;
#8291 = DIRECTION ( 'NONE',  ( 0.000000000000000000, 1.000000000000000000, 0.000000000000000000 ) ) ;
#8292 = CARTESIAN_POINT ( 'NONE',  ( 45.49728228756692516, -3.500000000000000000, 34.25000000000000000 ) ) ;
#8293 = DIRECTION ( 'NONE',  ( 1.000000000000000000, 0.000000000000000000, 7.216449660063522246E-15 ) ) ;
#8295 = ORIENTED_EDGE ( 'NONE', *, *, #9210, .F. ) ;
#8294 = EDGE_CURVE ( 'NONE', #2608, #6473, #8005, .T. ) ;
#8296 = ORIENTED_EDGE ( 'NONE', *, *, #5435, .F. ) ;
#8297 = CARTESIAN_POINT ( 'NONE',  ( 91.50093993615007548, 2.500000000000000000, 24.51221812680892498 ) ) ;
#8298 = CIRCLE ( 'NONE', #2874, 5.500000000000018652 ) ;
#8299 = ADVANCED_FACE ( 'NONE', ( #5932 ), #10332, .F. ) ;
#8300 = VECTOR ( 'NONE', #6076, 1000.000000000000000 ) ;
#8301 = VECTOR ( 'NONE', #2409, 1000.000000000000000 ) ;
#8302 = VERTEX_POINT ( 'NONE', #8746 ) ;
#8303 = AXIS2_PLACEMENT_3D ( 'NONE', #7945, #1733, #5314 ) ;
#8304 = CYLINDRICAL_SURFACE ( 'NONE', #3881, 0.9999999999999991118 ) ;
#8305 = FACE_OUTER_BOUND ( 'NONE', #451, .T. ) ;
#8306 = ORIENTED_EDGE ( 'NONE', *, *, #2340, .F. ) ;
#8307 = EDGE_LOOP ( 'NONE', ( #6350, #6846, #4956, #290 ) ) ;
#8308 = AXIS2_PLACEMENT_3D ( 'NONE', #6955, #6015, #688 ) ;
#8309 = CARTESIAN_POINT ( 'NONE',  ( 27.69162479035540514, -3.500000000000000000, 8.673617379884035472E-16 ) ) ;
#8310 = DIRECTION ( 'NONE',  ( 0.000000000000000000, 0.000000000000000000, 1.000000000000000000 ) ) ;
#8311 = ORIENTED_EDGE ( 'NONE', *, *, #3813, .T. ) ;
#8312 = CARTESIAN_POINT ( 'NONE',  ( 45.49728228756692516, 2.500000000000000000, 34.25000000000000000 ) ) ;
#8313 = CIRCLE ( 'NONE', #4770, 5.500000000000001776 ) ;
#8314 = ADVANCED_FACE ( 'NONE', ( #723 ), #5059, .T. ) ;
#8315 = ORIENTED_EDGE ( 'NONE', *, *, #4666, .T. ) ;
#8316 = EDGE_CURVE ( 'NONE', #2043, #8038, #9689, .T. ) ;
#8317 = FACE_BOUND ( 'NONE', #7650, .T. ) ;
#8318 = ORIENTED_EDGE ( 'NONE', *, *, #4425, .F. ) ;
#8319 = CYLINDRICAL_SURFACE ( 'NONE', #10770, 3.000000000000002665 ) ;
#8320 = VECTOR ( 'NONE', #10580, 1000.000000000000000 ) ;
#8321 = CARTESIAN_POINT ( 'NONE',  ( -27.88348565673954127, 2.500000000000000000, 25.13002623698856652 ) ) ;
#8322 = DIRECTION ( 'NONE',  ( 0.000000000000000000, 1.000000000000000000, 0.000000000000000000 ) ) ;
#8323 = DIRECTION ( 'NONE',  ( 0.000000000000000000, 0.000000000000000000, 1.000000000000000000 ) ) ;
#8324 = ORIENTED_EDGE ( 'NONE', *, *, #8476, .T. ) ;
#8325 = ORIENTED_EDGE ( 'NONE', *, *, #9656, .T. ) ;
#8326 = CARTESIAN_POINT ( 'NONE',  ( -26.37499999999999645, -3.500000000000000000, -13.79999999999997939 ) ) ;
#8327 = EDGE_CURVE ( 'NONE', #6827, #475, #8620, .T. ) ;
#8328 = CIRCLE ( 'NONE', #3660, 1.250000000000001110 ) ;
#8329 = CARTESIAN_POINT ( 'NONE',  ( 92.19713777471338290, 2.500000000000000000, 20.95625378212801593 ) ) ;
#8330 = ADVANCED_FACE ( 'NONE', ( #595 ), #11453, .F. ) ;
#8331 = LINE ( 'NONE', #6571, #2694 ) ;
#8332 = DIRECTION ( 'NONE',  ( 1.000000000000000000, 0.000000000000000000, 0.000000000000000000 ) ) ;
#8333 = CARTESIAN_POINT ( 'NONE',  ( 76.88364003250396195, 2.500000000000000000, -50.32398374557552501 ) ) ;
#8334 = EDGE_LOOP ( 'NONE', ( #2045, #9093, #6119, #5020 ) ) ;
#8335 = FACE_OUTER_BOUND ( 'NONE', #2025, .T. ) ;
#8336 = ORIENTED_EDGE ( 'NONE', *, *, #1385, .F. ) ;
#8337 = CARTESIAN_POINT ( 'NONE',  ( 42.88550278537807969, -3.500000000000000000, 51.24596267471466859 ) ) ;
#8338 = CARTESIAN_POINT ( 'NONE',  ( 67.50000000000052580, 2.500000000000000000, 60.00000000000000000 ) ) ;
#8339 = ORIENTED_EDGE ( 'NONE', *, *, #2161, .T. ) ;
#8340 = EDGE_CURVE ( 'NONE', #11583, #7499, #9123, .T. ) ;
#8341 = LINE ( 'NONE', #427, #2300 ) ;
#8342 = ORIENTED_EDGE ( 'NONE', *, *, #11483, .F. ) ;
#8343 = CIRCLE ( 'NONE', #10914, 1.250000000000007994 ) ;
#8344 = EDGE_CURVE ( 'NONE', #6473, #3890, #10633, .T. ) ;
#8345 = CARTESIAN_POINT ( 'NONE',  ( 34.89434043811366593, -3.500000000000000000, 58.51999999999948443 ) ) ;
#8346 = DIRECTION ( 'NONE',  ( 0.000000000000000000, 0.000000000000000000, 1.000000000000000000 ) ) ;
#8347 = ORIENTED_EDGE ( 'NONE', *, *, #6263, .F. ) ;
#8348 = PLANE ( 'NONE',  #8290 ) ;
#8349 = DIRECTION ( 'NONE',  ( -0.000000000000000000, -0.000000000000000000, 1.000000000000000000 ) ) ;
#8350 = DIRECTION ( 'NONE',  ( 0.000000000000000000, 0.000000000000000000, -1.000000000000000000 ) ) ;
#8351 = ORIENTED_EDGE ( 'NONE', *, *, #4221, .F. ) ;
#8352 = ORIENTED_EDGE ( 'NONE', *, *, #7098, .T. ) ;
#8353 = DIRECTION ( 'NONE',  ( 0.000000000000000000, 1.000000000000000000, 0.000000000000000000 ) ) ;
#8354 = ORIENTED_EDGE ( 'NONE', *, *, #8787, .T. ) ;
#8355 = EDGE_CURVE ( 'NONE', #6176, #6714, #3889, .T. ) ;
#8356 = CARTESIAN_POINT ( 'NONE',  ( 48.34041134556223795, -3.500000000000000000, -29.54185629365642285 ) ) ;
#8357 = VECTOR ( 'NONE', #10299, 1000.000000000000000 ) ;
#8358 = VERTEX_POINT ( 'NONE', #6225 ) ;
#8359 = EDGE_CURVE ( 'NONE', #5434, #11458, #4830, .T. ) ;
#8360 = ORIENTED_EDGE ( 'NONE', *, *, #2478, .T. ) ;
#8361 = ORIENTED_EDGE ( 'NONE', *, *, #10088, .F. ) ;
#8362 = CARTESIAN_POINT ( 'NONE',  ( 7.123475382979927772, -3.500000000000000000, 53.99999999999968736 ) ) ;
#8363 = LINE ( 'NONE', #10194, #3417 ) ;
#8364 = ORIENTED_EDGE ( 'NONE', *, *, #6527, .F. ) ;
#8365 = CARTESIAN_POINT ( 'NONE',  ( 89.24999999999994316, -3.500000000000000000, 25.60000000009224408 ) ) ;
#8366 = AXIS2_PLACEMENT_3D ( 'NONE', #5428, #9764, #4660 ) ;
#8367 = ORIENTED_EDGE ( 'NONE', *, *, #11045, .F. ) ;
#8368 = VECTOR ( 'NONE', #1922, 1000.000000000000000 ) ;
#8369 = CARTESIAN_POINT ( 'NONE',  ( 46.64745459439107123, -3.500000000000000000, 39.62839229367055793 ) ) ;
#8370 = ORIENTED_EDGE ( 'NONE', *, *, #10764, .F. ) ;
#8371 = CYLINDRICAL_SURFACE ( 'NONE', #8144, 1.499999999999994449 ) ;
#8372 = DIRECTION ( 'NONE',  ( 1.000000000000000000, 0.000000000000000000, 7.692556537664882126E-15 ) ) ;
#8373 = ADVANCED_FACE ( 'NONE', ( #9922 ), #9, .F. ) ;
#8374 = AXIS2_PLACEMENT_3D ( 'NONE', #6469, #8512, #7513 ) ;
#8375 = DIRECTION ( 'NONE',  ( -0.000000000000000000, -1.000000000000000000, -0.000000000000000000 ) ) ;
#8376 = EDGE_CURVE ( 'NONE', #6885, #10078, #10801, .T. ) ;
#8377 = VECTOR ( 'NONE', #7776, 1000.000000000000000 ) ;
#8378 = CARTESIAN_POINT ( 'NONE',  ( -26.94642857142856940, -3.500000000000000000, -10.42104741743151486 ) ) ;
#8379 = LINE ( 'NONE', #3167, #9811 ) ;
#8380 = ORIENTED_EDGE ( 'NONE', *, *, #2639, .F. ) ;
#8381 = ORIENTED_EDGE ( 'NONE', *, *, #6011, .T. ) ;
#8382 = CARTESIAN_POINT ( 'NONE',  ( 125.4791691109702327, -3.500000000000000000, -41.22410137583474210 ) ) ;
#8383 = VECTOR ( 'NONE', #4575, 1000.000000000000000 ) ;
#8384 = CARTESIAN_POINT ( 'NONE',  ( 80.99728228756691806, -3.500000000000000000, 34.25000000000000000 ) ) ;
#8385 = VECTOR ( 'NONE', #5096, 1000.000000000000000 ) ;
#8386 = ADVANCED_FACE ( 'NONE', ( #8042 ), #2764, .T. ) ;
#8387 = DIRECTION ( 'NONE',  ( -0.000000000000000000, -1.000000000000000000, -0.000000000000000000 ) ) ;
#8388 = EDGE_CURVE ( 'NONE', #690, #1390, #509, .T. ) ;
#8389 = CARTESIAN_POINT ( 'NONE',  ( 83.08694453782732126, -3.500000000000000000, -29.16243558469903974 ) ) ;
#8390 = FACE_OUTER_BOUND ( 'NONE', #7870, .T. ) ;
#8391 = VERTEX_POINT ( 'NONE', #7986 ) ;
#8392 = DIRECTION ( 'NONE',  ( -0.000000000000000000, -1.000000000000000000, -0.000000000000000000 ) ) ;
#8393 = ORIENTED_EDGE ( 'NONE', *, *, #3779, .F. ) ;
#8394 = AXIS2_PLACEMENT_3D ( 'NONE', #4697, #296, #10032 ) ;
#8395 = CARTESIAN_POINT ( 'NONE',  ( 79.50000000000051159, -3.500000000000000000, 55.99999999999916866 ) ) ;
#8396 = AXIS2_PLACEMENT_3D ( 'NONE', #4958, #3195, #8403 ) ;
#8397 = CARTESIAN_POINT ( 'NONE',  ( 56.74999999999997868, -3.500000000000000000, 27.10000000009223697 ) ) ;
#8398 = EDGE_LOOP ( 'NONE', ( #11240, #9333, #7770, #1440 ) ) ;
#8399 = AXIS2_PLACEMENT_3D ( 'NONE', #9574, #3435, #6181 ) ;
#8400 = LINE ( 'NONE', #7580, #7351 ) ;
#8401 = ORIENTED_EDGE ( 'NONE', *, *, #3730, .F. ) ;
#8402 = CARTESIAN_POINT ( 'NONE',  ( 2.000000000000007994, 2.500000000000000000, -50.49999999999999289 ) ) ;
#8403 = DIRECTION ( 'NONE',  ( 0.000000000000000000, 0.000000000000000000, 1.000000000000000000 ) ) ;
#8404 = ORIENTED_EDGE ( 'NONE', *, *, #10793, .T. ) ;
#8405 = DIRECTION ( 'NONE',  ( 0.2658170578869502587, 0.000000000000000000, 0.9640234912782601473 ) ) ;
#8406 = DIRECTION ( 'NONE',  ( 0.000000000000000000, 1.000000000000000000, 0.000000000000000000 ) ) ;
#8407 = CARTESIAN_POINT ( 'NONE',  ( 124.2723375339472227, -3.500000000000000000, 31.04241163433085759 ) ) ;
#8408 = ORIENTED_EDGE ( 'NONE', *, *, #7932, .T. ) ;
#8409 = ORIENTED_EDGE ( 'NONE', *, *, #5351, .F. ) ;
#8410 = CARTESIAN_POINT ( 'NONE',  ( -26.56270587296968699, -3.500000000000000000, 15.26820385150701931 ) ) ;
#8411 = VECTOR ( 'NONE', #11204, 1000.000000000000000 ) ;
#8412 = ADVANCED_FACE ( 'NONE', ( #9867 ), #781, .F. ) ;
#8413 = ORIENTED_EDGE ( 'NONE', *, *, #10855, .F. ) ;
#8414 = CARTESIAN_POINT ( 'NONE',  ( 39.50000000000052580, 2.500000000000000000, -54.74999999999945288 ) ) ;
#8415 = ORIENTED_EDGE ( 'NONE', *, *, #643, .F. ) ;
#8416 = CARTESIAN_POINT ( 'NONE',  ( 80.99728228756691806, -3.500000000000000000, 34.25000000000000000 ) ) ;
#8417 = CIRCLE ( 'NONE', #3388, 5.250000000000004441 ) ;
#8418 = ORIENTED_EDGE ( 'NONE', *, *, #2241, .T. ) ;
#8419 = DIRECTION ( 'NONE',  ( 0.000000000000000000, 1.000000000000000000, -0.000000000000000000 ) ) ;
#8420 = CARTESIAN_POINT ( 'NONE',  ( -28.70982142857142350, 2.500000000000000000, -18.50000000000001066 ) ) ;
#8421 = ORIENTED_EDGE ( 'NONE', *, *, #9278, .T. ) ;
#8422 = CARTESIAN_POINT ( 'NONE',  ( 45.49728228756692516, -3.500000000000000000, -34.25000000000000000 ) ) ;
#8423 = ADVANCED_FACE ( 'NONE', ( #11573 ), #7105, .T. ) ;
#8424 = VERTEX_POINT ( 'NONE', #5301 ) ;
#8425 = EDGE_CURVE ( 'NONE', #8531, #8391, #7930, .T. ) ;
#8426 = DIRECTION ( 'NONE',  ( -1.000000000000000000, 0.000000000000000000, -0.000000000000000000 ) ) ;
#8427 = ORIENTED_EDGE ( 'NONE', *, *, #11045, .T. ) ;
#8428 = CARTESIAN_POINT ( 'NONE',  ( -30.00000000000000355, -3.500000000000000000, -55.99999999999997868 ) ) ;
#8429 = CYLINDRICAL_SURFACE ( 'NONE', #8216, 1.499999999999997780 ) ;
#8430 = CARTESIAN_POINT ( 'NONE',  ( 81.58112528401703401, -3.500000000000000000, 54.89030745148533441 ) ) ;
#8431 = PLANE ( 'NONE',  #631 ) ;
#8432 = ORIENTED_EDGE ( 'NONE', *, *, #8344, .T. ) ;
#8433 = ORIENTED_EDGE ( 'NONE', *, *, #7895, .T. ) ;
#8434 = CARTESIAN_POINT ( 'NONE',  ( 129.5000000000002274, -3.500000000000000000, -7.500000000001957545 ) ) ;
#8435 = DIRECTION ( 'NONE',  ( -0.000000000000000000, 1.000000000000000000, -0.000000000000000000 ) ) ;
#8436 = EDGE_CURVE ( 'NONE', #11137, #1390, #4581, .T. ) ;
#8437 = AXIS2_PLACEMENT_3D ( 'NONE', #11440, #5171, #4464 ) ;
#8438 = CYLINDRICAL_SURFACE ( 'NONE', #9814, 5.499999999999998224 ) ;
#8439 = ORIENTED_EDGE ( 'NONE', *, *, #4282, .F. ) ;
#8440 = DIRECTION ( 'NONE',  ( 0.06867802390884975017, 0.000000000000000000, -0.9976388770652312443 ) ) ;
#8441 = DIRECTION ( 'NONE',  ( 0.000000000000000000, 0.000000000000000000, -1.000000000000000000 ) ) ;
#8442 = ORIENTED_EDGE ( 'NONE', *, *, #1588, .T. ) ;
#8443 = CIRCLE ( 'NONE', #1341, 5.500000000000001776 ) ;
#8444 = CARTESIAN_POINT ( 'NONE',  ( 127.5000000000002274, -3.500000000000000000, 10.50000000000195222 ) ) ;
#8445 = ORIENTED_EDGE ( 'NONE', *, *, #9802, .F. ) ;
#8446 = VECTOR ( 'NONE', #11133, 1000.000000000000000 ) ;
#8447 = DIRECTION ( 'NONE',  ( 0.000000000000000000, 1.000000000000000000, 0.000000000000000000 ) ) ;
#8448 = EDGE_CURVE ( 'NONE', #8542, #8040, #9812, .T. ) ;
#8449 = DIRECTION ( 'NONE',  ( -1.000000000000000000, 0.000000000000000000, 1.321694076934709021E-15 ) ) ;
#8450 = EDGE_CURVE ( 'NONE', #3201, #7994, #11129, .T. ) ;
#8451 = ORIENTED_EDGE ( 'NONE', *, *, #6499, .T. ) ;
#8452 = CIRCLE ( 'NONE', #3792, 1.000000000000000888 ) ;
#8453 = VECTOR ( 'NONE', #564, 1000.000000000000227 ) ;
#8454 = CYLINDRICAL_SURFACE ( 'NONE', #7728, 5.499999999999994671 ) ;
#8455 = VERTEX_POINT ( 'NONE', #2649 ) ;
#8456 = CARTESIAN_POINT ( 'NONE',  ( 46.24055067520988160, -3.500000000000000000, -31.86304543320769866 ) ) ;
#8457 = CARTESIAN_POINT ( 'NONE',  ( -26.64589803375033128, 2.500000000000000000, -59.00000000000000000 ) ) ;
#8458 = ORIENTED_EDGE ( 'NONE', *, *, #5105, .F. ) ;
#8459 = CARTESIAN_POINT ( 'NONE',  ( 95.25000000000153477, -3.500000000000000000, 37.99999999999690203 ) ) ;
#8460 = DIRECTION ( 'NONE',  ( -1.000000000000000000, 0.000000000000000000, 0.000000000000000000 ) ) ;
#8461 = CARTESIAN_POINT ( 'NONE',  ( 39.50000000000052580, 2.500000000000000000, -55.99999999999945288 ) ) ;
#8462 = CIRCLE ( 'NONE', #7346, 6.000000000000001776 ) ;
#8463 = ORIENTED_EDGE ( 'NONE', *, *, #8672, .F. ) ;
#8464 = EDGE_LOOP ( 'NONE', ( #7667, #7308 ) ) ;
#8465 = FACE_OUTER_BOUND ( 'NONE', #224, .T. ) ;
#8466 = EDGE_CURVE ( 'NONE', #1810, #5673, #1779, .T. ) ;
#8467 = ORIENTED_EDGE ( 'NONE', *, *, #3328, .F. ) ;
#8468 = VECTOR ( 'NONE', #10260, 1000.000000000000000 ) ;
#8469 = AXIS2_PLACEMENT_3D ( 'NONE', #3548, #1016, #8099 ) ;
#8470 = EDGE_CURVE ( 'NONE', #5775, #10579, #897, .T. ) ;
#8471 = CARTESIAN_POINT ( 'NONE',  ( 126.0000000000015490, 2.500000000000000000, -35.99999999999688782 ) ) ;
#8472 = ORIENTED_EDGE ( 'NONE', *, *, #604, .F. ) ;
#8473 = AXIS2_PLACEMENT_3D ( 'NONE', #1750, #5213, #9536 ) ;
#8474 = CARTESIAN_POINT ( 'NONE',  ( 84.98292804986539295, 2.500000000000000000, 57.99999999999998579 ) ) ;
#8475 = EDGE_LOOP ( 'NONE', ( #3465, #1366, #9285, #4700, #1379, #965, #8662, #3897, #2971, #11057, #7011, #3722, #4864, #7268, #7775, #4692, #6743, #6153, #9708, #446, #1124 ) ) ;
#8476 = EDGE_CURVE ( 'NONE', #9938, #11343, #7563, .T. ) ;
#8477 = DIRECTION ( 'NONE',  ( 0.000000000000000000, 0.000000000000000000, 1.000000000000000000 ) ) ;
#8478 = DIRECTION ( 'NONE',  ( 0.000000000000000000, 0.000000000000000000, -1.000000000000000000 ) ) ;
#8479 = CIRCLE ( 'NONE', #7929, 6.000000000000001776 ) ;
#8480 = ORIENTED_EDGE ( 'NONE', *, *, #1465, .F. ) ;
#8481 = DIRECTION ( 'NONE',  ( -0.000000000000000000, -1.000000000000000000, -0.000000000000000000 ) ) ;
#8482 = AXIS2_PLACEMENT_3D ( 'NONE', #10869, #9882, #8109 ) ;
#8483 = VECTOR ( 'NONE', #4356, 1000.000000000000000 ) ;
#8484 = EDGE_LOOP ( 'NONE', ( #6765, #11197, #2601, #1961 ) ) ;
#8485 = VECTOR ( 'NONE', #4198, 1000.000000000000000 ) ;
#8486 = CARTESIAN_POINT ( 'NONE',  ( -31.00000000000000000, 2.500000000000000000, 56.99999999999999289 ) ) ;
#8487 = VECTOR ( 'NONE', #1189, 1000.000000000000000 ) ;
#8488 = CARTESIAN_POINT ( 'NONE',  ( 126.0000000000015490, -3.500000000000000000, 37.24999999999689493 ) ) ;
#8489 = DIRECTION ( 'NONE',  ( -0.000000000000000000, -1.000000000000000000, -0.000000000000000000 ) ) ;
#8490 = VECTOR ( 'NONE', #11269, 1000.000000000000000 ) ;
#8491 = CIRCLE ( 'NONE', #1584, 1.250000000000001110 ) ;
#8492 = EDGE_CURVE ( 'NONE', #189, #9003, #4529, .T. ) ;
#8493 = EDGE_LOOP ( 'NONE', ( #2499, #4819, #4421, #10356 ) ) ;
#8494 = VECTOR ( 'NONE', #4487, 1000.000000000000000 ) ;
#8495 = ADVANCED_FACE ( 'NONE', ( #3659 ), #1010, .T. ) ;
#8496 = LINE ( 'NONE', #465, #1852 ) ;
#8497 = DIRECTION ( 'NONE',  ( 0.000000000000000000, 0.000000000000000000, -1.000000000000000000 ) ) ;
#8498 = VERTEX_POINT ( 'NONE', #9205 ) ;
#8499 = DIRECTION ( 'NONE',  ( -0.000000000000000000, 1.000000000000000000, -0.000000000000000000 ) ) ;
#8500 = ORIENTED_EDGE ( 'NONE', *, *, #11217, .T. ) ;
#8501 = CARTESIAN_POINT ( 'NONE',  ( 88.92248353675768158, -3.500000000000000000, 37.33466346525224822 ) ) ;
#8502 = FACE_OUTER_BOUND ( 'NONE', #441, .T. ) ;
#8503 = EDGE_CURVE ( 'NONE', #8765, #1475, #301, .T. ) ;
#8504 = CYLINDRICAL_SURFACE ( 'NONE', #254, 5.250000000000004441 ) ;
#8506 = EDGE_CURVE ( 'NONE', #10725, #11531, #7443, .T. ) ;
#8505 = ORIENTED_EDGE ( 'NONE', *, *, #5810, .F. ) ;
#8507 = DIRECTION ( 'NONE',  ( -0.000000000000000000, 1.000000000000000000, -0.000000000000000000 ) ) ;
#8508 = CARTESIAN_POINT ( 'NONE',  ( 89.24999999999995737, -3.500000000000000000, -24.10000000009246079 ) ) ;
#8509 = EDGE_LOOP ( 'NONE', ( #11010, #4032 ) ) ;
#8510 = DIRECTION ( 'NONE',  ( -0.000000000000000000, -1.000000000000000000, -0.000000000000000000 ) ) ;
#8511 = ORIENTED_EDGE ( 'NONE', *, *, #3588, .T. ) ;
#8512 = DIRECTION ( 'NONE',  ( 0.000000000000000000, 1.000000000000000000, 0.000000000000000000 ) ) ;
#8513 = DIRECTION ( 'NONE',  ( 0.000000000000000000, 1.000000000000000000, 0.000000000000000000 ) ) ;
#8514 = ORIENTED_EDGE ( 'NONE', *, *, #5418, .T. ) ;
#8515 = DIRECTION ( 'NONE',  ( 0.000000000000000000, 1.000000000000000000, 0.000000000000000000 ) ) ;
#8516 = EDGE_LOOP ( 'NONE', ( #2379, #553 ) ) ;
#8517 = EDGE_CURVE ( 'NONE', #8813, #9975, #1184, .T. ) ;
#8518 = DIRECTION ( 'NONE',  ( 0.000000000000000000, 0.000000000000000000, 1.000000000000000000 ) ) ;
#8519 = CARTESIAN_POINT ( 'NONE',  ( 92.50000000000022737, 2.500000000000000000, -9.000000000001710632 ) ) ;
#8520 = VERTEX_POINT ( 'NONE', #8326 ) ;
#8521 = ADVANCED_FACE ( 'NONE', ( #2172 ), #8261, .T. ) ;
#8522 = DIRECTION ( 'NONE',  ( 0.000000000000000000, 0.000000000000000000, 1.000000000000000000 ) ) ;
#8523 = CARTESIAN_POINT ( 'NONE',  ( 77.59056977575610858, 2.500000000000000000, -54.61559535584993341 ) ) ;
#8524 = DIRECTION ( 'NONE',  ( 0.000000000000000000, 1.000000000000000000, 0.000000000000000000 ) ) ;
#8525 = DIRECTION ( 'NONE',  ( -0.000000000000000000, -1.000000000000000000, -0.000000000000000000 ) ) ;
#8526 = EDGE_LOOP ( 'NONE', ( #7280, #851, #7476, #10659 ) ) ;
#8527 = ORIENTED_EDGE ( 'NONE', *, *, #7751, .T. ) ;
#8528 = CARTESIAN_POINT ( 'NONE',  ( 125.5000000000002274, -3.500000000000000000, -7.500000000001957545 ) ) ;
#8529 = ORIENTED_EDGE ( 'NONE', *, *, #2346, .F. ) ;
#8530 = DIRECTION ( 'NONE',  ( 0.000000000000000000, 1.000000000000000000, 0.000000000000000000 ) ) ;
#8531 = VERTEX_POINT ( 'NONE', #10211 ) ;
#8532 = FACE_OUTER_BOUND ( 'NONE', #2542, .T. ) ;
#8533 = VERTEX_POINT ( 'NONE', #3053 ) ;
#8534 = ADVANCED_FACE ( 'NONE', ( #5751 ), #3000, .T. ) ;
#8535 = PLANE ( 'NONE',  #3624 ) ;
#8536 = CYLINDRICAL_SURFACE ( 'NONE', #10719, 6.000000000000002665 ) ;
#8537 = CARTESIAN_POINT ( 'NONE',  ( 79.50000000000051159, -3.500000000000000000, 55.99999999999916866 ) ) ;
#8538 = ORIENTED_EDGE ( 'NONE', *, *, #5389, .T. ) ;
#8539 = CARTESIAN_POINT ( 'NONE',  ( 129.4911603522845667, -3.500000000000000000, 40.67699683500193686 ) ) ;
#8540 = CYLINDRICAL_SURFACE ( 'NONE', #2155, 3.000000000000002665 ) ;
#8541 = CARTESIAN_POINT ( 'NONE',  ( 38.86226143540571343, -3.500000000000000000, -50.78887828550951156 ) ) ;
#8542 = VERTEX_POINT ( 'NONE', #8382 ) ;
#8543 = VECTOR ( 'NONE', #10288, 1000.000000000000000 ) ;
#8544 = CARTESIAN_POINT ( 'NONE',  ( 78.60598772863292538, -3.500000000000000000, -39.86531035049824823 ) ) ;
#8545 = DIRECTION ( 'NONE',  ( 0.000000000000000000, 0.000000000000000000, -1.000000000000000000 ) ) ;
#8546 = ORIENTED_EDGE ( 'NONE', *, *, #2179, .F. ) ;
#8547 = CARTESIAN_POINT ( 'NONE',  ( 132.0000000000000000, -3.500000000000000000, 56.00000000000000711 ) ) ;
#8548 = VECTOR ( 'NONE', #3690, 1000.000000000000000 ) ;
#8549 = ORIENTED_EDGE ( 'NONE', *, *, #11222, .T. ) ;
#8550 = CARTESIAN_POINT ( 'NONE',  ( 36.48960135530299453, -3.500000000000000000, -59.00000000000000000 ) ) ;
#8551 = EDGE_CURVE ( 'NONE', #3564, #6497, #9982, .T. ) ;
#8552 = LINE ( 'NONE', #4234, #5835 ) ;
#8553 = ADVANCED_FACE ( 'NONE', ( #1240 ), #7500, .F. ) ;
#8554 = VECTOR ( 'NONE', #11101, 1000.000000000000000 ) ;
#8555 = AXIS2_PLACEMENT_3D ( 'NONE', #3508, #11418, #6832 ) ;
#8556 = DIRECTION ( 'NONE',  ( -1.000000000000000000, 0.000000000000000000, 0.000000000000000000 ) ) ;
#8557 = ORIENTED_EDGE ( 'NONE', *, *, #8071, .F. ) ;
#8558 = DIRECTION ( 'NONE',  ( 0.000000000000000000, 0.000000000000000000, -1.000000000000000000 ) ) ;
#8559 = DIRECTION ( 'NONE',  ( -0.000000000000000000, -1.000000000000000000, -0.000000000000000000 ) ) ;
#8560 = VERTEX_POINT ( 'NONE', #8207 ) ;
#8561 = FACE_OUTER_BOUND ( 'NONE', #10305, .T. ) ;
#8562 = AXIS2_PLACEMENT_3D ( 'NONE', #3737, #2851, #5554 ) ;
#8563 = EDGE_LOOP ( 'NONE', ( #4945, #9852, #10769, #11519 ) ) ;
#8564 = PLANE ( 'NONE',  #2580 ) ;
#8565 = EDGE_CURVE ( 'NONE', #9846, #7008, #2114, .T. ) ;
#8566 = EDGE_CURVE ( 'NONE', #4276, #390, #11087, .T. ) ;
#8567 = DIRECTION ( 'NONE',  ( 0.000000000000000000, 0.000000000000000000, 1.000000000000000000 ) ) ;
#8568 = ADVANCED_FACE ( 'NONE', ( #4878 ), #6510, .T. ) ;
#8569 = ORIENTED_EDGE ( 'NONE', *, *, #2639, .T. ) ;
#8570 = DIRECTION ( 'NONE',  ( 0.000000000000000000, 0.000000000000000000, 1.000000000000000000 ) ) ;
#8571 = LINE ( 'NONE', #6996, #60 ) ;
#8572 = VERTEX_POINT ( 'NONE', #7562 ) ;
#8573 = DIRECTION ( 'NONE',  ( -1.000000000000000000, 0.000000000000000000, 1.321694076934709021E-15 ) ) ;
#8574 = DIRECTION ( 'NONE',  ( 1.000000000000000000, 0.000000000000000000, 0.000000000000000000 ) ) ;
#8575 = ORIENTED_EDGE ( 'NONE', *, *, #2374, .F. ) ;
#8576 = CIRCLE ( 'NONE', #1855, 5.250000000000004441 ) ;
#8577 = DIRECTION ( 'NONE',  ( 0.000000000000000000, -1.000000000000000000, 0.000000000000000000 ) ) ;
#8578 = CARTESIAN_POINT ( 'NONE',  ( 94.00000000000153477, 2.500000000000000000, -35.99999999999690203 ) ) ;
#8579 = CARTESIAN_POINT ( 'NONE',  ( 128.0662582309404627, -3.500000000000000000, 34.86286459773508284 ) ) ;
#8580 = LINE ( 'NONE', #8707, #702 ) ;
#8581 = ORIENTED_EDGE ( 'NONE', *, *, #3530, .F. ) ;
#8582 = VERTEX_POINT ( 'NONE', #11147 ) ;
#8583 = CARTESIAN_POINT ( 'NONE',  ( 77.30225762730341899, -3.500000000000000000, 51.23214634628330799 ) ) ;
#8584 = VERTEX_POINT ( 'NONE', #6683 ) ;
#8585 = EDGE_CURVE ( 'NONE', #5492, #3107, #3824, .T. ) ;
#8586 = CARTESIAN_POINT ( 'NONE',  ( 129.7371487755050623, -3.500000000000000000, 39.68730511752550427 ) ) ;
#8587 = ORIENTED_EDGE ( 'NONE', *, *, #10650, .F. ) ;
#8588 = LINE ( 'NONE', #351, #7940 ) ;
#8589 = LINE ( 'NONE', #1504, #6858 ) ;
#8590 = ORIENTED_EDGE ( 'NONE', *, *, #3499, .T. ) ;
#8591 = CARTESIAN_POINT ( 'NONE',  ( 129.7639060424576769, -3.500000000000000000, -14.01245742435226660 ) ) ;
#8592 = CARTESIAN_POINT ( 'NONE',  ( 84.98292804986539295, 2.500000000000000000, -57.99999999999998579 ) ) ;
#8593 = VECTOR ( 'NONE', #7521, 1000.000000000000000 ) ;
#8594 = DIRECTION ( 'NONE',  ( -0.000000000000000000, 1.000000000000000000, -0.000000000000000000 ) ) ;
#8595 = CIRCLE ( 'NONE', #10103, 1.250000000000007994 ) ;
#8596 = ORIENTED_EDGE ( 'NONE', *, *, #8085, .T. ) ;
#8597 = ADVANCED_FACE ( 'NONE', ( #2226 ), #182, .T. ) ;
#8598 = CARTESIAN_POINT ( 'NONE',  ( -28.70982142857142350, 2.500000000000000000, -21.50000000000000355 ) ) ;
#8599 = ADVANCED_FACE ( 'NONE', ( #7326 ), #10036, .T. ) ;
#8600 = AXIS2_PLACEMENT_3D ( 'NONE', #6398, #8101, #7112 ) ;
#8601 = CARTESIAN_POINT ( 'NONE',  ( 74.55824046833656382, 2.500000000000000000, -35.13811060696434652 ) ) ;
#8602 = DIRECTION ( 'NONE',  ( 0.1921353852253143424, 0.000000000000000000, 0.9813684291561045603 ) ) ;
#8603 = EDGE_CURVE ( 'NONE', #10309, #5438, #5638, .T. ) ;
#8604 = VERTEX_POINT ( 'NONE', #5174 ) ;
#8605 = DIRECTION ( 'NONE',  ( 1.000000000000000000, 0.000000000000000000, 0.000000000000000000 ) ) ;
#8606 = DIRECTION ( 'NONE',  ( 0.1327433628318585301, 0.000000000000000000, -0.9911504424778759814 ) ) ;
#8607 = EDGE_LOOP ( 'NONE', ( #10483, #9507, #11590, #4742 ) ) ;
#8608 = DIRECTION ( 'NONE',  ( 1.000000000000000000, 0.000000000000000000, -7.692556537664882126E-15 ) ) ;
#8609 = ORIENTED_EDGE ( 'NONE', *, *, #7483, .T. ) ;
#8610 = CARTESIAN_POINT ( 'NONE',  ( 56.74999999999997868, -3.500000000000000000, -25.60000000009224763 ) ) ;
#8611 = CARTESIAN_POINT ( 'NONE',  ( 42.20732815255049530, 2.500000000000000000, -38.65751651040450554 ) ) ;
#8612 = DIRECTION ( 'NONE',  ( 0.000000000000000000, 1.000000000000000000, 0.000000000000000000 ) ) ;
#8613 = ORIENTED_EDGE ( 'NONE', *, *, #4100, .T. ) ;
#8614 = DIRECTION ( 'NONE',  ( 0.000000000000000000, 0.000000000000000000, 1.000000000000000000 ) ) ;
#8615 = DIRECTION ( 'NONE',  ( 0.000000000000000000, 0.000000000000000000, 1.000000000000000000 ) ) ;
#8616 = VERTEX_POINT ( 'NONE', #1523 ) ;
#8617 = ADVANCED_FACE ( 'NONE', ( #3413 ), #9618, .F. ) ;
#8618 = DIRECTION ( 'NONE',  ( 0.000000000000000000, 1.000000000000000000, 0.000000000000000000 ) ) ;
#8619 = ORIENTED_EDGE ( 'NONE', *, *, #2289, .F. ) ;
#8620 = LINE ( 'NONE', #1664, #5941 ) ;
#8621 = CIRCLE ( 'NONE', #3772, 1.000000000000000888 ) ;
#8622 = CARTESIAN_POINT ( 'NONE',  ( 89.55286222528677342, -3.500000000000000000, -13.64374621796593345 ) ) ;
#8623 = AXIS2_PLACEMENT_3D ( 'NONE', #225, #9082, #3807 ) ;
#8624 = EDGE_LOOP ( 'NONE', ( #8463, #4772, #320, #3763 ) ) ;
#8625 = DIRECTION ( 'NONE',  ( 0.000000000000000000, 1.000000000000000000, 0.000000000000000000 ) ) ;
#8626 = DIRECTION ( 'NONE',  ( 0.9911504424778760924, -0.000000000000000000, 0.1327433628318585856 ) ) ;
#8627 = ORIENTED_EDGE ( 'NONE', *, *, #620, .T. ) ;
#8628 = VECTOR ( 'NONE', #1171, 1000.000000000000000 ) ;
#8629 = ADVANCED_FACE ( 'NONE', ( #651 ), #3355, .F. ) ;
#8630 = DIRECTION ( 'NONE',  ( 0.000000000000000000, 0.000000000000000000, -1.000000000000000000 ) ) ;
#8631 = FACE_OUTER_BOUND ( 'NONE', #6072, .T. ) ;
#8632 = VECTOR ( 'NONE', #5624, 1000.000000000000000 ) ;
#8633 = ORIENTED_EDGE ( 'NONE', *, *, #4282, .T. ) ;
#8634 = EDGE_CURVE ( 'NONE', #11286, #9428, #6979, .T. ) ;
#8635 = DIRECTION ( 'NONE',  ( 0.000000000000000000, 1.000000000000000000, 0.000000000000000000 ) ) ;
#8636 = CARTESIAN_POINT ( 'NONE',  ( 42.51039864469806417, -3.500000000000000000, -60.00000000000000000 ) ) ;
#8637 = DIRECTION ( 'NONE',  ( 1.000000000000000000, 0.000000000000000000, 0.000000000000000000 ) ) ;
#8638 = CARTESIAN_POINT ( 'NONE',  ( 89.24999999999994316, -3.500000000000000000, 24.10000000009224408 ) ) ;
#8639 = VERTEX_POINT ( 'NONE', #10316 ) ;
#8640 = VERTEX_POINT ( 'NONE', #6740 ) ;
#8641 = DIRECTION ( 'NONE',  ( 0.000000000000000000, 1.000000000000000000, 0.000000000000000000 ) ) ;
#8642 = VECTOR ( 'NONE', #5968, 1000.000000000000000 ) ;
#8643 = AXIS2_PLACEMENT_3D ( 'NONE', #4861, #3863, #3917 ) ;
#8644 = VERTEX_POINT ( 'NONE', #1464 ) ;
#8645 = CARTESIAN_POINT ( 'NONE',  ( -30.00000000000000355, -3.500000000000000000, 54.49999999999997868 ) ) ;
#8646 = ORIENTED_EDGE ( 'NONE', *, *, #9802, .T. ) ;
#8647 = EDGE_CURVE ( 'NONE', #2683, #10051, #4183, .T. ) ;
#8648 = FACE_OUTER_BOUND ( 'NONE', #8493, .T. ) ;
#8649 = DIRECTION ( 'NONE',  ( 1.000000000000000000, 0.000000000000000000, 0.000000000000000000 ) ) ;
#8650 = VERTEX_POINT ( 'NONE', #8501 ) ;
#8651 = AXIS2_PLACEMENT_3D ( 'NONE', #9466, #4082, #6763 ) ;
#8652 = EDGE_CURVE ( 'NONE', #10626, #3647, #7858, .T. ) ;
#8653 = LINE ( 'NONE', #6018, #5124 ) ;
#8654 = CARTESIAN_POINT ( 'NONE',  ( 126.8765246170202374, -3.500000000000000000, 53.99999999999998579 ) ) ;
#8655 = AXIS2_PLACEMENT_3D ( 'NONE', #10763, #796, #4379 ) ;
#8656 = FACE_OUTER_BOUND ( 'NONE', #3385, .T. ) ;
#8657 = ORIENTED_EDGE ( 'NONE', *, *, #6841, .F. ) ;
#8658 = CARTESIAN_POINT ( 'NONE',  ( -27.55385631544756819, -3.500000000000000000, -15.13546048867516625 ) ) ;
#8659 = CIRCLE ( 'NONE', #3431, 5.500000000000001776 ) ;
#8660 = CARTESIAN_POINT ( 'NONE',  ( 54.00668558637442374, -3.500000000000000000, -30.49272653608509032 ) ) ;
#8661 = DIRECTION ( 'NONE',  ( 1.000000000000000000, 0.000000000000000000, 0.000000000000000000 ) ) ;
#8662 = ORIENTED_EDGE ( 'NONE', *, *, #9028, .F. ) ;
#8663 = AXIS2_PLACEMENT_3D ( 'NONE', #11381, #581, #10380 ) ;
#8664 = AXIS2_PLACEMENT_3D ( 'NONE', #4955, #2961, #4839 ) ;
#8665 = CARTESIAN_POINT ( 'NONE',  ( 58.83479401428157018, -3.500000000000000000, 24.22027759394830326 ) ) ;
#8666 = EDGE_CURVE ( 'NONE', #6681, #3619, #5107, .T. ) ;
#8667 = CARTESIAN_POINT ( 'NONE',  ( 130.5000000000002274, 2.500000000000000000, -3.233718702666561029 ) ) ;
#8668 = LINE ( 'NONE', #5607, #1586 ) ;
#8669 = VERTEX_POINT ( 'NONE', #4935 ) ;
#8670 = AXIS2_PLACEMENT_3D ( 'NONE', #1971, #1039, #1859 ) ;
#8671 = DIRECTION ( 'NONE',  ( -0.9578262852211842926, 0.000000000000000000, -0.2873478855662358056 ) ) ;
#8672 = EDGE_CURVE ( 'NONE', #9246, #3803, #2463, .T. ) ;
#8673 = VERTEX_POINT ( 'NONE', #1596 ) ;
#8674 = DIRECTION ( 'NONE',  ( 0.4154496880128091818, 0.000000000000000000, -0.9096161590088753801 ) ) ;
#8675 = AXIS2_PLACEMENT_3D ( 'NONE', #7865, #8802, #3487 ) ;
#8676 = DIRECTION ( 'NONE',  ( 0.000000000000000000, 0.000000000000000000, 1.000000000000000000 ) ) ;
#8677 = CIRCLE ( 'NONE', #4386, 1.250000000000001110 ) ;
#8678 = CIRCLE ( 'NONE', #2309, 1.000000000000000888 ) ;
#8679 = AXIS2_PLACEMENT_3D ( 'NONE', #7221, #1835, #5416 ) ;
#8680 = AXIS2_PLACEMENT_3D ( 'NONE', #10046, #2777, #10104 ) ;
#8681 = CARTESIAN_POINT ( 'NONE',  ( 45.89255334071719972, -3.500000000000000000, -40.34046474372370028 ) ) ;
#8682 = ORIENTED_EDGE ( 'NONE', *, *, #4352, .T. ) ;
#8683 = DIRECTION ( 'NONE',  ( -0.5854410483392260556, 0.000000000000000000, -0.8107149800759005931 ) ) ;
#8684 = FACE_OUTER_BOUND ( 'NONE', #5833, .T. ) ;
#8685 = ORIENTED_EDGE ( 'NONE', *, *, #10152, .F. ) ;
#8686 = AXIS2_PLACEMENT_3D ( 'NONE', #5765, #6752, #11103 ) ;
#8687 = EDGE_CURVE ( 'NONE', #9353, #9865, #8285, .T. ) ;
#8688 = VECTOR ( 'NONE', #3484, 1000.000000000000000 ) ;
#8689 = DIRECTION ( 'NONE',  ( 0.9096161590088753801, -0.000000000000000000, 0.4154496880128091818 ) ) ;
#8690 = ORIENTED_EDGE ( 'NONE', *, *, #299, .T. ) ;
#8691 = DIRECTION ( 'NONE',  ( 0.000000000000000000, 1.000000000000000000, 0.000000000000000000 ) ) ;
#8692 = EDGE_CURVE ( 'NONE', #8901, #3261, #243, .T. ) ;
#8693 = AXIS2_PLACEMENT_3D ( 'NONE', #3227, #2343, #10555 ) ;
#8694 = CARTESIAN_POINT ( 'NONE',  ( -31.00000000000000355, 2.500000000000000000, -59.99999999999999289 ) ) ;
#8695 = ORIENTED_EDGE ( 'NONE', *, *, #9857, .T. ) ;
#8696 = DIRECTION ( 'NONE',  ( 0.1327433628318585301, 0.000000000000000000, 0.9911504424778759814 ) ) ;
#8697 = DIRECTION ( 'NONE',  ( 0.000000000000000000, 1.000000000000000000, 0.000000000000000000 ) ) ;
#8698 = ORIENTED_EDGE ( 'NONE', *, *, #2831, .T. ) ;
#8699 = CIRCLE ( 'NONE', #1780, 1.000000000000000888 ) ;
#8700 = LINE ( 'NONE', #6937, #9169 ) ;
#8701 = CARTESIAN_POINT ( 'NONE',  ( 74.89424117543212844, 2.500000000000000000, 34.19624887357070264 ) ) ;
#8702 = ORIENTED_EDGE ( 'NONE', *, *, #1243, .T. ) ;
#8703 = PLANE ( 'NONE',  #2314 ) ;
#8704 = FACE_OUTER_BOUND ( 'NONE', #3672, .T. ) ;
#8705 = CARTESIAN_POINT ( 'NONE',  ( 74.89434043811365882, -3.500000000000000000, 58.51999999999921442 ) ) ;
#8706 = ORIENTED_EDGE ( 'NONE', *, *, #4787, .T. ) ;
#8707 = CARTESIAN_POINT ( 'NONE',  ( 82.21710956236549350, -3.500000000000000000, 36.43220563184532068 ) ) ;
#8708 = ORIENTED_EDGE ( 'NONE', *, *, #5568, .T. ) ;
#8709 = ORIENTED_EDGE ( 'NONE', *, *, #1874, .F. ) ;
#8710 = CARTESIAN_POINT ( 'NONE',  ( -24.37499999999999645, -3.500000000000000000, -7.000000000000006217 ) ) ;
#8711 = VECTOR ( 'NONE', #1234, 1000.000000000000000 ) ;
#8712 = ADVANCED_FACE ( 'NONE', ( #4053 ), #9495, .T. ) ;
#8713 = EDGE_LOOP ( 'NONE', ( #6596, #1192, #4731, #4408 ) ) ;
#8714 = ADVANCED_FACE ( 'NONE', ( #11253 ), #7797, .T. ) ;
#8715 = CARTESIAN_POINT ( 'NONE',  ( 77.59056977575612279, -3.500000000000000000, 54.61559535584993341 ) ) ;
#8716 = ORIENTED_EDGE ( 'NONE', *, *, #7556, .F. ) ;
#8717 = CARTESIAN_POINT ( 'NONE',  ( 130.1755253229044911, -3.500000000000000000, -14.92381331968869063 ) ) ;
#8718 = DIRECTION ( 'NONE',  ( 0.1327433628318585301, 0.000000000000000000, 0.9911504424778759814 ) ) ;
#8719 = ORIENTED_EDGE ( 'NONE', *, *, #4433, .F. ) ;
#8720 = DIRECTION ( 'NONE',  ( 0.000000000000000000, 0.000000000000000000, 1.000000000000000000 ) ) ;
#8721 = CARTESIAN_POINT ( 'NONE',  ( 133.4846307420930600, 2.500000000000000000, -53.98856480103576416 ) ) ;
#8722 = CARTESIAN_POINT ( 'NONE',  ( 78.12972322633680733, -3.500000000000000000, -38.94330427634487535 ) ) ;
#8723 = ORIENTED_EDGE ( 'NONE', *, *, #5093, .T. ) ;
#8724 = DIRECTION ( 'NONE',  ( 0.000000000000000000, 0.000000000000000000, 1.000000000000000000 ) ) ;
#8725 = ADVANCED_FACE ( 'NONE', ( #523 ), #3231, .T. ) ;
#8726 = CARTESIAN_POINT ( 'NONE',  ( 98.85412195973844973, 2.500000000000000000, -33.99999999999690203 ) ) ;
#8727 = CARTESIAN_POINT ( 'NONE',  ( 46.85657683199546142, 2.500000000000000000, -40.60628180161065615 ) ) ;
#8728 = ORIENTED_EDGE ( 'NONE', *, *, #6024, .F. ) ;
#8729 = DIRECTION ( 'NONE',  ( 1.000000000000000000, 0.000000000000000000, 0.000000000000000000 ) ) ;
#8730 = LINE ( 'NONE', #11374, #4155 ) ;
#8731 = CARTESIAN_POINT ( 'NONE',  ( 75.54886228667969306, -3.500000000000000000, 35.00147820589290859 ) ) ;
#8732 = ORIENTED_EDGE ( 'NONE', *, *, #2150, .F. ) ;
#8733 = CARTESIAN_POINT ( 'NONE',  ( -28.50000000000001421, -3.500000000000000000, -53.99999999999996447 ) ) ;
#8734 = ORIENTED_EDGE ( 'NONE', *, *, #7877, .T. ) ;
#8735 = ORIENTED_EDGE ( 'NONE', *, *, #11553, .T. ) ;
#8736 = DIRECTION ( 'NONE',  ( 0.000000000000000000, 0.000000000000000000, 1.000000000000000000 ) ) ;
#8737 = CARTESIAN_POINT ( 'NONE',  ( 77.60834885156768337, 2.500000000000000000, 39.79663232658939620 ) ) ;
#8738 = ADVANCED_FACE ( 'NONE', ( #10436 ), #11323, .T. ) ;
#8739 = DIRECTION ( 'NONE',  ( 1.000000000000000000, 0.000000000000000000, -0.000000000000000000 ) ) ;
#8740 = EDGE_LOOP ( 'NONE', ( #9515, #6454, #7067, #9444 ) ) ;
#8741 = DIRECTION ( 'NONE',  ( 0.000000000000000000, 0.000000000000000000, -1.000000000000000000 ) ) ;
#8742 = DIRECTION ( 'NONE',  ( 0.000000000000000000, 0.000000000000000000, 1.000000000000000000 ) ) ;
#8743 = ORIENTED_EDGE ( 'NONE', *, *, #11340, .F. ) ;
#8744 = DIRECTION ( 'NONE',  ( 1.000000000000000000, 0.000000000000000000, 0.000000000000000000 ) ) ;
#8745 = ORIENTED_EDGE ( 'NONE', *, *, #8388, .T. ) ;
#8746 = CARTESIAN_POINT ( 'NONE',  ( -28.70982142857142350, 2.500000000000000000, -18.50000000000001066 ) ) ;
#8747 = LINE ( 'NONE', #5186, #8490 ) ;
#8748 = AXIS2_PLACEMENT_3D ( 'NONE', #9012, #106, #7366 ) ;
#8749 = EDGE_CURVE ( 'NONE', #9194, #749, #2404, .T. ) ;
#8750 = ORIENTED_EDGE ( 'NONE', *, *, #11371, .F. ) ;
#8751 = EDGE_CURVE ( 'NONE', #1778, #5520, #3854, .T. ) ;
#8752 = DIRECTION ( 'NONE',  ( 0.000000000000000000, 1.000000000000000000, 0.000000000000000000 ) ) ;
#8753 = CARTESIAN_POINT ( 'NONE',  ( 80.99728228756691806, 2.500000000000000000, -28.75000000000000355 ) ) ;
#8754 = EDGE_LOOP ( 'NONE', ( #7537, #1221, #9666, #6501 ) ) ;
#8755 = EDGE_CURVE ( 'NONE', #6116, #1273, #4349, .T. ) ;
#8756 = AXIS2_PLACEMENT_3D ( 'NONE', #5595, #9393, #2182 ) ;
#8757 = DIRECTION ( 'NONE',  ( 0.2658170578869502587, 0.000000000000000000, 0.9640234912782601473 ) ) ;
#8758 = DIRECTION ( 'NONE',  ( 0.000000000000000000, 1.000000000000000000, 0.000000000000000000 ) ) ;
#8759 = ORIENTED_EDGE ( 'NONE', *, *, #5926, .T. ) ;
#8760 = CARTESIAN_POINT ( 'NONE',  ( 45.49728228756692516, -3.500000000000000000, -32.75000000000000711 ) ) ;
#8761 = DIRECTION ( 'NONE',  ( 0.000000000000000000, 0.000000000000000000, 1.000000000000000000 ) ) ;
#8762 = CARTESIAN_POINT ( 'NONE',  ( 2.000000000000007105, -3.500000000000000000, 50.49999999999999289 ) ) ;
#8763 = EDGE_LOOP ( 'NONE', ( #4300, #2805, #11615, #10704 ) ) ;
#8764 = DIRECTION ( 'NONE',  ( 1.000000000000000000, 0.000000000000000000, 0.000000000000000000 ) ) ;
#8765 = VERTEX_POINT ( 'NONE', #1652 ) ;
#8766 = ORIENTED_EDGE ( 'NONE', *, *, #5405, .F. ) ;
#8767 = CARTESIAN_POINT ( 'NONE',  ( -30.99999999999997158, 2.500000000000000000, 60.00000000000000000 ) ) ;
#8768 = ORIENTED_EDGE ( 'NONE', *, *, #4390, .F. ) ;
#8769 = LINE ( 'NONE', #3274, #7821 ) ;
#8770 = VECTOR ( 'NONE', #1923, 1000.000000000000000 ) ;
#8771 = ORIENTED_EDGE ( 'NONE', *, *, #5007, .T. ) ;
#8772 = DIRECTION ( 'NONE',  ( 0.1921353852253153971, 0.000000000000000000, -0.9813684291561043382 ) ) ;
#8773 = CARTESIAN_POINT ( 'NONE',  ( -22.62499999999999645, 2.500000000000000000, 16.00000000000000711 ) ) ;
#8774 = ORIENTED_EDGE ( 'NONE', *, *, #11082, .T. ) ;
#8775 = FACE_OUTER_BOUND ( 'NONE', #3518, .T. ) ;
#8776 = CARTESIAN_POINT ( 'NONE',  ( 74.89434043811365882, -3.500000000000000000, -58.51999999999921442 ) ) ;
#8777 = DIRECTION ( 'NONE',  ( -1.000000000000000000, 0.000000000000000000, -0.000000000000000000 ) ) ;
#8778 = EDGE_CURVE ( 'NONE', #974, #9846, #3630, .T. ) ;
#8779 = ORIENTED_EDGE ( 'NONE', *, *, #3157, .F. ) ;
#8780 = AXIS2_PLACEMENT_3D ( 'NONE', #3591, #7153, #2645 ) ;
#8781 = AXIS2_PLACEMENT_3D ( 'NONE', #8121, #10874, #3733 ) ;
#8782 = LINE ( 'NONE', #5274, #5473 ) ;
#8783 = LINE ( 'NONE', #8660, #5002 ) ;
#8784 = CARTESIAN_POINT ( 'NONE',  ( 78.12972322633679312, -3.500000000000000000, 38.94330427634486824 ) ) ;
#8785 = ORIENTED_EDGE ( 'NONE', *, *, #2867, .F. ) ;
#8786 = AXIS2_PLACEMENT_3D ( 'NONE', #6305, #2845, #10992 ) ;
#8787 = EDGE_CURVE ( 'NONE', #4852, #6528, #10169, .T. ) ;
#8788 = CYLINDRICAL_SURFACE ( 'NONE', #6785, 5.249999999999997335 ) ;
#8789 = CARTESIAN_POINT ( 'NONE',  ( -22.37500000000000000, 2.500000000000000000, -10.65685424949238858 ) ) ;
#8790 = DIRECTION ( 'NONE',  ( 0.000000000000000000, 1.000000000000000000, 0.000000000000000000 ) ) ;
#8791 = EDGE_LOOP ( 'NONE', ( #1206, #4380, #5248, #8244 ) ) ;
#8792 = DIRECTION ( 'NONE',  ( -1.000000000000000000, 0.000000000000000000, -5.046468293750709826E-15 ) ) ;
#8793 = ADVANCED_FACE ( 'NONE', ( #5232 ), #1918, .F. ) ;
#8794 = ORIENTED_EDGE ( 'NONE', *, *, #708, .T. ) ;
#8795 = VECTOR ( 'NONE', #8288, 1000.000000000000000 ) ;
#8796 = CARTESIAN_POINT ( 'NONE',  ( 135.6666666666666856, -3.500000000000000000, 51.90054204125040371 ) ) ;
#8797 = LINE ( 'NONE', #10561, #2830 ) ;
#8798 = CIRCLE ( 'NONE', #5441, 3.000000000000002665 ) ;
#8799 = DIRECTION ( 'NONE',  ( -0.000000000000000000, -1.000000000000000000, -0.000000000000000000 ) ) ;
#8800 = ORIENTED_EDGE ( 'NONE', *, *, #8666, .T. ) ;
#8801 = LINE ( 'NONE', #5927, #9924 ) ;
#8802 = DIRECTION ( 'NONE',  ( 0.000000000000000000, 1.000000000000000000, 0.000000000000000000 ) ) ;
#8803 = VERTEX_POINT ( 'NONE', #3795 ) ;
#8804 = ORIENTED_EDGE ( 'NONE', *, *, #4468, .T. ) ;
#8805 = DIRECTION ( 'NONE',  ( 1.000000000000000000, 0.000000000000000000, -0.000000000000000000 ) ) ;
#8806 = ADVANCED_FACE ( 'NONE', ( #9008 ), #8181, .F. ) ;
#8807 = DIRECTION ( 'NONE',  ( 0.000000000000000000, 1.000000000000000000, 0.000000000000000000 ) ) ;
#8808 = ORIENTED_EDGE ( 'NONE', *, *, #10351, .T. ) ;
#8809 = DIRECTION ( 'NONE',  ( 0.000000000000000000, 1.000000000000000000, 0.000000000000000000 ) ) ;
#8810 = VERTEX_POINT ( 'NONE', #210 ) ;
#8811 = CARTESIAN_POINT ( 'NONE',  ( -34.00000000000000000, 2.500000000000000000, 52.64589803375029220 ) ) ;
#8812 = DIRECTION ( 'NONE',  ( 0.000000000000000000, 1.000000000000000000, 0.000000000000000000 ) ) ;
#8813 = VERTEX_POINT ( 'NONE', #6483 ) ;
#8814 = FACE_OUTER_BOUND ( 'NONE', #92, .T. ) ;
#8815 = CARTESIAN_POINT ( 'NONE',  ( 81.82864925813825607, 2.500000000000000000, -51.29469526676726332 ) ) ;
#8816 = LINE ( 'NONE', #7061, #9216 ) ;
#8817 = ADVANCED_FACE ( 'NONE', ( #983 ), #9182, .T. ) ;
#8818 = ORIENTED_EDGE ( 'NONE', *, *, #9106, .F. ) ;
#8819 = CARTESIAN_POINT ( 'NONE',  ( -31.86832102514612686, -3.500000000000000000, 50.82705339801412947 ) ) ;
#8820 = EDGE_CURVE ( 'NONE', #8967, #10682, #6425, .T. ) ;
#8821 = ORIENTED_EDGE ( 'NONE', *, *, #6590, .F. ) ;
#8822 = VERTEX_POINT ( 'NONE', #8796 ) ;
#8823 = CARTESIAN_POINT ( 'NONE',  ( 56.74999999999997868, 2.500000000000000000, 25.60000000009224053 ) ) ;
#8824 = ORIENTED_EDGE ( 'NONE', *, *, #9287, .T. ) ;
#8825 = CIRCLE ( 'NONE', #9380, 1.000000000000000888 ) ;
#8826 = AXIS2_PLACEMENT_3D ( 'NONE', #1346, #1767, #1649 ) ;
#8827 = CARTESIAN_POINT ( 'NONE',  ( 128.0662582309404627, 2.500000000000000000, 34.86286459773508284 ) ) ;
#8828 = ORIENTED_EDGE ( 'NONE', *, *, #9245, .T. ) ;
#8829 = DIRECTION ( 'NONE',  ( 0.9910643481421647083, 0.000000000000000000, 0.1333846237073302854 ) ) ;
#8830 = DIRECTION ( 'NONE',  ( 0.000000000000000000, 1.000000000000000000, 0.000000000000000000 ) ) ;
#8831 = ORIENTED_EDGE ( 'NONE', *, *, #9467, .T. ) ;
#8832 = DIRECTION ( 'NONE',  ( 0.000000000000000000, 0.000000000000000000, 1.000000000000000000 ) ) ;
#8833 = DIRECTION ( 'NONE',  ( -1.000000000000000000, 0.000000000000000000, -0.000000000000000000 ) ) ;
#8834 = FACE_BOUND ( 'NONE', #2558, .T. ) ;
#8835 = CIRCLE ( 'NONE', #4530, 1.000000000000000888 ) ;
#8836 = EDGE_CURVE ( 'NONE', #9781, #2329, #4619, .T. ) ;
#8837 = ORIENTED_EDGE ( 'NONE', *, *, #8517, .T. ) ;
#8838 = AXIS2_PLACEMENT_3D ( 'NONE', #3474, #8077, #1928 ) ;
#8839 = CIRCLE ( 'NONE', #2843, 1.499999999999994449 ) ;
#8840 = EDGE_CURVE ( 'NONE', #10595, #8810, #279, .T. ) ;
#8841 = DIRECTION ( 'NONE',  ( 0.6902962621009354205, 0.000000000000000000, 0.7235268277883527555 ) ) ;
#8842 = DIRECTION ( 'NONE',  ( 0.000000000000000000, 0.000000000000000000, -1.000000000000000000 ) ) ;
#8843 = DIRECTION ( 'NONE',  ( 0.000000000000000000, 0.000000000000000000, 1.000000000000000000 ) ) ;
#8844 = VECTOR ( 'NONE', #6154, 1000.000000000000114 ) ;
#8845 = ORIENTED_EDGE ( 'NONE', *, *, #2935, .F. ) ;
#8846 = AXIS2_PLACEMENT_3D ( 'NONE', #2778, #4601, #964 ) ;
#8847 = AXIS2_PLACEMENT_3D ( 'NONE', #7278, #81, #9100 ) ;
#8848 = LINE ( 'NONE', #8665, #8844 ) ;
#8849 = CARTESIAN_POINT ( 'NONE',  ( -25.90054204125040371, 2.500000000000000000, 59.66666666666666430 ) ) ;
#8850 = CARTESIAN_POINT ( 'NONE',  ( 128.6458980337503135, 2.500000000000000000, 60.00000000000000000 ) ) ;
#8851 = ORIENTED_EDGE ( 'NONE', *, *, #3627, .T. ) ;
#8852 = DIRECTION ( 'NONE',  ( -1.000000000000000000, 0.000000000000000000, 0.000000000000000000 ) ) ;
#8853 = ORIENTED_EDGE ( 'NONE', *, *, #11521, .T. ) ;
#8854 = CIRCLE ( 'NONE', #6594, 1.000000000000000888 ) ;
#8855 = CARTESIAN_POINT ( 'NONE',  ( 24.37500000000000355, -3.500000000000000000, 7.000000000000006217 ) ) ;
#8856 = ADVANCED_FACE ( 'NONE', ( #9070 ), #7362, .F. ) ;
#8857 = AXIS2_PLACEMENT_3D ( 'NONE', #8610, #10495, #4291 ) ;
#8858 = VECTOR ( 'NONE', #315, 1000.000000000000000 ) ;
#8859 = ADVANCED_FACE ( 'NONE', ( #2587 ), #6161, .T. ) ;
#8860 = CARTESIAN_POINT ( 'NONE',  ( 2.000000000000007994, -3.500000000000000000, -52.00000000000000000 ) ) ;
#8861 = ORIENTED_EDGE ( 'NONE', *, *, #6429, .T. ) ;
#8862 = LINE ( 'NONE', #3705, #10272 ) ;
#8863 = DIRECTION ( 'NONE',  ( 0.000000000000000000, 1.000000000000000000, 0.000000000000000000 ) ) ;
#8864 = ORIENTED_EDGE ( 'NONE', *, *, #7798, .F. ) ;
#8865 = ORIENTED_EDGE ( 'NONE', *, *, #3646, .F. ) ;
#8866 = AXIS2_PLACEMENT_3D ( 'NONE', #2221, #7612, #1344 ) ;
#8867 = CARTESIAN_POINT ( 'NONE',  ( 125.4791691109702327, -3.500000000000000000, -41.22410137583473499 ) ) ;
#8868 = CIRCLE ( 'NONE', #2124, 1.000000000000000888 ) ;
#8869 = VECTOR ( 'NONE', #9153, 1000.000000000000000 ) ;
#8870 = DIRECTION ( 'NONE',  ( 0.000000000000000000, 0.000000000000000000, 1.000000000000000000 ) ) ;
#8871 = EDGE_CURVE ( 'NONE', #1661, #3201, #4561, .T. ) ;
#8872 = ORIENTED_EDGE ( 'NONE', *, *, #196, .F. ) ;
#8873 = EDGE_CURVE ( 'NONE', #5551, #5561, #10881, .T. ) ;
#8874 = CARTESIAN_POINT ( 'NONE',  ( 132.0000000000000000, 2.500000000000000000, -57.50000000000000000 ) ) ;
#8875 = EDGE_LOOP ( 'NONE', ( #6372, #6553, #3331, #8065 ) ) ;
#8876 = VECTOR ( 'NONE', #6645, 1000.000000000000000 ) ;
#8877 = AXIS2_PLACEMENT_3D ( 'NONE', #1598, #5177, #8971 ) ;
#8878 = CARTESIAN_POINT ( 'NONE',  ( 61.17303757665697361, -3.500000000000000000, -29.36305979348978923 ) ) ;
#8879 = DIRECTION ( 'NONE',  ( 0.000000000000000000, 0.000000000000000000, -1.000000000000000000 ) ) ;
#8880 = ORIENTED_EDGE ( 'NONE', *, *, #4564, .T. ) ;
#8881 = VECTOR ( 'NONE', #6762, 1000.000000000000000 ) ;
#8882 = DIRECTION ( 'NONE',  ( 0.000000000000000000, 1.000000000000000000, 0.000000000000000000 ) ) ;
#8883 = FACE_OUTER_BOUND ( 'NONE', #10879, .T. ) ;
#8884 = FACE_OUTER_BOUND ( 'NONE', #1051, .T. ) ;
#8885 = ORIENTED_EDGE ( 'NONE', *, *, #4807, .F. ) ;
#8886 = CYLINDRICAL_SURFACE ( 'NONE', #4453, 1.000000000000000888 ) ;
#8887 = VERTEX_POINT ( 'NONE', #8130 ) ;
#8888 = DIRECTION ( 'NONE',  ( 0.000000000000000000, 1.000000000000000000, 0.000000000000000000 ) ) ;
#8889 = VERTEX_POINT ( 'NONE', #105 ) ;
#8890 = EDGE_CURVE ( 'NONE', #426, #10527, #3688, .T. ) ;
#8891 = FACE_OUTER_BOUND ( 'NONE', #2854, .T. ) ;
#8892 = ORIENTED_EDGE ( 'NONE', *, *, #5615, .T. ) ;
#8893 = EDGE_CURVE ( 'NONE', #855, #10981, #9122, .T. ) ;
#8894 = PLANE ( 'NONE',  #1685 ) ;
#8895 = CARTESIAN_POINT ( 'NONE',  ( 43.84952627665634139, 2.500000000000000000, 51.51177973260162446 ) ) ;
#8896 = VERTEX_POINT ( 'NONE', #7473 ) ;
#8897 = CARTESIAN_POINT ( 'NONE',  ( 126.2337187026645893, -3.500000000000000000, 57.99999999999998579 ) ) ;
#8898 = CARTESIAN_POINT ( 'NONE',  ( -28.49999999999998579, -3.500000000000000000, -57.99999999999997158 ) ) ;
#8899 = CARTESIAN_POINT ( 'NONE',  ( -22.37500000000000000, 2.500000000000000000, -12.00000000000000533 ) ) ;
#8900 = VECTOR ( 'NONE', #11398, 1000.000000000000000 ) ;
#8901 = VERTEX_POINT ( 'NONE', #8583 ) ;
#8902 = DIRECTION ( 'NONE',  ( 0.000000000000000000, 1.000000000000000000, 0.000000000000000000 ) ) ;
#8903 = ADVANCED_FACE ( 'NONE', ( #3145 ), #10291, .F. ) ;
#8904 = LINE ( 'NONE', #698, #1604 ) ;
#8905 = CARTESIAN_POINT ( 'NONE',  ( 84.26623043858603523, 2.500000000000000000, -27.92637936698952927 ) ) ;
#8906 = EDGE_CURVE ( 'NONE', #3478, #4801, #10350, .T. ) ;
#8907 = VERTEX_POINT ( 'NONE', #10125 ) ;
#8908 = DIRECTION ( 'NONE',  ( -6.938893903907222067E-15, 0.000000000000000000, 1.000000000000000000 ) ) ;
#8909 = DIRECTION ( 'NONE',  ( -0.000000000000000000, -1.000000000000000000, -0.000000000000000000 ) ) ;
#8910 = ORIENTED_EDGE ( 'NONE', *, *, #7954, .T. ) ;
#8911 = CARTESIAN_POINT ( 'NONE',  ( 80.99728228756691806, 2.500000000000000000, -34.25000000000000000 ) ) ;
#8912 = ORIENTED_EDGE ( 'NONE', *, *, #1773, .F. ) ;
#8913 = DIRECTION ( 'NONE',  ( 7.216449660063522246E-15, -0.000000000000000000, 1.000000000000000000 ) ) ;
#8914 = DIRECTION ( 'NONE',  ( 0.000000000000000000, 1.000000000000000000, 0.000000000000000000 ) ) ;
#8915 = CARTESIAN_POINT ( 'NONE',  ( -27.37499999999999645, -3.500000000000000000, 13.79999999999997939 ) ) ;
#8916 = CARTESIAN_POINT ( 'NONE',  ( 95.25000000000153477, -3.500000000000000000, -33.99999999999690203 ) ) ;
#8917 = ORIENTED_EDGE ( 'NONE', *, *, #2418, .F. ) ;
#8918 = ADVANCED_FACE ( 'NONE', ( #4086 ), #9241, .T. ) ;
#8919 = VERTEX_POINT ( 'NONE', #327 ) ;
#8920 = DIRECTION ( 'NONE',  ( 0.000000000000000000, 1.000000000000000000, 0.000000000000000000 ) ) ;
#8921 = EDGE_CURVE ( 'NONE', #6681, #1890, #826, .T. ) ;
#8922 = DIRECTION ( 'NONE',  ( 0.000000000000000000, 0.000000000000000000, 1.000000000000000000 ) ) ;
#8923 = CIRCLE ( 'NONE', #9483, 1.000000000000000888 ) ;
#8924 = DIRECTION ( 'NONE',  ( 0.000000000000000000, 0.000000000000000000, 1.000000000000000000 ) ) ;
#8925 = ORIENTED_EDGE ( 'NONE', *, *, #3359, .T. ) ;
#8926 = CARTESIAN_POINT ( 'NONE',  ( 126.8765246170202374, 2.500000000000000000, 53.99999999999998579 ) ) ;
#8927 = DIRECTION ( 'NONE',  ( 0.000000000000000000, 0.000000000000000000, -1.000000000000000000 ) ) ;
#8928 = VERTEX_POINT ( 'NONE', #442 ) ;
#8929 = EDGE_CURVE ( 'NONE', #1219, #9428, #2321, .T. ) ;
#8930 = EDGE_CURVE ( 'NONE', #9950, #6035, #1369, .T. ) ;
#8931 = DIRECTION ( 'NONE',  ( 0.000000000000000000, 1.000000000000000000, 0.000000000000000000 ) ) ;
#8932 = DIRECTION ( 'NONE',  ( 0.000000000000000000, 1.000000000000000000, 0.000000000000000000 ) ) ;
#8933 = DIRECTION ( 'NONE',  ( -0.000000000000000000, 1.000000000000000000, -0.000000000000000000 ) ) ;
#8934 = VECTOR ( 'NONE', #6073, 1000.000000000000000 ) ;
#8935 = ORIENTED_EDGE ( 'NONE', *, *, #4670, .F. ) ;
#8936 = DIRECTION ( 'NONE',  ( 0.000000000000000000, 1.000000000000000000, 0.000000000000000000 ) ) ;
#8937 = CIRCLE ( 'NONE', #10434, 5.250000000000004441 ) ;
#8938 = EDGE_CURVE ( 'NONE', #1395, #475, #2876, .T. ) ;
#8939 = DIRECTION ( 'NONE',  ( 1.000000000000000000, 0.000000000000000000, 0.000000000000000000 ) ) ;
#8940 = ORIENTED_EDGE ( 'NONE', *, *, #10393, .F. ) ;
#8941 = AXIS2_PLACEMENT_3D ( 'NONE', #1477, #4065, #6929 ) ;
#8942 = FACE_OUTER_BOUND ( 'NONE', #2870, .T. ) ;
#8943 = EDGE_LOOP ( 'NONE', ( #10271, #8139, #3855, #960 ) ) ;
#8944 = CIRCLE ( 'NONE', #6326, 1.499999999999994449 ) ;
#8945 = LINE ( 'NONE', #8120, #2048 ) ;
#8946 = CARTESIAN_POINT ( 'NONE',  ( 132.0000000000000000, -3.500000000000000000, 54.50000000000001421 ) ) ;
#8947 = ORIENTED_EDGE ( 'NONE', *, *, #5568, .F. ) ;
#8948 = LINE ( 'NONE', #205, #2687 ) ;
#8949 = DIRECTION ( 'NONE',  ( 0.000000000000000000, 1.000000000000000000, 0.000000000000000000 ) ) ;
#8950 = LINE ( 'NONE', #8234, #7444 ) ;
#8951 = VERTEX_POINT ( 'NONE', #5729 ) ;
#8952 = CIRCLE ( 'NONE', #4470, 1.000000000000000888 ) ;
#8953 = ORIENTED_EDGE ( 'NONE', *, *, #2289, .T. ) ;
#8954 = ADVANCED_FACE ( 'NONE', ( #8465 ), #5781, .T. ) ;
#8955 = DIRECTION ( 'NONE',  ( 0.000000000000000000, 1.000000000000000000, 0.000000000000000000 ) ) ;
#8956 = CIRCLE ( 'NONE', #3930, 1.000000000000000888 ) ;
#8957 = CARTESIAN_POINT ( 'NONE',  ( 29.30818464227683506, -3.500000000000000000, -8.415214383491042227 ) ) ;
#8958 = CARTESIAN_POINT ( 'NONE',  ( 51.89728435666194883, -3.500000000000000000, -33.11422999001588607 ) ) ;
#8959 = VERTEX_POINT ( 'NONE', #1381 ) ;
#8960 = CARTESIAN_POINT ( 'NONE',  ( 133.0293885607873676, 2.500000000000000000, -50.59718969508274711 ) ) ;
#8961 = CARTESIAN_POINT ( 'NONE',  ( 40.87635952806320461, 2.500000000000000000, 31.26720385364662746 ) ) ;
#8962 = VECTOR ( 'NONE', #9373, 999.9999999999998863 ) ;
#8963 = ORIENTED_EDGE ( 'NONE', *, *, #7448, .T. ) ;
#8964 = CARTESIAN_POINT ( 'NONE',  ( 40.87635952806320461, -3.500000000000000000, -31.26720385364662746 ) ) ;
#8965 = VECTOR ( 'NONE', #2190, 1000.000000000000000 ) ;
#8966 = EDGE_CURVE ( 'NONE', #11137, #5142, #10364, .T. ) ;
#8967 = VERTEX_POINT ( 'NONE', #3026 ) ;
#8968 = EDGE_CURVE ( 'NONE', #1789, #5977, #6597, .T. ) ;
#8969 = DIRECTION ( 'NONE',  ( 0.000000000000000000, 0.000000000000000000, 1.000000000000000000 ) ) ;
#8970 = DIRECTION ( 'NONE',  ( -0.000000000000000000, -1.000000000000000000, -0.000000000000000000 ) ) ;
#8971 = DIRECTION ( 'NONE',  ( 0.000000000000000000, 0.000000000000000000, 1.000000000000000000 ) ) ;
#8972 = FACE_OUTER_BOUND ( 'NONE', #8484, .T. ) ;
#8973 = CARTESIAN_POINT ( 'NONE',  ( 80.99728228756691806, -3.500000000000000000, 35.75000000000000000 ) ) ;
#8974 = ORIENTED_EDGE ( 'NONE', *, *, #2533, .T. ) ;
#8975 = VERTEX_POINT ( 'NONE', #10179 ) ;
#8976 = AXIS2_PLACEMENT_3D ( 'NONE', #11357, #4394, #8772 ) ;
#8977 = DIRECTION ( 'NONE',  ( 0.000000000000000000, 1.000000000000000000, 0.000000000000000000 ) ) ;
#8978 = EDGE_CURVE ( 'NONE', #990, #6079, #7182, .T. ) ;
#8979 = AXIS2_PLACEMENT_3D ( 'NONE', #11099, #307, #2355 ) ;
#8980 = FACE_OUTER_BOUND ( 'NONE', #4683, .T. ) ;
#8981 = EDGE_CURVE ( 'NONE', #194, #9238, #5896, .T. ) ;
#8982 = STYLED_ITEM ( 'NONE', ( #8157 ), #5448 ) ;
#8983 = CARTESIAN_POINT ( 'NONE',  ( 132.2587238320729739, 2.500000000000000000, 49.90220843430040532 ) ) ;
#8984 = ORIENTED_EDGE ( 'NONE', *, *, #3939, .F. ) ;
#8985 = EDGE_CURVE ( 'NONE', #3785, #6183, #7649, .T. ) ;
#8986 = CARTESIAN_POINT ( 'NONE',  ( 7.123475382979927772, -3.500000000000000000, -53.99999999999968736 ) ) ;
#8987 = CARTESIAN_POINT ( 'NONE',  ( 80.99728228756691806, 2.500000000000000000, -34.25000000000000000 ) ) ;
#8988 = EDGE_LOOP ( 'NONE', ( #8142, #10326, #6007, #2665 ) ) ;
#8989 = DIRECTION ( 'NONE',  ( -0.000000000000000000, -1.000000000000000000, -0.000000000000000000 ) ) ;
#8990 = FACE_OUTER_BOUND ( 'NONE', #366, .T. ) ;
#8991 = DIRECTION ( 'NONE',  ( 0.000000000000000000, 1.000000000000000000, 0.000000000000000000 ) ) ;
#8992 = VERTEX_POINT ( 'NONE', #11122 ) ;
#8993 = CARTESIAN_POINT ( 'NONE',  ( 77.60834885156768337, -3.500000000000000000, 39.79663232658939620 ) ) ;
#8994 = LINE ( 'NONE', #3780, #70 ) ;
#8995 = VERTEX_POINT ( 'NONE', #3090 ) ;
#8996 = EDGE_CURVE ( 'NONE', #9687, #388, #8868, .T. ) ;
#8997 = AXIS2_PLACEMENT_3D ( 'NONE', #8416, #1389, #4147 ) ;
#8998 = CARTESIAN_POINT ( 'NONE',  ( 125.2188800135601525, -3.500000000000000000, -14.00464700128622475 ) ) ;
#8999 = EDGE_LOOP ( 'NONE', ( #6453, #5365 ) ) ;
#9000 = EDGE_CURVE ( 'NONE', #4779, #11579, #11304, .T. ) ;
#9001 = CARTESIAN_POINT ( 'NONE',  ( 77.59056977575612279, -3.500000000000000000, 54.61559535584993341 ) ) ;
#9002 = CARTESIAN_POINT ( 'NONE',  ( 34.64587804026361795, 2.500000000000000000, 53.99999999999948130 ) ) ;
#9003 = VERTEX_POINT ( 'NONE', #1436 ) ;
#9004 = DIRECTION ( 'NONE',  ( 0.9418617333936458724, 0.000000000000000000, 0.3360007070955604580 ) ) ;
#9005 = CARTESIAN_POINT ( 'NONE',  ( 127.1208389022546754, 2.500000000000000000, -58.53846153846154010 ) ) ;
#9006 = ORIENTED_EDGE ( 'NONE', *, *, #4990, .F. ) ;
#9007 = VERTEX_POINT ( 'NONE', #1683 ) ;
#9008 = FACE_OUTER_BOUND ( 'NONE', #3340, .T. ) ;
#9009 = CIRCLE ( 'NONE', #961, 1.499999999999997780 ) ;
#9010 = AXIS2_PLACEMENT_3D ( 'NONE', #8733, #2584, #4413 ) ;
#9011 = EDGE_CURVE ( 'NONE', #3919, #7276, #3506, .T. ) ;
#9012 = CARTESIAN_POINT ( 'NONE',  ( 79.50000000000051159, -3.500000000000000000, -55.99999999999916866 ) ) ;
#9013 = CARTESIAN_POINT ( 'NONE',  ( 82.75064805719480887, -3.500000000000000000, -32.46794823927666584 ) ) ;
#9014 = EDGE_CURVE ( 'NONE', #9377, #199, #8678, .T. ) ;
#9015 = ORIENTED_EDGE ( 'NONE', *, *, #8840, .T. ) ;
#9016 = AXIS2_PLACEMENT_3D ( 'NONE', #7663, #10369, #2449 ) ;
#9017 = LINE ( 'NONE', #10838, #6037 ) ;
#9018 = FACE_OUTER_BOUND ( 'NONE', #10414, .T. ) ;
#9019 = VERTEX_POINT ( 'NONE', #861 ) ;
#9020 = CARTESIAN_POINT ( 'NONE',  ( 53.39723764379618132, -3.500000000000000000, -30.69990044841697596 ) ) ;
#9021 = ORIENTED_EDGE ( 'NONE', *, *, #1864, .F. ) ;
#9022 = CYLINDRICAL_SURFACE ( 'NONE', #1164, 1.000000000000000888 ) ;
#9023 = VECTOR ( 'NONE', #3525, 1000.000000000000000 ) ;
#9024 = CIRCLE ( 'NONE', #1919, 5.250000000000004441 ) ;
#9025 = CARTESIAN_POINT ( 'NONE',  ( 44.98292804986584059, -3.500000000000000000, -52.99999999999941025 ) ) ;
#9026 = EDGE_CURVE ( 'NONE', #7985, #2637, #5323, .T. ) ;
#9027 = DIRECTION ( 'NONE',  ( 0.000000000000000000, 0.000000000000000000, 1.000000000000000000 ) ) ;
#9028 = EDGE_CURVE ( 'NONE', #11400, #8227, #7013, .T. ) ;
#9029 = DIRECTION ( 'NONE',  ( -1.000000000000000000, 0.000000000000000000, -2.523234146875353335E-15 ) ) ;
#9030 = DIRECTION ( 'NONE',  ( 0.000000000000000000, 1.000000000000000000, 0.000000000000000000 ) ) ;
#9031 = ORIENTED_EDGE ( 'NONE', *, *, #8566, .F. ) ;
#9032 = AXIS2_PLACEMENT_3D ( 'NONE', #3693, #10787, #4744 ) ;
#9033 = ORIENTED_EDGE ( 'NONE', *, *, #4625, .F. ) ;
#9034 = DIRECTION ( 'NONE',  ( 0.7928260876681227920, 0.000000000000000000, -0.6094479425782468596 ) ) ;
#9035 = DIRECTION ( 'NONE',  ( 0.000000000000000000, 0.000000000000000000, 1.000000000000000000 ) ) ;
#9036 = AXIS2_PLACEMENT_3D ( 'NONE', #6566, #4645, #9324 ) ;
#9037 = VECTOR ( 'NONE', #5658, 1000.000000000000000 ) ;
#9038 = AXIS2_PLACEMENT_3D ( 'NONE', #7944, #10462, #10403 ) ;
#9039 = FACE_OUTER_BOUND ( 'NONE', #9313, .T. ) ;
#9040 = ORIENTED_EDGE ( 'NONE', *, *, #1035, .T. ) ;
#9041 = EDGE_CURVE ( 'NONE', #6196, #9377, #4323, .T. ) ;
#9042 = DIRECTION ( 'NONE',  ( 1.000000000000000000, 0.000000000000000000, 0.000000000000000000 ) ) ;
#9043 = ORIENTED_EDGE ( 'NONE', *, *, #6415, .T. ) ;
#9044 = CIRCLE ( 'NONE', #3639, 1.499999999999996891 ) ;
#9045 = AXIS2_PLACEMENT_3D ( 'NONE', #1784, #5362, #8924 ) ;
#9046 = CARTESIAN_POINT ( 'NONE',  ( -22.37500000000000000, -3.500000000000000000, 12.00000000000000533 ) ) ;
#9047 = DIRECTION ( 'NONE',  ( 0.9910643481421648193, 0.000000000000000000, -0.1333846237073302854 ) ) ;
#9048 = LINE ( 'NONE', #6186, #1350 ) ;
#9049 = ORIENTED_EDGE ( 'NONE', *, *, #4134, .T. ) ;
#9050 = DIRECTION ( 'NONE',  ( 0.000000000000000000, 1.000000000000000000, 0.000000000000000000 ) ) ;
#9051 = DIRECTION ( 'NONE',  ( 0.9418617333936458724, 0.000000000000000000, -0.3360007070955604580 ) ) ;
#9052 = CIRCLE ( 'NONE', #8675, 5.500000000000018652 ) ;
#9053 = EDGE_LOOP ( 'NONE', ( #5763, #7837, #1060, #8766 ) ) ;
#9054 = CIRCLE ( 'NONE', #1011, 1.500000000000001332 ) ;
#9055 = AXIS2_PLACEMENT_3D ( 'NONE', #4648, #9985, #850 ) ;
#9056 = CYLINDRICAL_SURFACE ( 'NONE', #619, 6.000000000000003553 ) ;
#9057 = EDGE_LOOP ( 'NONE', ( #8284, #8706, #6922, #10334, #3993, #3202, #5648, #4899, #10068, #7533, #844, #2205, #7632, #3168, #8527, #4969, #5516, #1999, #797, #6549, #531, #3031 ) ) ;
#9058 = CIRCLE ( 'NONE', #3645, 3.000000000000002665 ) ;
#9059 = CARTESIAN_POINT ( 'NONE',  ( 26.37500000000000355, 2.500000000000000000, -16.00000000000000711 ) ) ;
#9060 = CARTESIAN_POINT ( 'NONE',  ( -31.86832102514612686, 2.500000000000000000, 50.82705339801412947 ) ) ;
#9061 = ORIENTED_EDGE ( 'NONE', *, *, #3646, .T. ) ;
#9062 = CARTESIAN_POINT ( 'NONE',  ( -28.84167316508822054, 2.500000000000000000, -23.99782629932536793 ) ) ;
#9063 = DIRECTION ( 'NONE',  ( -0.000000000000000000, -1.000000000000000000, -0.000000000000000000 ) ) ;
#9064 = DIRECTION ( 'NONE',  ( 0.000000000000000000, 1.000000000000000000, 0.000000000000000000 ) ) ;
#9065 = AXIS2_PLACEMENT_3D ( 'NONE', #6285, #8977, #953 ) ;
#9066 = AXIS2_PLACEMENT_3D ( 'NONE', #2052, #294, #7493 ) ;
#9067 = ORIENTED_EDGE ( 'NONE', *, *, #11187, .T. ) ;
#9068 = EDGE_CURVE ( 'NONE', #5895, #11376, #9653, .T. ) ;
#9069 = ORIENTED_EDGE ( 'NONE', *, *, #517, .F. ) ;
#9070 = FACE_OUTER_BOUND ( 'NONE', #7467, .T. ) ;
#9071 = VECTOR ( 'NONE', #1150, 1000.000000000000000 ) ;
#9072 = ADVANCED_FACE ( 'NONE', ( #11353 ), #6947, .T. ) ;
#9073 = ORIENTED_EDGE ( 'NONE', *, *, #1942, .T. ) ;
#9074 = DIRECTION ( 'NONE',  ( 0.000000000000000000, 1.000000000000000000, 0.000000000000000000 ) ) ;
#9075 = CYLINDRICAL_SURFACE ( 'NONE', #6705, 1.499999999999994449 ) ;
#9076 = ORIENTED_EDGE ( 'NONE', *, *, #2816, .F. ) ;
#9077 = EDGE_LOOP ( 'NONE', ( #1407, #3686, #8433, #9251 ) ) ;
#9078 = AXIS2_PLACEMENT_3D ( 'NONE', #11023, #116, #2990 ) ;
#9079 = CARTESIAN_POINT ( 'NONE',  ( -33.00000000000000000, -3.500000000000000000, 52.64589803375029220 ) ) ;
#9080 = DIRECTION ( 'NONE',  ( -0.000000000000000000, 1.000000000000000000, -0.000000000000000000 ) ) ;
#9081 = VERTEX_POINT ( 'NONE', #8767 ) ;
#9082 = DIRECTION ( 'NONE',  ( 0.000000000000000000, 1.000000000000000000, 0.000000000000000000 ) ) ;
#9083 = ORIENTED_EDGE ( 'NONE', *, *, #618, .T. ) ;
#9084 = EDGE_CURVE ( 'NONE', #5466, #627, #1193, .T. ) ;
#9085 = DIRECTION ( 'NONE',  ( 0.000000000000000000, 1.000000000000000000, 0.000000000000000000 ) ) ;
#9086 = CIRCLE ( 'NONE', #1043, 1.250000000000001110 ) ;
#9087 = ORIENTED_EDGE ( 'NONE', *, *, #5147, .T. ) ;
#9088 = CARTESIAN_POINT ( 'NONE',  ( 84.35412195973775340, 2.500000000000000000, 53.99999999999998579 ) ) ;
#9089 = CARTESIAN_POINT ( 'NONE',  ( 81.82864925813825607, -3.500000000000000000, 51.29469526676727043 ) ) ;
#9090 = DIRECTION ( 'NONE',  ( 0.000000000000000000, 1.000000000000000000, 0.000000000000000000 ) ) ;
#9091 = CARTESIAN_POINT ( 'NONE',  ( 132.9999999999999716, 2.500000000000000000, 60.00000000000000000 ) ) ;
#9092 = ORIENTED_EDGE ( 'NONE', *, *, #1849, .F. ) ;
#9093 = ORIENTED_EDGE ( 'NONE', *, *, #919, .T. ) ;
#9094 = DIRECTION ( 'NONE',  ( -0.7235268277883527555, 0.000000000000000000, 0.6902962621009354205 ) ) ;
#9095 = CYLINDRICAL_SURFACE ( 'NONE', #10882, 1.000000000000000888 ) ;
#9096 = EDGE_CURVE ( 'NONE', #7276, #2448, #6248, .T. ) ;
#9097 = CYLINDRICAL_SURFACE ( 'NONE', #2514, 5.500000000000005329 ) ;
#9098 = ORIENTED_EDGE ( 'NONE', *, *, #5371, .F. ) ;
#9099 = FILL_AREA_STYLE ('',( #4537 ) ) ;
#9100 = DIRECTION ( 'NONE',  ( 1.000000000000000000, 0.000000000000000000, 0.000000000000000000 ) ) ;
#9101 = ORIENTED_EDGE ( 'NONE', *, *, #5767, .T. ) ;
#9102 = DIRECTION ( 'NONE',  ( 1.000000000000000000, 0.000000000000000000, -0.000000000000000000 ) ) ;
#9103 = DIRECTION ( 'NONE',  ( 0.000000000000000000, 1.000000000000000000, 0.000000000000000000 ) ) ;
#9104 = EDGE_LOOP ( 'NONE', ( #6519, #2057, #2375, #4891 ) ) ;
#9105 = CARTESIAN_POINT ( 'NONE',  ( -22.37500000000000000, -3.500000000000000000, 7.000000000000006217 ) ) ;
#9106 = EDGE_CURVE ( 'NONE', #4367, #5558, #7931, .T. ) ;
#9107 = LINE ( 'NONE', #9997, #3997 ) ;
#9108 = EDGE_CURVE ( 'NONE', #8639, #2740, #9243, .T. ) ;
#9109 = VERTEX_POINT ( 'NONE', #9766 ) ;
#9110 = EDGE_CURVE ( 'NONE', #6796, #8289, #1575, .T. ) ;
#9111 = CARTESIAN_POINT ( 'NONE',  ( 92.50000000000022737, -3.500000000000000000, 7.500000000001714184 ) ) ;
#9112 = ORIENTED_EDGE ( 'NONE', *, *, #11020, .T. ) ;
#9113 = CARTESIAN_POINT ( 'NONE',  ( 78.12972322633679312, 2.500000000000000000, 38.94330427634486824 ) ) ;
#9114 = CYLINDRICAL_SURFACE ( 'NONE', #8781, 5.250000000000004441 ) ;
#9115 = ORIENTED_EDGE ( 'NONE', *, *, #2241, .F. ) ;
#9116 = AXIS2_PLACEMENT_3D ( 'NONE', #3578, #7138, #2519 ) ;
#9117 = DIRECTION ( 'NONE',  ( 0.000000000000000000, 0.000000000000000000, 1.000000000000000000 ) ) ;
#9118 = FACE_OUTER_BOUND ( 'NONE', #218, .T. ) ;
#9119 = CARTESIAN_POINT ( 'NONE',  ( 44.98292804986588322, -3.500000000000000000, -58.99999999999941735 ) ) ;
#9120 = VERTEX_POINT ( 'NONE', #2616 ) ;
#9121 = VERTEX_POINT ( 'NONE', #9709 ) ;
#9122 = LINE ( 'NONE', #1100, #5685 ) ;
#9123 = CIRCLE ( 'NONE', #10067, 5.499999999999998224 ) ;
#9124 = VERTEX_POINT ( 'NONE', #5320 ) ;
#9125 = VECTOR ( 'NONE', #4457, 1000.000000000000000 ) ;
#9126 = CARTESIAN_POINT ( 'NONE',  ( 77.59056977575610858, -3.500000000000000000, -54.61559535584993341 ) ) ;
#9127 = CARTESIAN_POINT ( 'NONE',  ( 92.50000000000022737, 2.500000000000000000, 9.000000000001710632 ) ) ;
#9128 = ORIENTED_EDGE ( 'NONE', *, *, #10978, .T. ) ;
#9129 = EDGE_LOOP ( 'NONE', ( #2617, #5170 ) ) ;
#9130 = EDGE_CURVE ( 'NONE', #6827, #11152, #10924, .T. ) ;
#9131 = DIRECTION ( 'NONE',  ( 0.000000000000000000, 1.000000000000000000, 0.000000000000000000 ) ) ;
#9132 = VECTOR ( 'NONE', #5626, 1000.000000000000000 ) ;
#9133 = CARTESIAN_POINT ( 'NONE',  ( 76.48960135530326454, 2.500000000000000000, 60.00000000000000000 ) ) ;
#9134 = ORIENTED_EDGE ( 'NONE', *, *, #7919, .F. ) ;
#9135 = DIRECTION ( 'NONE',  ( 0.000000000000000000, 1.000000000000000000, 0.000000000000000000 ) ) ;
#9136 = ORIENTED_EDGE ( 'NONE', *, *, #1015, .T. ) ;
#9137 = DIRECTION ( 'NONE',  ( 0.000000000000000000, 0.000000000000000000, 1.000000000000000000 ) ) ;
#9138 = AXIS2_PLACEMENT_3D ( 'NONE', #3904, #6764, #10347 ) ;
#9139 = EDGE_LOOP ( 'NONE', ( #7217, #2501, #5842, #1629 ) ) ;
#9140 = CARTESIAN_POINT ( 'NONE',  ( -27.78504933807234067, -3.500000000000000000, -16.10836839094013229 ) ) ;
#9141 = EDGE_CURVE ( 'NONE', #5142, #5727, #5077, .T. ) ;
#9142 = DIRECTION ( 'NONE',  ( 0.000000000000000000, 1.000000000000000000, 0.000000000000000000 ) ) ;
#9143 = AXIS2_PLACEMENT_3D ( 'NONE', #8727, #823, #699 ) ;
#9144 = VECTOR ( 'NONE', #3136, 1000.000000000000000 ) ;
#9145 = ADVANCED_FACE ( 'NONE', ( #2377 ), #5953, .T. ) ;
#9146 = CARTESIAN_POINT ( 'NONE',  ( 80.99728228756691806, 2.500000000000000000, -32.75000000000000711 ) ) ;
#9147 = CARTESIAN_POINT ( 'NONE',  ( 51.28783641408370642, -3.500000000000000000, -32.32140390234776106 ) ) ;
#9148 = ORIENTED_EDGE ( 'NONE', *, *, #4407, .T. ) ;
#9149 = ORIENTED_EDGE ( 'NONE', *, *, #8603, .T. ) ;
#9150 = DIRECTION ( 'NONE',  ( -0.000000000000000000, 0.000000000000000000, 1.000000000000000000 ) ) ;
#9151 = DIRECTION ( 'NONE',  ( 1.000000000000000000, 0.000000000000000000, 0.000000000000000000 ) ) ;
#9152 = VECTOR ( 'NONE', #2818, 999.9999999999998863 ) ;
#9153 = DIRECTION ( 'NONE',  ( 0.000000000000000000, 1.000000000000000000, 0.000000000000000000 ) ) ;
#9154 = ORIENTED_EDGE ( 'NONE', *, *, #7212, .F. ) ;
#9155 = CIRCLE ( 'NONE', #10987, 6.000000000000001776 ) ;
#9156 = CARTESIAN_POINT ( 'NONE',  ( 40.75000000000051870, 2.500000000000000000, 53.99999999999944578 ) ) ;
#9157 = CARTESIAN_POINT ( 'NONE',  ( -27.55385631544756819, 2.500000000000000000, -15.13546048867516625 ) ) ;
#9158 = VECTOR ( 'NONE', #2964, 1000.000000000000000 ) ;
#9159 = ORIENTED_EDGE ( 'NONE', *, *, #11532, .F. ) ;
#9160 = EDGE_CURVE ( 'NONE', #9975, #8813, #9044, .T. ) ;
#9161 = VECTOR ( 'NONE', #1196, 999.9999999999998863 ) ;
#9162 = DIRECTION ( 'NONE',  ( 1.000000000000000000, 0.000000000000000000, 7.692556537664882126E-15 ) ) ;
#9163 = FACE_OUTER_BOUND ( 'NONE', #5231, .T. ) ;
#9164 = CARTESIAN_POINT ( 'NONE',  ( 75.54886228667969306, 2.500000000000000000, -35.00147820589290859 ) ) ;
#9165 = VERTEX_POINT ( 'NONE', #8710 ) ;
#9166 = CARTESIAN_POINT ( 'NONE',  ( -28.70982142857141994, -3.500000000000000000, 20.00000000000000711 ) ) ;
#9167 = CARTESIAN_POINT ( 'NONE',  ( -28.57412527334259167, -3.500000000000000000, 0.7142857142857141906 ) ) ;
#9168 = VERTEX_POINT ( 'NONE', #3387 ) ;
#9169 = VECTOR ( 'NONE', #2426, 1000.000000000000000 ) ;
#9170 = CARTESIAN_POINT ( 'NONE',  ( 135.6666666666666856, -3.500000000000000000, -51.90054204125040371 ) ) ;
#9171 = EDGE_LOOP ( 'NONE', ( #4346, #8401, #1308, #8837 ) ) ;
#9172 = EDGE_CURVE ( 'NONE', #2400, #1520, #11108, .T. ) ;
#9173 = LINE ( 'NONE', #8287, #2618 ) ;
#9174 = CARTESIAN_POINT ( 'NONE',  ( 129.5000000000002274, 2.500000000000000000, -7.500000000001957545 ) ) ;
#9175 = ORIENTED_EDGE ( 'NONE', *, *, #11082, .F. ) ;
#9176 = ADVANCED_FACE ( 'NONE', ( #197 ), #6407, .T. ) ;
#9177 = CARTESIAN_POINT ( 'NONE',  ( 94.00000000000153477, -3.500000000000000000, 35.99999999999690203 ) ) ;
#9178 = CARTESIAN_POINT ( 'NONE',  ( 90.50000000000021316, -3.500000000000000000, -7.500000000001714184 ) ) ;
#9179 = DIRECTION ( 'NONE',  ( 0.000000000000000000, 1.000000000000000000, 0.000000000000000000 ) ) ;
#9180 = ORIENTED_EDGE ( 'NONE', *, *, #10298, .T. ) ;
#9181 = ORIENTED_EDGE ( 'NONE', *, *, #6429, .F. ) ;
#9182 = PLANE ( 'NONE',  #9415 ) ;
#9183 = ORIENTED_EDGE ( 'NONE', *, *, #4716, .F. ) ;
#9184 = DIRECTION ( 'NONE',  ( 0.000000000000000000, 0.000000000000000000, 1.000000000000000000 ) ) ;
#9185 = DIRECTION ( 'NONE',  ( 0.000000000000000000, 1.000000000000000000, 0.000000000000000000 ) ) ;
#9186 = ORIENTED_EDGE ( 'NONE', *, *, #8098, .T. ) ;
#9187 = ORIENTED_EDGE ( 'NONE', *, *, #2590, .T. ) ;
#9188 = EDGE_CURVE ( 'NONE', #1799, #6446, #3614, .T. ) ;
#9189 = DIRECTION ( 'NONE',  ( -0.000000000000000000, 1.000000000000000000, -0.000000000000000000 ) ) ;
#9190 = CARTESIAN_POINT ( 'NONE',  ( 22.37500000000000711, 2.500000000000000000, -14.00000000000000533 ) ) ;
#9191 = ORIENTED_EDGE ( 'NONE', *, *, #9602, .T. ) ;
#9192 = CARTESIAN_POINT ( 'NONE',  ( 61.17303757665697361, -3.500000000000000000, -30.36305979348978923 ) ) ;
#9193 = EDGE_CURVE ( 'NONE', #2031, #11298, #8994, .T. ) ;
#9194 = VERTEX_POINT ( 'NONE', #5429 ) ;
#9195 = VECTOR ( 'NONE', #9492, 1000.000000000000000 ) ;
#9196 = CARTESIAN_POINT ( 'NONE',  ( 84.26623043858612050, -3.500000000000000000, 27.92637936698945822 ) ) ;
#9197 = ORIENTED_EDGE ( 'NONE', *, *, #1096, .F. ) ;
#9198 = LINE ( 'NONE', #3758, #93 ) ;
#9199 = CIRCLE ( 'NONE', #7319, 5.499999999999998224 ) ;
#9200 = CARTESIAN_POINT ( 'NONE',  ( 126.8765246170202374, 2.500000000000000000, -53.99999999999998579 ) ) ;
#9201 = DIRECTION ( 'NONE',  ( 0.000000000000000000, 1.000000000000000000, 0.000000000000000000 ) ) ;
#9202 = CARTESIAN_POINT ( 'NONE',  ( 79.50000000000051159, -3.500000000000000000, -55.99999999999916866 ) ) ;
#9203 = ORIENTED_EDGE ( 'NONE', *, *, #837, .T. ) ;
#9204 = VERTEX_POINT ( 'NONE', #6353 ) ;
#9205 = CARTESIAN_POINT ( 'NONE',  ( 125.5000000000002274, 2.500000000000000000, 3.876524617022159003 ) ) ;
#9206 = AXIS2_PLACEMENT_3D ( 'NONE', #2285, #3414, #1466 ) ;
#9207 = EDGE_CURVE ( 'NONE', #10215, #3183, #6053, .T. ) ;
#9208 = DIRECTION ( 'NONE',  ( 0.1921353852253143424, 0.000000000000000000, 0.9813684291561045603 ) ) ;
#9209 = AXIS2_PLACEMENT_3D ( 'NONE', #6198, #6256, #5382 ) ;
#9210 = EDGE_CURVE ( 'NONE', #10504, #1435, #8113, .T. ) ;
#9211 = CARTESIAN_POINT ( 'NONE',  ( 124.2723375339472227, 2.500000000000000000, -31.04241163433085759 ) ) ;
#9212 = EDGE_LOOP ( 'NONE', ( #4953, #7686, #4154, #2419 ) ) ;
#9213 = VECTOR ( 'NONE', #2686, 999.9999999999998863 ) ;
#9214 = DIRECTION ( 'NONE',  ( 0.000000000000000000, 0.000000000000000000, 1.000000000000000000 ) ) ;
#9215 = LINE ( 'NONE', #5708, #8487 ) ;
#9216 = VECTOR ( 'NONE', #4488, 1000.000000000000000 ) ;
#9217 = ORIENTED_EDGE ( 'NONE', *, *, #5060, .F. ) ;
#9218 = AXIS2_PLACEMENT_3D ( 'NONE', #790, #9517, #10641 ) ;
#9219 = DIRECTION ( 'NONE',  ( 0.000000000000000000, 1.000000000000000000, 0.000000000000000000 ) ) ;
#9220 = ORIENTED_EDGE ( 'NONE', *, *, #502, .F. ) ;
#9221 = DIRECTION ( 'NONE',  ( 0.000000000000000000, 0.000000000000000000, -1.000000000000000000 ) ) ;
#9222 = EDGE_CURVE ( 'NONE', #7505, #7581, #8104, .T. ) ;
#9223 = FACE_OUTER_BOUND ( 'NONE', #1651, .T. ) ;
#9224 = VECTOR ( 'NONE', #4094, 1000.000000000000000 ) ;
#9225 = EDGE_CURVE ( 'NONE', #6379, #4714, #9107, .T. ) ;
#9226 = ORIENTED_EDGE ( 'NONE', *, *, #6903, .F. ) ;
#9227 = CARTESIAN_POINT ( 'NONE',  ( 56.74999999999997868, 2.500000000000000000, -24.10000000009224763 ) ) ;
#9228 = EDGE_LOOP ( 'NONE', ( #3697, #1110, #8619, #716 ) ) ;
#9229 = VECTOR ( 'NONE', #11030, 1000.000000000000000 ) ;
#9230 = AXIS2_PLACEMENT_3D ( 'NONE', #10279, #2072, #2245 ) ;
#9231 = PLANE ( 'NONE',  #4493 ) ;
#9232 = CARTESIAN_POINT ( 'NONE',  ( -26.64589803375033839, -3.500000000000000000, 60.00000000000000000 ) ) ;
#9233 = ORIENTED_EDGE ( 'NONE', *, *, #3600, .T. ) ;
#9234 = CIRCLE ( 'NONE', #5687, 1.000000000000000888 ) ;
#9235 = LINE ( 'NONE', #7409, #425 ) ;
#9236 = DIRECTION ( 'NONE',  ( -0.000000000000000000, 1.000000000000000000, -0.000000000000000000 ) ) ;
#9237 = CARTESIAN_POINT ( 'NONE',  ( 34.01707195013521812, 2.500000000000000000, -57.99999999999948841 ) ) ;
#9238 = VERTEX_POINT ( 'NONE', #7345 ) ;
#9239 = EDGE_LOOP ( 'NONE', ( #1347, #5954, #7442, #11100 ) ) ;
#9240 = AXIS2_PLACEMENT_3D ( 'NONE', #1882, #9030, #7154 ) ;
#9241 = CYLINDRICAL_SURFACE ( 'NONE', #4938, 1.000000000000000888 ) ;
#9242 = CIRCLE ( 'NONE', #9989, 3.000000000000002665 ) ;
#9243 = CIRCLE ( 'NONE', #4194, 0.9999999999999974465 ) ;
#9244 = AXIS2_PLACEMENT_3D ( 'NONE', #3940, #11151, #4882 ) ;
#9245 = EDGE_CURVE ( 'NONE', #5558, #4367, #10551, .T. ) ;
#9246 = VERTEX_POINT ( 'NONE', #1085 ) ;
#9247 = ADVANCED_FACE ( 'NONE', ( #2904 ), #2837, .T. ) ;
#9248 = AXIS2_PLACEMENT_3D ( 'NONE', #5591, #256, #7227 ) ;
#9249 = DIRECTION ( 'NONE',  ( 0.000000000000000000, 1.000000000000000000, 0.000000000000000000 ) ) ;
#9250 = ORIENTED_EDGE ( 'NONE', *, *, #3604, .T. ) ;
#9251 = ORIENTED_EDGE ( 'NONE', *, *, #1083, .F. ) ;
#9252 = ORIENTED_EDGE ( 'NONE', *, *, #409, .F. ) ;
#9253 = CIRCLE ( 'NONE', #7370, 5.500000000000005329 ) ;
#9254 = DIRECTION ( 'NONE',  ( 1.000000000000000000, 0.000000000000000000, 0.000000000000000000 ) ) ;
#9255 = CARTESIAN_POINT ( 'NONE',  ( -28.70982142857142350, 2.500000000000000000, -20.00000000000000711 ) ) ;
#9256 = ORIENTED_EDGE ( 'NONE', *, *, #9210, .T. ) ;
#9257 = DIRECTION ( 'NONE',  ( 0.000000000000000000, 0.000000000000000000, 1.000000000000000000 ) ) ;
#9258 = CIRCLE ( 'NONE', #8693, 1.250000000000001110 ) ;
#9259 = ORIENTED_EDGE ( 'NONE', *, *, #11326, .T. ) ;
#9260 = EDGE_CURVE ( 'NONE', #8765, #9121, #7178, .T. ) ;
#9261 = DIRECTION ( 'NONE',  ( 0.000000000000000000, 1.000000000000000000, 0.000000000000000000 ) ) ;
#9262 = EDGE_CURVE ( 'NONE', #5003, #2424, #9434, .T. ) ;
#9263 = ORIENTED_EDGE ( 'NONE', *, *, #9683, .F. ) ;
#9264 = DIRECTION ( 'NONE',  ( 0.000000000000000000, 0.000000000000000000, 1.000000000000000000 ) ) ;
#9265 = VECTOR ( 'NONE', #8696, 1000.000000000000114 ) ;
#9266 = DIRECTION ( 'NONE',  ( 0.000000000000000000, 1.000000000000000000, 0.000000000000000000 ) ) ;
#9267 = CARTESIAN_POINT ( 'NONE',  ( 74.01707195013517548, -3.500000000000000000, 52.99999999999920419 ) ) ;
#9268 = CARTESIAN_POINT ( 'NONE',  ( -27.37499999999999645, 2.500000000000000000, 11.32455532033676704 ) ) ;
#9269 = ORIENTED_EDGE ( 'NONE', *, *, #6042, .F. ) ;
#9270 = ORIENTED_EDGE ( 'NONE', *, *, #10795, .T. ) ;
#9271 = CARTESIAN_POINT ( 'NONE',  ( 61.50903828375253113, -3.500000000000000000, -29.42119806009614535 ) ) ;
#9272 = CIRCLE ( 'NONE', #102, 1.000000000000000888 ) ;
#9273 = DIRECTION ( 'NONE',  ( 0.000000000000000000, 0.000000000000000000, 1.000000000000000000 ) ) ;
#9274 = DIRECTION ( 'NONE',  ( 0.000000000000000000, 1.000000000000000000, 0.000000000000000000 ) ) ;
#9275 = CARTESIAN_POINT ( 'NONE',  ( -33.66666666666666430, 2.500000000000000000, -51.90054204125036108 ) ) ;
#9276 = DIRECTION ( 'NONE',  ( 0.000000000000000000, 0.000000000000000000, -1.000000000000000000 ) ) ;
#9277 = EDGE_LOOP ( 'NONE', ( #11541, #4129, #7974, #2561 ) ) ;
#9278 = EDGE_CURVE ( 'NONE', #8267, #11316, #8003, .T. ) ;
#9279 = CARTESIAN_POINT ( 'NONE',  ( 39.50000000000052580, -3.500000000000000000, 55.99999999999945288 ) ) ;
#9280 = ORIENTED_EDGE ( 'NONE', *, *, #1988, .F. ) ;
#9281 = CARTESIAN_POINT ( 'NONE',  ( 41.76031830491573515, -3.500000000000000000, 55.32660475167552505 ) ) ;
#9282 = CARTESIAN_POINT ( 'NONE',  ( 82.51039864469777285, 2.500000000000000000, 59.00000000000000000 ) ) ;
#9283 = ORIENTED_EDGE ( 'NONE', *, *, #1243, .F. ) ;
#9284 = FACE_OUTER_BOUND ( 'NONE', #8249, .T. ) ;
#9285 = ORIENTED_EDGE ( 'NONE', *, *, #8929, .F. ) ;
#9286 = EDGE_CURVE ( 'NONE', #9595, #8572, #10755, .T. ) ;
#9287 = EDGE_CURVE ( 'NONE', #9323, #5051, #2322, .T. ) ;
#9288 = CARTESIAN_POINT ( 'NONE',  ( 43.15360207239141488, 2.500000000000000000, 52.22989497538527104 ) ) ;
#9289 = LINE ( 'NONE', #3899, #4099 ) ;
#9290 = ORIENTED_EDGE ( 'NONE', *, *, #10477, .T. ) ;
#9291 = ADVANCED_FACE ( 'NONE', ( #9937 ), #1902, .F. ) ;
#9292 = FACE_OUTER_BOUND ( 'NONE', #3494, .T. ) ;
#9293 = CARTESIAN_POINT ( 'NONE',  ( -24.37499999999999645, -3.500000000000000000, 3.000000000000000444 ) ) ;
#9294 = DIRECTION ( 'NONE',  ( 0.000000000000000000, 0.000000000000000000, 1.000000000000000000 ) ) ;
#9295 = VERTEX_POINT ( 'NONE', #7121 ) ;
#9296 = EDGE_LOOP ( 'NONE', ( #449, #3492, #1428, #306, #8627, #534, #4455, #7938, #6480, #885, #1564, #11252 ) ) ;
#9297 = DIRECTION ( 'NONE',  ( 0.000000000000000000, 1.000000000000000000, 0.000000000000000000 ) ) ;
#9298 = ORIENTED_EDGE ( 'NONE', *, *, #9469, .T. ) ;
#9299 = DIRECTION ( 'NONE',  ( 0.000000000000000000, -1.000000000000000000, 0.000000000000000000 ) ) ;
#9300 = VECTOR ( 'NONE', #3032, 1000.000000000000000 ) ;
#9301 = ORIENTED_EDGE ( 'NONE', *, *, #5152, .T. ) ;
#9302 = DIRECTION ( 'NONE',  ( 0.000000000000000000, 0.000000000000000000, 1.000000000000000000 ) ) ;
#9303 = ORIENTED_EDGE ( 'NONE', *, *, #7773, .T. ) ;
#9304 = FACE_OUTER_BOUND ( 'NONE', #4423, .T. ) ;
#9305 = DIRECTION ( 'NONE',  ( 1.000000000000000000, 0.000000000000000000, 0.000000000000000000 ) ) ;
#9306 = ORIENTED_EDGE ( 'NONE', *, *, #7027, .T. ) ;
#9307 = CARTESIAN_POINT ( 'NONE',  ( 132.0000000000000000, -3.500000000000000000, -54.50000000000001421 ) ) ;
#9308 = EDGE_CURVE ( 'NONE', #5082, #4383, #10562, .T. ) ;
#9309 = VECTOR ( 'NONE', #3673, 1000.000000000000000 ) ;
#9310 = VERTEX_POINT ( 'NONE', #4605 ) ;
#9311 = VECTOR ( 'NONE', #6150, 1000.000000000000000 ) ;
#9312 = FACE_BOUND ( 'NONE', #8516, .T. ) ;
#9313 = EDGE_LOOP ( 'NONE', ( #11491, #922, #2702, #11563 ) ) ;
#9314 = DIRECTION ( 'NONE',  ( 0.000000000000000000, 1.000000000000000000, 0.000000000000000000 ) ) ;
#9315 = CARTESIAN_POINT ( 'NONE',  ( 56.74999999999997868, -3.500000000000000000, 31.10000000009223342 ) ) ;
#9316 = AXIS2_PLACEMENT_3D ( 'NONE', #6389, #1885, #5528 ) ;
#9317 = CARTESIAN_POINT ( 'NONE',  ( 80.99728228756691806, -3.500000000000000000, 32.75000000000000711 ) ) ;
#9318 = ADVANCED_FACE ( 'NONE', ( #25 ), #8167, .T. ) ;
#9319 = LINE ( 'NONE', #2054, #7842 ) ;
#9320 = CARTESIAN_POINT ( 'NONE',  ( 127.5000000000002274, -3.500000000000000000, -9.000000000001953993 ) ) ;
#9321 = EDGE_LOOP ( 'NONE', ( #5043, #9259, #3050, #2280 ) ) ;
#9322 = ADVANCED_FACE ( 'NONE', ( #10224 ), #1140, .T. ) ;
#9323 = VERTEX_POINT ( 'NONE', #5715 ) ;
#9324 = DIRECTION ( 'NONE',  ( 1.000000000000000000, 0.000000000000000000, 0.000000000000000000 ) ) ;
#9325 = EDGE_CURVE ( 'NONE', #7696, #8038, #8125, .T. ) ;
#9326 = CIRCLE ( 'NONE', #2020, 1.000000000000000888 ) ;
#9327 = DIRECTION ( 'NONE',  ( -0.000000000000000000, -1.000000000000000000, -0.000000000000000000 ) ) ;
#9328 = AXIS2_PLACEMENT_3D ( 'NONE', #10723, #8022, #6094 ) ;
#9329 = DIRECTION ( 'NONE',  ( 0.000000000000000000, 0.000000000000000000, 1.000000000000000000 ) ) ;
#9330 = ORIENTED_EDGE ( 'NONE', *, *, #2039, .F. ) ;
#9331 = LINE ( 'NONE', #1302, #11047 ) ;
#9332 = DIRECTION ( 'NONE',  ( 0.000000000000000000, 0.000000000000000000, 1.000000000000000000 ) ) ;
#9333 = ORIENTED_EDGE ( 'NONE', *, *, #3193, .T. ) ;
#9334 = ADVANCED_FACE ( 'NONE', ( #11211 ), #4952, .T. ) ;
#9335 = DIRECTION ( 'NONE',  ( 0.000000000000000000, 0.000000000000000000, 1.000000000000000000 ) ) ;
#9336 = VERTEX_POINT ( 'NONE', #8397 ) ;
#9337 = VECTOR ( 'NONE', #9973, 1000.000000000000000 ) ;
#9338 = DIRECTION ( 'NONE',  ( 0.000000000000000000, -1.000000000000000000, 0.000000000000000000 ) ) ;
#9339 = AXIS2_PLACEMENT_3D ( 'NONE', #2735, #6306, #9890 ) ;
#9340 = EDGE_CURVE ( 'NONE', #5273, #1718, #3077, .T. ) ;
#9341 = DIRECTION ( 'NONE',  ( -0.000000000000000000, -1.000000000000000000, -0.000000000000000000 ) ) ;
#9342 = ORIENTED_EDGE ( 'NONE', *, *, #6853, .T. ) ;
#9343 = ADVANCED_FACE ( 'NONE', ( #371 ), #3187, .F. ) ;
#9344 = VECTOR ( 'NONE', #10821, 1000.000000000000000 ) ;
#9345 = FACE_OUTER_BOUND ( 'NONE', #5045, .T. ) ;
#9346 = VERTEX_POINT ( 'NONE', #261 ) ;
#9347 = DIRECTION ( 'NONE',  ( 0.000000000000000000, 1.000000000000000000, 0.000000000000000000 ) ) ;
#9348 = DIRECTION ( 'NONE',  ( 0.000000000000000000, 1.000000000000000000, 0.000000000000000000 ) ) ;
#9349 = VERTEX_POINT ( 'NONE', #3011 ) ;
#9350 = CYLINDRICAL_SURFACE ( 'NONE', #62, 5.500000000000005329 ) ;
#9351 = DIRECTION ( 'NONE',  ( 1.000000000000000000, 0.000000000000000000, 0.000000000000000000 ) ) ;
#9352 = CARTESIAN_POINT ( 'NONE',  ( 24.37500000000000355, -3.500000000000000000, -5.000000000000003553 ) ) ;
#9353 = VERTEX_POINT ( 'NONE', #4013 ) ;
#9354 = ORIENTED_EDGE ( 'NONE', *, *, #2244, .F. ) ;
#9355 = CARTESIAN_POINT ( 'NONE',  ( 126.0000000000015490, 2.500000000000000000, 35.99999999999688782 ) ) ;
#9356 = EDGE_CURVE ( 'NONE', #2468, #9007, #3068, .T. ) ;
#9357 = ORIENTED_EDGE ( 'NONE', *, *, #8565, .T. ) ;
#9358 = EDGE_CURVE ( 'NONE', #8673, #516, #4068, .T. ) ;
#9359 = DIRECTION ( 'NONE',  ( 0.000000000000000000, 1.000000000000000000, 0.000000000000000000 ) ) ;
#9360 = ORIENTED_EDGE ( 'NONE', *, *, #9381, .F. ) ;
#9361 = CARTESIAN_POINT ( 'NONE',  ( 61.17303757665697361, -3.500000000000000000, -30.36305979348978923 ) ) ;
#9362 = VERTEX_POINT ( 'NONE', #10333 ) ;
#9363 = CARTESIAN_POINT ( 'NONE',  ( 130.4489866375057261, 2.500000000000000000, -40.38964894943570982 ) ) ;
#9364 = CARTESIAN_POINT ( 'NONE',  ( 86.34174532563687876, -3.500000000000000000, 32.95126413974819712 ) ) ;
#9365 = ORIENTED_EDGE ( 'NONE', *, *, #6390, .T. ) ;
#9366 = DIRECTION ( 'NONE',  ( 0.000000000000000000, 0.000000000000000000, -1.000000000000000000 ) ) ;
#9367 = EDGE_LOOP ( 'NONE', ( #6516, #1663, #4028, #1227 ) ) ;
#9368 = EDGE_CURVE ( 'NONE', #3183, #6104, #2301, .T. ) ;
#9369 = CARTESIAN_POINT ( 'NONE',  ( 48.34041134556223795, 2.500000000000000000, 29.54185629365642285 ) ) ;
#9370 = EDGE_CURVE ( 'NONE', #4517, #10850, #9623, .T. ) ;
#9371 = CARTESIAN_POINT ( 'NONE',  ( -3.123475382979882475, 2.500000000000000000, -53.99999999999977263 ) ) ;
#9372 = DIRECTION ( 'NONE',  ( 0.000000000000000000, 1.000000000000000000, 0.000000000000000000 ) ) ;
#9373 = DIRECTION ( 'NONE',  ( 0.06867802390885047181, 0.000000000000000000, 0.9976388770652312443 ) ) ;
#9374 = FACE_OUTER_BOUND ( 'NONE', #7648, .T. ) ;
#9375 = ORIENTED_EDGE ( 'NONE', *, *, #9671, .F. ) ;
#9376 = CARTESIAN_POINT ( 'NONE',  ( 127.5000000000002274, -3.500000000000000000, 9.000000000001953993 ) ) ;
#9377 = VERTEX_POINT ( 'NONE', #10986 ) ;
#9378 = DIRECTION ( 'NONE',  ( -1.000000000000000000, 0.000000000000000000, 0.000000000000000000 ) ) ;
#9379 = CARTESIAN_POINT ( 'NONE',  ( 133.2165501172941333, 2.500000000000000000, 49.61486054873415696 ) ) ;
#9380 = AXIS2_PLACEMENT_3D ( 'NONE', #3766, #2652, #6286 ) ;
#9381 = EDGE_CURVE ( 'NONE', #7907, #8995, #10191, .T. ) ;
#9382 = AXIS2_PLACEMENT_3D ( 'NONE', #6102, #6914, #10493 ) ;
#9383 = ADVANCED_FACE ( 'NONE', ( #7515 ), #10110, .T. ) ;
#9384 = CARTESIAN_POINT ( 'NONE',  ( 44.10565956188742121, 2.500000000000000000, -58.51999999999942048 ) ) ;
#9385 = ORIENTED_EDGE ( 'NONE', *, *, #4054, .T. ) ;
#9386 = CARTESIAN_POINT ( 'NONE',  ( 79.50000000000051159, -3.500000000000000000, -55.99999999999916866 ) ) ;
#9387 = PLANE ( 'NONE',  #10340 ) ;
#9388 = ORIENTED_EDGE ( 'NONE', *, *, #8340, .T. ) ;
#9389 = AXIS2_PLACEMENT_3D ( 'NONE', #11430, #4044, #3341 ) ;
#9390 = DIRECTION ( 'NONE',  ( 0.000000000000000000, 1.000000000000000000, 0.000000000000000000 ) ) ;
#9391 = ORIENTED_EDGE ( 'NONE', *, *, #5439, .T. ) ;
#9392 = AXIS2_PLACEMENT_3D ( 'NONE', #10554, #4106, #9549 ) ;
#9393 = DIRECTION ( 'NONE',  ( 0.9578262852211842926, 0.000000000000000000, -0.2873478855662358056 ) ) ;
#9394 = AXIS2_PLACEMENT_3D ( 'NONE', #11297, #10358, #9476 ) ;
#9395 = DIRECTION ( 'NONE',  ( 0.000000000000000000, 1.000000000000000000, 0.000000000000000000 ) ) ;
#9396 = EDGE_LOOP ( 'NONE', ( #9087, #2471, #384, #7090, #2453, #10313, #4987 ) ) ;
#9397 = CIRCLE ( 'NONE', #6027, 5.500000000000001776 ) ;
#9398 = EDGE_CURVE ( 'NONE', #554, #5384, #5820, .T. ) ;
#9399 = CIRCLE ( 'NONE', #8846, 2.000000000000003109 ) ;
#9400 = DIRECTION ( 'NONE',  ( 0.000000000000000000, 1.000000000000000000, 0.000000000000000000 ) ) ;
#9401 = ORIENTED_EDGE ( 'NONE', *, *, #5810, .T. ) ;
#9402 = AXIS2_PLACEMENT_3D ( 'NONE', #8158, #6462, #3833 ) ;
#9403 = ADVANCED_FACE ( 'NONE', ( #482 ), #2132, .F. ) ;
#9404 = CARTESIAN_POINT ( 'NONE',  ( 127.5000000000002274, -3.500000000000000000, 9.000000000001953993 ) ) ;
#9405 = CARTESIAN_POINT ( 'NONE',  ( -34.00000000000000000, 2.500000000000000000, -52.64589803375029220 ) ) ;
#9406 = ORIENTED_EDGE ( 'NONE', *, *, #117, .T. ) ;
#9407 = CARTESIAN_POINT ( 'NONE',  ( 130.4489866375057261, -3.500000000000000000, 40.38964894943570982 ) ) ;
#9408 = CARTESIAN_POINT ( 'NONE',  ( 83.21872773756770414, 2.500000000000000000, 59.70588235294136581 ) ) ;
#9409 = DIRECTION ( 'NONE',  ( 1.000000000000000000, 0.000000000000000000, 0.000000000000000000 ) ) ;
#9410 = VECTOR ( 'NONE', #2096, 1000.000000000000000 ) ;
#9411 = VERTEX_POINT ( 'NONE', #2070 ) ;
#9412 = ORIENTED_EDGE ( 'NONE', *, *, #5704, .T. ) ;
#9413 = CARTESIAN_POINT ( 'NONE',  ( 44.98292804986587612, -3.500000000000000000, -57.99999999999941735 ) ) ;
#9414 = ORIENTED_EDGE ( 'NONE', *, *, #2709, .F. ) ;
#9415 = AXIS2_PLACEMENT_3D ( 'NONE', #1154, #7246, #2798 ) ;
#9416 = CARTESIAN_POINT ( 'NONE',  ( -27.55385631544756819, 2.500000000000000000, 15.13546048867516625 ) ) ;
#9417 = ORIENTED_EDGE ( 'NONE', *, *, #8166, .F. ) ;
#9418 = AXIS2_PLACEMENT_3D ( 'NONE', #5494, #2849, #2793 ) ;
#9419 = CARTESIAN_POINT ( 'NONE',  ( -26.94642857142856940, 2.500000000000000000, 10.42104741743151486 ) ) ;
#9420 = ORIENTED_EDGE ( 'NONE', *, *, #7201, .F. ) ;
#9421 = CYLINDRICAL_SURFACE ( 'NONE', #4368, 5.499999999999998224 ) ;
#9422 = ADVANCED_FACE ( 'NONE', ( #9223 ), #4781, .T. ) ;
#9423 = CARTESIAN_POINT ( 'NONE',  ( -24.37499999999999645, -3.500000000000000000, -5.000000000000003553 ) ) ;
#9424 = CARTESIAN_POINT ( 'NONE',  ( 130.5000000000002274, -3.500000000000000000, 3.233718702666561029 ) ) ;
#9425 = AXIS2_PLACEMENT_3D ( 'NONE', #2560, #10528, #1559 ) ;
#9426 = CIRCLE ( 'NONE', #7555, 5.500000000000005329 ) ;
#9427 = EDGE_CURVE ( 'NONE', #1917, #2249, #4835, .T. ) ;
#9428 = VERTEX_POINT ( 'NONE', #5123 ) ;
#9429 = CIRCLE ( 'NONE', #9614, 1.500000000000001332 ) ;
#9430 = DIRECTION ( 'NONE',  ( 0.000000000000000000, 0.000000000000000000, 1.000000000000000000 ) ) ;
#9431 = VECTOR ( 'NONE', #4239, 1000.000000000000000 ) ;
#9432 = CARTESIAN_POINT ( 'NONE',  ( 85.98105184898074071, -3.500000000000000000, 31.92362063310278586 ) ) ;
#9433 = CARTESIAN_POINT ( 'NONE',  ( 54.00668558637443795, -3.500000000000000000, 31.49272653608509032 ) ) ;
#9434 = CIRCLE ( 'NONE', #2704, 5.250000000000004441 ) ;
#9435 = AXIS2_PLACEMENT_3D ( 'NONE', #8860, #3590, #10847 ) ;
#9436 = VERTEX_POINT ( 'NONE', #6930 ) ;
#9437 = EDGE_CURVE ( 'NONE', #7615, #6886, #6258, .T. ) ;
#9438 = VECTOR ( 'NONE', #6592, 999.9999999999998863 ) ;
#9439 = CARTESIAN_POINT ( 'NONE',  ( 132.0000000000000000, -3.500000000000000000, 54.50000000000001421 ) ) ;
#9440 = CARTESIAN_POINT ( 'NONE',  ( 92.50000000000022737, -3.500000000000000000, -9.000000000001710632 ) ) ;
#9441 = VERTEX_POINT ( 'NONE', #5246 ) ;
#9442 = CARTESIAN_POINT ( 'NONE',  ( 92.19713777471335447, -3.500000000000000000, -20.95625378212819712 ) ) ;
#9443 = EDGE_CURVE ( 'NONE', #8584, #7883, #5001, .T. ) ;
#9444 = ORIENTED_EDGE ( 'NONE', *, *, #10277, .T. ) ;
#9445 = CARTESIAN_POINT ( 'NONE',  ( 58.83479401428157018, -3.500000000000000000, -24.22027759394830326 ) ) ;
#9446 = DIRECTION ( 'NONE',  ( 0.000000000000000000, 0.000000000000000000, 1.000000000000000000 ) ) ;
#9447 = CARTESIAN_POINT ( 'NONE',  ( 126.0000000000015490, 2.500000000000000000, 35.99999999999688782 ) ) ;
#9448 = ORIENTED_EDGE ( 'NONE', *, *, #8210, .F. ) ;
#9449 = FACE_OUTER_BOUND ( 'NONE', #9563, .T. ) ;
#9450 = FACE_OUTER_BOUND ( 'NONE', #11346, .T. ) ;
#9451 = ORIENTED_EDGE ( 'NONE', *, *, #5465, .T. ) ;
#9452 = CARTESIAN_POINT ( 'NONE',  ( -26.37499999999999645, 2.500000000000000000, 13.79999999999997939 ) ) ;
#9453 = ORIENTED_EDGE ( 'NONE', *, *, #6801, .F. ) ;
#9454 = CARTESIAN_POINT ( 'NONE',  ( 94.50000000000022737, 2.500000000000000000, 3.876524617021916530 ) ) ;
#9455 = EDGE_CURVE ( 'NONE', #7490, #6196, #6808, .T. ) ;
#9456 = CARTESIAN_POINT ( 'NONE',  ( 79.50000000000051159, 2.500000000000000000, 55.99999999999916866 ) ) ;
#9457 = ORIENTED_EDGE ( 'NONE', *, *, #109, .F. ) ;
#9458 = DIRECTION ( 'NONE',  ( 0.000000000000000000, 1.000000000000000000, 0.000000000000000000 ) ) ;
#9459 = PLANE ( 'NONE',  #1932 ) ;
#9460 = ORIENTED_EDGE ( 'NONE', *, *, #5522, .F. ) ;
#9461 = CARTESIAN_POINT ( 'NONE',  ( 127.5000000000002274, -3.500000000000000000, -9.000000000001953993 ) ) ;
#9462 = DIRECTION ( 'NONE',  ( 0.000000000000000000, 1.000000000000000000, 0.000000000000000000 ) ) ;
#9463 = ORIENTED_EDGE ( 'NONE', *, *, #3172, .T. ) ;
#9464 = CARTESIAN_POINT ( 'NONE',  ( 43.15360207239141488, -3.500000000000000000, 52.22989497538527104 ) ) ;
#9465 = CARTESIAN_POINT ( 'NONE',  ( 127.5000000000002274, 2.500000000000000000, 9.000000000001953993 ) ) ;
#9466 = CARTESIAN_POINT ( 'NONE',  ( 94.00000000000153477, 2.500000000000000000, 35.99999999999690203 ) ) ;
#9467 = EDGE_CURVE ( 'NONE', #10064, #103, #4304, .T. ) ;
#9468 = DIRECTION ( 'NONE',  ( 0.000000000000000000, 0.000000000000000000, 1.000000000000000000 ) ) ;
#9469 = EDGE_CURVE ( 'NONE', #3951, #2792, #10394, .T. ) ;
#9470 = ORIENTED_EDGE ( 'NONE', *, *, #1510, .F. ) ;
#9471 = ORIENTED_EDGE ( 'NONE', *, *, #4868, .T. ) ;
#9472 = DIRECTION ( 'NONE',  ( 0.000000000000000000, 0.000000000000000000, 1.000000000000000000 ) ) ;
#9473 = ORIENTED_EDGE ( 'NONE', *, *, #502, .T. ) ;
#9474 = DIRECTION ( 'NONE',  ( 0.000000000000000000, 1.000000000000000000, 0.000000000000000000 ) ) ;
#9475 = ORIENTED_EDGE ( 'NONE', *, *, #10030, .T. ) ;
#9476 = DIRECTION ( 'NONE',  ( 1.000000000000000000, 0.000000000000000000, -0.000000000000000000 ) ) ;
#9477 = ORIENTED_EDGE ( 'NONE', *, *, #1814, .T. ) ;
#9478 = LINE ( 'NONE', #5735, #10735 ) ;
#9479 = CYLINDRICAL_SURFACE ( 'NONE', #2661, 5.499999999999998224 ) ;
#9480 = CARTESIAN_POINT ( 'NONE',  ( 132.0000000000000000, 2.500000000000000000, 56.00000000000000711 ) ) ;
#9481 = ORIENTED_EDGE ( 'NONE', *, *, #8359, .T. ) ;
#9482 = CARTESIAN_POINT ( 'NONE',  ( 34.01707195013521812, -3.500000000000000000, 58.99999999999948841 ) ) ;
#9483 = AXIS2_PLACEMENT_3D ( 'NONE', #4445, #4214, #8011 ) ;
#9484 = CARTESIAN_POINT ( 'NONE',  ( 89.55931393138243379, 2.500000000000000000, 31.09129537476047034 ) ) ;
#9485 = CARTESIAN_POINT ( 'NONE',  ( 77.88127890956920396, -3.500000000000000000, 50.39266176948436993 ) ) ;
#9486 = EDGE_CURVE ( 'NONE', #7374, #4463, #9054, .T. ) ;
#9487 = ORIENTED_EDGE ( 'NONE', *, *, #10014, .T. ) ;
#9488 = CIRCLE ( 'NONE', #11373, 1.000000000000000888 ) ;
#9489 = CARTESIAN_POINT ( 'NONE',  ( -28.70982142857142350, -3.500000000000000000, -20.00000000000000711 ) ) ;
#9490 = LINE ( 'NONE', #5916, #5865 ) ;
#9491 = ORIENTED_EDGE ( 'NONE', *, *, #656, .F. ) ;
#9492 = DIRECTION ( 'NONE',  ( -0.000000000000000000, -0.000000000000000000, 1.000000000000000000 ) ) ;
#9493 = AXIS2_PLACEMENT_3D ( 'NONE', #6267, #6370, #9955 ) ;
#9494 = EDGE_LOOP ( 'NONE', ( #7780, #9021, #1038, #2019 ) ) ;
#9495 = PLANE ( 'NONE',  #6413 ) ;
#9496 = DIRECTION ( 'NONE',  ( 0.7928260876681227920, 0.000000000000000000, 0.6094479425782468596 ) ) ;
#9497 = EDGE_CURVE ( 'NONE', #1710, #5655, #11512, .T. ) ;
#9498 = CIRCLE ( 'NONE', #141, 1.500000000000001332 ) ;
#9499 = ADVANCED_FACE ( 'NONE', ( #2479 ), #10451, .F. ) ;
#9500 = DIRECTION ( 'NONE',  ( 0.000000000000000000, 0.000000000000000000, -1.000000000000000000 ) ) ;
#9501 = ORIENTED_EDGE ( 'NONE', *, *, #8996, .T. ) ;
#9502 = CARTESIAN_POINT ( 'NONE',  ( 89.24999999999995737, -3.500000000000000000, -25.60000000009247145 ) ) ;
#9503 = CARTESIAN_POINT ( 'NONE',  ( 42.88550278537807969, 2.500000000000000000, -51.24596267471466859 ) ) ;
#9504 = EDGE_LOOP ( 'NONE', ( #8685, #10556, #5202, #2324 ) ) ;
#9505 = LINE ( 'NONE', #4180, #4472 ) ;
#9506 = CIRCLE ( 'NONE', #5583, 1.000000000000000888 ) ;
#9507 = ORIENTED_EDGE ( 'NONE', *, *, #1402, .T. ) ;
#9508 = CARTESIAN_POINT ( 'NONE',  ( -24.37499999999999645, -3.500000000000000000, -5.000000000000003553 ) ) ;
#9509 = DIRECTION ( 'NONE',  ( 0.000000000000000000, 1.000000000000000000, 0.000000000000000000 ) ) ;
#9510 = AXIS2_PLACEMENT_3D ( 'NONE', #2180, #9390, #2238 ) ;
#9511 = ORIENTED_EDGE ( 'NONE', *, *, #10395, .F. ) ;
#9512 = DIRECTION ( 'NONE',  ( 0.000000000000000000, 1.000000000000000000, 0.000000000000000000 ) ) ;
#9513 = EDGE_CURVE ( 'NONE', #4766, #9411, #9636, .T. ) ;
#9514 = DIRECTION ( 'NONE',  ( 1.000000000000000000, 0.000000000000000000, -0.000000000000000000 ) ) ;
#9515 = ORIENTED_EDGE ( 'NONE', *, *, #332, .T. ) ;
#9516 = DIRECTION ( 'NONE',  ( 0.000000000000000000, 1.000000000000000000, 0.000000000000000000 ) ) ;
#9517 = DIRECTION ( 'NONE',  ( 0.000000000000000000, 1.000000000000000000, 0.000000000000000000 ) ) ;
#9518 = ORIENTED_EDGE ( 'NONE', *, *, #5926, .F. ) ;
#9519 = AXIS2_PLACEMENT_3D ( 'NONE', #2248, #5826, #1372 ) ;
#9520 = CARTESIAN_POINT ( 'NONE',  ( -31.78318584070796859, 2.500000000000000000, 54.24778761061944721 ) ) ;
#9521 = DIRECTION ( 'NONE',  ( 0.000000000000000000, 1.000000000000000000, 0.000000000000000000 ) ) ;
#9522 = CYLINDRICAL_SURFACE ( 'NONE', #2284, 5.250000000000011546 ) ;
#9523 = DIRECTION ( 'NONE',  ( 1.000000000000000000, 0.000000000000000000, 0.000000000000000000 ) ) ;
#9524 = ORIENTED_EDGE ( 'NONE', *, *, #8096, .F. ) ;
#9525 = ORIENTED_EDGE ( 'NONE', *, *, #2053, .F. ) ;
#9526 = CARTESIAN_POINT ( 'NONE',  ( 126.0000000000015490, -3.500000000000000000, -35.99999999999688782 ) ) ;
#9527 = EDGE_LOOP ( 'NONE', ( #546, #8587, #6557, #7071 ) ) ;
#9528 = CIRCLE ( 'NONE', #4485, 5.500000000000005329 ) ;
#9529 = EDGE_CURVE ( 'NONE', #10841, #10290, #7810, .T. ) ;
#9530 = CARTESIAN_POINT ( 'NONE',  ( 128.7715961163515033, -3.500000000000000000, 31.54121597654004105 ) ) ;
#9531 = ORIENTED_EDGE ( 'NONE', *, *, #2769, .F. ) ;
#9532 = EDGE_CURVE ( 'NONE', #8533, #1727, #1539, .T. ) ;
#9533 = CARTESIAN_POINT ( 'NONE',  ( -28.49999999999998579, -3.500000000000000000, -57.99999999999997158 ) ) ;
#9534 = DIRECTION ( 'NONE',  ( 0.000000000000000000, 1.000000000000000000, 0.000000000000000000 ) ) ;
#9535 = ORIENTED_EDGE ( 'NONE', *, *, #7239, .F. ) ;
#9536 = DIRECTION ( 'NONE',  ( 0.000000000000000000, 0.000000000000000000, 1.000000000000000000 ) ) ;
#9537 = DIRECTION ( 'NONE',  ( 0.000000000000000000, 1.000000000000000000, 0.000000000000000000 ) ) ;
#9538 = AXIS2_PLACEMENT_3D ( 'NONE', #5490, #4724, #4611 ) ;
#9539 = FACE_BOUND ( 'NONE', #7032, .T. ) ;
#9540 = AXIS2_PLACEMENT_3D ( 'NONE', #4046, #9372, #1455 ) ;
#9541 = ORIENTED_EDGE ( 'NONE', *, *, #6177, .T. ) ;
#9542 = DIRECTION ( 'NONE',  ( 0.000000000000000000, 1.000000000000000000, 0.000000000000000000 ) ) ;
#9543 =( GEOMETRIC_REPRESENTATION_CONTEXT ( 3 ) GLOBAL_UNCERTAINTY_ASSIGNED_CONTEXT ( ( #4633 ) ) GLOBAL_UNIT_ASSIGNED_CONTEXT ( ( #5419, #7277, #80 ) ) REPRESENTATION_CONTEXT ( 'NONE', 'WORKASPACE' ) );
#9544 = DIRECTION ( 'NONE',  ( 0.000000000000000000, 1.000000000000000000, 0.000000000000000000 ) ) ;
#9545 = LINE ( 'NONE', #8541, #10482 ) ;
#9546 = EDGE_CURVE ( 'NONE', #7928, #342, #8747, .T. ) ;
#9547 = ORIENTED_EDGE ( 'NONE', *, *, #514, .T. ) ;
#9548 = EDGE_CURVE ( 'NONE', #10367, #4852, #263, .T. ) ;
#9549 = DIRECTION ( 'NONE',  ( 0.000000000000000000, 0.000000000000000000, 1.000000000000000000 ) ) ;
#9550 = DIRECTION ( 'NONE',  ( 0.000000000000000000, 0.000000000000000000, 1.000000000000000000 ) ) ;
#9551 = ORIENTED_EDGE ( 'NONE', *, *, #8340, .F. ) ;
#9552 = DIRECTION ( 'NONE',  ( -0.000000000000000000, 1.000000000000000000, -0.000000000000000000 ) ) ;
#9553 = VERTEX_POINT ( 'NONE', #11395 ) ;
#9554 = DIRECTION ( 'NONE',  ( -0.5854410483392260556, 0.000000000000000000, -0.8107149800759005931 ) ) ;
#9555 = CARTESIAN_POINT ( 'NONE',  ( 94.00000000000153477, -3.500000000000000000, -30.74999999999690559 ) ) ;
#9556 = DIRECTION ( 'NONE',  ( 0.000000000000000000, 0.000000000000000000, 1.000000000000000000 ) ) ;
#9557 = ORIENTED_EDGE ( 'NONE', *, *, #328, .F. ) ;
#9558 = DIRECTION ( 'NONE',  ( 1.000000000000000000, 0.000000000000000000, 0.000000000000000000 ) ) ;
#9559 = DIRECTION ( 'NONE',  ( 0.05547001962248444135, 0.000000000000000000, 0.9984603532054145969 ) ) ;
#9560 = ORIENTED_EDGE ( 'NONE', *, *, #2179, .T. ) ;
#9561 = CARTESIAN_POINT ( 'NONE',  ( 61.17303757665697361, -3.500000000000000000, -29.36305979348978923 ) ) ;
#9562 = EDGE_CURVE ( 'NONE', #5572, #9658, #1480, .T. ) ;
#9563 = EDGE_LOOP ( 'NONE', ( #5709, #1974, #11568, #6428 ) ) ;
#9564 = DIRECTION ( 'NONE',  ( 0.000000000000000000, 1.000000000000000000, 0.000000000000000000 ) ) ;
#9565 = CIRCLE ( 'NONE', #5079, 1.000000000000000888 ) ;
#9566 = EDGE_CURVE ( 'NONE', #4501, #1148, #78, .T. ) ;
#9567 = CARTESIAN_POINT ( 'NONE',  ( 39.50000000000052580, 2.500000000000000000, -55.99999999999945288 ) ) ;
#9568 = CIRCLE ( 'NONE', #784, 5.499999999999991118 ) ;
#9569 = ORIENTED_EDGE ( 'NONE', *, *, #11094, .F. ) ;
#9570 = LINE ( 'NONE', #6117, #9265 ) ;
#9571 = DIRECTION ( 'NONE',  ( 1.000000000000000000, 0.000000000000000000, 0.000000000000000000 ) ) ;
#9572 = EDGE_LOOP ( 'NONE', ( #10852, #4707 ) ) ;
#9573 = CIRCLE ( 'NONE', #1525, 5.499999999999998224 ) ;
#9574 = CARTESIAN_POINT ( 'NONE',  ( 2.000000000000007105, 2.500000000000000000, 52.00000000000000000 ) ) ;
#9575 = DIRECTION ( 'NONE',  ( -0.000000000000000000, -1.000000000000000000, -0.000000000000000000 ) ) ;
#9576 = VECTOR ( 'NONE', #10375, 1000.000000000000000 ) ;
#9577 = VERTEX_POINT ( 'NONE', #5993 ) ;
#9578 = EDGE_CURVE ( 'NONE', #11531, #3852, #9253, .T. ) ;
#9579 = DIRECTION ( 'NONE',  ( 0.000000000000000000, 0.000000000000000000, 1.000000000000000000 ) ) ;
#9580 = CARTESIAN_POINT ( 'NONE',  ( 80.75000000000051159, 2.500000000000000000, -57.99999999999998579 ) ) ;
#9581 = CARTESIAN_POINT ( 'NONE',  ( 82.64068987684871104, 2.500000000000000000, 39.49873427556501326 ) ) ;
#9582 = ORIENTED_EDGE ( 'NONE', *, *, #11263, .F. ) ;
#9583 = CARTESIAN_POINT ( 'NONE',  ( 136.0000000000000000, -3.500000000000000000, -52.64589803375033483 ) ) ;
#9585 = EDGE_LOOP ( 'NONE', ( #8129, #11598, #4116, #9226 ) ) ;
#9584 = EDGE_CURVE ( 'NONE', #9705, #7807, #2544, .T. ) ;
#9586 = VERTEX_POINT ( 'NONE', #1420 ) ;
#9587 = CARTESIAN_POINT ( 'NONE',  ( 78.60598772863292538, 2.500000000000000000, -39.86531035049824823 ) ) ;
#9588 = CIRCLE ( 'NONE', #980, 1.250000000000001110 ) ;
#9589 = VECTOR ( 'NONE', #6959, 1000.000000000000000 ) ;
#9590 = VERTEX_POINT ( 'NONE', #7685 ) ;
#9591 = CARTESIAN_POINT ( 'NONE',  ( 47.90541730422559397, -3.500000000000000000, -34.92148026146887929 ) ) ;
#9592 = ORIENTED_EDGE ( 'NONE', *, *, #10152, .T. ) ;
#9593 = DIRECTION ( 'NONE',  ( 0.000000000000000000, 0.000000000000000000, -1.000000000000000000 ) ) ;
#9594 = CYLINDRICAL_SURFACE ( 'NONE', #1299, 1.250000000000007994 ) ;
#9595 = VERTEX_POINT ( 'NONE', #8622 ) ;
#9596 = VECTOR ( 'NONE', #5394, 1000.000000000000000 ) ;
#9597 = DIRECTION ( 'NONE',  ( 0.000000000000000000, 1.000000000000000000, 0.000000000000000000 ) ) ;
#9598 = CARTESIAN_POINT ( 'NONE',  ( 127.5000000000002274, -3.500000000000000000, 7.500000000001957545 ) ) ;
#9599 = AXIS2_PLACEMENT_3D ( 'NONE', #8987, #10043, #1134 ) ;
#9600 = FACE_BOUND ( 'NONE', #10943, .T. ) ;
#9601 = EDGE_LOOP ( 'NONE', ( #7976, #6355, #7222, #112 ) ) ;
#9602 = EDGE_CURVE ( 'NONE', #2440, #5551, #10372, .T. ) ;
#9603 = AXIS2_PLACEMENT_3D ( 'NONE', #4768, #411, #3995 ) ;
#9604 = LINE ( 'NONE', #569, #10516 ) ;
#9605 = LINE ( 'NONE', #6093, #9692 ) ;
#9606 = DIRECTION ( 'NONE',  ( 0.000000000000000000, 1.000000000000000000, 0.000000000000000000 ) ) ;
#9607 = ORIENTED_EDGE ( 'NONE', *, *, #2438, .T. ) ;
#9608 = AXIS2_PLACEMENT_3D ( 'NONE', #11287, #11542, #615 ) ;
#9609 = VECTOR ( 'NONE', #3078, 1000.000000000000000 ) ;
#9610 = CARTESIAN_POINT ( 'NONE',  ( 79.50000000000051159, -3.500000000000000000, 55.99999999999916866 ) ) ;
#9611 = FACE_OUTER_BOUND ( 'NONE', #6815, .T. ) ;
#9612 = CARTESIAN_POINT ( 'NONE',  ( 84.35412195973775340, -3.500000000000000000, 53.99999999999998579 ) ) ;
#9613 = ORIENTED_EDGE ( 'NONE', *, *, #10951, .T. ) ;
#9614 = AXIS2_PLACEMENT_3D ( 'NONE', #548, #8635, #6123 ) ;
#9615 = CARTESIAN_POINT ( 'NONE',  ( 92.50000000000022737, 2.500000000000000000, -10.50000000000170886 ) ) ;
#9616 = ADVANCED_FACE ( 'NONE', ( #2767 ), #9815, .T. ) ;
#9617 = VERTEX_POINT ( 'NONE', #10 ) ;
#9618 = CYLINDRICAL_SURFACE ( 'NONE', #8663, 1.000000000000000888 ) ;
#9619 = EDGE_CURVE ( 'NONE', #1681, #8907, #211, .T. ) ;
#9620 = AXIS2_PLACEMENT_3D ( 'NONE', #10570, #5116, #2470 ) ;
#9621 = DIRECTION ( 'NONE',  ( 0.000000000000000000, 1.000000000000000000, 0.000000000000000000 ) ) ;
#9622 = AXIS2_PLACEMENT_3D ( 'NONE', #7496, #1177, #1237 ) ;
#9623 = CIRCLE ( 'NONE', #3649, 5.250000000000004441 ) ;
#9624 = AXIS2_PLACEMENT_3D ( 'NONE', #9754, #2770, #8211 ) ;
#9625 = VECTOR ( 'NONE', #609, 1000.000000000000000 ) ;
#9626 = CYLINDRICAL_SURFACE ( 'NONE', #9820, 6.000000000000002665 ) ;
#9627 = ORIENTED_EDGE ( 'NONE', *, *, #8376, .F. ) ;
#9628 = FACE_OUTER_BOUND ( 'NONE', #3378, .T. ) ;
#9629 = CARTESIAN_POINT ( 'NONE',  ( 82.51039864469777285, 2.500000000000000000, -59.00000000000000000 ) ) ;
#9630 = VERTEX_POINT ( 'NONE', #8044 ) ;
#9631 = VECTOR ( 'NONE', #5061, 1000.000000000000000 ) ;
#9632 = PLANE ( 'NONE',  #5616 ) ;
#9633 = ORIENTED_EDGE ( 'NONE', *, *, #6380, .F. ) ;
#9634 = CARTESIAN_POINT ( 'NONE',  ( 76.88364003250397616, 2.500000000000000000, 50.32398374557551790 ) ) ;
#9635 = VECTOR ( 'NONE', #9063, 1000.000000000000000 ) ;
#9636 = LINE ( 'NONE', #4244, #7554 ) ;
#9637 = ORIENTED_EDGE ( 'NONE', *, *, #1512, .F. ) ;
#9638 = DIRECTION ( 'NONE',  ( 1.000000000000000000, 0.000000000000000000, -7.044562338992071980E-17 ) ) ;
#9639 = CARTESIAN_POINT ( 'NONE',  ( 94.00000000000153477, -3.500000000000000000, 34.74999999999690203 ) ) ;
#9640 = ORIENTED_EDGE ( 'NONE', *, *, #344, .T. ) ;
#9641 = EDGE_CURVE ( 'NONE', #2480, #8040, #7987, .T. ) ;
#9642 = VECTOR ( 'NONE', #1938, 1000.000000000000000 ) ;
#9643 = DIRECTION ( 'NONE',  ( 0.000000000000000000, -1.000000000000000000, 0.000000000000000000 ) ) ;
#9644 = DIRECTION ( 'NONE',  ( -0.9813684291561045603, 0.000000000000000000, 0.1921353852253143701 ) ) ;
#9645 = VERTEX_POINT ( 'NONE', #5530 ) ;
#9646 = DIRECTION ( 'NONE',  ( -0.9640234912782601473, 0.000000000000000000, 0.2658170578869502587 ) ) ;
#9647 = CYLINDRICAL_SURFACE ( 'NONE', #7377, 1.499999999999997780 ) ;
#9648 = DIRECTION ( 'NONE',  ( -0.000000000000000000, 1.000000000000000000, -0.000000000000000000 ) ) ;
#9649 = EDGE_LOOP ( 'NONE', ( #1112, #6736, #6712, #7578 ) ) ;
#9650 = DIRECTION ( 'NONE',  ( 0.000000000000000000, 1.000000000000000000, 0.000000000000000000 ) ) ;
#9651 = ORIENTED_EDGE ( 'NONE', *, *, #9130, .T. ) ;
#9652 = ORIENTED_EDGE ( 'NONE', *, *, #4915, .T. ) ;
#9653 = LINE ( 'NONE', #6190, #3257 ) ;
#9654 = VECTOR ( 'NONE', #5853, 1000.000000000000000 ) ;
#9655 = ORIENTED_EDGE ( 'NONE', *, *, #11480, .T. ) ;
#9656 = EDGE_CURVE ( 'NONE', #7702, #8424, #8208, .T. ) ;
#9657 = DIRECTION ( 'NONE',  ( 0.000000000000000000, 0.000000000000000000, -1.000000000000000000 ) ) ;
#9658 = VERTEX_POINT ( 'NONE', #1781 ) ;
#9659 = ADVANCED_FACE ( 'NONE', ( #3545 ), #9095, .F. ) ;
#9660 = LINE ( 'NONE', #4213, #6344 ) ;
#9661 = CARTESIAN_POINT ( 'NONE',  ( 124.0724168181187821, -3.500000000000000000, 34.64098451924513711 ) ) ;
#9662 = ORIENTED_EDGE ( 'NONE', *, *, #8836, .F. ) ;
#9663 = CYLINDRICAL_SURFACE ( 'NONE', #4751, 5.500000000000011546 ) ;
#9664 = DIRECTION ( 'NONE',  ( 0.000000000000000000, 0.000000000000000000, 1.000000000000000000 ) ) ;
#9665 = DIRECTION ( 'NONE',  ( 1.000000000000000000, 0.000000000000000000, -7.216449660063522246E-15 ) ) ;
#9666 = ORIENTED_EDGE ( 'NONE', *, *, #6481, .F. ) ;
#9667 = FACE_OUTER_BOUND ( 'NONE', #3567, .T. ) ;
#9668 = DIRECTION ( 'NONE',  ( -0.000000000000000000, 1.000000000000000000, -0.000000000000000000 ) ) ;
#9669 = DIRECTION ( 'NONE',  ( 0.000000000000000000, 0.000000000000000000, 1.000000000000000000 ) ) ;
#9670 = ORIENTED_EDGE ( 'NONE', *, *, #7978, .T. ) ;
#9671 = EDGE_CURVE ( 'NONE', #7890, #11506, #8825, .T. ) ;
#9672 = DIRECTION ( 'NONE',  ( -1.000000000000000000, 0.000000000000000000, 0.000000000000000000 ) ) ;
#9673 = CYLINDRICAL_SURFACE ( 'NONE', #1526, 6.000000000000003553 ) ;
#9674 = CARTESIAN_POINT ( 'NONE',  ( 74.89434043811361619, 2.500000000000000000, -53.47999999999920107 ) ) ;
#9675 = ORIENTED_EDGE ( 'NONE', *, *, #6040, .F. ) ;
#9676 = DIRECTION ( 'NONE',  ( -0.000000000000000000, 1.000000000000000000, -0.000000000000000000 ) ) ;
#9677 = ORIENTED_EDGE ( 'NONE', *, *, #3142, .T. ) ;
#9678 = CARTESIAN_POINT ( 'NONE',  ( 76.48960135530326454, 2.500000000000000000, 59.00000000000000000 ) ) ;
#9679 = CARTESIAN_POINT ( 'NONE',  ( 56.74999999999997868, 2.500000000000000000, 25.60000000009224053 ) ) ;
#9680 = EDGE_CURVE ( 'NONE', #8582, #6873, #10705, .T. ) ;
#9681 = VECTOR ( 'NONE', #6298, 1000.000000000000000 ) ;
#9682 = PLANE ( 'NONE',  #10182 ) ;
#9683 = EDGE_CURVE ( 'NONE', #10456, #388, #4341, .T. ) ;
#9684 = VERTEX_POINT ( 'NONE', #184 ) ;
#9685 = FACE_OUTER_BOUND ( 'NONE', #9239, .T. ) ;
#9686 = CARTESIAN_POINT ( 'NONE',  ( -30.00000000000000355, 2.500000000000000000, -55.99999999999997868 ) ) ;
#9687 = VERTEX_POINT ( 'NONE', #954 ) ;
#9688 = ORIENTED_EDGE ( 'NONE', *, *, #1158, .T. ) ;
#9689 = LINE ( 'NONE', #5879, #3339 ) ;
#9690 = AXIS2_PLACEMENT_3D ( 'NONE', #5467, #10854, #4590 ) ;
#9691 = CARTESIAN_POINT ( 'NONE',  ( 77.60834885156769758, -3.500000000000000000, -39.79663232658940331 ) ) ;
#9692 = VECTOR ( 'NONE', #9668, 1000.000000000000000 ) ;
#9693 = VERTEX_POINT ( 'NONE', #1723 ) ;
#9694 = DIRECTION ( 'NONE',  ( 0.1327433628318585579, 0.000000000000000000, -0.9911504424778759814 ) ) ;
#9695 = ORIENTED_EDGE ( 'NONE', *, *, #10092, .F. ) ;
#9696 = ADVANCED_FACE ( 'NONE', ( #9868 ), #5303, .T. ) ;
#9697 = CIRCLE ( 'NONE', #10448, 5.500000000000005329 ) ;
#9698 = CARTESIAN_POINT ( 'NONE',  ( 45.49728228756692516, 2.500000000000000000, -28.75000000000000355 ) ) ;
#9699 = LINE ( 'NONE', #9929, #7337 ) ;
#9700 = ORIENTED_EDGE ( 'NONE', *, *, #2959, .F. ) ;
#9701 = ADVANCED_FACE ( 'NONE', ( #8980 ), #1070, .T. ) ;
#9702 = DIRECTION ( 'NONE',  ( 0.000000000000000000, 0.000000000000000000, 1.000000000000000000 ) ) ;
#9703 = CARTESIAN_POINT ( 'NONE',  ( -30.00000000000000355, -3.500000000000000000, 54.49999999999997868 ) ) ;
#9704 = CARTESIAN_POINT ( 'NONE',  ( -34.00000000000000000, 2.500000000000000000, 56.99999999999999289 ) ) ;
#9705 = VERTEX_POINT ( 'NONE', #4426 ) ;
#9706 = FACE_OUTER_BOUND ( 'NONE', #7753, .T. ) ;
#9707 = ORIENTED_EDGE ( 'NONE', *, *, #6733, .T. ) ;
#9708 = ORIENTED_EDGE ( 'NONE', *, *, #1735, .T. ) ;
#9709 = CARTESIAN_POINT ( 'NONE',  ( 74.89424117543212844, -3.500000000000000000, -34.19624887357070264 ) ) ;
#9710 = CIRCLE ( 'NONE', #4650, 1.499999999999997780 ) ;
#9711 = ORIENTED_EDGE ( 'NONE', *, *, #1194, .F. ) ;
#9712 = DIRECTION ( 'NONE',  ( 0.000000000000000000, 1.000000000000000000, 0.000000000000000000 ) ) ;
#9713 = CIRCLE ( 'NONE', #6891, 5.499999999999998224 ) ;
#9714 = ORIENTED_EDGE ( 'NONE', *, *, #902, .F. ) ;
#9715 = CARTESIAN_POINT ( 'NONE',  ( -30.00000000000000355, -3.500000000000000000, -57.49999999999997868 ) ) ;
#9716 = CARTESIAN_POINT ( 'NONE',  ( 126.0000000000015490, -3.500000000000000000, -37.24999999999689493 ) ) ;
#9717 = ORIENTED_EDGE ( 'NONE', *, *, #5418, .F. ) ;
#9718 = DIRECTION ( 'NONE',  ( 0.000000000000000000, -1.000000000000000000, 0.000000000000000000 ) ) ;
#9719 = LINE ( 'NONE', #4398, #4734 ) ;
#9720 = FACE_BOUND ( 'NONE', #3476, .T. ) ;
#9721 = ADVANCED_FACE ( 'NONE', ( #1887 ), #7107, .F. ) ;
#9722 = ORIENTED_EDGE ( 'NONE', *, *, #2396, .T. ) ;
#9723 = EDGE_CURVE ( 'NONE', #6269, #6312, #899, .T. ) ;
#9724 = CARTESIAN_POINT ( 'NONE',  ( -26.37499999999999645, -3.500000000000000000, 13.79999999999997939 ) ) ;
#9725 = CARTESIAN_POINT ( 'NONE',  ( 24.37500000000000355, 2.500000000000000000, 3.000000000000000444 ) ) ;
#9726 = DIRECTION ( 'NONE',  ( 0.000000000000000000, 1.000000000000000000, 0.000000000000000000 ) ) ;
#9727 = ORIENTED_EDGE ( 'NONE', *, *, #10310, .F. ) ;
#9728 = VECTOR ( 'NONE', #2790, 1000.000000000000000 ) ;
#9729 = CIRCLE ( 'NONE', #7475, 5.249999999999991118 ) ;
#9730 = CARTESIAN_POINT ( 'NONE',  ( 79.50000000000051159, -3.500000000000000000, 55.99999999999916866 ) ) ;
#9731 = CARTESIAN_POINT ( 'NONE',  ( 39.50000000000052580, -3.500000000000000000, 55.99999999999945288 ) ) ;
#9732 = DIRECTION ( 'NONE',  ( -1.000000000000000000, 0.000000000000000000, 0.000000000000000000 ) ) ;
#9733 = VERTEX_POINT ( 'NONE', #7271 ) ;
#9734 = CARTESIAN_POINT ( 'NONE',  ( 94.00000000000153477, 2.500000000000000000, -35.99999999999690203 ) ) ;
#9735 = EDGE_CURVE ( 'NONE', #7581, #2902, #5413, .T. ) ;
#9736 = ORIENTED_EDGE ( 'NONE', *, *, #9000, .T. ) ;
#9737 = AXIS2_PLACEMENT_3D ( 'NONE', #10822, #203, #1091 ) ;
#9738 = DIRECTION ( 'NONE',  ( 0.000000000000000000, 0.000000000000000000, 1.000000000000000000 ) ) ;
#9739 = EDGE_CURVE ( 'NONE', #9865, #7205, #5469, .T. ) ;
#9740 = CARTESIAN_POINT ( 'NONE',  ( 34.01707195013521812, -3.500000000000000000, -58.99999999999948841 ) ) ;
#9741 = AXIS2_PLACEMENT_3D ( 'NONE', #2485, #9516, #6875 ) ;
#9742 = CARTESIAN_POINT ( 'NONE',  ( 56.74999999999997868, -3.500000000000000000, 27.10000000009223697 ) ) ;
#9743 = ORIENTED_EDGE ( 'NONE', *, *, #2816, .T. ) ;
#9744 = DIRECTION ( 'NONE',  ( 0.000000000000000000, 1.000000000000000000, 0.000000000000000000 ) ) ;
#9745 = DIRECTION ( 'NONE',  ( 0.000000000000000000, 0.000000000000000000, 1.000000000000000000 ) ) ;
#9746 = EDGE_LOOP ( 'NONE', ( #3935, #8569, #3346, #11435 ) ) ;
#9747 = VERTEX_POINT ( 'NONE', #10856 ) ;
#9748 = CARTESIAN_POINT ( 'NONE',  ( 24.37500000000000355, 2.500000000000000000, 5.000000000000003553 ) ) ;
#9749 = EDGE_CURVE ( 'NONE', #2335, #7913, #6632, .T. ) ;
#9750 = CARTESIAN_POINT ( 'NONE',  ( 126.0000000000015490, -3.500000000000000000, -35.99999999999688782 ) ) ;
#9751 = PRODUCT_DEFINITION_SHAPE ( 'NONE', 'NONE',  #2131 ) ;
#9752 = EDGE_CURVE ( 'NONE', #1395, #2540, #782, .T. ) ;
#9753 = ORIENTED_EDGE ( 'NONE', *, *, #8873, .F. ) ;
#9754 = CARTESIAN_POINT ( 'NONE',  ( 76.48960135530326454, -3.500000000000000000, 59.00000000000000000 ) ) ;
#9755 = ORIENTED_EDGE ( 'NONE', *, *, #864, .F. ) ;
#9756 = LINE ( 'NONE', #6064, #2234 ) ;
#9757 = DIRECTION ( 'NONE',  ( 0.000000000000000000, 1.000000000000000000, 0.000000000000000000 ) ) ;
#9758 = VERTEX_POINT ( 'NONE', #1183 ) ;
#9759 = CARTESIAN_POINT ( 'NONE',  ( -27.37499999999999645, -3.500000000000000000, 11.32455532033676704 ) ) ;
#9760 = CARTESIAN_POINT ( 'NONE',  ( 44.10565956188742121, -3.500000000000000000, 58.51999999999942048 ) ) ;
#9761 = DIRECTION ( 'NONE',  ( 0.000000000000000000, 1.000000000000000000, 0.000000000000000000 ) ) ;
#9762 = ORIENTED_EDGE ( 'NONE', *, *, #8137, .T. ) ;
#9763 = AXIS2_PLACEMENT_3D ( 'NONE', #9908, #167, #2044 ) ;
#9764 = DIRECTION ( 'NONE',  ( 0.000000000000000000, 1.000000000000000000, 0.000000000000000000 ) ) ;
#9765 = EDGE_LOOP ( 'NONE', ( #2093, #3188 ) ) ;
#9766 = CARTESIAN_POINT ( 'NONE',  ( 90.50000000000021316, 2.500000000000000000, -3.876524617021916530 ) ) ;
#9767 = EDGE_CURVE ( 'NONE', #10823, #5497, #9199, .T. ) ;
#9768 = ORIENTED_EDGE ( 'NONE', *, *, #5632, .T. ) ;
#9769 = AXIS2_PLACEMENT_3D ( 'NONE', #6227, #5360, #8922 ) ;
#9770 = EDGE_CURVE ( 'NONE', #300, #2909, #9952, .T. ) ;
#9771 = AXIS2_PLACEMENT_3D ( 'NONE', #5396, #938, #4514 ) ;
#9772 = DIRECTION ( 'NONE',  ( -0.000000000000000000, -1.000000000000000000, -0.000000000000000000 ) ) ;
#9773 = ORIENTED_EDGE ( 'NONE', *, *, #5641, .T. ) ;
#9774 = FACE_OUTER_BOUND ( 'NONE', #1153, .T. ) ;
#9775 = LINE ( 'NONE', #1747, #11366 ) ;
#9776 = ORIENTED_EDGE ( 'NONE', *, *, #10251, .T. ) ;
#9777 = DIRECTION ( 'NONE',  ( 0.000000000000000000, 0.000000000000000000, 1.000000000000000000 ) ) ;
#9778 = CARTESIAN_POINT ( 'NONE',  ( 56.74999999999997868, -3.500000000000000000, -25.60000000009224763 ) ) ;
#9779 = FACE_BOUND ( 'NONE', #11499, .T. ) ;
#9780 = CIRCLE ( 'NONE', #2465, 1.000000000000000888 ) ;
#9781 = VERTEX_POINT ( 'NONE', #8329 ) ;
#9782 = AXIS2_PLACEMENT_3D ( 'NONE', #3642, #9854, #2748 ) ;
#9783 = CARTESIAN_POINT ( 'NONE',  ( 2.000000000000007105, -3.500000000000000000, 52.00000000000000000 ) ) ;
#9784 = CARTESIAN_POINT ( 'NONE',  ( 74.01707195013517548, -3.500000000000000000, 53.99999999999920419 ) ) ;
#9785 = DIRECTION ( 'NONE',  ( 1.000000000000000000, 0.000000000000000000, -0.000000000000000000 ) ) ;
#9786 = AXIS2_PLACEMENT_3D ( 'NONE', #3286, #6843, #820 ) ;
#9787 = EDGE_CURVE ( 'NONE', #8100, #4276, #1516, .T. ) ;
#9788 = ORIENTED_EDGE ( 'NONE', *, *, #10106, .F. ) ;
#9789 = AXIS2_PLACEMENT_3D ( 'NONE', #815, #3569, #11550 ) ;
#9790 = CIRCLE ( 'NONE', #6780, 3.000000000000002665 ) ;
#9791 = EDGE_CURVE ( 'NONE', #6488, #10456, #11149, .T. ) ;
#9792 = DIRECTION ( 'NONE',  ( 0.000000000000000000, 1.000000000000000000, 0.000000000000000000 ) ) ;
#9793 = CARTESIAN_POINT ( 'NONE',  ( 80.75000000000051159, 2.500000000000000000, -53.99999999999998579 ) ) ;
#9794 = VERTEX_POINT ( 'NONE', #10037 ) ;
#9795 = LINE ( 'NONE', #5348, #3958 ) ;
#9796 = ORIENTED_EDGE ( 'NONE', *, *, #694, .F. ) ;
#9797 = AXIS2_PLACEMENT_3D ( 'NONE', #9363, #3101, #10360 ) ;
#9798 = FACE_BOUND ( 'NONE', #4361, .T. ) ;
#9799 = AXIS2_PLACEMENT_3D ( 'NONE', #5557, #8237, #10066 ) ;
#9800 = ADVANCED_FACE ( 'NONE', ( #8502 ), #4769, .T. ) ;
#9801 = CIRCLE ( 'NONE', #6054, 5.499999999999998224 ) ;
#9802 = EDGE_CURVE ( 'NONE', #5376, #11258, #8621, .T. ) ;
#9803 = CARTESIAN_POINT ( 'NONE',  ( 92.19713777471338290, -3.500000000000000000, 20.95625378212801948 ) ) ;
#9804 = AXIS2_PLACEMENT_3D ( 'NONE', #11549, #6837, #3515 ) ;
#9805 = ADVANCED_FACE ( 'NONE', ( #10150 ), #471, .T. ) ;
#9806 = DIRECTION ( 'NONE',  ( 1.000000000000000000, 0.000000000000000000, 0.000000000000000000 ) ) ;
#9807 = DIRECTION ( 'NONE',  ( 0.000000000000000000, 1.000000000000000000, 0.000000000000000000 ) ) ;
#9808 = ORIENTED_EDGE ( 'NONE', *, *, #168, .T. ) ;
#9809 = EDGE_LOOP ( 'NONE', ( #11572, #901, #6250, #4558 ) ) ;
#9810 = AXIS2_PLACEMENT_3D ( 'NONE', #8037, #9974, #1944 ) ;
#9811 = VECTOR ( 'NONE', #3113, 1000.000000000000000 ) ;
#9812 = LINE ( 'NONE', #8867, #4015 ) ;
#9813 = VECTOR ( 'NONE', #7066, 1000.000000000000000 ) ;
#9814 = AXIS2_PLACEMENT_3D ( 'NONE', #2946, #7569, #4706 ) ;
#9815 = CYLINDRICAL_SURFACE ( 'NONE', #2267, 1.000000000000000888 ) ;
#9816 = ORIENTED_EDGE ( 'NONE', *, *, #846, .T. ) ;
#9817 = CYLINDRICAL_SURFACE ( 'NONE', #9045, 1.500000000000011768 ) ;
#9818 = EDGE_LOOP ( 'NONE', ( #7956, #1964, #2231, #7479 ) ) ;
#9819 = AXIS2_PLACEMENT_3D ( 'NONE', #2183, #9395, #1202 ) ;
#9820 = AXIS2_PLACEMENT_3D ( 'NONE', #10441, #5983, #9556 ) ;
#9821 = FACE_OUTER_BOUND ( 'NONE', #11212, .T. ) ;
#9822 = CARTESIAN_POINT ( 'NONE',  ( -24.37499999999999645, -3.500000000000000000, 12.00000000000000533 ) ) ;
#9823 = ORIENTED_EDGE ( 'NONE', *, *, #6814, .F. ) ;
#9824 = ADVANCED_FACE ( 'NONE', ( #3054 ), #2060, .T. ) ;
#9825 = AXIS2_PLACEMENT_3D ( 'NONE', #4411, #7973, #3683 ) ;
#9826 = CARTESIAN_POINT ( 'NONE',  ( 2.000000000000007994, -3.500000000000000000, -50.49999999999999289 ) ) ;
#9827 = DIRECTION ( 'NONE',  ( 0.000000000000000000, 1.000000000000000000, 0.000000000000000000 ) ) ;
#9828 = DIRECTION ( 'NONE',  ( 0.000000000000000000, 1.000000000000000000, 0.000000000000000000 ) ) ;
#9829 = ORIENTED_EDGE ( 'NONE', *, *, #3948, .T. ) ;
#9830 = CARTESIAN_POINT ( 'NONE',  ( 89.24999999999995737, -3.500000000000000000, -27.10000000009248566 ) ) ;
#9831 = CARTESIAN_POINT ( 'NONE',  ( 136.0000000000000000, 2.500000000000000000, -56.99999999999999289 ) ) ;
#9832 = ORIENTED_EDGE ( 'NONE', *, *, #5279, .T. ) ;
#9833 = CIRCLE ( 'NONE', #4968, 5.499999999999998224 ) ;
#9834 = DIRECTION ( 'NONE',  ( 0.06867802390884975017, 0.000000000000000000, -0.9976388770652312443 ) ) ;
#9835 = ORIENTED_EDGE ( 'NONE', *, *, #3111, .T. ) ;
#9836 = ADVANCED_FACE ( 'NONE', ( #1242 ), #6567, .T. ) ;
#9837 = CARTESIAN_POINT ( 'NONE',  ( 2.000000000000007994, -3.500000000000000000, -46.50000000000000000 ) ) ;
#9838 = LINE ( 'NONE', #9716, #7801 ) ;
#9839 = EDGE_LOOP ( 'NONE', ( #9935, #8925, #3537, #5411 ) ) ;
#9840 = EDGE_CURVE ( 'NONE', #3126, #8358, #1334, .T. ) ;
#9841 = CARTESIAN_POINT ( 'NONE',  ( 29.30818464227683506, 2.500000000000000000, -8.415214383491042227 ) ) ;
#9842 = FACE_OUTER_BOUND ( 'NONE', #10988, .T. ) ;
#9843 = CARTESIAN_POINT ( 'NONE',  ( 126.0000000000015490, 2.500000000000000000, -35.99999999999688782 ) ) ;
#9844 = EDGE_CURVE ( 'NONE', #4139, #6539, #11255, .T. ) ;
#9845 = AXIS2_PLACEMENT_3D ( 'NONE', #8601, #11190, #4811 ) ;
#9846 = VERTEX_POINT ( 'NONE', #1127 ) ;
#9847 = ORIENTED_EDGE ( 'NONE', *, *, #8376, .T. ) ;
#9848 = CARTESIAN_POINT ( 'NONE',  ( 42.51039864469806417, -3.500000000000000000, 59.00000000000000000 ) ) ;
#9849 = VERTEX_POINT ( 'NONE', #10974 ) ;
#9850 = CARTESIAN_POINT ( 'NONE',  ( 53.39723764379619553, 2.500000000000000000, 30.69990044841696530 ) ) ;
#9851 = DIRECTION ( 'NONE',  ( 0.000000000000000000, 1.000000000000000000, 0.000000000000000000 ) ) ;
#9852 = ORIENTED_EDGE ( 'NONE', *, *, #3701, .T. ) ;
#9853 = DIRECTION ( 'NONE',  ( 0.000000000000000000, 1.000000000000000000, 0.000000000000000000 ) ) ;
#9854 = DIRECTION ( 'NONE',  ( 0.000000000000000000, 1.000000000000000000, 0.000000000000000000 ) ) ;
#9855 = ORIENTED_EDGE ( 'NONE', *, *, #1182, .T. ) ;
#9856 = CARTESIAN_POINT ( 'NONE',  ( -26.38384955752211880, 2.500000000000000000, -13.93274336283183779 ) ) ;
#9857 = EDGE_CURVE ( 'NONE', #7052, #11009, #6512, .T. ) ;
#9858 = ORIENTED_EDGE ( 'NONE', *, *, #6950, .T. ) ;
#9859 = FACE_BOUND ( 'NONE', #597, .T. ) ;
#9860 = EDGE_CURVE ( 'NONE', #11400, #9586, #1895, .T. ) ;
#9861 = CARTESIAN_POINT ( 'NONE',  ( 126.8765246170202374, -3.500000000000000000, 53.99999999999998579 ) ) ;
#9862 = CARTESIAN_POINT ( 'NONE',  ( 45.49728228756692516, -3.500000000000000000, -34.25000000000000000 ) ) ;
#9863 = CYLINDRICAL_SURFACE ( 'NONE', #2607, 1.000000000000000888 ) ;
#9864 = DIRECTION ( 'NONE',  ( -0.000000000000000000, -1.000000000000000000, -0.000000000000000000 ) ) ;
#9865 = VERTEX_POINT ( 'NONE', #1295 ) ;
#9866 = ORIENTED_EDGE ( 'NONE', *, *, #1241, .F. ) ;
#9867 = FACE_OUTER_BOUND ( 'NONE', #9053, .T. ) ;
#9868 = FACE_OUTER_BOUND ( 'NONE', #7497, .T. ) ;
#9869 = EDGE_CURVE ( 'NONE', #5645, #6262, #11089, .T. ) ;
#9870 = CIRCLE ( 'NONE', #1252, 5.499999999999998224 ) ;
#9871 = CARTESIAN_POINT ( 'NONE',  ( 24.37500000000000355, 2.500000000000000000, 5.000000000000003553 ) ) ;
#9872 = ORIENTED_EDGE ( 'NONE', *, *, #9739, .T. ) ;
#9873 = DIRECTION ( 'NONE',  ( -6.938893903907222067E-15, 0.000000000000000000, 1.000000000000000000 ) ) ;
#9874 = EDGE_LOOP ( 'NONE', ( #6424, #4816, #4402, #7181 ) ) ;
#9875 = DIRECTION ( 'NONE',  ( 0.000000000000000000, 1.000000000000000000, 0.000000000000000000 ) ) ;
#9876 = LINE ( 'NONE', #5539, #11514 ) ;
#9877 = CARTESIAN_POINT ( 'NONE',  ( 133.0000000000000000, 2.500000000000000000, -60.00000000000000000 ) ) ;
#9878 = VECTOR ( 'NONE', #11538, 1000.000000000000000 ) ;
#9879 = ORIENTED_EDGE ( 'NONE', *, *, #2438, .F. ) ;
#9880 = CYLINDRICAL_SURFACE ( 'NONE', #5000, 1.499999999999994449 ) ;
#9881 = EDGE_CURVE ( 'NONE', #10609, #5038, #584, .T. ) ;
#9882 = DIRECTION ( 'NONE',  ( 0.000000000000000000, 1.000000000000000000, 0.000000000000000000 ) ) ;
#9883 = EDGE_CURVE ( 'NONE', #1475, #10819, #9565, .T. ) ;
#9884 = VERTEX_POINT ( 'NONE', #10437 ) ;
#9885 = AXIS2_PLACEMENT_3D ( 'NONE', #5243, #11336, #8805 ) ;
#9886 = DIRECTION ( 'NONE',  ( 1.000000000000000000, 0.000000000000000000, 0.000000000000000000 ) ) ;
#9887 = ORIENTED_EDGE ( 'NONE', *, *, #10532, .F. ) ;
#9888 = AXIS2_PLACEMENT_3D ( 'NONE', #6890, #4325, #7017 ) ;
#9889 = DIRECTION ( 'NONE',  ( 1.000000000000000000, 0.000000000000000000, 0.000000000000000000 ) ) ;
#9890 = DIRECTION ( 'NONE',  ( 0.000000000000000000, 0.000000000000000000, 1.000000000000000000 ) ) ;
#9891 = ORIENTED_EDGE ( 'NONE', *, *, #2943, .F. ) ;
#9892 = DIRECTION ( 'NONE',  ( -0.9976388770652311333, 0.000000000000000000, 0.06867802390885047181 ) ) ;
#9893 = CYLINDRICAL_SURFACE ( 'NONE', #6152, 5.249999999999997335 ) ;
#9894 = EDGE_LOOP ( 'NONE', ( #8295, #3831, #10007, #1858 ) ) ;
#9895 = CIRCLE ( 'NONE', #10651, 5.500000000000018652 ) ;
#9896 = ORIENTED_EDGE ( 'NONE', *, *, #9941, .T. ) ;
#9897 = EDGE_CURVE ( 'NONE', #5135, #10198, #7134, .T. ) ;
#9898 = CARTESIAN_POINT ( 'NONE',  ( 133.2165501172941333, -3.500000000000000000, -49.61486054873415696 ) ) ;
#9899 = VECTOR ( 'NONE', #5505, 1000.000000000000000 ) ;
#9900 = EDGE_CURVE ( 'NONE', #11203, #3979, #10496, .T. ) ;
#9901 = DIRECTION ( 'NONE',  ( 0.000000000000000000, 1.000000000000000000, 0.000000000000000000 ) ) ;
#9902 = DIRECTION ( 'NONE',  ( 0.000000000000000000, -1.000000000000000000, 0.000000000000000000 ) ) ;
#9903 = ORIENTED_EDGE ( 'NONE', *, *, #2985, .F. ) ;
#9904 = DIRECTION ( 'NONE',  ( 0.000000000000000000, 1.000000000000000000, 0.000000000000000000 ) ) ;
#9905 = LINE ( 'NONE', #6323, #5837 ) ;
#9906 = AXIS2_PLACEMENT_3D ( 'NONE', #6923, #4117, #8558 ) ;
#9907 = EDGE_LOOP ( 'NONE', ( #9887, #10467, #10843, #1282 ) ) ;
#9908 = CARTESIAN_POINT ( 'NONE',  ( 83.47978033629502193, -3.500000000000000000, -34.54530228251934432 ) ) ;
#9909 = CIRCLE ( 'NONE', #5967, 1.000000000000000888 ) ;
#9910 = VERTEX_POINT ( 'NONE', #9555 ) ;
#9911 = CARTESIAN_POINT ( 'NONE',  ( -27.88348565673954127, 2.500000000000000000, -25.13002623698856652 ) ) ;
#9912 = EDGE_CURVE ( 'NONE', #5438, #1445, #9009, .T. ) ;
#9913 = AXIS2_PLACEMENT_3D ( 'NONE', #9461, #1371, #1259 ) ;
#9914 = DIRECTION ( 'NONE',  ( 0.000000000000000000, 1.000000000000000000, 0.000000000000000000 ) ) ;
#9915 = CARTESIAN_POINT ( 'NONE',  ( 80.99728228756691806, -3.500000000000000000, -34.25000000000000000 ) ) ;
#9916 = CARTESIAN_POINT ( 'NONE',  ( -25.12083890225464700, -3.500000000000000000, 58.53846153846148326 ) ) ;
#9917 = CARTESIAN_POINT ( 'NONE',  ( 42.99769075490628012, -3.500000000000000000, -34.20480962656461088 ) ) ;
#9918 = ORIENTED_EDGE ( 'NONE', *, *, #9513, .T. ) ;
#9919 = CIRCLE ( 'NONE', #6728, 5.499999999999998224 ) ;
#9920 = ORIENTED_EDGE ( 'NONE', *, *, #9262, .F. ) ;
#9921 = VECTOR ( 'NONE', #3121, 1000.000000000000000 ) ;
#9922 = FACE_OUTER_BOUND ( 'NONE', #10359, .T. ) ;
#9923 = DIRECTION ( 'NONE',  ( 0.000000000000000000, 1.000000000000000000, 0.000000000000000000 ) ) ;
#9924 = VECTOR ( 'NONE', #8683, 1000.000000000000114 ) ;
#9925 = DIRECTION ( 'NONE',  ( 0.000000000000000000, 1.000000000000000000, 0.000000000000000000 ) ) ;
#9926 = EDGE_LOOP ( 'NONE', ( #8716, #4476, #10791, #6001 ) ) ;
#9927 = EDGE_CURVE ( 'NONE', #3919, #7012, #7502, .T. ) ;
#9928 = DIRECTION ( 'NONE',  ( -0.000000000000000000, 1.000000000000000000, -0.000000000000000000 ) ) ;
#9929 = CARTESIAN_POINT ( 'NONE',  ( -22.37500000000000000, -3.500000000000000000, 12.00000000000000533 ) ) ;
#9930 = EDGE_LOOP ( 'NONE', ( #10800, #6311, #8800, #4782 ) ) ;
#9931 = EDGE_CURVE ( 'NONE', #5645, #2893, #3405, .T. ) ;
#9932 =( NAMED_UNIT ( * ) PLANE_ANGLE_UNIT ( ) SI_UNIT ( $, .RADIAN. ) );
#9933 = LINE ( 'NONE', #6520, #75 ) ;
#9934 = CARTESIAN_POINT ( 'NONE',  ( 98.85412195973844973, -3.500000000000000000, -37.99999999999690203 ) ) ;
#9935 = ORIENTED_EDGE ( 'NONE', *, *, #4452, .T. ) ;
#9936 = LINE ( 'NONE', #195, #499 ) ;
#9937 = FACE_OUTER_BOUND ( 'NONE', #10889, .T. ) ;
#9938 = VERTEX_POINT ( 'NONE', #11382 ) ;
#9939 = LINE ( 'NONE', #5601, #3057 ) ;
#9940 = ORIENTED_EDGE ( 'NONE', *, *, #10088, .T. ) ;
#9941 = EDGE_CURVE ( 'NONE', #8604, #11506, #8797, .T. ) ;
#9942 = LINE ( 'NONE', #7236, #9158 ) ;
#9943 = CARTESIAN_POINT ( 'NONE',  ( -33.66666666666666430, -3.500000000000000000, -51.90054204125036108 ) ) ;
#9944 = ORIENTED_EDGE ( 'NONE', *, *, #566, .T. ) ;
#9945 = ADVANCED_FACE ( 'NONE', ( #10317 ), #4989, .F. ) ;
#9946 = DIRECTION ( 'NONE',  ( -0.3360007070955605135, 0.000000000000000000, 0.9418617333936459834 ) ) ;
#9947 = CARTESIAN_POINT ( 'NONE',  ( 94.00000000000153477, -3.500000000000000000, 35.99999999999690203 ) ) ;
#9948 = DIRECTION ( 'NONE',  ( 0.000000000000000000, 0.000000000000000000, 1.000000000000000000 ) ) ;
#9949 = EDGE_LOOP ( 'NONE', ( #54, #3437, #3170, #4506 ) ) ;
#9950 = VERTEX_POINT ( 'NONE', #11200 ) ;
#9951 = DIRECTION ( 'NONE',  ( -0.000000000000000000, -1.000000000000000000, -0.000000000000000000 ) ) ;
#9952 = CIRCLE ( 'NONE', #10318, 5.500000000000001776 ) ;
#9953 = CIRCLE ( 'NONE', #5283, 1.499999999999994449 ) ;
#9954 = VERTEX_POINT ( 'NONE', #11254 ) ;
#9955 = DIRECTION ( 'NONE',  ( 0.000000000000000000, 0.000000000000000000, 1.000000000000000000 ) ) ;
#9956 = DIRECTION ( 'NONE',  ( 0.000000000000000000, 1.000000000000000000, 0.000000000000000000 ) ) ;
#9957 = ORIENTED_EDGE ( 'NONE', *, *, #4933, .F. ) ;
#9958 = ORIENTED_EDGE ( 'NONE', *, *, #8466, .F. ) ;
#9959 = AXIS2_PLACEMENT_3D ( 'NONE', #637, #6964, #9430 ) ;
#9960 = DIRECTION ( 'NONE',  ( -0.000000000000000000, -1.000000000000000000, 0.000000000000000000 ) ) ;
#9961 = DIRECTION ( 'NONE',  ( 0.000000000000000000, 1.000000000000000000, 0.000000000000000000 ) ) ;
#9962 = VECTOR ( 'NONE', #7310, 1000.000000000000000 ) ;
#9963 = EDGE_LOOP ( 'NONE', ( #3844, #910, #6187, #4982 ) ) ;
#9964 = DIRECTION ( 'NONE',  ( 0.000000000000000000, 1.000000000000000000, 0.000000000000000000 ) ) ;
#9965 = EDGE_CURVE ( 'NONE', #2253, #5114, #8552, .T. ) ;
#9966 = ORIENTED_EDGE ( 'NONE', *, *, #10440, .T. ) ;
#9967 = FACE_BOUND ( 'NONE', #4795, .T. ) ;
#9968 = AXIS2_PLACEMENT_3D ( 'NONE', #6271, #9853, #7088 ) ;
#9969 = AXIS2_PLACEMENT_3D ( 'NONE', #8898, #755, #9162 ) ;
#9970 = CARTESIAN_POINT ( 'NONE',  ( 61.17303757665697361, 2.500000000000000000, -30.36305979348978923 ) ) ;
#9971 = DIRECTION ( 'NONE',  ( 0.000000000000000000, -1.000000000000000000, 0.000000000000000000 ) ) ;
#9972 = ADVANCED_FACE ( 'NONE', ( #4292 ), #3173, .F. ) ;
#9973 = DIRECTION ( 'NONE',  ( 0.000000000000000000, 1.000000000000000000, 0.000000000000000000 ) ) ;
#9974 = DIRECTION ( 'NONE',  ( 0.000000000000000000, 0.000000000000000000, 1.000000000000000000 ) ) ;
#9975 = VERTEX_POINT ( 'NONE', #2464 ) ;
#9976 = CIRCLE ( 'NONE', #3041, 1.000000000000000888 ) ;
#9977 = EDGE_CURVE ( 'NONE', #7148, #9849, #4720, .T. ) ;
#9978 = VERTEX_POINT ( 'NONE', #5047 ) ;
#9979 = DIRECTION ( 'NONE',  ( 0.000000000000000000, 0.000000000000000000, 1.000000000000000000 ) ) ;
#9980 = EDGE_CURVE ( 'NONE', #9165, #10745, #2839, .T. ) ;
#9981 = CARTESIAN_POINT ( 'NONE',  ( 127.5000000000002274, -3.500000000000000000, 9.000000000001953993 ) ) ;
#9982 = CIRCLE ( 'NONE', #9036, 5.499999999999998224 ) ;
#9983 = VECTOR ( 'NONE', #730, 1000.000000000000000 ) ;
#9984 = CIRCLE ( 'NONE', #4931, 1.499999999999997780 ) ;
#9985 = DIRECTION ( 'NONE',  ( -0.000000000000000000, 1.000000000000000000, -0.000000000000000000 ) ) ;
#9986 = VERTEX_POINT ( 'NONE', #8611 ) ;
#9987 = LINE ( 'NONE', #3665, #10485 ) ;
#9988 = DIRECTION ( 'NONE',  ( 1.000000000000000000, 0.000000000000000000, -7.692556537664882126E-15 ) ) ;
#9989 = AXIS2_PLACEMENT_3D ( 'NONE', #10431, #575, #8545 ) ;
#9990 = ORIENTED_EDGE ( 'NONE', *, *, #8450, .T. ) ;
#9991 = AXIS2_PLACEMENT_3D ( 'NONE', #2199, #8353, #5018 ) ;
#9992 = CIRCLE ( 'NONE', #4760, 1.000000000000000888 ) ;
#9993 = CARTESIAN_POINT ( 'NONE',  ( 82.21710956236549350, -3.500000000000000000, -36.43220563184532068 ) ) ;
#9994 = DIRECTION ( 'NONE',  ( 1.000000000000000000, 0.000000000000000000, 0.000000000000000000 ) ) ;
#9995 = VERTEX_POINT ( 'NONE', #4112 ) ;
#9996 = CARTESIAN_POINT ( 'NONE',  ( 46.64745459439107123, -3.500000000000000000, -39.62839229367055793 ) ) ;
#9997 = CARTESIAN_POINT ( 'NONE',  ( -25.90054204125040371, -3.500000000000000000, 59.66666666666666430 ) ) ;
#9998 = ORIENTED_EDGE ( 'NONE', *, *, #1306, .T. ) ;
#9999 = AXIS2_PLACEMENT_3D ( 'NONE', #3428, #6868, #3370 ) ;
#10000 = CIRCLE ( 'NONE', #10573, 1.500000000000001332 ) ;
#10001 = EDGE_CURVE ( 'NONE', #11192, #2243, #9573, .T. ) ;
#10002 = DIRECTION ( 'NONE',  ( 1.000000000000000000, 0.000000000000000000, -7.692556537664882126E-15 ) ) ;
#10003 = ORIENTED_EDGE ( 'NONE', *, *, #9084, .T. ) ;
#10004 = AXIS2_PLACEMENT_3D ( 'NONE', #10463, #9827, #2663 ) ;
#10005 = CARTESIAN_POINT ( 'NONE',  ( 2.000000000000007105, -3.500000000000000000, 53.50000000000000000 ) ) ;
#10006 = DIRECTION ( 'NONE',  ( -0.000000000000000000, -1.000000000000000000, -0.000000000000000000 ) ) ;
#10007 = ORIENTED_EDGE ( 'NONE', *, *, #1129, .F. ) ;
#10008 = CARTESIAN_POINT ( 'NONE',  ( 58.83479401428157018, -3.500000000000000000, 24.22027759394830326 ) ) ;
#10009 = LINE ( 'NONE', #5282, #9071 ) ;
#10010 = DIRECTION ( 'NONE',  ( -0.000000000000000000, -1.000000000000000000, -0.000000000000000000 ) ) ;
#10011 = ORIENTED_EDGE ( 'NONE', *, *, #10320, .T. ) ;
#10012 = ORIENTED_EDGE ( 'NONE', *, *, #1811, .T. ) ;
#10013 = DIRECTION ( 'NONE',  ( 0.000000000000000000, 1.000000000000000000, 0.000000000000000000 ) ) ;
#10014 = EDGE_CURVE ( 'NONE', #3944, #7245, #11324, .T. ) ;
#10015 = ORIENTED_EDGE ( 'NONE', *, *, #6919, .F. ) ;
#10016 = ADVANCED_FACE ( 'NONE', ( #3299 ), #1653, .F. ) ;
#10017 = CYLINDRICAL_SURFACE ( 'NONE', #7429, 5.249999999999997335 ) ;
#10018 = CARTESIAN_POINT ( 'NONE',  ( -26.37499999999999645, -3.500000000000000000, 11.32455532033676704 ) ) ;
#10019 = ORIENTED_EDGE ( 'NONE', *, *, #5461, .F. ) ;
#10020 = ORIENTED_EDGE ( 'NONE', *, *, #536, .F. ) ;
#10021 = VECTOR ( 'NONE', #7633, 1000.000000000000000 ) ;
#10022 = DIRECTION ( 'NONE',  ( 0.000000000000000000, 1.000000000000000000, 0.000000000000000000 ) ) ;
#10023 = DIRECTION ( 'NONE',  ( 1.000000000000000000, 0.000000000000000000, -7.044562338992071980E-17 ) ) ;
#10024 = VERTEX_POINT ( 'NONE', #7799 ) ;
#10025 = DIRECTION ( 'NONE',  ( 0.000000000000000000, 1.000000000000000000, 0.000000000000000000 ) ) ;
#10026 = ORIENTED_EDGE ( 'NONE', *, *, #4777, .T. ) ;
#10027 = FACE_BOUND ( 'NONE', #464, .T. ) ;
#10028 = ORIENTED_EDGE ( 'NONE', *, *, #3467, .F. ) ;
#10029 = CARTESIAN_POINT ( 'NONE',  ( -30.00000000000000355, -3.500000000000000000, 55.99999999999997868 ) ) ;
#10030 = EDGE_CURVE ( 'NONE', #2071, #11329, #1597, .T. ) ;
#10031 = CYLINDRICAL_SURFACE ( 'NONE', #6437, 5.499999999999997335 ) ;
#10032 = DIRECTION ( 'NONE',  ( 0.1327433628318585579, 0.000000000000000000, 0.9911504424778759814 ) ) ;
#10033 = FACE_OUTER_BOUND ( 'NONE', #4041, .T. ) ;
#10034 = ORIENTED_EDGE ( 'NONE', *, *, #947, .T. ) ;
#10035 = ORIENTED_EDGE ( 'NONE', *, *, #6899, .T. ) ;
#10036 = CYLINDRICAL_SURFACE ( 'NONE', #4926, 5.499999999999998224 ) ;
#10037 = CARTESIAN_POINT ( 'NONE',  ( 36.48960135530299453, -3.500000000000000000, 60.00000000000000000 ) ) ;
#10038 = ADVANCED_FACE ( 'NONE', ( #1770 ), #3698, .F. ) ;
#10039 = EDGE_CURVE ( 'NONE', #6807, #1710, #10736, .T. ) ;
#10040 = CARTESIAN_POINT ( 'NONE',  ( 80.99728228756691806, -3.500000000000000000, -34.25000000000000000 ) ) ;
#10041 = VERTEX_POINT ( 'NONE', #8855 ) ;
#10042 = DIRECTION ( 'NONE',  ( -0.9813684291561045603, 0.000000000000000000, 0.1921353852253143701 ) ) ;
#10043 = DIRECTION ( 'NONE',  ( 0.000000000000000000, 1.000000000000000000, 0.000000000000000000 ) ) ;
#10044 = EDGE_LOOP ( 'NONE', ( #5237, #10831, #9303, #5814 ) ) ;
#10045 = CARTESIAN_POINT ( 'NONE',  ( -27.33759176332126017, 2.500000000000000000, -51.18735183279876821 ) ) ;
#10046 = CARTESIAN_POINT ( 'NONE',  ( 80.58567302514160247, -3.500000000000000000, 31.78411723411560175 ) ) ;
#10047 = DIRECTION ( 'NONE',  ( 0.000000000000000000, 1.000000000000000000, 0.000000000000000000 ) ) ;
#10048 = ORIENTED_EDGE ( 'NONE', *, *, #9028, .T. ) ;
#10049 = LINE ( 'NONE', #8337, #1450 ) ;
#10050 = DIRECTION ( 'NONE',  ( 0.000000000000000000, 1.000000000000000000, 0.000000000000000000 ) ) ;
#10051 = VERTEX_POINT ( 'NONE', #7208 ) ;
#10052 = EDGE_CURVE ( 'NONE', #2268, #6982, #2658, .T. ) ;
#10053 = LINE ( 'NONE', #8998, #11384 ) ;
#10054 = ORIENTED_EDGE ( 'NONE', *, *, #11033, .T. ) ;
#10055 = EDGE_CURVE ( 'NONE', #6756, #1993, #8443, .T. ) ;
#10056 = VECTOR ( 'NONE', #4259, 1000.000000000000000 ) ;
#10057 = CARTESIAN_POINT ( 'NONE',  ( 44.98292804986587612, 2.500000000000000000, 57.99999999999941735 ) ) ;
#10058 = DIRECTION ( 'NONE',  ( 0.05547001962248444135, 0.000000000000000000, 0.9984603532054145969 ) ) ;
#10059 = ORIENTED_EDGE ( 'NONE', *, *, #8476, .F. ) ;
#10060 = VECTOR ( 'NONE', #10669, 1000.000000000000000 ) ;
#10061 = DIRECTION ( 'NONE',  ( -0.5854410483392260556, 0.000000000000000000, 0.8107149800759005931 ) ) ;
#10062 = DIRECTION ( 'NONE',  ( 0.000000000000000000, 0.000000000000000000, 1.000000000000000000 ) ) ;
#10063 = LINE ( 'NONE', #10946, #3534 ) ;
#10064 = VERTEX_POINT ( 'NONE', #999 ) ;
#10065 = ORIENTED_EDGE ( 'NONE', *, *, #6484, .F. ) ;
#10066 = DIRECTION ( 'NONE',  ( 0.000000000000000000, 0.000000000000000000, -1.000000000000000000 ) ) ;
#10067 = AXIS2_PLACEMENT_3D ( 'NONE', #7629, #11210, #6750 ) ;
#10068 = ORIENTED_EDGE ( 'NONE', *, *, #5373, .T. ) ;
#10069 = VECTOR ( 'NONE', #5150, 1000.000000000000000 ) ;
#10070 = CARTESIAN_POINT ( 'NONE',  ( 79.50000000000051159, -3.500000000000000000, 57.24999999999916866 ) ) ;
#10071 = CYLINDRICAL_SURFACE ( 'NONE', #7025, 1.250000000000007994 ) ;
#10072 = EDGE_LOOP ( 'NONE', ( #7256, #3994, #6636, #9640 ) ) ;
#10073 = ORIENTED_EDGE ( 'NONE', *, *, #6550, .T. ) ;
#10074 = DIRECTION ( 'NONE',  ( -0.000000000000000000, -1.000000000000000000, -0.000000000000000000 ) ) ;
#10075 = ADVANCED_FACE ( 'NONE', ( #11565 ), #9022, .F. ) ;
#10076 = AXIS2_PLACEMENT_3D ( 'NONE', #9119, #10777, #5383 ) ;
#10077 = DIRECTION ( 'NONE',  ( 0.000000000000000000, 0.000000000000000000, 1.000000000000000000 ) ) ;
#10078 = VERTEX_POINT ( 'NONE', #1059 ) ;
#10079 = DIRECTION ( 'NONE',  ( 0.000000000000000000, 1.000000000000000000, 0.000000000000000000 ) ) ;
#10080 = EDGE_CURVE ( 'NONE', #1336, #8889, #3480, .T. ) ;
#10081 = ORIENTED_EDGE ( 'NONE', *, *, #7043, .F. ) ;
#10082 = CIRCLE ( 'NONE', #3176, 1.000000000000000888 ) ;
#10083 = FACE_OUTER_BOUND ( 'NONE', #5913, .T. ) ;
#10084 = ORIENTED_EDGE ( 'NONE', *, *, #10803, .T. ) ;
#10085 = DIRECTION ( 'NONE',  ( 0.000000000000000000, 1.000000000000000000, 0.000000000000000000 ) ) ;
#10086 = DIRECTION ( 'NONE',  ( -1.000000000000000000, 0.000000000000000000, 3.614007241618346799E-15 ) ) ;
#10087 = AXIS2_PLACEMENT_3D ( 'NONE', #10171, #1316, #8346 ) ;
#10088 = EDGE_CURVE ( 'NONE', #10725, #7511, #6768, .T. ) ;
#10089 = LINE ( 'NONE', #6679, #4293 ) ;
#10090 = DIRECTION ( 'NONE',  ( -0.000000000000000000, -1.000000000000000000, -0.000000000000000000 ) ) ;
#10091 = ORIENTED_EDGE ( 'NONE', *, *, #3952, .F. ) ;
#10092 = EDGE_CURVE ( 'NONE', #7452, #4840, #10327, .T. ) ;
#10093 = EDGE_LOOP ( 'NONE', ( #9250, #6932, #9816, #11185, #3580, #2282, #10162, #6945, #4451, #4340, #4959 ) ) ;
#10094 = DIRECTION ( 'NONE',  ( 0.000000000000000000, 0.000000000000000000, -1.000000000000000000 ) ) ;
#10095 = CARTESIAN_POINT ( 'NONE',  ( 91.50093993615007548, -3.500000000000000000, -24.51221812680892498 ) ) ;
#10096 = VECTOR ( 'NONE', #7746, 1000.000000000000000 ) ;
#10097 = CYLINDRICAL_SURFACE ( 'NONE', #4939, 1.000000000000000888 ) ;
#10098 = VERTEX_POINT ( 'NONE', #8143 ) ;
#10099 = DIRECTION ( 'NONE',  ( 0.000000000000000000, 1.000000000000000000, 0.000000000000000000 ) ) ;
#10100 = DIRECTION ( 'NONE',  ( -0.000000000000000000, -1.000000000000000000, -0.000000000000000000 ) ) ;
#10101 = CIRCLE ( 'NONE', #5242, 5.500000000000005329 ) ;
#10102 = VERTEX_POINT ( 'NONE', #10844 ) ;
#10103 = AXIS2_PLACEMENT_3D ( 'NONE', #6863, #8618, #7752 ) ;
#10104 = DIRECTION ( 'NONE',  ( 0.6902962621009354205, 0.000000000000000000, -0.7235268277883527555 ) ) ;
#10105 = CARTESIAN_POINT ( 'NONE',  ( 54.42873395770143219, -3.500000000000000000, -30.58615322285542248 ) ) ;
#10106 = EDGE_CURVE ( 'NONE', #10303, #5376, #6328, .T. ) ;
#10107 = ORIENTED_EDGE ( 'NONE', *, *, #234, .T. ) ;
#10108 = DIRECTION ( 'NONE',  ( 0.000000000000000000, 0.000000000000000000, 1.000000000000000000 ) ) ;
#10109 = ADVANCED_FACE ( 'NONE', ( #4415 ), #115, .T. ) ;
#10110 = PLANE ( 'NONE',  #1204 ) ;
#10111 = ORIENTED_EDGE ( 'NONE', *, *, #3080, .T. ) ;
#10112 = AXIS2_PLACEMENT_3D ( 'NONE', #732, #4311, #2605 ) ;
#10113 = CYLINDRICAL_SURFACE ( 'NONE', #3989, 2.000000000000003109 ) ;
#10114 = ORIENTED_EDGE ( 'NONE', *, *, #6212, .T. ) ;
#10115 = LINE ( 'NONE', #5661, #2989 ) ;
#10116 = CARTESIAN_POINT ( 'NONE',  ( 129.7639060424576769, -3.500000000000000000, 14.01245742435226482 ) ) ;
#10117 = EDGE_LOOP ( 'NONE', ( #8107, #3894, #4589, #3151 ) ) ;
#10118 = CARTESIAN_POINT ( 'NONE',  ( -27.33759176332126017, -3.500000000000000000, -51.18735183279876821 ) ) ;
#10119 = CARTESIAN_POINT ( 'NONE',  ( 80.99728228756691806, 2.500000000000000000, 35.75000000000000000 ) ) ;
#10120 = EDGE_CURVE ( 'NONE', #1761, #1532, #2813, .T. ) ;
#10121 = LINE ( 'NONE', #382, #8171 ) ;
#10122 = ADVANCED_FACE ( 'NONE', ( #10623, #5287, #9967, #2642, #7918, #7977, #11511, #887, #6162, #2588, #7094, #10679, #9798, #4469, #3586, #7150, #9859, #1822, #2162, #2931, #400, #6444, #5571, #10137, #10963, #11021, #6500, #1113, #9312, #5742, #7431, #3982, #10027, #8317, #2103, #6672, #3106, #7549, #2987, #6556, #3040, #1992, #3814, #10083 ), #5688, .F. ) ;
#10123 = VERTEX_POINT ( 'NONE', #7489 ) ;
#10124 = ORIENTED_EDGE ( 'NONE', *, *, #6040, .T. ) ;
#10125 = CARTESIAN_POINT ( 'NONE',  ( 94.00000000000153477, -3.500000000000000000, -34.74999999999690203 ) ) ;
#10126 = ORIENTED_EDGE ( 'NONE', *, *, #9041, .F. ) ;
#10127 = CARTESIAN_POINT ( 'NONE',  ( 62.24760681940412610, -3.500000000000000000, -25.43776788477287099 ) ) ;
#10128 = VERTEX_POINT ( 'NONE', #9369 ) ;
#10129 = ORIENTED_EDGE ( 'NONE', *, *, #1593, .F. ) ;
#10130 = EDGE_LOOP ( 'NONE', ( #4675, #5793, #1317, #6369 ) ) ;
#10131 = CARTESIAN_POINT ( 'NONE',  ( 93.47833594191118323, -3.500000000000000000, -14.41228775886719227 ) ) ;
#10132 = DIRECTION ( 'NONE',  ( -0.000000000000000000, -0.000000000000000000, 1.000000000000000000 ) ) ;
#10133 = VERTEX_POINT ( 'NONE', #2046 ) ;
#10134 = FACE_OUTER_BOUND ( 'NONE', #6189, .T. ) ;
#10135 = ORIENTED_EDGE ( 'NONE', *, *, #9641, .F. ) ;
#10136 = CIRCLE ( 'NONE', #23, 5.500000000000018652 ) ;
#10137 = FACE_BOUND ( 'NONE', #11537, .T. ) ;
#10138 = ORIENTED_EDGE ( 'NONE', *, *, #3046, .T. ) ;
#10139 = CARTESIAN_POINT ( 'NONE',  ( 125.5000000000002274, -3.500000000000000000, 3.876524617022159003 ) ) ;
#10140 = AXIS2_PLACEMENT_3D ( 'NONE', #525, #11444, #3356 ) ;
#10141 = ADVANCED_FACE ( 'NONE', ( #4866 ), #7315, .T. ) ;
#10142 = AXIS2_PLACEMENT_3D ( 'NONE', #1985, #11068, #8310 ) ;
#10143 = DIRECTION ( 'NONE',  ( 0.000000000000000000, 1.000000000000000000, 0.000000000000000000 ) ) ;
#10144 = DIRECTION ( 'NONE',  ( 0.000000000000000000, 1.000000000000000000, 0.000000000000000000 ) ) ;
#10145 = PLANE ( 'NONE',  #9622 ) ;
#10146 = ORIENTED_EDGE ( 'NONE', *, *, #295, .F. ) ;
#10147 = VERTEX_POINT ( 'NONE', #5796 ) ;
#10148 = CARTESIAN_POINT ( 'NONE',  ( 133.4846307420930600, -3.500000000000000000, 53.98856480103576416 ) ) ;
#10149 = VECTOR ( 'NONE', #492, 1000.000000000000000 ) ;
#10150 = FACE_OUTER_BOUND ( 'NONE', #7570, .T. ) ;
#10151 = VECTOR ( 'NONE', #86, 1000.000000000000000 ) ;
#10152 = EDGE_CURVE ( 'NONE', #1280, #6379, #9780, .T. ) ;
#10153 = EDGE_CURVE ( 'NONE', #11583, #7452, #4809, .T. ) ;
#10154 = EDGE_CURVE ( 'NONE', #5838, #6387, #10253, .T. ) ;
#10155 = CARTESIAN_POINT ( 'NONE',  ( 124.0724168181187821, -3.500000000000000000, 34.64098451924513711 ) ) ;
#10156 = AXIS2_PLACEMENT_3D ( 'NONE', #610, #4200, #6004 ) ;
#10157 = CARTESIAN_POINT ( 'NONE',  ( 26.37500000000000355, -3.500000000000000000, 16.00000000000000711 ) ) ;
#10158 = DIRECTION ( 'NONE',  ( -0.000000000000000000, 1.000000000000000000, -0.000000000000000000 ) ) ;
#10159 = EDGE_LOOP ( 'NONE', ( #6535, #8418, #1247, #2613 ) ) ;
#10160 = VECTOR ( 'NONE', #15, 1000.000000000000000 ) ;
#10161 = CARTESIAN_POINT ( 'NONE',  ( -27.37499999999999645, 2.500000000000000000, -11.32455532033676704 ) ) ;
#10162 = ORIENTED_EDGE ( 'NONE', *, *, #5739, .T. ) ;
#10163 = CARTESIAN_POINT ( 'NONE',  ( 45.49728228756692516, -3.500000000000000000, 34.25000000000000000 ) ) ;
#10164 = CARTESIAN_POINT ( 'NONE',  ( 39.50000000000052580, -3.500000000000000000, 54.74999999999945288 ) ) ;
#10165 = ORIENTED_EDGE ( 'NONE', *, *, #1020, .F. ) ;
#10166 = DIRECTION ( 'NONE',  ( 0.000000000000000000, 0.000000000000000000, 1.000000000000000000 ) ) ;
#10167 = VERTEX_POINT ( 'NONE', #8251 ) ;
#10168 = EDGE_CURVE ( 'NONE', #2820, #6193, #788, .T. ) ;
#10169 = CIRCLE ( 'NONE', #11102, 1.000000000000000888 ) ;
#10170 = CYLINDRICAL_SURFACE ( 'NONE', #9913, 1.499999999999996891 ) ;
#10171 = CARTESIAN_POINT ( 'NONE',  ( 135.0000000000000000, 2.500000000000000000, 52.64589803375033483 ) ) ;
#10172 = VERTEX_POINT ( 'NONE', #10899 ) ;
#10173 = DIRECTION ( 'NONE',  ( 1.000000000000000000, 0.000000000000000000, -0.000000000000000000 ) ) ;
#10174 = CYLINDRICAL_SURFACE ( 'NONE', #10374, 5.249999999999997335 ) ;
#10175 = DIRECTION ( 'NONE',  ( 0.000000000000000000, 0.000000000000000000, 1.000000000000000000 ) ) ;
#10176 = EDGE_LOOP ( 'NONE', ( #11265, #5817, #9627, #130 ) ) ;
#10177 = VERTEX_POINT ( 'NONE', #2872 ) ;
#10178 = CIRCLE ( 'NONE', #9620, 5.500000000000005329 ) ;
#10179 = CARTESIAN_POINT ( 'NONE',  ( 92.19713777471338290, -3.500000000000000000, 20.95625378212801593 ) ) ;
#10180 = AXIS2_PLACEMENT_3D ( 'NONE', #9440, #1518, #3350 ) ;
#10181 = AXIS2_PLACEMENT_3D ( 'NONE', #2500, #1624, #5203 ) ;
#10182 = AXIS2_PLACEMENT_3D ( 'NONE', #5112, #1528, #8739 ) ;
#10183 = EDGE_LOOP ( 'NONE', ( #6157, #7608, #5975, #4029 ) ) ;
#10184 = AXIS2_PLACEMENT_3D ( 'NONE', #6466, #6348, #1844 ) ;
#10185 = EDGE_CURVE ( 'NONE', #5293, #4908, #7151, .T. ) ;
#10186 = DIRECTION ( 'NONE',  ( 0.000000000000000000, 1.000000000000000000, 0.000000000000000000 ) ) ;
#10187 = ORIENTED_EDGE ( 'NONE', *, *, #3010, .F. ) ;
#10188 = EDGE_CURVE ( 'NONE', #6101, #1692, #5628, .T. ) ;
#10189 = FACE_OUTER_BOUND ( 'NONE', #6293, .T. ) ;
#10190 = VERTEX_POINT ( 'NONE', #4753 ) ;
#10191 = CIRCLE ( 'NONE', #11314, 5.250000000000004441 ) ;
#10192 = AXIS2_PLACEMENT_3D ( 'NONE', #9915, #3759, #5574 ) ;
#10193 = CARTESIAN_POINT ( 'NONE',  ( 57.49079118589932591, 2.500000000000000000, 27.98772452752288942 ) ) ;
#10194 = CARTESIAN_POINT ( 'NONE',  ( 136.0000000000000000, -3.500000000000000000, -56.99999999999999289 ) ) ;
#10195 = ORIENTED_EDGE ( 'NONE', *, *, #3689, .F. ) ;
#10196 = DIRECTION ( 'NONE',  ( -0.000000000000000000, -1.000000000000000000, -0.000000000000000000 ) ) ;
#10197 = VECTOR ( 'NONE', #3903, 1000.000000000000000 ) ;
#10198 = VERTEX_POINT ( 'NONE', #291 ) ;
#10199 = CARTESIAN_POINT ( 'NONE',  ( 126.0000000000015490, -3.500000000000000000, 37.24999999999689493 ) ) ;
#10200 = ORIENTED_EDGE ( 'NONE', *, *, #9368, .F. ) ;
#10201 = DIRECTION ( 'NONE',  ( -0.6094479425782468596, 0.000000000000000000, 0.7928260876681229030 ) ) ;
#10202 = CARTESIAN_POINT ( 'NONE',  ( 44.11921944836681320, -3.500000000000000000, -28.92543966028971880 ) ) ;
#10203 = EDGE_CURVE ( 'NONE', #3076, #880, #3867, .T. ) ;
#10204 = AXIS2_PLACEMENT_3D ( 'NONE', #3858, #4740, #7306 ) ;
#10205 = CARTESIAN_POINT ( 'NONE',  ( 39.50000000000052580, -3.500000000000000000, 55.99999999999945288 ) ) ;
#10206 = EDGE_CURVE ( 'NONE', #11451, #5273, #1338, .T. ) ;
#10207 = DIRECTION ( 'NONE',  ( 0.000000000000000000, 0.000000000000000000, 1.000000000000000000 ) ) ;
#10208 = LINE ( 'NONE', #9147, #7363 ) ;
#10209 = EDGE_LOOP ( 'NONE', ( #7386, #4743, #9990, #11339 ) ) ;
#10210 = ORIENTED_EDGE ( 'NONE', *, *, #3773, .F. ) ;
#10211 = CARTESIAN_POINT ( 'NONE',  ( -24.37499999999999645, -3.500000000000000000, 7.000000000000006217 ) ) ;
#10212 = EDGE_CURVE ( 'NONE', #272, #8967, #9604, .T. ) ;
#10213 = DIRECTION ( 'NONE',  ( 1.000000000000000000, 0.000000000000000000, 0.000000000000000000 ) ) ;
#10214 = DIRECTION ( 'NONE',  ( 0.000000000000000000, 1.000000000000000000, 0.000000000000000000 ) ) ;
#10215 = VERTEX_POINT ( 'NONE', #2393 ) ;
#10216 = DIRECTION ( 'NONE',  ( -0.000000000000000000, -1.000000000000000000, -0.000000000000000000 ) ) ;
#10217 = FACE_OUTER_BOUND ( 'NONE', #1742, .T. ) ;
#10218 = VERTEX_POINT ( 'NONE', #10422 ) ;
#10219 = DIRECTION ( 'NONE',  ( 0.000000000000000000, 1.000000000000000000, 0.000000000000000000 ) ) ;
#10220 = EDGE_CURVE ( 'NONE', #9081, #347, #10890, .T. ) ;
#10221 = ORIENTED_EDGE ( 'NONE', *, *, #11160, .F. ) ;
#10222 = DIRECTION ( 'NONE',  ( 0.000000000000000000, 0.000000000000000000, 1.000000000000000000 ) ) ;
#10223 = ADVANCED_FACE ( 'NONE', ( #2518 ), #4922, .T. ) ;
#10224 = FACE_OUTER_BOUND ( 'NONE', #1223, .T. ) ;
#10225 = VERTEX_POINT ( 'NONE', #11365 ) ;
#10226 = CARTESIAN_POINT ( 'NONE',  ( 45.49728228756692516, 2.500000000000000000, 32.75000000000000711 ) ) ;
#10227 = EDGE_LOOP ( 'NONE', ( #10488, #6716, #5757, #1668 ) ) ;
#10228 = LINE ( 'NONE', #7637, #8593 ) ;
#10229 = DIRECTION ( 'NONE',  ( -0.000000000000000000, 1.000000000000000000, -0.000000000000000000 ) ) ;
#10230 = ORIENTED_EDGE ( 'NONE', *, *, #6606, .T. ) ;
#10231 = EDGE_CURVE ( 'NONE', #4396, #4569, #8835, .T. ) ;
#10232 = DIRECTION ( 'NONE',  ( 0.000000000000000000, 1.000000000000000000, 0.000000000000000000 ) ) ;
#10233 = DIRECTION ( 'NONE',  ( 0.000000000000000000, 1.000000000000000000, 0.000000000000000000 ) ) ;
#10234 = CARTESIAN_POINT ( 'NONE',  ( 26.37500000000000355, 2.500000000000000000, 14.00000000000000533 ) ) ;
#10236 = EDGE_LOOP ( 'NONE', ( #11228, #2788, #10237, #11386 ) ) ;
#10235 = ADVANCED_FACE ( 'NONE', ( #5161 ), #1511, .F. ) ;
#10237 = ORIENTED_EDGE ( 'NONE', *, *, #1797, .F. ) ;
#10238 = CARTESIAN_POINT ( 'NONE',  ( -26.94642857142856940, -3.500000000000000000, -10.42104741743151486 ) ) ;
#10239 = EDGE_LOOP ( 'NONE', ( #1769, #8824 ) ) ;
#10240 = DIRECTION ( 'NONE',  ( 0.000000000000000000, 0.000000000000000000, 1.000000000000000000 ) ) ;
#10241 = ORIENTED_EDGE ( 'NONE', *, *, #4070, .F. ) ;
#10242 = DIRECTION ( 'NONE',  ( -1.000000000000000000, 0.000000000000000000, -0.000000000000000000 ) ) ;
#10243 = ORIENTED_EDGE ( 'NONE', *, *, #3542, .F. ) ;
#10244 = DIRECTION ( 'NONE',  ( 0.9910643481421648193, 0.000000000000000000, 0.1333846237073302854 ) ) ;
#10245 = DIRECTION ( 'NONE',  ( 0.06867802390885047181, 0.000000000000000000, 0.9976388770652311333 ) ) ;
#10246 = VERTEX_POINT ( 'NONE', #511 ) ;
#10247 = DIRECTION ( 'NONE',  ( -1.000000000000000000, 0.000000000000000000, -1.453863484628183513E-14 ) ) ;
#10248 = ADVANCED_FACE ( 'NONE', ( #3161 ), #5094, .F. ) ;
#10249 = AXIS2_PLACEMENT_3D ( 'NONE', #2318, #6883, #1621 ) ;
#10250 = ORIENTED_EDGE ( 'NONE', *, *, #1182, .F. ) ;
#10251 = EDGE_CURVE ( 'NONE', #10780, #5135, #7509, .T. ) ;
#10252 = CIRCLE ( 'NONE', #7812, 4.000000000000000000 ) ;
#10253 = LINE ( 'NONE', #8195, #27 ) ;
#10254 = DIRECTION ( 'NONE',  ( 0.000000000000000000, 0.000000000000000000, 1.000000000000000000 ) ) ;
#10255 = DIRECTION ( 'NONE',  ( -0.000000000000000000, -1.000000000000000000, -0.000000000000000000 ) ) ;
#10256 = FACE_OUTER_BOUND ( 'NONE', #4093, .T. ) ;
#10257 = DIRECTION ( 'NONE',  ( -0.000000000000000000, 0.000000000000000000, 1.000000000000000000 ) ) ;
#10258 = ORIENTED_EDGE ( 'NONE', *, *, #9014, .F. ) ;
#10259 = VERTEX_POINT ( 'NONE', #8539 ) ;
#10260 = DIRECTION ( 'NONE',  ( 1.000000000000000000, 0.000000000000000000, 7.692556537664882126E-15 ) ) ;
#10261 = EDGE_CURVE ( 'NONE', #1475, #9758, #11188, .T. ) ;
#10262 = CIRCLE ( 'NONE', #1278, 1.000000000000000888 ) ;
#10263 = DIRECTION ( 'NONE',  ( 0.000000000000000000, 1.000000000000000000, 0.000000000000000000 ) ) ;
#10264 = CIRCLE ( 'NONE', #10832, 3.000000000000002665 ) ;
#10265 = FACE_OUTER_BOUND ( 'NONE', #4617, .T. ) ;
#10266 = ORIENTED_EDGE ( 'NONE', *, *, #727, .T. ) ;
#10267 = DIRECTION ( 'NONE',  ( -1.000000000000000000, 0.000000000000000000, -1.453863484628183513E-14 ) ) ;
#10268 = FACE_OUTER_BOUND ( 'NONE', #1123, .T. ) ;
#10269 = ORIENTED_EDGE ( 'NONE', *, *, #4056, .T. ) ;
#10270 = LINE ( 'NONE', #5711, #935 ) ;
#10271 = ORIENTED_EDGE ( 'NONE', *, *, #8929, .T. ) ;
#10272 = VECTOR ( 'NONE', #1775, 1000.000000000000000 ) ;
#10273 = FACE_OUTER_BOUND ( 'NONE', #7757, .T. ) ;
#10274 = CIRCLE ( 'NONE', #10656, 5.500000000000005329 ) ;
#10275 = CARTESIAN_POINT ( 'NONE',  ( 95.25000000000153477, -3.500000000000000000, 37.99999999999690203 ) ) ;
#10276 = ORIENTED_EDGE ( 'NONE', *, *, #10716, .T. ) ;
#10277 = EDGE_CURVE ( 'NONE', #5655, #6074, #6092, .T. ) ;
#10278 = VECTOR ( 'NONE', #1208, 1000.000000000000000 ) ;
#10279 = CARTESIAN_POINT ( 'NONE',  ( 135.0000000000000000, -3.500000000000000000, -52.64589803375033483 ) ) ;
#10280 = EDGE_LOOP ( 'NONE', ( #6828, #9049, #5508, #6463 ) ) ;
#10281 = EDGE_CURVE ( 'NONE', #1173, #863, #5468, .T. ) ;
#10282 = DIRECTION ( 'NONE',  ( -0.000000000000000000, -1.000000000000000000, -0.000000000000000000 ) ) ;
#10283 = DIRECTION ( 'NONE',  ( -0.000000000000000000, -1.000000000000000000, -0.000000000000000000 ) ) ;
#10284 = ORIENTED_EDGE ( 'NONE', *, *, #11043, .T. ) ;
#10285 = DIRECTION ( 'NONE',  ( 0.000000000000000000, 0.000000000000000000, 1.000000000000000000 ) ) ;
#10286 = CARTESIAN_POINT ( 'NONE',  ( 40.75000000000054712, -3.500000000000000000, 57.99999999999944578 ) ) ;
#10287 = AXIS2_PLACEMENT_3D ( 'NONE', #1567, #7779, #7836 ) ;
#10288 = DIRECTION ( 'NONE',  ( 0.000000000000000000, 1.000000000000000000, 0.000000000000000000 ) ) ;
#10289 = ORIENTED_EDGE ( 'NONE', *, *, #3190, .T. ) ;
#10290 = VERTEX_POINT ( 'NONE', #3219 ) ;
#10291 = PLANE ( 'NONE',  #617 ) ;
#10292 = CIRCLE ( 'NONE', #1, 2.000000000000003109 ) ;
#10293 = ORIENTED_EDGE ( 'NONE', *, *, #11371, .T. ) ;
#10294 = ADVANCED_FACE ( 'NONE', ( #5851 ), #5909, .F. ) ;
#10295 = EDGE_CURVE ( 'NONE', #11216, #10128, #3401, .T. ) ;
#10296 = CARTESIAN_POINT ( 'NONE',  ( -26.64589803375033839, 2.500000000000000000, 60.00000000000000000 ) ) ;
#10297 = ORIENTED_EDGE ( 'NONE', *, *, #9443, .F. ) ;
#10298 = EDGE_CURVE ( 'NONE', #9577, #5278, #4351, .T. ) ;
#10299 = DIRECTION ( 'NONE',  ( -0.000000000000000000, -1.000000000000000000, -0.000000000000000000 ) ) ;
#10300 = ORIENTED_EDGE ( 'NONE', *, *, #9455, .F. ) ;
#10301 = DIRECTION ( 'NONE',  ( -7.216449660063522246E-15, 0.000000000000000000, 1.000000000000000000 ) ) ;
#10302 = CARTESIAN_POINT ( 'NONE',  ( 88.05394221400148069, -3.500000000000000000, 27.79532361463138912 ) ) ;
#10303 = VERTEX_POINT ( 'NONE', #5034 ) ;
#10304 = DIRECTION ( 'NONE',  ( 0.000000000000000000, 0.000000000000000000, 1.000000000000000000 ) ) ;
#10305 = EDGE_LOOP ( 'NONE', ( #3395, #313, #5513, #10323 ) ) ;
#10306 = DIRECTION ( 'NONE',  ( 0.000000000000000000, 0.000000000000000000, 1.000000000000000000 ) ) ;
#10307 = FACE_OUTER_BOUND ( 'NONE', #6595, .T. ) ;
#10308 = LINE ( 'NONE', #7724, #2425 ) ;
#10309 = VERTEX_POINT ( 'NONE', #8598 ) ;
#10310 = EDGE_CURVE ( 'NONE', #8227, #9204, #4156, .T. ) ;
#10311 = CARTESIAN_POINT ( 'NONE',  ( 128.3010588329270547, 2.500000000000000000, 30.63645376197341008 ) ) ;
#10312 = DIRECTION ( 'NONE',  ( -1.000000000000000000, 0.000000000000000000, -0.000000000000000000 ) ) ;
#10313 = ORIENTED_EDGE ( 'NONE', *, *, #8210, .T. ) ;
#10314 = CARTESIAN_POINT ( 'NONE',  ( 51.46907917169168201, -3.500000000000000000, 27.13683935576333184 ) ) ;
#10315 = ORIENTED_EDGE ( 'NONE', *, *, #9883, .F. ) ;
#10316 = CARTESIAN_POINT ( 'NONE',  ( 60.49257025717126623, 2.500000000000000000, 29.63028136373632293 ) ) ;
#10317 = FACE_OUTER_BOUND ( 'NONE', #10901, .T. ) ;
#10318 = AXIS2_PLACEMENT_3D ( 'NONE', #5753, #8435, #5807 ) ;
#10319 = AXIS2_PLACEMENT_3D ( 'NONE', #832, #11377, #5229 ) ;
#10320 = EDGE_CURVE ( 'NONE', #209, #7615, #5298, .T. ) ;
#10321 = CYLINDRICAL_SURFACE ( 'NONE', #5131, 1.250000000000001110 ) ;
#10322 = ADVANCED_FACE ( 'NONE', ( #6265 ), #5220, .T. ) ;
#10323 = ORIENTED_EDGE ( 'NONE', *, *, #568, .F. ) ;
#10324 = DIRECTION ( 'NONE',  ( 0.000000000000000000, 0.000000000000000000, -1.000000000000000000 ) ) ;
#10325 = DIRECTION ( 'NONE',  ( -0.000000000000000000, -1.000000000000000000, -0.000000000000000000 ) ) ;
#10326 = ORIENTED_EDGE ( 'NONE', *, *, #3970, .F. ) ;
#10327 = CIRCLE ( 'NONE', #1728, 5.499999999999998224 ) ;
#10328 = ADVANCED_FACE ( 'NONE', ( #11494 ), #7028, .F. ) ;
#10329 = CARTESIAN_POINT ( 'NONE',  ( 44.11921944836681320, 2.500000000000000000, -28.92543966028971880 ) ) ;
#10330 = ORIENTED_EDGE ( 'NONE', *, *, #10295, .F. ) ;
#10331 = AXIS2_PLACEMENT_3D ( 'NONE', #6208, #49, #6375 ) ;
#10332 = PLANE ( 'NONE',  #8941 ) ;
#10333 = CARTESIAN_POINT ( 'NONE',  ( 84.10565956188700909, 2.500000000000000000, 58.51999999999985391 ) ) ;
#10334 = ORIENTED_EDGE ( 'NONE', *, *, #9260, .T. ) ;
#10335 = VECTOR ( 'NONE', #6202, 1000.000000000000000 ) ;
#10336 = CARTESIAN_POINT ( 'NONE',  ( 29.30818464227683506, -3.500000000000000000, 8.415214383491042227 ) ) ;
#10337 = VECTOR ( 'NONE', #3337, 1000.000000000000000 ) ;
#10338 = DIRECTION ( 'NONE',  ( 0.000000000000000000, 1.000000000000000000, 0.000000000000000000 ) ) ;
#10339 = EDGE_LOOP ( 'NONE', ( #8743, #5240, #6146, #5058, #3120, #5534, #2861, #2741, #9823, #11209 ) ) ;
#10340 = AXIS2_PLACEMENT_3D ( 'NONE', #5647, #4826, #10980 ) ;
#10341 = CARTESIAN_POINT ( 'NONE',  ( 80.99728228756691806, -3.500000000000000000, -34.25000000000000000 ) ) ;
#10342 = DIRECTION ( 'NONE',  ( 0.000000000000000000, 1.000000000000000000, 0.000000000000000000 ) ) ;
#10343 = ORIENTED_EDGE ( 'NONE', *, *, #3743, .T. ) ;
#10344 = DIRECTION ( 'NONE',  ( 0.000000000000000000, 0.000000000000000000, 1.000000000000000000 ) ) ;
#10345 = DIRECTION ( 'NONE',  ( -0.000000000000000000, 1.000000000000000000, -0.000000000000000000 ) ) ;
#10346 = LINE ( 'NONE', #1553, #7331 ) ;
#10347 = DIRECTION ( 'NONE',  ( 0.2658170578869502587, 0.000000000000000000, -0.9640234912782601473 ) ) ;
#10348 = ORIENTED_EDGE ( 'NONE', *, *, #2272, .F. ) ;
#10349 = ORIENTED_EDGE ( 'NONE', *, *, #7706, .T. ) ;
#10350 = LINE ( 'NONE', #9413, #7169 ) ;
#10351 = EDGE_CURVE ( 'NONE', #2902, #8669, #1915, .T. ) ;
#10352 = VERTEX_POINT ( 'NONE', #42 ) ;
#10353 = VECTOR ( 'NONE', #7916, 1000.000000000000000 ) ;
#10354 = AXIS2_PLACEMENT_3D ( 'NONE', #2547, #7053, #2423 ) ;
#10355 = DIRECTION ( 'NONE',  ( 0.000000000000000000, 1.000000000000000000, 0.000000000000000000 ) ) ;
#10356 = ORIENTED_EDGE ( 'NONE', *, *, #8209, .T. ) ;
#10357 = VECTOR ( 'NONE', #11167, 1000.000000000000000 ) ;
#10358 = DIRECTION ( 'NONE',  ( 0.000000000000000000, -0.000000000000000000, 1.000000000000000000 ) ) ;
#10359 = EDGE_LOOP ( 'NONE', ( #5032, #670, #9475, #10084 ) ) ;
#10360 = DIRECTION ( 'NONE',  ( 0.000000000000000000, 0.000000000000000000, 1.000000000000000000 ) ) ;
#10361 = CARTESIAN_POINT ( 'NONE',  ( -30.00000000000000355, -3.500000000000000000, 57.49999999999997868 ) ) ;
#10362 = CIRCLE ( 'NONE', #2122, 1.000000000000000888 ) ;
#10363 = DIRECTION ( 'NONE',  ( 0.000000000000000000, 1.000000000000000000, 0.000000000000000000 ) ) ;
#10364 = CIRCLE ( 'NONE', #5867, 1.000000000000000888 ) ;
#10365 = EDGE_CURVE ( 'NONE', #4383, #7251, #1699, .T. ) ;
#10366 = AXIS2_PLACEMENT_3D ( 'NONE', #5471, #3767, #2656 ) ;
#10367 = VERTEX_POINT ( 'NONE', #11604 ) ;
#10368 = ADVANCED_FACE ( 'NONE', ( #4404 ), #7136, .F. ) ;
#10369 = DIRECTION ( 'NONE',  ( 0.000000000000000000, 1.000000000000000000, 0.000000000000000000 ) ) ;
#10370 = DIRECTION ( 'NONE',  ( 1.000000000000000000, 0.000000000000000000, 0.000000000000000000 ) ) ;
#10371 = DIRECTION ( 'NONE',  ( 8.326672684688666480E-14, 0.000000000000000000, 1.000000000000000000 ) ) ;
#10372 = CIRCLE ( 'NONE', #5337, 5.500000000000005329 ) ;
#10373 = ORIENTED_EDGE ( 'NONE', *, *, #9356, .T. ) ;
#10374 = AXIS2_PLACEMENT_3D ( 'NONE', #1264, #9521, #11054 ) ;
#10375 = DIRECTION ( 'NONE',  ( -0.000000000000000000, -1.000000000000000000, -0.000000000000000000 ) ) ;
#10376 = FACE_OUTER_BOUND ( 'NONE', #5795, .T. ) ;
#10377 = ORIENTED_EDGE ( 'NONE', *, *, #7433, .T. ) ;
#10378 = DIRECTION ( 'NONE',  ( 0.000000000000000000, -1.000000000000000000, 0.000000000000000000 ) ) ;
#10379 = ORIENTED_EDGE ( 'NONE', *, *, #9308, .F. ) ;
#10380 = DIRECTION ( 'NONE',  ( 0.000000000000000000, 0.000000000000000000, -1.000000000000000000 ) ) ;
#10381 = EDGE_CURVE ( 'NONE', #11258, #1357, #10610, .T. ) ;
#10382 = DIRECTION ( 'NONE',  ( 0.000000000000000000, 1.000000000000000000, 0.000000000000000000 ) ) ;
#10383 = ADVANCED_FACE ( 'NONE', ( #9667 ), #759, .F. ) ;
#10384 = DIRECTION ( 'NONE',  ( -0.000000000000000000, -1.000000000000000000, -0.000000000000000000 ) ) ;
#10385 = ORIENTED_EDGE ( 'NONE', *, *, #3577, .F. ) ;
#10386 = CYLINDRICAL_SURFACE ( 'NONE', #373, 1.499999999999997780 ) ;
#10387 = LINE ( 'NONE', #11388, #6995 ) ;
#10388 = ORIENTED_EDGE ( 'NONE', *, *, #6671, .F. ) ;
#10389 = AXIS2_PLACEMENT_3D ( 'NONE', #10029, #10085, #6329 ) ;
#10390 = CARTESIAN_POINT ( 'NONE',  ( 94.00000000000153477, 2.500000000000000000, -35.99999999999690203 ) ) ;
#10391 = EDGE_LOOP ( 'NONE', ( #2508, #9391, #8828, #5903 ) ) ;
#10392 = CARTESIAN_POINT ( 'NONE',  ( 89.24999999999994316, 2.500000000000000000, 25.60000000009224408 ) ) ;
#10393 = EDGE_CURVE ( 'NONE', #10225, #5789, #228, .T. ) ;
#10394 = LINE ( 'NONE', #4125, #6436 ) ;
#10395 = EDGE_CURVE ( 'NONE', #1515, #6886, #4336, .T. ) ;
#10396 = EDGE_LOOP ( 'NONE', ( #3629, #10343, #4318, #3317 ) ) ;
#10397 = DIRECTION ( 'NONE',  ( 0.000000000000000000, 0.000000000000000000, 1.000000000000000000 ) ) ;
#10398 = DIRECTION ( 'NONE',  ( 0.000000000000000000, 1.000000000000000000, 0.000000000000000000 ) ) ;
#10399 = ORIENTED_EDGE ( 'NONE', *, *, #10281, .F. ) ;
#10400 = CARTESIAN_POINT ( 'NONE',  ( 45.89255334071719972, 2.500000000000000000, 40.34046474372370028 ) ) ;
#10401 = CARTESIAN_POINT ( 'NONE',  ( 132.0000000000000000, -3.500000000000000000, -56.00000000000000711 ) ) ;
#10402 = VERTEX_POINT ( 'NONE', #3576 ) ;
#10403 = DIRECTION ( 'NONE',  ( 0.000000000000000000, 0.000000000000000000, 1.000000000000000000 ) ) ;
#10404 = CARTESIAN_POINT ( 'NONE',  ( 132.9999999999999716, -3.500000000000000000, 60.00000000000000000 ) ) ;
#10405 = FACE_OUTER_BOUND ( 'NONE', #483, .T. ) ;
#10406 = DIRECTION ( 'NONE',  ( 7.692556537664882126E-15, -0.000000000000000000, 1.000000000000000000 ) ) ;
#10407 = VERTEX_POINT ( 'NONE', #9724 ) ;
#10408 = ORIENTED_EDGE ( 'NONE', *, *, #5593, .T. ) ;
#10409 = DIRECTION ( 'NONE',  ( 0.000000000000000000, 1.000000000000000000, 0.000000000000000000 ) ) ;
#10410 = EDGE_CURVE ( 'NONE', #6722, #5003, #8452, .T. ) ;
#10411 = ORIENTED_EDGE ( 'NONE', *, *, #3210, .T. ) ;
#10412 = EDGE_CURVE ( 'NONE', #11531, #5502, #3232, .T. ) ;
#10413 = LINE ( 'NONE', #806, #2956 ) ;
#10414 = EDGE_LOOP ( 'NONE', ( #4098, #6968, #5068, #4232 ) ) ;
#10415 = DIRECTION ( 'NONE',  ( 0.000000000000000000, 0.000000000000000000, 1.000000000000000000 ) ) ;
#10416 = ORIENTED_EDGE ( 'NONE', *, *, #3117, .T. ) ;
#10417 = ORIENTED_EDGE ( 'NONE', *, *, #10298, .F. ) ;
#10418 = CARTESIAN_POINT ( 'NONE',  ( 136.0000000000000000, 2.500000000000000000, 52.64589803375033483 ) ) ;
#10419 = DIRECTION ( 'NONE',  ( 0.000000000000000000, 1.000000000000000000, 0.000000000000000000 ) ) ;
#10420 = FACE_BOUND ( 'NONE', #9765, .T. ) ;
#10421 = ORIENTED_EDGE ( 'NONE', *, *, #1991, .F. ) ;
#10422 = CARTESIAN_POINT ( 'NONE',  ( 90.16412422823493955, 2.500000000000000000, 32.41551160364603135 ) ) ;
#10423 = VECTOR ( 'NONE', #5378, 1000.000000000000000 ) ;
#10424 = CARTESIAN_POINT ( 'NONE',  ( 133.0000000000000000, 2.500000000000000000, -56.99999999999999289 ) ) ;
#10425 = DIRECTION ( 'NONE',  ( -0.000000000000000000, -1.000000000000000000, -0.000000000000000000 ) ) ;
#10426 = EDGE_CURVE ( 'NONE', #8887, #5299, #8782, .T. ) ;
#10427 = ORIENTED_EDGE ( 'NONE', *, *, #2272, .T. ) ;
#10428 = ADVANCED_FACE ( 'NONE', ( #11554 ), #2631, .F. ) ;
#10429 = AXIS2_PLACEMENT_3D ( 'NONE', #8461, #7411, #438 ) ;
#10430 = CARTESIAN_POINT ( 'NONE',  ( 24.37500000000000355, -3.500000000000000000, -5.000000000000003553 ) ) ;
#10431 = CARTESIAN_POINT ( 'NONE',  ( 133.0000000000000000, 2.500000000000000000, 56.99999999999999289 ) ) ;
#10432 = ORIENTED_EDGE ( 'NONE', *, *, #3157, .T. ) ;
#10433 = DIRECTION ( 'NONE',  ( 0.000000000000000000, 1.000000000000000000, 0.000000000000000000 ) ) ;
#10434 = AXIS2_PLACEMENT_3D ( 'NONE', #8471, #10355, #5839 ) ;
#10435 = ORIENTED_EDGE ( 'NONE', *, *, #1738, .T. ) ;
#10436 = FACE_OUTER_BOUND ( 'NONE', #5668, .T. ) ;
#10437 = CARTESIAN_POINT ( 'NONE',  ( 136.0000000000000000, 2.500000000000000000, -56.99999999999999289 ) ) ;
#10438 = AXIS2_PLACEMENT_3D ( 'NONE', #69, #3595, #1947 ) ;
#10439 = AXIS2_PLACEMENT_3D ( 'NONE', #973, #8116, #8058 ) ;
#10440 = EDGE_CURVE ( 'NONE', #4973, #4242, #10346, .T. ) ;
#10441 = CARTESIAN_POINT ( 'NONE',  ( 24.37500000000000355, -3.500000000000000000, 5.000000000000003553 ) ) ;
#10443 = EDGE_CURVE ( 'NONE', #7081, #6345, #11470, .T. ) ;
#10442 = VERTEX_POINT ( 'NONE', #9581 ) ;
#10444 = CARTESIAN_POINT ( 'NONE',  ( 76.88364003250397616, -3.500000000000000000, 50.32398374557551790 ) ) ;
#10445 = CYLINDRICAL_SURFACE ( 'NONE', #2885, 1.500000000000011768 ) ;
#10446 = VERTEX_POINT ( 'NONE', #3442 ) ;
#10447 = LINE ( 'NONE', #720, #7659 ) ;
#10448 = AXIS2_PLACEMENT_3D ( 'NONE', #8193, #1111, #3754 ) ;
#10449 = VERTEX_POINT ( 'NONE', #8705 ) ;
#10450 = CARTESIAN_POINT ( 'NONE',  ( 94.00000000000153477, -3.500000000000000000, 35.99999999999690203 ) ) ;
#10451 = PLANE ( 'NONE',  #2887 ) ;
#10452 = CIRCLE ( 'NONE', #7106, 1.250000000000007994 ) ;
#10453 = VERTEX_POINT ( 'NONE', #7644 ) ;
#10454 = DIRECTION ( 'NONE',  ( 0.000000000000000000, 1.000000000000000000, 0.000000000000000000 ) ) ;
#10455 = CARTESIAN_POINT ( 'NONE',  ( 26.37500000000000355, -3.500000000000000000, -16.00000000000000711 ) ) ;
#10456 = VERTEX_POINT ( 'NONE', #10591 ) ;
#10457 = EDGE_CURVE ( 'NONE', #3133, #6522, #9397, .T. ) ;
#10458 = CYLINDRICAL_SURFACE ( 'NONE', #934, 5.499999999999997335 ) ;
#10459 = FACE_OUTER_BOUND ( 'NONE', #1745, .T. ) ;
#10460 = ORIENTED_EDGE ( 'NONE', *, *, #9286, .T. ) ;
#10461 = EDGE_CURVE ( 'NONE', #6895, #4779, #1172, .T. ) ;
#10462 = DIRECTION ( 'NONE',  ( 0.000000000000000000, 1.000000000000000000, 0.000000000000000000 ) ) ;
#10463 = CARTESIAN_POINT ( 'NONE',  ( 61.17303757665697361, -3.500000000000000000, -30.36305979348978923 ) ) ;
#10464 = DIRECTION ( 'NONE',  ( 0.000000000000000000, 1.000000000000000000, 0.000000000000000000 ) ) ;
#10465 = DIRECTION ( 'NONE',  ( 0.000000000000000000, 0.000000000000000000, -1.000000000000000000 ) ) ;
#10466 = ORIENTED_EDGE ( 'NONE', *, *, #9486, .F. ) ;
#10467 = ORIENTED_EDGE ( 'NONE', *, *, #8279, .F. ) ;
#10468 = DIRECTION ( 'NONE',  ( 0.000000000000000000, 0.000000000000000000, -1.000000000000000000 ) ) ;
#10469 = ORIENTED_EDGE ( 'NONE', *, *, #10666, .T. ) ;
#10470 = CIRCLE ( 'NONE', #5421, 1.000000000000000888 ) ;
#10471 = LINE ( 'NONE', #2439, #4833 ) ;
#10472 = ORIENTED_EDGE ( 'NONE', *, *, #9108, .T. ) ;
#10473 = ADVANCED_FACE ( 'NONE', ( #10405 ), #9522, .T. ) ;
#10474 = CYLINDRICAL_SURFACE ( 'NONE', #2422, 0.9999999999999974465 ) ;
#10475 = DIRECTION ( 'NONE',  ( 1.000000000000000000, 0.000000000000000000, 0.000000000000000000 ) ) ;
#10476 = EDGE_LOOP ( 'NONE', ( #5011, #6650, #5651, #1557 ) ) ;
#10477 = EDGE_CURVE ( 'NONE', #10629, #8959, #2431, .T. ) ;
#10478 = CARTESIAN_POINT ( 'NONE',  ( 43.84952627665634139, -3.500000000000000000, -51.51177973260162446 ) ) ;
#10479 = CARTESIAN_POINT ( 'NONE',  ( 83.08694453782732126, 2.500000000000000000, -29.16243558469903974 ) ) ;
#10480 = AXIS2_PLACEMENT_3D ( 'NONE', #1546, #2365, #672 ) ;
#10481 = PLANE ( 'NONE',  #4280 ) ;
#10482 = VECTOR ( 'NONE', #1286, 1000.000000000000000 ) ;
#10483 = ORIENTED_EDGE ( 'NONE', *, *, #5726, .F. ) ;
#10484 = DIRECTION ( 'NONE',  ( 0.000000000000000000, 0.000000000000000000, -1.000000000000000000 ) ) ;
#10485 = VECTOR ( 'NONE', #3605, 1000.000000000000114 ) ;
#10486 = LINE ( 'NONE', #9784, #707 ) ;
#10487 = CARTESIAN_POINT ( 'NONE',  ( 51.46907917169168201, 2.500000000000000000, 27.13683935576333184 ) ) ;
#10488 = ORIENTED_EDGE ( 'NONE', *, *, #9287, .F. ) ;
#10489 = CARTESIAN_POINT ( 'NONE',  ( 127.5000000000002274, 2.500000000000000000, -10.50000000000195222 ) ) ;
#10490 = CARTESIAN_POINT ( 'NONE',  ( 86.34174532563687876, -3.500000000000000000, -32.95126413974819712 ) ) ;
#10491 = CARTESIAN_POINT ( 'NONE',  ( -28.70982142857142350, -3.500000000000000000, -18.50000000000001066 ) ) ;
#10492 = ORIENTED_EDGE ( 'NONE', *, *, #119, .T. ) ;
#10493 = DIRECTION ( 'NONE',  ( 0.000000000000000000, 0.000000000000000000, 1.000000000000000000 ) ) ;
#10494 = ORIENTED_EDGE ( 'NONE', *, *, #8096, .T. ) ;
#10495 = DIRECTION ( 'NONE',  ( 0.000000000000000000, 1.000000000000000000, 0.000000000000000000 ) ) ;
#10496 = LINE ( 'NONE', #5979, #6568 ) ;
#10497 = EDGE_CURVE ( 'NONE', #768, #7058, #3615, .T. ) ;
#10498 = CYLINDRICAL_SURFACE ( 'NONE', #11315, 5.500000000000005329 ) ;
#10499 = ORIENTED_EDGE ( 'NONE', *, *, #6934, .T. ) ;
#10500 = CYLINDRICAL_SURFACE ( 'NONE', #5600, 1.000000000000000888 ) ;
#10501 = CARTESIAN_POINT ( 'NONE',  ( 39.50000000000052580, -3.500000000000000000, 57.24999999999945288 ) ) ;
#10502 = VERTEX_POINT ( 'NONE', #11408 ) ;
#10503 = DIRECTION ( 'NONE',  ( 0.000000000000000000, 0.000000000000000000, 1.000000000000000000 ) ) ;
#10504 = VERTEX_POINT ( 'NONE', #5949 ) ;
#10505 = CARTESIAN_POINT ( 'NONE',  ( -28.84167316508822054, 2.500000000000000000, 23.99782629932536793 ) ) ;
#10506 = VECTOR ( 'NONE', #9208, 1000.000000000000000 ) ;
#10507 = ADVANCED_FACE ( 'NONE', ( #7007 ), #5892, .F. ) ;
#10508 = EDGE_CURVE ( 'NONE', #11085, #9630, #1493, .T. ) ;
#10509 = DIRECTION ( 'NONE',  ( 0.000000000000000000, 1.000000000000000000, 0.000000000000000000 ) ) ;
#10510 = CIRCLE ( 'NONE', #3409, 1.500000000000001332 ) ;
#10511 = EDGE_CURVE ( 'NONE', #11316, #7058, #6582, .T. ) ;
#10512 = VERTEX_POINT ( 'NONE', #2493 ) ;
#10513 = DIRECTION ( 'NONE',  ( 0.000000000000000000, 1.000000000000000000, 0.000000000000000000 ) ) ;
#10514 = LINE ( 'NONE', #5189, #8286 ) ;
#10515 = ORIENTED_EDGE ( 'NONE', *, *, #5037, .T. ) ;
#10516 = VECTOR ( 'NONE', #459, 1000.000000000000000 ) ;
#10517 = CARTESIAN_POINT ( 'NONE',  ( 22.37500000000000711, -3.500000000000000000, 10.65685424949238858 ) ) ;
#10518 = DIRECTION ( 'NONE',  ( 1.000000000000000000, 0.000000000000000000, 0.000000000000000000 ) ) ;
#10519 = VECTOR ( 'NONE', #6849, 999.9999999999998863 ) ;
#10520 = ORIENTED_EDGE ( 'NONE', *, *, #1640, .T. ) ;
#10521 = CARTESIAN_POINT ( 'NONE',  ( 41.76031830491573515, -3.500000000000000000, -55.32660475167552505 ) ) ;
#10522 = DIRECTION ( 'NONE',  ( 0.000000000000000000, 0.000000000000000000, 1.000000000000000000 ) ) ;
#10523 = CARTESIAN_POINT ( 'NONE',  ( -24.37499999999999645, -3.500000000000000000, 5.000000000000003553 ) ) ;
#10524 = ORIENTED_EDGE ( 'NONE', *, *, #7027, .F. ) ;
#10525 = CARTESIAN_POINT ( 'NONE',  ( 39.50000000000052580, 2.500000000000000000, 55.99999999999945288 ) ) ;
#10526 = ORIENTED_EDGE ( 'NONE', *, *, #2844, .T. ) ;
#10527 = VERTEX_POINT ( 'NONE', #5198 ) ;
#10528 = DIRECTION ( 'NONE',  ( 0.000000000000000000, 1.000000000000000000, 0.000000000000000000 ) ) ;
#10529 = CIRCLE ( 'NONE', #4913, 1.250000000000001110 ) ;
#10530 = VECTOR ( 'NONE', #7600, 1000.000000000000000 ) ;
#10531 = ORIENTED_EDGE ( 'NONE', *, *, #7582, .F. ) ;
#10532 = EDGE_CURVE ( 'NONE', #9323, #4427, #11349, .T. ) ;
#10533 = DIRECTION ( 'NONE',  ( 0.000000000000000000, 1.000000000000000000, 0.000000000000000000 ) ) ;
#10534 = VERTEX_POINT ( 'NONE', #6125 ) ;
#10535 = CARTESIAN_POINT ( 'NONE',  ( 24.37500000000000355, -3.500000000000000000, 7.000000000000006217 ) ) ;
#10536 = CARTESIAN_POINT ( 'NONE',  ( 132.9999999999999716, 2.500000000000000000, 60.00000000000000000 ) ) ;
#10537 = ORIENTED_EDGE ( 'NONE', *, *, #2374, .T. ) ;
#10538 = VECTOR ( 'NONE', #828, 1000.000000000000000 ) ;
#10539 = CARTESIAN_POINT ( 'NONE',  ( 89.24999999999995737, -3.500000000000000000, -25.60000000009247145 ) ) ;
#10540 = DIRECTION ( 'NONE',  ( 1.000000000000000000, 0.000000000000000000, -7.216449660063522246E-15 ) ) ;
#10541 = DIRECTION ( 'NONE',  ( 0.000000000000000000, 1.000000000000000000, 0.000000000000000000 ) ) ;
#10542 = ORIENTED_EDGE ( 'NONE', *, *, #2801, .T. ) ;
#10543 = CIRCLE ( 'NONE', #7170, 1.000000000000000888 ) ;
#10544 = EDGE_CURVE ( 'NONE', #347, #10246, #5072, .T. ) ;
#10545 = CARTESIAN_POINT ( 'NONE',  ( 48.34041134556223795, -3.500000000000000000, 29.54185629365642285 ) ) ;
#10546 = CIRCLE ( 'NONE', #11495, 1.000000000000000888 ) ;
#10547 = EDGE_CURVE ( 'NONE', #5805, #4540, #2669, .T. ) ;
#10548 = LINE ( 'NONE', #6905, #5535 ) ;
#10549 = DIRECTION ( 'NONE',  ( 0.000000000000000000, 0.000000000000000000, -1.000000000000000000 ) ) ;
#10550 = ORIENTED_EDGE ( 'NONE', *, *, #4494, .T. ) ;
#10551 = CIRCLE ( 'NONE', #8482, 1.499999999999996891 ) ;
#10552 = CIRCLE ( 'NONE', #9244, 1.250000000000001110 ) ;
#10553 = FACE_OUTER_BOUND ( 'NONE', #10775, .T. ) ;
#10554 = CARTESIAN_POINT ( 'NONE',  ( -24.37499999999999645, 2.500000000000000000, -5.000000000000003553 ) ) ;
#10555 = DIRECTION ( 'NONE',  ( 0.000000000000000000, 0.000000000000000000, -1.000000000000000000 ) ) ;
#10556 = ORIENTED_EDGE ( 'NONE', *, *, #3562, .F. ) ;
#10557 = CARTESIAN_POINT ( 'NONE',  ( 43.15360207239141488, -3.500000000000000000, 52.22989497538527814 ) ) ;
#10558 = ORIENTED_EDGE ( 'NONE', *, *, #11480, .F. ) ;
#10559 = DIRECTION ( 'NONE',  ( 0.000000000000000000, 0.000000000000000000, 1.000000000000000000 ) ) ;
#10560 = CIRCLE ( 'NONE', #6245, 1.000000000000000888 ) ;
#10561 = CARTESIAN_POINT ( 'NONE',  ( 47.90541730422559397, 2.500000000000000000, -34.92148026146887929 ) ) ;
#10562 = CIRCLE ( 'NONE', #640, 5.500000000000018652 ) ;
#10563 = ADVANCED_FACE ( 'NONE', ( #1432 ), #5014, .T. ) ;
#10564 = AXIS2_PLACEMENT_3D ( 'NONE', #5694, #1995, #3931 ) ;
#10565 = EDGE_CURVE ( 'NONE', #7195, #2158, #36, .T. ) ;
#10566 = AXIS2_PLACEMENT_3D ( 'NONE', #1618, #3501, #8761 ) ;
#10567 = LINE ( 'NONE', #7743, #7740 ) ;
#10568 = EDGE_LOOP ( 'NONE', ( #10379, #7661, #5028, #3275 ) ) ;
#10569 = CARTESIAN_POINT ( 'NONE',  ( 39.50000000000052580, 2.500000000000000000, -55.99999999999945288 ) ) ;
#10570 = CARTESIAN_POINT ( 'NONE',  ( 80.99728228756691806, -3.500000000000000000, -34.25000000000000000 ) ) ;
#10571 = ORIENTED_EDGE ( 'NONE', *, *, #536, .T. ) ;
#10572 = VECTOR ( 'NONE', #9034, 1000.000000000000000 ) ;
#10573 = AXIS2_PLACEMENT_3D ( 'NONE', #1825, #9971, #8146 ) ;
#10574 = EDGE_CURVE ( 'NONE', #8907, #1681, #9588, .T. ) ;
#10575 = ORIENTED_EDGE ( 'NONE', *, *, #2651, .T. ) ;
#10576 = DIRECTION ( 'NONE',  ( 0.000000000000000000, 1.000000000000000000, 0.000000000000000000 ) ) ;
#10577 = VECTOR ( 'NONE', #7241, 1000.000000000000114 ) ;
#10578 = DIRECTION ( 'NONE',  ( 1.000000000000000000, 0.000000000000000000, 0.000000000000000000 ) ) ;
#10579 = VERTEX_POINT ( 'NONE', #3406 ) ;
#10580 = DIRECTION ( 'NONE',  ( -0.000000000000000000, -1.000000000000000000, -0.000000000000000000 ) ) ;
#10581 = LINE ( 'NONE', #5249, #1003 ) ;
#10582 = ORIENTED_EDGE ( 'NONE', *, *, #422, .F. ) ;
#10583 = CIRCLE ( 'NONE', #7761, 5.500000000000005329 ) ;
#10584 = EDGE_CURVE ( 'NONE', #6066, #11586, #6030, .T. ) ;
#10585 = CARTESIAN_POINT ( 'NONE',  ( -27.88348565673954127, 2.500000000000000000, -25.13002623698856652 ) ) ;
#10586 = CARTESIAN_POINT ( 'NONE',  ( -24.37499999999999645, -3.500000000000000000, -5.000000000000003553 ) ) ;
#10587 = ORIENTED_EDGE ( 'NONE', *, *, #2340, .T. ) ;
#10588 = EDGE_CURVE ( 'NONE', #10449, #2171, #7517, .T. ) ;
#10589 = DIRECTION ( 'NONE',  ( 0.000000000000000000, 1.000000000000000000, 0.000000000000000000 ) ) ;
#10590 = CYLINDRICAL_SURFACE ( 'NONE', #2130, 5.499999999999998224 ) ;
#10591 = CARTESIAN_POINT ( 'NONE',  ( 128.7715961163515033, -3.500000000000000000, -31.54121597654004105 ) ) ;
#10592 = ORIENTED_EDGE ( 'NONE', *, *, #8196, .T. ) ;
#10593 = DIRECTION ( 'NONE',  ( 0.000000000000000000, 1.000000000000000000, 0.000000000000000000 ) ) ;
#10594 = VERTEX_POINT ( 'NONE', #645 ) ;
#10595 = VERTEX_POINT ( 'NONE', #1704 ) ;
#10596 = DIRECTION ( 'NONE',  ( 0.000000000000000000, 0.000000000000000000, 1.000000000000000000 ) ) ;
#10597 = CIRCLE ( 'NONE', #7774, 1.499999999999994449 ) ;
#10598 = VERTEX_POINT ( 'NONE', #10674 ) ;
#10599 = DIRECTION ( 'NONE',  ( 0.000000000000000000, 0.000000000000000000, 1.000000000000000000 ) ) ;
#10600 = ORIENTED_EDGE ( 'NONE', *, *, #1158, .F. ) ;
#10601 = EDGE_CURVE ( 'NONE', #7615, #2123, #8024, .T. ) ;
#10602 = CARTESIAN_POINT ( 'NONE',  ( -28.70982142857141994, 2.500000000000000000, 20.00000000000000711 ) ) ;
#10603 = CARTESIAN_POINT ( 'NONE',  ( 45.49728228756692516, 2.500000000000000000, 34.25000000000000000 ) ) ;
#10604 = ORIENTED_EDGE ( 'NONE', *, *, #3416, .F. ) ;
#10605 = ADVANCED_FACE ( 'NONE', ( #1764 ), #11372, .F. ) ;
#10606 = PLANE ( 'NONE',  #821 ) ;
#10607 = DIRECTION ( 'NONE',  ( 0.000000000000000000, 0.000000000000000000, -1.000000000000000000 ) ) ;
#10608 = FACE_BOUND ( 'NONE', #10339, .T. ) ;
#10609 = VERTEX_POINT ( 'NONE', #10489 ) ;
#10610 = LINE ( 'NONE', #5388, #11476 ) ;
#10611 = LINE ( 'NONE', #3402, #10995 ) ;
#10612 = DIRECTION ( 'NONE',  ( 0.000000000000000000, 0.000000000000000000, 1.000000000000000000 ) ) ;
#10613 = ORIENTED_EDGE ( 'NONE', *, *, #7609, .F. ) ;
#10614 = CARTESIAN_POINT ( 'NONE',  ( -30.00000000000000355, -3.500000000000000000, 55.99999999999997868 ) ) ;
#10615 = ADVANCED_FACE ( 'NONE', ( #10729 ), #6970, .F. ) ;
#10616 = DIRECTION ( 'NONE',  ( 0.000000000000000000, 0.000000000000000000, 1.000000000000000000 ) ) ;
#10617 = CYLINDRICAL_SURFACE ( 'NONE', #6617, 1.000000000000000888 ) ;
#10618 = ORIENTED_EDGE ( 'NONE', *, *, #7630, .T. ) ;
#10619 = DIRECTION ( 'NONE',  ( 0.000000000000000000, 1.000000000000000000, 0.000000000000000000 ) ) ;
#10620 = EDGE_CURVE ( 'NONE', #2440, #3647, #2696, .T. ) ;
#10621 = ORIENTED_EDGE ( 'NONE', *, *, #5461, .T. ) ;
#10622 = DIRECTION ( 'NONE',  ( 0.000000000000000000, 0.000000000000000000, 1.000000000000000000 ) ) ;
#10623 = FACE_BOUND ( 'NONE', #7805, .T. ) ;
#10624 = FACE_OUTER_BOUND ( 'NONE', #3424, .T. ) ;
#10625 = AXIS2_PLACEMENT_3D ( 'NONE', #1439, #3208, #5675 ) ;
#10626 = VERTEX_POINT ( 'NONE', #5100 ) ;
#10627 = DIRECTION ( 'NONE',  ( 0.000000000000000000, 0.000000000000000000, 1.000000000000000000 ) ) ;
#10628 = CYLINDRICAL_SURFACE ( 'NONE', #8110, 5.500000000000011546 ) ;
#10629 = VERTEX_POINT ( 'NONE', #2635 ) ;
#10630 = EDGE_CURVE ( 'NONE', #3919, #6851, #8848, .T. ) ;
#10631 = ORIENTED_EDGE ( 'NONE', *, *, #919, .F. ) ;
#10632 = DIRECTION ( 'NONE',  ( 0.000000000000000000, 1.000000000000000000, 0.000000000000000000 ) ) ;
#10633 = CIRCLE ( 'NONE', #1655, 5.250000000000004441 ) ;
#10634 = CARTESIAN_POINT ( 'NONE',  ( 130.5000000000002274, -3.500000000000000000, -3.233718702666561029 ) ) ;
#10635 = VECTOR ( 'NONE', #5325, 1000.000000000000114 ) ;
#10636 = ORIENTED_EDGE ( 'NONE', *, *, #1114, .T. ) ;
#10637 = CARTESIAN_POINT ( 'NONE',  ( 129.5000000000002274, -3.500000000000000000, 3.233718702666561029 ) ) ;
#10638 = ORIENTED_EDGE ( 'NONE', *, *, #7935, .F. ) ;
#10639 = VECTOR ( 'NONE', #9948, 1000.000000000000000 ) ;
#10640 = CARTESIAN_POINT ( 'NONE',  ( 74.01707195013521812, -3.500000000000000000, 58.99999999999921130 ) ) ;
#10641 = DIRECTION ( 'NONE',  ( 0.000000000000000000, 0.000000000000000000, 1.000000000000000000 ) ) ;
#10642 = ORIENTED_EDGE ( 'NONE', *, *, #2883, .F. ) ;
#10643 = DIRECTION ( 'NONE',  ( 0.1327433628318585301, 0.000000000000000000, -0.9911504424778759814 ) ) ;
#10644 = DIRECTION ( 'NONE',  ( 0.1327433628318585301, 0.000000000000000000, -0.9911504424778759814 ) ) ;
#10645 = LINE ( 'NONE', #4436, #2269 ) ;
#10646 = EDGE_LOOP ( 'NONE', ( #7048, #9670, #6682, #2164 ) ) ;
#10647 = DIRECTION ( 'NONE',  ( 0.000000000000000000, 0.000000000000000000, 1.000000000000000000 ) ) ;
#10648 = ORIENTED_EDGE ( 'NONE', *, *, #7433, .F. ) ;
#10649 = DIRECTION ( 'NONE',  ( 0.000000000000000000, 1.000000000000000000, 0.000000000000000000 ) ) ;
#10650 = EDGE_CURVE ( 'NONE', #3301, #2672, #10529, .T. ) ;
#10651 = AXIS2_PLACEMENT_3D ( 'NONE', #6310, #6479, #7130 ) ;
#10652 = ORIENTED_EDGE ( 'NONE', *, *, #4818, .F. ) ;
#10653 = EDGE_CURVE ( 'NONE', #5669, #4203, #10900, .T. ) ;
#10654 = CYLINDRICAL_SURFACE ( 'NONE', #8008, 1.000000000000000888 ) ;
#10655 = VERTEX_POINT ( 'NONE', #4227 ) ;
#10656 = AXIS2_PLACEMENT_3D ( 'NONE', #10401, #378, #7694 ) ;
#10657 = FACE_OUTER_BOUND ( 'NONE', #2800, .T. ) ;
#10658 = CARTESIAN_POINT ( 'NONE',  ( 45.49728228756692516, -3.500000000000000000, -34.25000000000000000 ) ) ;
#10659 = ORIENTED_EDGE ( 'NONE', *, *, #5290, .F. ) ;
#10660 = CARTESIAN_POINT ( 'NONE',  ( -28.70982142857141994, -3.500000000000000000, 21.50000000000000711 ) ) ;
#10661 = CARTESIAN_POINT ( 'NONE',  ( 7.123475382979925996, -3.500000000000000000, 53.99999999999969447 ) ) ;
#10662 = FACE_BOUND ( 'NONE', #7988, .T. ) ;
#10663 = ORIENTED_EDGE ( 'NONE', *, *, #5423, .T. ) ;
#10664 = AXIS2_PLACEMENT_3D ( 'NONE', #11083, #5577, #6562 ) ;
#10665 = EDGE_CURVE ( 'NONE', #5944, #10743, #8462, .T. ) ;
#10666 = EDGE_CURVE ( 'NONE', #7499, #7947, #4546, .T. ) ;
#10667 = CARTESIAN_POINT ( 'NONE',  ( 128.6458980337503135, 2.500000000000000000, -59.00000000000000000 ) ) ;
#10668 = EDGE_CURVE ( 'NONE', #3555, #7368, #5224, .T. ) ;
#10669 = DIRECTION ( 'NONE',  ( 0.05547001962248444135, 0.000000000000000000, -0.9984603532054145969 ) ) ;
#10670 = CARTESIAN_POINT ( 'NONE',  ( 60.49257025717128045, 2.500000000000000000, -29.63028136373631938 ) ) ;
#10671 = ORIENTED_EDGE ( 'NONE', *, *, #3952, .T. ) ;
#10672 = AXIS2_PLACEMENT_3D ( 'NONE', #7187, #6416, #8172 ) ;
#10673 = AXIS2_PLACEMENT_3D ( 'NONE', #3288, #4872, #4980 ) ;
#10674 = CARTESIAN_POINT ( 'NONE',  ( 121.1458780402646340, -3.500000000000000000, -33.99999999999690203 ) ) ;
#10675 = CARTESIAN_POINT ( 'NONE',  ( 130.1755253229044911, -3.500000000000000000, -14.92381331968869063 ) ) ;
#10676 = ORIENTED_EDGE ( 'NONE', *, *, #2193, .T. ) ;
#10677 = CYLINDRICAL_SURFACE ( 'NONE', #8437, 1.000000000000000888 ) ;
#10678 = EDGE_LOOP ( 'NONE', ( #9711, #10515, #1509, #6021 ) ) ;
#10679 = FACE_BOUND ( 'NONE', #6033, .T. ) ;
#10680 = EDGE_CURVE ( 'NONE', #9910, #9617, #7528, .T. ) ;
#10681 = DIRECTION ( 'NONE',  ( 0.000000000000000000, 1.000000000000000000, 0.000000000000000000 ) ) ;
#10682 = VERTEX_POINT ( 'NONE', #4283 ) ;
#10683 = CARTESIAN_POINT ( 'NONE',  ( 38.86226143540571343, -3.500000000000000000, 50.78887828550951156 ) ) ;
#10684 = CARTESIAN_POINT ( 'NONE',  ( 44.10565956188742121, -3.500000000000000000, -58.51999999999942048 ) ) ;
#10685 = ORIENTED_EDGE ( 'NONE', *, *, #10426, .T. ) ;
#10686 = ORIENTED_EDGE ( 'NONE', *, *, #6279, .F. ) ;
#10687 = DIRECTION ( 'NONE',  ( 0.000000000000000000, -0.000000000000000000, 1.000000000000000000 ) ) ;
#10688 = CARTESIAN_POINT ( 'NONE',  ( -21.49999999999999645, -3.500000000000000000, 10.26634360823523018 ) ) ;
#10689 = ADVANCED_FACE ( 'NONE', ( #10553 ), #8788, .T. ) ;
#10690 = EDGE_LOOP ( 'NONE', ( #456, #3419 ) ) ;
#10691 = ADVANCED_FACE ( 'NONE', ( #11436 ), #3473, .F. ) ;
#10692 = CARTESIAN_POINT ( 'NONE',  ( 79.50000000000051159, -3.500000000000000000, -57.24999999999916866 ) ) ;
#10693 = VERTEX_POINT ( 'NONE', #7033 ) ;
#10694 = CARTESIAN_POINT ( 'NONE',  ( 82.64068987684871104, -3.500000000000000000, 39.49873427556501326 ) ) ;
#10695 = LINE ( 'NONE', #9822, #3617 ) ;
#10696 = ORIENTED_EDGE ( 'NONE', *, *, #4003, .F. ) ;
#10697 = CARTESIAN_POINT ( 'NONE',  ( 126.0000000000015490, -3.500000000000000000, -35.99999999999688782 ) ) ;
#10698 = DIRECTION ( 'NONE',  ( -0.000000000000000000, 1.000000000000000000, -0.000000000000000000 ) ) ;
#10699 = CARTESIAN_POINT ( 'NONE',  ( 82.64068987684871104, 2.500000000000000000, -39.49873427556501326 ) ) ;
#10700 = ORIENTED_EDGE ( 'NONE', *, *, #7895, .F. ) ;
#10701 = AXIS2_PLACEMENT_3D ( 'NONE', #5104, #8671, #706 ) ;
#10702 = DIRECTION ( 'NONE',  ( 0.000000000000000000, 0.000000000000000000, 1.000000000000000000 ) ) ;
#10703 = DIRECTION ( 'NONE',  ( -0.000000000000000000, -1.000000000000000000, -0.000000000000000000 ) ) ;
#10704 = ORIENTED_EDGE ( 'NONE', *, *, #6525, .F. ) ;
#10705 = CIRCLE ( 'NONE', #17, 1.499999999999996891 ) ;
#10706 = AXIS2_PLACEMENT_3D ( 'NONE', #2342, #646, #5915 ) ;
#10707 = DIRECTION ( 'NONE',  ( -0.000000000000000000, -1.000000000000000000, -0.000000000000000000 ) ) ;
#10708 = ORIENTED_EDGE ( 'NONE', *, *, #9881, .T. ) ;
#10709 = CARTESIAN_POINT ( 'NONE',  ( 83.21872773756770414, -3.500000000000000000, 59.70588235294136581 ) ) ;
#10710 = LINE ( 'NONE', #2622, #2372 ) ;
#10711 = ORIENTED_EDGE ( 'NONE', *, *, #7179, .T. ) ;
#10712 = CARTESIAN_POINT ( 'NONE',  ( -25.12083890225464700, -3.500000000000000000, -58.53846153846148326 ) ) ;
#10713 = LINE ( 'NONE', #1792, #10151 ) ;
#10714 = CARTESIAN_POINT ( 'NONE',  ( 135.6666666666666856, 2.500000000000000000, -51.90054204125040371 ) ) ;
#10715 = AXIS2_PLACEMENT_3D ( 'NONE', #6276, #8913, #3533 ) ;
#10716 = EDGE_CURVE ( 'NONE', #4714, #5895, #8659, .T. ) ;
#10717 = ORIENTED_EDGE ( 'NONE', *, *, #1991, .T. ) ;
#10718 = ORIENTED_EDGE ( 'NONE', *, *, #3558, .T. ) ;
#10719 = AXIS2_PLACEMENT_3D ( 'NONE', #507, #4096, #7657 ) ;
#10720 = DIRECTION ( 'NONE',  ( 0.000000000000000000, 1.000000000000000000, 0.000000000000000000 ) ) ;
#10721 = ORIENTED_EDGE ( 'NONE', *, *, #1771, .T. ) ;
#10722 = CARTESIAN_POINT ( 'NONE',  ( 77.30225762730340477, -3.500000000000000000, -51.23214634628331510 ) ) ;
#10723 = CARTESIAN_POINT ( 'NONE',  ( 46.24055067520988160, -3.500000000000000000, 31.86304543320769866 ) ) ;
#10724 = AXIS2_PLACEMENT_3D ( 'NONE', #5341, #8955, #7197 ) ;
#10725 = VERTEX_POINT ( 'NONE', #8960 ) ;
#10726 = CIRCLE ( 'NONE', #5671, 1.000000000000000888 ) ;
#10727 = AXIS2_PLACEMENT_3D ( 'NONE', #2896, #959, #9042 ) ;
#10728 = EDGE_CURVE ( 'NONE', #7018, #6205, #9976, .T. ) ;
#10729 = FACE_OUTER_BOUND ( 'NONE', #8526, .T. ) ;
#10730 = CARTESIAN_POINT ( 'NONE',  ( 132.0000000000000000, -3.500000000000000000, 56.00000000000000711 ) ) ;
#10731 = ORIENTED_EDGE ( 'NONE', *, *, #3922, .F. ) ;
#10732 = FACE_OUTER_BOUND ( 'NONE', #6915, .T. ) ;
#10733 = ADVANCED_FACE ( 'NONE', ( #3641 ), #7203, .F. ) ;
#10734 = ORIENTED_EDGE ( 'NONE', *, *, #10092, .T. ) ;
#10735 = VECTOR ( 'NONE', #7482, 1000.000000000000114 ) ;
#10736 = LINE ( 'NONE', #8032, #11262 ) ;
#10737 = VECTOR ( 'NONE', #5445, 1000.000000000000000 ) ;
#10738 = CIRCLE ( 'NONE', #5857, 6.000000000000001776 ) ;
#10739 = DIRECTION ( 'NONE',  ( 1.000000000000000000, 0.000000000000000000, 0.000000000000000000 ) ) ;
#10740 = ADVANCED_FACE ( 'NONE', ( #1984 ), #1165, .F. ) ;
#10741 = CARTESIAN_POINT ( 'NONE',  ( 132.0000000000000000, -3.500000000000000000, 56.00000000000000711 ) ) ;
#10742 = DIRECTION ( 'NONE',  ( 1.000000000000000000, 0.000000000000000000, 0.000000000000000000 ) ) ;
#10743 = VERTEX_POINT ( 'NONE', #8309 ) ;
#10744 = ADVANCED_FACE ( 'NONE', ( #285 ), #8245, .T. ) ;
#10745 = VERTEX_POINT ( 'NONE', #2747 ) ;
#10746 = VECTOR ( 'NONE', #4474, 1000.000000000000000 ) ;
#10747 = CARTESIAN_POINT ( 'NONE',  ( -26.64589803375033128, -3.500000000000000000, -59.00000000000000000 ) ) ;
#10748 = VECTOR ( 'NONE', #10409, 1000.000000000000000 ) ;
#10749 = VECTOR ( 'NONE', #7989, 1000.000000000000000 ) ;
#10750 = DIRECTION ( 'NONE',  ( 0.000000000000000000, 0.000000000000000000, 1.000000000000000000 ) ) ;
#10751 = VECTOR ( 'NONE', #1896, 1000.000000000000000 ) ;
#10752 = CIRCLE ( 'NONE', #10184, 1.000000000000000888 ) ;
#10753 = DIRECTION ( 'NONE',  ( 0.000000000000000000, 0.000000000000000000, 1.000000000000000000 ) ) ;
#10754 = ORIENTED_EDGE ( 'NONE', *, *, #1783, .T. ) ;
#10755 = CIRCLE ( 'NONE', #7192, 5.499999999999991118 ) ;
#10756 = VECTOR ( 'NONE', #1120, 1000.000000000000000 ) ;
#10757 = DIRECTION ( 'NONE',  ( -0.000000000000000000, -1.000000000000000000, -0.000000000000000000 ) ) ;
#10758 = LINE ( 'NONE', #2660, #991 ) ;
#10759 = ORIENTED_EDGE ( 'NONE', *, *, #2418, .T. ) ;
#10760 = VECTOR ( 'NONE', #8349, 1000.000000000000000 ) ;
#10761 = CARTESIAN_POINT ( 'NONE',  ( 132.0000000000000000, 2.500000000000000000, 57.50000000000000000 ) ) ;
#10762 = CARTESIAN_POINT ( 'NONE',  ( 74.01707195013520391, 2.500000000000000000, -57.99999999999920419 ) ) ;
#10763 = CARTESIAN_POINT ( 'NONE',  ( -24.23371870266458217, 2.500000000000000000, 58.99999999999994316 ) ) ;
#10764 = EDGE_CURVE ( 'NONE', #1336, #9978, #936, .T. ) ;
#10765 = ORIENTED_EDGE ( 'NONE', *, *, #808, .T. ) ;
#10766 = CARTESIAN_POINT ( 'NONE',  ( 80.99728228756691806, -3.500000000000000000, 34.25000000000000000 ) ) ;
#10767 = EDGE_CURVE ( 'NONE', #7894, #5680, #2291, .T. ) ;
#10768 = CARTESIAN_POINT ( 'NONE',  ( 79.50000000000051159, 2.500000000000000000, -55.99999999999916866 ) ) ;
#10769 = ORIENTED_EDGE ( 'NONE', *, *, #9857, .F. ) ;
#10770 = AXIS2_PLACEMENT_3D ( 'NONE', #3869, #2875, #945 ) ;
#10771 = LINE ( 'NONE', #4664, #2489 ) ;
#10772 = ORIENTED_EDGE ( 'NONE', *, *, #9096, .T. ) ;
#10773 = CARTESIAN_POINT ( 'NONE',  ( 93.19777856741795574, -3.500000000000000000, 29.42949662270924449 ) ) ;
#10774 = DIRECTION ( 'NONE',  ( 0.000000000000000000, 1.000000000000000000, 0.000000000000000000 ) ) ;
#10775 = EDGE_LOOP ( 'NONE', ( #8192, #8682, #9832, #8066 ) ) ;
#10776 = DIRECTION ( 'NONE',  ( 0.000000000000000000, -1.000000000000000000, 0.000000000000000000 ) ) ;
#10777 = DIRECTION ( 'NONE',  ( 0.000000000000000000, 1.000000000000000000, 0.000000000000000000 ) ) ;
#10778 = EDGE_CURVE ( 'NONE', #1138, #7289, #4513, .T. ) ;
#10779 = AXIS2_PLACEMENT_3D ( 'NONE', #8428, #6675, #10254 ) ;
#10780 = VERTEX_POINT ( 'NONE', #48 ) ;
#10781 = ORIENTED_EDGE ( 'NONE', *, *, #5386, .F. ) ;
#10782 = EDGE_CURVE ( 'NONE', #4392, #6345, #7163, .T. ) ;
#10783 = CARTESIAN_POINT ( 'NONE',  ( 76.48960135530326454, 2.500000000000000000, -59.00000000000000000 ) ) ;
#10784 = DIRECTION ( 'NONE',  ( 0.2658170578869502587, 0.000000000000000000, 0.9640234912782601473 ) ) ;
#10785 = CARTESIAN_POINT ( 'NONE',  ( 77.88127890956920396, 2.500000000000000000, 50.39266176948436993 ) ) ;
#10786 = VERTEX_POINT ( 'NONE', #10891 ) ;
#10787 = DIRECTION ( 'NONE',  ( 0.000000000000000000, 1.000000000000000000, 0.000000000000000000 ) ) ;
#10788 = DIRECTION ( 'NONE',  ( 0.05547001962248444135, 0.000000000000000000, 0.9984603532054145969 ) ) ;
#10789 = EDGE_LOOP ( 'NONE', ( #11560, #4602, #1739, #3018 ) ) ;
#10790 = CARTESIAN_POINT ( 'NONE',  ( 56.74999999999997868, 2.500000000000000000, -25.60000000009224763 ) ) ;
#10791 = ORIENTED_EDGE ( 'NONE', *, *, #2784, .T. ) ;
#10792 = CARTESIAN_POINT ( 'NONE',  ( -30.00000000000000355, 2.500000000000000000, -55.99999999999997868 ) ) ;
#10793 = EDGE_CURVE ( 'NONE', #5502, #5227, #6490, .T. ) ;
#10794 = CARTESIAN_POINT ( 'NONE',  ( 46.24055067520988160, 2.500000000000000000, -31.86304543320769866 ) ) ;
#10795 = EDGE_CURVE ( 'NONE', #5286, #9687, #9017, .T. ) ;
#10796 = CYLINDRICAL_SURFACE ( 'NONE', #10192, 5.499999999999998224 ) ;
#10797 = CARTESIAN_POINT ( 'NONE',  ( 43.84952627665634139, -3.500000000000000000, 51.51177973260162446 ) ) ;
#10798 = DIRECTION ( 'NONE',  ( 0.000000000000000000, 0.000000000000000000, 1.000000000000000000 ) ) ;
#10799 = ORIENTED_EDGE ( 'NONE', *, *, #7430, .T. ) ;
#10800 = ORIENTED_EDGE ( 'NONE', *, *, #3620, .F. ) ;
#10801 = LINE ( 'NONE', #7159, #5762 ) ;
#10802 = CARTESIAN_POINT ( 'NONE',  ( 92.50000000000022737, -3.500000000000000000, 9.000000000001710632 ) ) ;
#10803 = EDGE_CURVE ( 'NONE', #11329, #4242, #45, .T. ) ;
#10804 = CARTESIAN_POINT ( 'NONE',  ( 47.90541730422559397, 2.500000000000000000, 34.92148026146887929 ) ) ;
#10805 = VERTEX_POINT ( 'NONE', #2040 ) ;
#10806 = DIRECTION ( 'NONE',  ( -0.9984603532054145969, 0.000000000000000000, 0.05547001962248444829 ) ) ;
#10807 = DIRECTION ( 'NONE',  ( -0.000000000000000000, -1.000000000000000000, -0.000000000000000000 ) ) ;
#10808 = ORIENTED_EDGE ( 'NONE', *, *, #9546, .T. ) ;
#10809 = CARTESIAN_POINT ( 'NONE',  ( 0.000000000000000000, 0.000000000000000000, 0.000000000000000000 ) ) ;
#10810 = DIRECTION ( 'NONE',  ( -0.000000000000000000, -1.000000000000000000, -0.000000000000000000 ) ) ;
#10811 = LINE ( 'NONE', #1845, #6779 ) ;
#10812 = AXIS2_PLACEMENT_3D ( 'NONE', #7948, #7009, #10465 ) ;
#10813 = EDGE_LOOP ( 'NONE', ( #616, #284 ) ) ;
#10814 = LINE ( 'NONE', #8165, #9309 ) ;
#10815 = AXIS2_PLACEMENT_3D ( 'NONE', #11176, #3148, #500 ) ;
#10816 = DIRECTION ( 'NONE',  ( 1.000000000000000000, 0.000000000000000000, 0.000000000000000000 ) ) ;
#10817 = EDGE_LOOP ( 'NONE', ( #1162, #10571, #1097, #11423 ) ) ;
#10818 = FACE_OUTER_BOUND ( 'NONE', #6423, .T. ) ;
#10819 = VERTEX_POINT ( 'NONE', #5623 ) ;
#10820 = EDGE_CURVE ( 'NONE', #559, #8520, #2863, .T. ) ;
#10821 = DIRECTION ( 'NONE',  ( -0.000000000000000000, -1.000000000000000000, -0.000000000000000000 ) ) ;
#10822 = CARTESIAN_POINT ( 'NONE',  ( 54.00668558637442374, -3.500000000000000000, -31.49272653608509032 ) ) ;
#10823 = VERTEX_POINT ( 'NONE', #1107 ) ;
#10824 = CARTESIAN_POINT ( 'NONE',  ( 60.49257025717126623, -3.500000000000000000, 29.63028136373632293 ) ) ;
#10825 = CARTESIAN_POINT ( 'NONE',  ( 81.82864925813827028, 2.500000000000000000, 51.29469526676727043 ) ) ;
#10826 = DIRECTION ( 'NONE',  ( 0.000000000000000000, 1.000000000000000000, 0.000000000000000000 ) ) ;
#10827 = EDGE_LOOP ( 'NONE', ( #3434, #8549, #11221, #7561 ) ) ;
#10828 = VECTOR ( 'NONE', #8481, 1000.000000000000000 ) ;
#10829 = EDGE_LOOP ( 'NONE', ( #1829, #10550, #10411, #7399 ) ) ;
#10830 = DIRECTION ( 'NONE',  ( 0.000000000000000000, 1.000000000000000000, 0.000000000000000000 ) ) ;
#10831 = ORIENTED_EDGE ( 'NONE', *, *, #10680, .T. ) ;
#10832 = AXIS2_PLACEMENT_3D ( 'NONE', #5343, #7139, #6026 ) ;
#10833 = EDGE_CURVE ( 'NONE', #6312, #5789, #1927, .T. ) ;
#10834 = LINE ( 'NONE', #3800, #8002 ) ;
#10835 = CARTESIAN_POINT ( 'NONE',  ( 67.50000000000052580, 2.500000000000000000, -60.00000000000000000 ) ) ;
#10836 = EDGE_CURVE ( 'NONE', #8091, #5805, #8136, .T. ) ;
#10837 = ORIENTED_EDGE ( 'NONE', *, *, #10212, .T. ) ;
#10838 = CARTESIAN_POINT ( 'NONE',  ( 129.4911603522845667, -3.500000000000000000, -40.67699683500194396 ) ) ;
#10839 = DIRECTION ( 'NONE',  ( 1.000000000000000000, 0.000000000000000000, 0.000000000000000000 ) ) ;
#10840 = VECTOR ( 'NONE', #9744, 1000.000000000000000 ) ;
#10841 = VERTEX_POINT ( 'NONE', #5511 ) ;
#10842 = CARTESIAN_POINT ( 'NONE',  ( 132.0000000000000000, -3.500000000000000000, -56.00000000000000711 ) ) ;
#10843 = ORIENTED_EDGE ( 'NONE', *, *, #273, .T. ) ;
#10844 = CARTESIAN_POINT ( 'NONE',  ( 56.74999999999997868, -3.500000000000000000, 31.10000000009223342 ) ) ;
#10845 = VECTOR ( 'NONE', #377, 1000.000000000000000 ) ;
#10846 = CARTESIAN_POINT ( 'NONE',  ( 132.0000000000000000, -3.500000000000000000, 56.00000000000000711 ) ) ;
#10847 = DIRECTION ( 'NONE',  ( 0.000000000000000000, 0.000000000000000000, 1.000000000000000000 ) ) ;
#10848 = CARTESIAN_POINT ( 'NONE',  ( 132.0000000000000000, -3.500000000000000000, 56.00000000000000711 ) ) ;
#10849 = LINE ( 'NONE', #7983, #8111 ) ;
#10850 = VERTEX_POINT ( 'NONE', #1052 ) ;
#10851 = VECTOR ( 'NONE', #1146, 1000.000000000000000 ) ;
#10852 = ORIENTED_EDGE ( 'NONE', *, *, #6494, .T. ) ;
#10853 = AXIS2_PLACEMENT_3D ( 'NONE', #1414, #3832, #3003 ) ;
#10854 = DIRECTION ( 'NONE',  ( 0.000000000000000000, 1.000000000000000000, 0.000000000000000000 ) ) ;
#10855 = EDGE_CURVE ( 'NONE', #4148, #9950, #4626, .T. ) ;
#10856 = CARTESIAN_POINT ( 'NONE',  ( 2.000000000000007105, 2.500000000000000000, 53.50000000000000000 ) ) ;
#10857 = CARTESIAN_POINT ( 'NONE',  ( 56.74999999999997868, 2.500000000000000000, 25.60000000009224053 ) ) ;
#10858 = ORIENTED_EDGE ( 'NONE', *, *, #10153, .F. ) ;
#10859 = CARTESIAN_POINT ( 'NONE',  ( 130.0384615384617746, 2.500000000000000000, 4.120838902256624081 ) ) ;
#10860 = CARTESIAN_POINT ( 'NONE',  ( 88.92248353675768158, -3.500000000000000000, 37.33466346525224822 ) ) ;
#10861 = VERTEX_POINT ( 'NONE', #3751 ) ;
#10862 = EDGE_CURVE ( 'NONE', #7907, #1529, #8854, .T. ) ;
#10863 = SHAPE_DEFINITION_REPRESENTATION ( #9751, #4058 ) ;
#10864 = LINE ( 'NONE', #4600, #1579 ) ;
#10865 = CARTESIAN_POINT ( 'NONE',  ( -30.00000000000000355, -3.500000000000000000, -55.99999999999997868 ) ) ;
#10866 = ORIENTED_EDGE ( 'NONE', *, *, #7403, .T. ) ;
#10867 = FACE_OUTER_BOUND ( 'NONE', #1168, .T. ) ;
#10868 = EDGE_CURVE ( 'NONE', #2740, #660, #4860, .T. ) ;
#10869 = CARTESIAN_POINT ( 'NONE',  ( 127.5000000000002274, 2.500000000000000000, 9.000000000001953993 ) ) ;
#10870 = ORIENTED_EDGE ( 'NONE', *, *, #4577, .F. ) ;
#10871 = CARTESIAN_POINT ( 'NONE',  ( 133.2165501172941333, 2.500000000000000000, -49.61486054873415696 ) ) ;
#10872 = ORIENTED_EDGE ( 'NONE', *, *, #5373, .F. ) ;
#10873 = DIRECTION ( 'NONE',  ( -1.000000000000000000, 0.000000000000000000, 0.000000000000000000 ) ) ;
#10874 = DIRECTION ( 'NONE',  ( 0.000000000000000000, 1.000000000000000000, 0.000000000000000000 ) ) ;
#10875 = ORIENTED_EDGE ( 'NONE', *, *, #8985, .T. ) ;
#10876 = CARTESIAN_POINT ( 'NONE',  ( 48.34041134556223795, -3.500000000000000000, 29.54185629365642285 ) ) ;
#10877 = DIRECTION ( 'NONE',  ( 0.000000000000000000, -1.000000000000000000, 0.000000000000000000 ) ) ;
#10878 = LINE ( 'NONE', #7242, #5019 ) ;
#10879 = EDGE_LOOP ( 'NONE', ( #3272, #266, #8367, #3788 ) ) ;
#10880 = ORIENTED_EDGE ( 'NONE', *, *, #7041, .T. ) ;
#10881 = LINE ( 'NONE', #3740, #10737 ) ;
#10882 = AXIS2_PLACEMENT_3D ( 'NONE', #4531, #6174, #10750 ) ;
#10883 = EDGE_CURVE ( 'NONE', #103, #10367, #8281, .T. ) ;
#10884 = VECTOR ( 'NONE', #578, 1000.000000000000000 ) ;
#10885 = ORIENTED_EDGE ( 'NONE', *, *, #10898, .T. ) ;
#10886 = DIRECTION ( 'NONE',  ( 0.9418617333936458724, 0.000000000000000000, -0.3360007070955604580 ) ) ;
#10887 = CARTESIAN_POINT ( 'NONE',  ( -31.21686531451300084, -3.500000000000000000, -50.01926101503037358 ) ) ;
#10888 = ORIENTED_EDGE ( 'NONE', *, *, #10261, .F. ) ;
#10889 = EDGE_LOOP ( 'NONE', ( #3503, #7516, #4848, #10977 ) ) ;
#10890 = CIRCLE ( 'NONE', #3027, 3.000000000000002665 ) ;
#10891 = CARTESIAN_POINT ( 'NONE',  ( -24.87652461702021611, -3.500000000000000000, -53.99999999999993605 ) ) ;
#10892 = LINE ( 'NONE', #1331, #8632 ) ;
#10893 = CIRCLE ( 'NONE', #405, 1.500000000000001332 ) ;
#10894 = ORIENTED_EDGE ( 'NONE', *, *, #4786, .F. ) ;
#10895 = CARTESIAN_POINT ( 'NONE',  ( 22.37500000000000711, -3.500000000000000000, 14.00000000000000533 ) ) ;
#10896 = EDGE_CURVE ( 'NONE', #6166, #5286, #612, .T. ) ;
#10897 = ORIENTED_EDGE ( 'NONE', *, *, #1481, .T. ) ;
#10898 = EDGE_CURVE ( 'NONE', #5347, #8803, #3976, .T. ) ;
#10899 = CARTESIAN_POINT ( 'NONE',  ( 43.15360207239141488, -3.500000000000000000, -52.22989497538527104 ) ) ;
#10900 = CIRCLE ( 'NONE', #5843, 1.000000000000000888 ) ;
#10901 = EDGE_LOOP ( 'NONE', ( #11123, #11120, #590, #1451 ) ) ;
#10902 = CIRCLE ( 'NONE', #6969, 5.500000000000005329 ) ;
#10903 = DIRECTION ( 'NONE',  ( 0.000000000000000000, 0.000000000000000000, 1.000000000000000000 ) ) ;
#10904 = CARTESIAN_POINT ( 'NONE',  ( 80.99728228756691806, -3.500000000000000000, 34.25000000000000000 ) ) ;
#10905 = CARTESIAN_POINT ( 'NONE',  ( 27.69162479035540514, 2.500000000000000000, 8.673617379884035472E-16 ) ) ;
#10906 = CARTESIAN_POINT ( 'NONE',  ( 56.74999999999997868, -3.500000000000000000, -27.10000000009224408 ) ) ;
#10907 = ORIENTED_EDGE ( 'NONE', *, *, #5074, .F. ) ;
#10908 = CIRCLE ( 'NONE', #5852, 1.500000000000011768 ) ;
#10909 = ORIENTED_EDGE ( 'NONE', *, *, #4524, .F. ) ;
#10910 = CARTESIAN_POINT ( 'NONE',  ( 80.58567302514160247, -3.500000000000000000, -31.78411723411560175 ) ) ;
#10911 = EDGE_CURVE ( 'NONE', #136, #7628, #1392, .T. ) ;
#10912 = DIRECTION ( 'NONE',  ( 0.000000000000000000, 1.000000000000000000, 0.000000000000000000 ) ) ;
#10913 = AXIS2_PLACEMENT_3D ( 'NONE', #4111, #6976, #10559 ) ;
#10914 = AXIS2_PLACEMENT_3D ( 'NONE', #6835, #450, #2153 ) ;
#10915 = VECTOR ( 'NONE', #3784, 1000.000000000000000 ) ;
#10916 = ADVANCED_FACE ( 'NONE', ( #391 ), #8535, .F. ) ;
#10917 = VECTOR ( 'NONE', #6896, 1000.000000000000000 ) ;
#10918 = DIRECTION ( 'NONE',  ( 0.7928260876681227920, 0.000000000000000000, -0.6094479425782468596 ) ) ;
#10919 = EDGE_LOOP ( 'NONE', ( #8050, #2239, #2684, #1868 ) ) ;
#10920 = CARTESIAN_POINT ( 'NONE',  ( 87.57546621952566568, -3.500000000000000000, 23.74367658590766439 ) ) ;
#10921 = CARTESIAN_POINT ( 'NONE',  ( 121.1458780402646340, -3.500000000000000000, 33.99999999999690203 ) ) ;
#10922 = VECTOR ( 'NONE', #2711, 1000.000000000000000 ) ;
#10923 = EDGE_LOOP ( 'NONE', ( #10754, #8831, #1106, #95 ) ) ;
#10924 = CIRCLE ( 'NONE', #9608, 0.9999999999999974465 ) ;
#10925 = CYLINDRICAL_SURFACE ( 'NONE', #7518, 1.000000000000000888 ) ;
#10926 = LINE ( 'NONE', #5424, #11307 ) ;
#10927 = PLANE ( 'NONE',  #8680 ) ;
#10928 = CARTESIAN_POINT ( 'NONE',  ( -28.70982142857141994, 2.500000000000000000, 20.00000000000000711 ) ) ;
#10929 = ORIENTED_EDGE ( 'NONE', *, *, #8978, .F. ) ;
#10930 = CARTESIAN_POINT ( 'NONE',  ( 121.1458780402646340, -3.500000000000000000, 33.99999999999690203 ) ) ;
#10931 = DIRECTION ( 'NONE',  ( 0.000000000000000000, 1.000000000000000000, 0.000000000000000000 ) ) ;
#10932 = VECTOR ( 'NONE', #1601, 1000.000000000000000 ) ;
#10933 = ORIENTED_EDGE ( 'NONE', *, *, #3939, .T. ) ;
#10934 = AXIS2_PLACEMENT_3D ( 'NONE', #3557, #5482, #9051 ) ;
#10935 = CIRCLE ( 'NONE', #11513, 1.000000000000000888 ) ;
#10936 = EDGE_CURVE ( 'NONE', #8424, #10629, #2156, .T. ) ;
#10937 = CARTESIAN_POINT ( 'NONE',  ( 133.4846307420930600, -3.500000000000000000, 53.98856480103576416 ) ) ;
#10938 = ORIENTED_EDGE ( 'NONE', *, *, #7662, .F. ) ;
#10939 = VECTOR ( 'NONE', #5013, 1000.000000000000000 ) ;
#10940 = EDGE_CURVE ( 'NONE', #7276, #4908, #9478, .T. ) ;
#10941 = FACE_OUTER_BOUND ( 'NONE', #3552, .T. ) ;
#10942 = LINE ( 'NONE', #3787, #2803 ) ;
#10943 = EDGE_LOOP ( 'NONE', ( #8818, #172 ) ) ;
#10944 = CYLINDRICAL_SURFACE ( 'NONE', #998, 1.000000000000000888 ) ;
#10945 = FACE_OUTER_BOUND ( 'NONE', #5712, .T. ) ;
#10946 = CARTESIAN_POINT ( 'NONE',  ( 41.76031830491573515, -3.500000000000000000, 55.32660475167552505 ) ) ;
#10947 = ORIENTED_EDGE ( 'NONE', *, *, #4130, .F. ) ;
#10948 = VERTEX_POINT ( 'NONE', #454 ) ;
#10949 = DIRECTION ( 'NONE',  ( 1.000000000000000000, 0.000000000000000000, 0.000000000000000000 ) ) ;
#10950 = ORIENTED_EDGE ( 'NONE', *, *, #3828, .F. ) ;
#10951 = EDGE_CURVE ( 'NONE', #7603, #10102, #4741, .T. ) ;
#10952 = LINE ( 'NONE', #8240, #8548 ) ;
#10953 = DIRECTION ( 'NONE',  ( 0.1333846237073302854, -0.000000000000000000, 0.9910643481421647083 ) ) ;
#10954 = EDGE_CURVE ( 'NONE', #6113, #7628, #5681, .T. ) ;
#10955 = ORIENTED_EDGE ( 'NONE', *, *, #7073, .T. ) ;
#10956 = EDGE_LOOP ( 'NONE', ( #3505, #510, #3230, #1203 ) ) ;
#10957 = CIRCLE ( 'NONE', #3289, 1.000000000000000888 ) ;
#10958 = CARTESIAN_POINT ( 'NONE',  ( -31.78318584070796859, -3.500000000000000000, -54.24778761061944721 ) ) ;
#10959 = CYLINDRICAL_SURFACE ( 'NONE', #972, 1.250000000000007994 ) ;
#10960 = ORIENTED_EDGE ( 'NONE', *, *, #9941, .F. ) ;
#10961 = CARTESIAN_POINT ( 'NONE',  ( 77.30225762730340477, 2.500000000000000000, -51.23214634628331510 ) ) ;
#10962 = VERTEX_POINT ( 'NONE', #2206 ) ;
#10963 = FACE_BOUND ( 'NONE', #10813, .T. ) ;
#10964 = ORIENTED_EDGE ( 'NONE', *, *, #8778, .T. ) ;
#10965 = DIRECTION ( 'NONE',  ( -0.5854410483392260556, 0.000000000000000000, 0.8107149800759005931 ) ) ;
#10966 = ADVANCED_FACE ( 'NONE', ( #5790 ), #6607, .T. ) ;
#10967 = DIRECTION ( 'NONE',  ( 1.000000000000000000, 0.000000000000000000, 7.692556537664882126E-15 ) ) ;
#10968 = EDGE_CURVE ( 'NONE', #10655, #10402, #1330, .T. ) ;
#10969 = DIRECTION ( 'NONE',  ( 0.000000000000000000, 1.000000000000000000, 0.000000000000000000 ) ) ;
#10970 = DIRECTION ( 'NONE',  ( 0.000000000000000000, 0.000000000000000000, 1.000000000000000000 ) ) ;
#10971 = ORIENTED_EDGE ( 'NONE', *, *, #6769, .T. ) ;
#10972 = ORIENTED_EDGE ( 'NONE', *, *, #7850, .F. ) ;
#10973 = DIRECTION ( 'NONE',  ( 0.000000000000000000, 0.000000000000000000, -1.000000000000000000 ) ) ;
#10974 = CARTESIAN_POINT ( 'NONE',  ( 79.50000000000051159, 2.500000000000000000, 54.74999999999916866 ) ) ;
#10975 = EDGE_CURVE ( 'NONE', #6782, #7195, #4914, .T. ) ;
#10976 = CARTESIAN_POINT ( 'NONE',  ( 89.55931393138243379, -3.500000000000000000, 31.09129537476047034 ) ) ;
#10977 = ORIENTED_EDGE ( 'NONE', *, *, #8503, .T. ) ;
#10978 = EDGE_CURVE ( 'NONE', #7883, #690, #563, .T. ) ;
#10979 = CARTESIAN_POINT ( 'NONE',  ( 40.87635952806320461, -3.500000000000000000, 31.26720385364662746 ) ) ;
#10980 = DIRECTION ( 'NONE',  ( 0.7928260876681227920, 0.000000000000000000, -0.6094479425782467485 ) ) ;
#10981 = VERTEX_POINT ( 'NONE', #11299 ) ;
#10982 = CARTESIAN_POINT ( 'NONE',  ( 80.58567302514160247, -3.500000000000000000, -31.78411723411560175 ) ) ;
#10983 = DIRECTION ( 'NONE',  ( 0.000000000000000000, 0.000000000000000000, -1.000000000000000000 ) ) ;
#10984 = ORIENTED_EDGE ( 'NONE', *, *, #9529, .F. ) ;
#10985 = CARTESIAN_POINT ( 'NONE',  ( 42.88550278537807969, -3.500000000000000000, 51.24596267471466859 ) ) ;
#10986 = CARTESIAN_POINT ( 'NONE',  ( 78.60598772863292538, 2.500000000000000000, -39.86531035049824823 ) ) ;
#10987 = AXIS2_PLACEMENT_3D ( 'NONE', #11234, #2385, #8649 ) ;
#10988 = EDGE_LOOP ( 'NONE', ( #169, #9547, #4726, #8865 ) ) ;
#10989 = DIRECTION ( 'NONE',  ( 0.000000000000000000, 0.000000000000000000, 1.000000000000000000 ) ) ;
#10990 = ORIENTED_EDGE ( 'NONE', *, *, #1446, .F. ) ;
#10991 = AXIS2_PLACEMENT_3D ( 'NONE', #4794, #6593, #7700 ) ;
#10992 = DIRECTION ( 'NONE',  ( 0.000000000000000000, 0.000000000000000000, -1.000000000000000000 ) ) ;
#10993 = DIRECTION ( 'NONE',  ( 0.000000000000000000, 1.000000000000000000, 0.000000000000000000 ) ) ;
#10994 = ORIENTED_EDGE ( 'NONE', *, *, #1231, .T. ) ;
#10995 = VECTOR ( 'NONE', #11496, 1000.000000000000000 ) ;
#10996 = LINE ( 'NONE', #2968, #6794 ) ;
#10997 = LINE ( 'NONE', #9178, #10760 ) ;
#10998 = CARTESIAN_POINT ( 'NONE',  ( 43.84952627665634139, -3.500000000000000000, -51.51177973260162446 ) ) ;
#10999 = ORIENTED_EDGE ( 'NONE', *, *, #5279, .F. ) ;
#11000 = ADVANCED_FACE ( 'NONE', ( #9304 ), #7599, .T. ) ;
#11001 = ORIENTED_EDGE ( 'NONE', *, *, #3859, .F. ) ;
#11002 = DIRECTION ( 'NONE',  ( 0.000000000000000000, 1.000000000000000000, 0.000000000000000000 ) ) ;
#11003 = ADVANCED_FACE ( 'NONE', ( #3279 ), #9421, .T. ) ;
#11004 = AXIS2_PLACEMENT_3D ( 'NONE', #3247, #10576, #3426 ) ;
#11005 = ORIENTED_EDGE ( 'NONE', *, *, #6222, .F. ) ;
#11006 = VECTOR ( 'NONE', #9712, 1000.000000000000000 ) ;
#11007 = CARTESIAN_POINT ( 'NONE',  ( 94.00000000000153477, -3.500000000000000000, -34.74999999999690203 ) ) ;
#11008 = LINE ( 'NONE', #10887, #9899 ) ;
#11009 = VERTEX_POINT ( 'NONE', #10131 ) ;
#11010 = ORIENTED_EDGE ( 'NONE', *, *, #2452, .F. ) ;
#11011 = CARTESIAN_POINT ( 'NONE',  ( 22.37500000000000711, 2.500000000000000000, 14.00000000000000533 ) ) ;
#11012 = AXIS2_PLACEMENT_3D ( 'NONE', #2159, #11183, #1449 ) ;
#11013 = CARTESIAN_POINT ( 'NONE',  ( 126.0000000000015490, -3.500000000000000000, 35.99999999999688782 ) ) ;
#11014 = ORIENTED_EDGE ( 'NONE', *, *, #9467, .F. ) ;
#11015 = DIRECTION ( 'NONE',  ( -0.000000000000000000, 1.000000000000000000, -0.000000000000000000 ) ) ;
#11016 = ADVANCED_FACE ( 'NONE', ( #1225 ), #691, .T. ) ;
#11017 = ADVANCED_FACE ( 'NONE', ( #5156 ), #11488, .T. ) ;
#11018 = EDGE_LOOP ( 'NONE', ( #10210, #3815, #2954, #4475 ) ) ;
#11019 = CIRCLE ( 'NONE', #9510, 5.500000000000005329 ) ;
#11020 = EDGE_CURVE ( 'NONE', #7947, #189, #7838, .T. ) ;
#11021 = FACE_BOUND ( 'NONE', #4165, .T. ) ;
#11022 = VERTEX_POINT ( 'NONE', #10418 ) ;
#11023 = CARTESIAN_POINT ( 'NONE',  ( -28.87463609921741892, 2.500000000000000000, 24.99728287415670636 ) ) ;
#11024 = LINE ( 'NONE', #5959, #4582 ) ;
#11025 = CIRCLE ( 'NONE', #10087, 1.000000000000000888 ) ;
#11026 = DIRECTION ( 'NONE',  ( 0.000000000000000000, 1.000000000000000000, 0.000000000000000000 ) ) ;
#11027 = CARTESIAN_POINT ( 'NONE',  ( -26.37499999999999645, -3.500000000000000000, 7.000000000000006217 ) ) ;
#11028 = EDGE_LOOP ( 'NONE', ( #8458, #4610, #4977, #6657 ) ) ;
#11029 = EDGE_LOOP ( 'NONE', ( #7848, #7705, #10315, #1081 ) ) ;
#11030 = DIRECTION ( 'NONE',  ( -0.000000000000000000, -1.000000000000000000, -0.000000000000000000 ) ) ;
#11031 = DIRECTION ( 'NONE',  ( 1.000000000000000000, 0.000000000000000000, 0.000000000000000000 ) ) ;
#11032 = AXIS2_PLACEMENT_3D ( 'NONE', #11193, #5634, #11143 ) ;
#11033 = EDGE_CURVE ( 'NONE', #8000, #11414, #10908, .T. ) ;
#11034 = CARTESIAN_POINT ( 'NONE',  ( 127.5000000000002274, 2.500000000000000000, 10.50000000000195222 ) ) ;
#11035 = CARTESIAN_POINT ( 'NONE',  ( -31.00000000000000000, -3.500000000000000000, 56.99999999999999289 ) ) ;
#11036 = DIRECTION ( 'NONE',  ( -0.000000000000000000, -1.000000000000000000, -0.000000000000000000 ) ) ;
#11037 = AXIS2_PLACEMENT_3D ( 'NONE', #6533, #4021, #4131 ) ;
#11038 = VERTEX_POINT ( 'NONE', #8014 ) ;
#11039 = VECTOR ( 'NONE', #1340, 1000.000000000000000 ) ;
#11040 = DIRECTION ( 'NONE',  ( 0.000000000000000000, 0.000000000000000000, 1.000000000000000000 ) ) ;
#11041 = ORIENTED_EDGE ( 'NONE', *, *, #776, .F. ) ;
#11042 = DIRECTION ( 'NONE',  ( 0.000000000000000000, -1.000000000000000000, 0.000000000000000000 ) ) ;
#11043 = EDGE_CURVE ( 'NONE', #4505, #5466, #1693, .T. ) ;
#11044 = CARTESIAN_POINT ( 'NONE',  ( 39.50000000000052580, -3.500000000000000000, -55.99999999999945288 ) ) ;
#11045 = EDGE_CURVE ( 'NONE', #1520, #9794, #7896, .T. ) ;
#11046 = ORIENTED_EDGE ( 'NONE', *, *, #5057, .T. ) ;
#11047 = VECTOR ( 'NONE', #3063, 1000.000000000000000 ) ;
#11048 = CARTESIAN_POINT ( 'NONE',  ( 24.37500000000000355, -3.500000000000000000, -7.000000000000006217 ) ) ;
#11049 = ORIENTED_EDGE ( 'NONE', *, *, #2075, .F. ) ;
#11050 = CYLINDRICAL_SURFACE ( 'NONE', #11214, 2.000000000000002665 ) ;
#11051 = CARTESIAN_POINT ( 'NONE',  ( 39.50000000000052580, -3.500000000000000000, -57.24999999999945288 ) ) ;
#11052 = ORIENTED_EDGE ( 'NONE', *, *, #7387, .F. ) ;
#11053 = CARTESIAN_POINT ( 'NONE',  ( -24.37499999999999645, -3.500000000000000000, -12.00000000000000533 ) ) ;
#11054 = DIRECTION ( 'NONE',  ( 0.000000000000000000, 0.000000000000000000, 1.000000000000000000 ) ) ;
#11055 = FACE_OUTER_BOUND ( 'NONE', #2597, .T. ) ;
#11056 = ORIENTED_EDGE ( 'NONE', *, *, #2237, .T. ) ;
#11057 = ORIENTED_EDGE ( 'NONE', *, *, #9308, .T. ) ;
#11058 = DIRECTION ( 'NONE',  ( 0.000000000000000000, 0.000000000000000000, 1.000000000000000000 ) ) ;
#11059 = ADVANCED_FACE ( 'NONE', ( #7960 ), #7022, .T. ) ;
#11060 = ORIENTED_EDGE ( 'NONE', *, *, #7710, .T. ) ;
#11061 = ADVANCED_FACE ( 'NONE', ( #2445 ), #9663, .T. ) ;
#11062 = CARTESIAN_POINT ( 'NONE',  ( -27.37499999999999645, -3.500000000000000000, -13.79999999999997939 ) ) ;
#11063 = ORIENTED_EDGE ( 'NONE', *, *, #5922, .F. ) ;
#11064 = CARTESIAN_POINT ( 'NONE',  ( 93.80258886427044729, -3.500000000000000000, -30.75371285159477708 ) ) ;
#11065 = VERTEX_POINT ( 'NONE', #6088 ) ;
#11066 = EDGE_CURVE ( 'NONE', #7065, #7300, #6613, .T. ) ;
#11067 = DIRECTION ( 'NONE',  ( 0.000000000000000000, 1.000000000000000000, 0.000000000000000000 ) ) ;
#11068 = DIRECTION ( 'NONE',  ( 0.000000000000000000, 1.000000000000000000, 0.000000000000000000 ) ) ;
#11069 = VERTEX_POINT ( 'NONE', #10660 ) ;
#11070 = CARTESIAN_POINT ( 'NONE',  ( 128.3010588329270547, -3.500000000000000000, -30.63645376197341008 ) ) ;
#11071 = VECTOR ( 'NONE', #3661, 1000.000000000000000 ) ;
#11072 = EDGE_LOOP ( 'NONE', ( #201, #6418, #262, #8205 ) ) ;
#11073 = DIRECTION ( 'NONE',  ( 1.000000000000000000, 0.000000000000000000, 0.000000000000000000 ) ) ;
#11074 = UNCERTAINTY_MEASURE_WITH_UNIT (LENGTH_MEASURE( 1.000000000000000082E-05 ), #132, 'distance_accuracy_value', 'NONE');
#11075 = ORIENTED_EDGE ( 'NONE', *, *, #1400, .F. ) ;
#11076 = DIRECTION ( 'NONE',  ( 0.000000000000000000, 0.000000000000000000, -1.000000000000000000 ) ) ;
#11077 = FACE_OUTER_BOUND ( 'NONE', #2873, .T. ) ;
#11078 = AXIS2_PLACEMENT_3D ( 'NONE', #2271, #6023, #8724 ) ;
#11079 = ADVANCED_FACE ( 'NONE', ( #3336 ), #5963, .F. ) ;
#11080 = AXIS2_PLACEMENT_3D ( 'NONE', #9489, #1458, #4163 ) ;
#11081 = CARTESIAN_POINT ( 'NONE',  ( -24.37499999999999645, 2.500000000000000000, 5.000000000000003553 ) ) ;
#11082 = EDGE_CURVE ( 'NONE', #6886, #7734, #6603, .T. ) ;
#11083 = CARTESIAN_POINT ( 'NONE',  ( 39.50000000000052580, -3.500000000000000000, 55.99999999999945288 ) ) ;
#11084 = DIRECTION ( 'NONE',  ( 0.000000000000000000, 1.000000000000000000, 0.000000000000000000 ) ) ;
#11085 = VERTEX_POINT ( 'NONE', #8897 ) ;
#11086 = ORIENTED_EDGE ( 'NONE', *, *, #654, .F. ) ;
#11087 = LINE ( 'NONE', #6628, #3988 ) ;
#11088 = AXIS2_PLACEMENT_3D ( 'NONE', #9848, #4454, #8019 ) ;
#11089 = LINE ( 'NONE', #2173, #5649 ) ;
#11090 = CIRCLE ( 'NONE', #594, 1.499999999999997780 ) ;
#11091 = ADVANCED_FACE ( 'NONE', ( #8775 ), #10606, .F. ) ;
#11092 = CARTESIAN_POINT ( 'NONE',  ( -28.70982142857141994, 2.500000000000000000, 18.50000000000000711 ) ) ;
#11094 = EDGE_CURVE ( 'NONE', #3209, #2329, #8653, .T. ) ;
#11093 = ORIENTED_EDGE ( 'NONE', *, *, #392, .T. ) ;
#11095 = CARTESIAN_POINT ( 'NONE',  ( 24.37500000000000355, -3.500000000000000000, -3.000000000000000444 ) ) ;
#11096 = DIRECTION ( 'NONE',  ( 0.000000000000000000, 1.000000000000000000, 0.000000000000000000 ) ) ;
#11097 = ORIENTED_EDGE ( 'NONE', *, *, #1083, .T. ) ;
#11098 = AXIS2_PLACEMENT_3D ( 'NONE', #8213, #3770, #8927 ) ;
#11099 = CARTESIAN_POINT ( 'NONE',  ( -29.27397948556635754, -3.500000000000000000, 0.000000000000000000 ) ) ;
#11100 = ORIENTED_EDGE ( 'NONE', *, *, #9106, .T. ) ;
#11101 = DIRECTION ( 'NONE',  ( -0.000000000000000000, -1.000000000000000000, -0.000000000000000000 ) ) ;
#11102 = AXIS2_PLACEMENT_3D ( 'NONE', #9678, #6367, #4733 ) ;
#11103 = DIRECTION ( 'NONE',  ( -2.775557561562888827E-14, 0.000000000000000000, 1.000000000000000000 ) ) ;
#11104 = CIRCLE ( 'NONE', #7923, 5.250000000000004441 ) ;
#11105 = ORIENTED_EDGE ( 'NONE', *, *, #1841, .T. ) ;
#11106 = CARTESIAN_POINT ( 'NONE',  ( 127.9005420412504037, -3.500000000000000000, -59.66666666666666430 ) ) ;
#11107 = ORIENTED_EDGE ( 'NONE', *, *, #5040, .F. ) ;
#11108 = CIRCLE ( 'NONE', #10181, 1.000000000000000888 ) ;
#11109 = CIRCLE ( 'NONE', #6414, 6.000000000000001776 ) ;
#11110 = EDGE_CURVE ( 'NONE', #10172, #4894, #11104, .T. ) ;
#11111 = CARTESIAN_POINT ( 'NONE',  ( 82.51039864469777285, 2.500000000000000000, 60.00000000000000000 ) ) ;
#11112 = LINE ( 'NONE', #432, #736 ) ;
#11113 = ORIENTED_EDGE ( 'NONE', *, *, #7201, .T. ) ;
#11114 = VECTOR ( 'NONE', #7822, 1000.000000000000000 ) ;
#11115 = ADVANCED_FACE ( 'NONE', ( #814 ), #870, .F. ) ;
#11116 = CARTESIAN_POINT ( 'NONE',  ( -30.00000000000000355, 2.500000000000000000, -54.49999999999997868 ) ) ;
#11117 = CARTESIAN_POINT ( 'NONE',  ( 92.50000000000022737, -3.500000000000000000, 9.000000000001710632 ) ) ;
#11118 = FACE_OUTER_BOUND ( 'NONE', #10646, .T. ) ;
#11119 = ORIENTED_EDGE ( 'NONE', *, *, #5333, .F. ) ;
#11120 = ORIENTED_EDGE ( 'NONE', *, *, #4508, .F. ) ;
#11121 = AXIS2_PLACEMENT_3D ( 'NONE', #5181, #718, #8742 ) ;
#11122 = CARTESIAN_POINT ( 'NONE',  ( 128.3010588329270547, -3.500000000000000000, 30.63645376197341008 ) ) ;
#11123 = ORIENTED_EDGE ( 'NONE', *, *, #8966, .F. ) ;
#11124 = AXIS2_PLACEMENT_3D ( 'NONE', #2611, #11469, #7823 ) ;
#11125 = LINE ( 'NONE', #8356, #331 ) ;
#11126 = EDGE_LOOP ( 'NONE', ( #7647, #4014 ) ) ;
#11127 = LINE ( 'NONE', #3097, #6307 ) ;
#11128 = ORIENTED_EDGE ( 'NONE', *, *, #6494, .F. ) ;
#11129 = CIRCLE ( 'NONE', #2521, 2.000000000000003109 ) ;
#11130 = ADVANCED_FACE ( 'NONE', ( #11360 ), #6362, .F. ) ;
#11131 = CIRCLE ( 'NONE', #8877, 1.000000000000000888 ) ;
#11132 = CARTESIAN_POINT ( 'NONE',  ( 56.74999999999997868, -3.500000000000000000, 25.60000000009224053 ) ) ;
#11133 = DIRECTION ( 'NONE',  ( 0.000000000000000000, -1.000000000000000000, 0.000000000000000000 ) ) ;
#11134 = EDGE_LOOP ( 'NONE', ( #8984, #4918, #9743, #7990 ) ) ;
#11135 = DIRECTION ( 'NONE',  ( -0.000000000000000000, 1.000000000000000000, -0.000000000000000000 ) ) ;
#11136 = CIRCLE ( 'NONE', #3273, 5.250000000000004441 ) ;
#11137 = VERTEX_POINT ( 'NONE', #10712 ) ;
#11138 = DIRECTION ( 'NONE',  ( -0.000000000000000000, 0.000000000000000000, 1.000000000000000000 ) ) ;
#11139 = VERTEX_POINT ( 'NONE', #9841 ) ;
#11140 = CARTESIAN_POINT ( 'NONE',  ( 78.12972322633680733, -3.500000000000000000, -38.94330427634487535 ) ) ;
#11141 = CARTESIAN_POINT ( 'NONE',  ( 126.2337187026645893, -3.500000000000000000, -57.99999999999998579 ) ) ;
#11142 = AXIS2_PLACEMENT_3D ( 'NONE', #9025, #5573, #5521 ) ;
#11143 = DIRECTION ( 'NONE',  ( 0.000000000000000000, 0.000000000000000000, 1.000000000000000000 ) ) ;
#11144 = CARTESIAN_POINT ( 'NONE',  ( -26.37499999999999645, -3.500000000000000000, -11.32455532033676704 ) ) ;
#11145 = ORIENTED_EDGE ( 'NONE', *, *, #5405, .T. ) ;
#11146 = ORIENTED_EDGE ( 'NONE', *, *, #10975, .T. ) ;
#11147 = CARTESIAN_POINT ( 'NONE',  ( 92.50000000000022737, -3.500000000000000000, 7.500000000001714184 ) ) ;
#11148 = ADVANCED_FACE ( 'NONE', ( #3735 ), #4671, .T. ) ;
#11149 = LINE ( 'NONE', #1349, #1155 ) ;
#11150 = ADVANCED_FACE ( 'NONE', ( #3625 ), #2680, .F. ) ;
#11151 = DIRECTION ( 'NONE',  ( 0.000000000000000000, 1.000000000000000000, 0.000000000000000000 ) ) ;
#11152 = VERTEX_POINT ( 'NONE', #10824 ) ;
#11153 = DIRECTION ( 'NONE',  ( 0.000000000000000000, 0.000000000000000000, -1.000000000000000000 ) ) ;
#11154 = PLANE ( 'NONE',  #7909 ) ;
#11155 = VERTEX_POINT ( 'NONE', #8232 ) ;
#11156 = DIRECTION ( 'NONE',  ( -0.000000000000000000, -1.000000000000000000, -0.000000000000000000 ) ) ;
#11157 = ORIENTED_EDGE ( 'NONE', *, *, #6848, .F. ) ;
#11158 = DIRECTION ( 'NONE',  ( 1.000000000000000000, 0.000000000000000000, 0.000000000000000000 ) ) ;
#11159 = CARTESIAN_POINT ( 'NONE',  ( 84.98292804986539295, -3.500000000000000000, -58.99999999999999289 ) ) ;
#11160 = EDGE_CURVE ( 'NONE', #8887, #6160, #4555, .T. ) ;
#11161 = ORIENTED_EDGE ( 'NONE', *, *, #215, .T. ) ;
#11162 = CYLINDRICAL_SURFACE ( 'NONE', #9230, 1.000000000000000888 ) ;
#11163 = ORIENTED_EDGE ( 'NONE', *, *, #9110, .T. ) ;
#11164 = CARTESIAN_POINT ( 'NONE',  ( 126.0000000000015490, -3.500000000000000000, 34.74999999999688072 ) ) ;
#11165 = CARTESIAN_POINT ( 'NONE',  ( -22.37500000000000000, -3.500000000000000000, -7.000000000000006217 ) ) ;
#11166 = ORIENTED_EDGE ( 'NONE', *, *, #2334, .F. ) ;
#11167 = DIRECTION ( 'NONE',  ( 0.000000000000000000, -1.000000000000000000, 0.000000000000000000 ) ) ;
#11168 = CARTESIAN_POINT ( 'NONE',  ( 129.1770649696990461, 2.500000000000000000, -14.86834330006620419 ) ) ;
#11169 = CARTESIAN_POINT ( 'NONE',  ( -26.37499999999999645, 2.500000000000000000, -7.000000000000006217 ) ) ;
#11170 = ORIENTED_EDGE ( 'NONE', *, *, #8359, .F. ) ;
#11171 = ORIENTED_EDGE ( 'NONE', *, *, #7995, .T. ) ;
#11172 = DIRECTION ( 'NONE',  ( 0.000000000000000000, 0.000000000000000000, 1.000000000000000000 ) ) ;
#11173 = ORIENTED_EDGE ( 'NONE', *, *, #7954, .F. ) ;
#11174 = ADVANCED_FACE ( 'NONE', ( #978 ), #1804, .F. ) ;
#11175 = VECTOR ( 'NONE', #1320, 1000.000000000000000 ) ;
#11176 = CARTESIAN_POINT ( 'NONE',  ( 127.5000000000002274, 2.500000000000000000, 9.000000000001953993 ) ) ;
#11177 = ORIENTED_EDGE ( 'NONE', *, *, #5233, .F. ) ;
#11178 = CARTESIAN_POINT ( 'NONE',  ( 127.5000000000002274, -3.500000000000000000, -9.000000000001953993 ) ) ;
#11179 = ORIENTED_EDGE ( 'NONE', *, *, #8890, .F. ) ;
#11180 = DIRECTION ( 'NONE',  ( 0.000000000000000000, 1.000000000000000000, 0.000000000000000000 ) ) ;
#11181 = CARTESIAN_POINT ( 'NONE',  ( 56.74999999999997868, -3.500000000000000000, -27.10000000009224408 ) ) ;
#11182 = ORIENTED_EDGE ( 'NONE', *, *, #4247, .T. ) ;
#11183 = DIRECTION ( 'NONE',  ( 0.000000000000000000, 0.000000000000000000, 1.000000000000000000 ) ) ;
#11184 = CIRCLE ( 'NONE', #4275, 5.499999999999998224 ) ;
#11185 = ORIENTED_EDGE ( 'NONE', *, *, #5485, .F. ) ;
#11186 = VECTOR ( 'NONE', #3971, 1000.000000000000000 ) ;
#11187 = EDGE_CURVE ( 'NONE', #6497, #2031, #8948, .T. ) ;
#11188 = LINE ( 'NONE', #2336, #7899 ) ;
#11189 = ADVANCED_FACE ( 'NONE', ( #4614 ), #7296, .T. ) ;
#11190 = DIRECTION ( 'NONE',  ( -0.000000000000000000, -1.000000000000000000, -0.000000000000000000 ) ) ;
#11191 = CARTESIAN_POINT ( 'NONE',  ( 87.57546621952566568, -3.500000000000000000, -23.74367658590766439 ) ) ;
#11192 = VERTEX_POINT ( 'NONE', #7190 ) ;
#11193 = CARTESIAN_POINT ( 'NONE',  ( 132.0000000000000000, -3.500000000000000000, -56.00000000000000711 ) ) ;
#11194 = CARTESIAN_POINT ( 'NONE',  ( 26.37500000000000355, 2.500000000000000000, 11.18581490044991256 ) ) ;
#11195 = VERTEX_POINT ( 'NONE', #2026 ) ;
#11196 = CARTESIAN_POINT ( 'NONE',  ( 79.50000000000051159, -3.500000000000000000, 55.99999999999916866 ) ) ;
#11197 = ORIENTED_EDGE ( 'NONE', *, *, #566, .F. ) ;
#11198 = DIRECTION ( 'NONE',  ( 0.000000000000000000, 1.000000000000000000, 0.000000000000000000 ) ) ;
#11199 = VECTOR ( 'NONE', #8350, 1000.000000000000000 ) ;
#11200 = CARTESIAN_POINT ( 'NONE',  ( 80.99728228756691806, 2.500000000000000000, -35.75000000000000000 ) ) ;
#11201 = AXIS2_PLACEMENT_3D ( 'NONE', #1160, #9902, #4622 ) ;
#11202 = CARTESIAN_POINT ( 'NONE',  ( -27.55385631544756819, -3.500000000000000000, -15.13546048867516625 ) ) ;
#11203 = VERTEX_POINT ( 'NONE', #6477 ) ;
#11204 = DIRECTION ( 'NONE',  ( 0.000000000000000000, 1.000000000000000000, 0.000000000000000000 ) ) ;
#11205 = DIRECTION ( 'NONE',  ( 0.000000000000000000, -1.000000000000000000, 0.000000000000000000 ) ) ;
#11206 = EDGE_LOOP ( 'NONE', ( #9330, #9040, #746, #8168, #2640, #10955 ) ) ;
#11207 = EDGE_CURVE ( 'NONE', #9168, #398, #9984, .T. ) ;
#11208 = CARTESIAN_POINT ( 'NONE',  ( -26.56270587296968699, -3.500000000000000000, -15.26820385150702641 ) ) ;
#11209 = ORIENTED_EDGE ( 'NONE', *, *, #5882, .T. ) ;
#11210 = DIRECTION ( 'NONE',  ( 0.000000000000000000, 1.000000000000000000, 0.000000000000000000 ) ) ;
#11211 = FACE_OUTER_BOUND ( 'NONE', #8791, .T. ) ;
#11212 = EDGE_LOOP ( 'NONE', ( #7621, #4010, #9280, #7831 ) ) ;
#11213 = CARTESIAN_POINT ( 'NONE',  ( -22.62499999999999645, -3.500000000000000000, -16.00000000000000711 ) ) ;
#11214 = AXIS2_PLACEMENT_3D ( 'NONE', #7583, #7693, #8518 ) ;
#11215 = CARTESIAN_POINT ( 'NONE',  ( 74.89434043811361619, 2.500000000000000000, 53.47999999999920107 ) ) ;
#11216 = VERTEX_POINT ( 'NONE', #10876 ) ;
#11217 = EDGE_CURVE ( 'NONE', #3793, #8091, #1149, .T. ) ;
#11218 = AXIS2_PLACEMENT_3D ( 'NONE', #2473, #2414, #5988 ) ;
#11219 = DIRECTION ( 'NONE',  ( 0.000000000000000000, 1.000000000000000000, 0.000000000000000000 ) ) ;
#11220 = CARTESIAN_POINT ( 'NONE',  ( -34.00000000000000000, -3.500000000000000000, 56.99999999999999289 ) ) ;
#11221 = ORIENTED_EDGE ( 'NONE', *, *, #1891, .F. ) ;
#11222 = EDGE_CURVE ( 'NONE', #4512, #9346, #8123, .T. ) ;
#11223 = DIRECTION ( 'NONE',  ( 0.000000000000000000, 0.000000000000000000, 1.000000000000000000 ) ) ;
#11224 = LINE ( 'NONE', #3198, #1768 ) ;
#11225 = CARTESIAN_POINT ( 'NONE',  ( 126.0000000000015490, -3.500000000000000000, 35.99999999999688782 ) ) ;
#11226 = DIRECTION ( 'NONE',  ( 0.000000000000000000, 0.000000000000000000, 1.000000000000000000 ) ) ;
#11227 = ORIENTED_EDGE ( 'NONE', *, *, #3469, .F. ) ;
#11228 = ORIENTED_EDGE ( 'NONE', *, *, #2256, .T. ) ;
#11229 = DIRECTION ( 'NONE',  ( 0.000000000000000000, 1.000000000000000000, 0.000000000000000000 ) ) ;
#11230 = VECTOR ( 'NONE', #8440, 1000.000000000000114 ) ;
#11231 = ORIENTED_EDGE ( 'NONE', *, *, #6432, .F. ) ;
#11232 = DIRECTION ( 'NONE',  ( 0.000000000000000000, 1.000000000000000000, 0.000000000000000000 ) ) ;
#11233 = ORIENTED_EDGE ( 'NONE', *, *, #4185, .F. ) ;
#11234 = CARTESIAN_POINT ( 'NONE',  ( -24.37499999999999645, 2.500000000000000000, -5.000000000000003553 ) ) ;
#11235 = ORIENTED_EDGE ( 'NONE', *, *, #3773, .T. ) ;
#11236 = CARTESIAN_POINT ( 'NONE',  ( 82.75064805719480887, 2.500000000000000000, 32.46794823927666584 ) ) ;
#11237 = CARTESIAN_POINT ( 'NONE',  ( 125.2188800135601525, 2.500000000000000000, -14.00464700128622297 ) ) ;
#11238 = CARTESIAN_POINT ( 'NONE',  ( 39.50000000000052580, -3.500000000000000000, -55.99999999999945288 ) ) ;
#11239 = EDGE_CURVE ( 'NONE', #3753, #5944, #99, .T. ) ;
#11240 = ORIENTED_EDGE ( 'NONE', *, *, #10653, .F. ) ;
#11241 = CARTESIAN_POINT ( 'NONE',  ( 39.50000000000052580, 2.500000000000000000, 55.99999999999945288 ) ) ;
#11242 = CARTESIAN_POINT ( 'NONE',  ( 45.46762553391260298, -3.500000000000000000, -31.75017591079638990 ) ) ;
#11243 = LINE ( 'NONE', #9485, #7447 ) ;
#11244 = ORIENTED_EDGE ( 'NONE', *, *, #11607, .F. ) ;
#11245 = EDGE_CURVE ( 'NONE', #6446, #3583, #9234, .T. ) ;
#11246 = CARTESIAN_POINT ( 'NONE',  ( 2.000000000000007105, 2.500000000000000000, 52.00000000000000000 ) ) ;
#11247 = DIRECTION ( 'NONE',  ( 0.000000000000000000, 1.000000000000000000, 0.000000000000000000 ) ) ;
#11248 = AXIS2_PLACEMENT_3D ( 'NONE', #8312, #9135, #940 ) ;
#11249 = ORIENTED_EDGE ( 'NONE', *, *, #1550, .T. ) ;
#11250 = DIRECTION ( 'NONE',  ( 0.000000000000000000, 1.000000000000000000, 0.000000000000000000 ) ) ;
#11251 = ADVANCED_FACE ( 'NONE', ( #6309 ), #10944, .F. ) ;
#11252 = ORIENTED_EDGE ( 'NONE', *, *, #10055, .T. ) ;
#11253 = FACE_OUTER_BOUND ( 'NONE', #8307, .T. ) ;
#11254 = CARTESIAN_POINT ( 'NONE',  ( 21.49999999999999645, 2.500000000000000000, -10.26634360823522663 ) ) ;
#11255 = CIRCLE ( 'NONE', #2454, 5.500000000000005329 ) ;
#11256 = CIRCLE ( 'NONE', #1156, 5.250000000000004441 ) ;
#11257 = CARTESIAN_POINT ( 'NONE',  ( 128.6121276115077592, -3.500000000000000000, -51.66729637763075544 ) ) ;
#11258 = VERTEX_POINT ( 'NONE', #9062 ) ;
#11259 = CARTESIAN_POINT ( 'NONE',  ( 22.37500000000000711, 2.500000000000000000, 10.65685424949238858 ) ) ;
#11260 = LINE ( 'NONE', #10501, #1572 ) ;
#11261 = ORIENTED_EDGE ( 'NONE', *, *, #445, .F. ) ;
#11262 = VECTOR ( 'NONE', #2703, 1000.000000000000000 ) ;
#11263 = EDGE_CURVE ( 'NONE', #5165, #6851, #4187, .T. ) ;
#11264 = LINE ( 'NONE', #3184, #5956 ) ;
#11265 = ORIENTED_EDGE ( 'NONE', *, *, #1479, .F. ) ;
#11266 = VECTOR ( 'NONE', #4272, 1000.000000000000000 ) ;
#11267 = DIRECTION ( 'NONE',  ( -0.000000000000000000, 0.000000000000000000, 1.000000000000000000 ) ) ;
#11268 = EDGE_CURVE ( 'NONE', #5119, #4281, #7240, .T. ) ;
#11269 = DIRECTION ( 'NONE',  ( 0.000000000000000000, 1.000000000000000000, 0.000000000000000000 ) ) ;
#11270 = ORIENTED_EDGE ( 'NONE', *, *, #9752, .F. ) ;
#11271 = VECTOR ( 'NONE', #5138, 1000.000000000000000 ) ;
#11272 = DIRECTION ( 'NONE',  ( 0.000000000000000000, 1.000000000000000000, 0.000000000000000000 ) ) ;
#11273 = AXIS2_PLACEMENT_3D ( 'NONE', #8162, #5368, #2612 ) ;
#11274 = LINE ( 'NONE', #1612, #3249 ) ;
#11275 = ORIENTED_EDGE ( 'NONE', *, *, #2641, .F. ) ;
#11276 = AXIS2_PLACEMENT_3D ( 'NONE', #8333, #10325, #6745 ) ;
#11277 = CARTESIAN_POINT ( 'NONE',  ( 129.4911603522845667, 2.500000000000000000, -40.67699683500193686 ) ) ;
#11278 = LINE ( 'NONE', #7466, #3911 ) ;
#11279 = ORIENTED_EDGE ( 'NONE', *, *, #3922, .T. ) ;
#11280 = FACE_OUTER_BOUND ( 'NONE', #4321, .T. ) ;
#11281 = DIRECTION ( 'NONE',  ( 0.000000000000000000, 1.000000000000000000, 0.000000000000000000 ) ) ;
#11282 = DIRECTION ( 'NONE',  ( 0.000000000000000000, 1.000000000000000000, 0.000000000000000000 ) ) ;
#11283 = CARTESIAN_POINT ( 'NONE',  ( 129.7639060424576769, -3.500000000000000000, 14.01245742435226660 ) ) ;
#11284 = AXIS2_PLACEMENT_3D ( 'NONE', #11132, #11067, #1277 ) ;
#11285 = VERTEX_POINT ( 'NONE', #2081 ) ;
#11286 = VERTEX_POINT ( 'NONE', #4845 ) ;
#11287 = CARTESIAN_POINT ( 'NONE',  ( 61.17303757665695940, -3.500000000000000000, 30.36305979348978923 ) ) ;
#11288 = EDGE_CURVE ( 'NONE', #3507, #10259, #10546, .T. ) ;
#11289 = ORIENTED_EDGE ( 'NONE', *, *, #9767, .F. ) ;
#11290 = VECTOR ( 'NONE', #2532, 1000.000000000000000 ) ;
#11291 = AXIS2_PLACEMENT_3D ( 'NONE', #1670, #11527, #6872 ) ;
#11292 = EDGE_CURVE ( 'NONE', #8992, #1622, #6419, .T. ) ;
#11293 = DIRECTION ( 'NONE',  ( -0.6094479425782468596, 0.000000000000000000, 0.7928260876681229030 ) ) ;
#11294 = ORIENTED_EDGE ( 'NONE', *, *, #6243, .T. ) ;
#11295 = AXIS2_PLACEMENT_3D ( 'NONE', #10478, #6197, #9777 ) ;
#11296 = LINE ( 'NONE', #4696, #444 ) ;
#11297 = CARTESIAN_POINT ( 'NONE',  ( 67.50000000000052580, 2.500000000000000000, 60.00000000000000000 ) ) ;
#11298 = VERTEX_POINT ( 'NONE', #3139 ) ;
#11299 = CARTESIAN_POINT ( 'NONE',  ( 136.0000000000000000, -3.500000000000000000, 56.99999999999999289 ) ) ;
#11300 = CARTESIAN_POINT ( 'NONE',  ( 75.54886228667969306, -3.500000000000000000, -35.00147820589290859 ) ) ;
#11301 = AXIS2_PLACEMENT_3D ( 'NONE', #9917, #64, #6 ) ;
#11302 = CIRCLE ( 'NONE', #2692, 5.499999999999998224 ) ;
#11303 = FACE_BOUND ( 'NONE', #5782, .T. ) ;
#11304 = CIRCLE ( 'NONE', #7364, 1.000000000000000888 ) ;
#11305 = AXIS2_PLACEMENT_3D ( 'NONE', #9447, #655, #8556 ) ;
#11306 = ORIENTED_EDGE ( 'NONE', *, *, #2651, .F. ) ;
#11307 = VECTOR ( 'NONE', #8989, 1000.000000000000000 ) ;
#11308 = AXIS2_PLACEMENT_3D ( 'NONE', #1677, #6003, #10522 ) ;
#11309 = ADVANCED_FACE ( 'NONE', ( #274 ), #2194, .F. ) ;
#11310 = DIRECTION ( 'NONE',  ( -0.000000000000000000, -1.000000000000000000, -0.000000000000000000 ) ) ;
#11311 = EDGE_CURVE ( 'NONE', #4746, #4578, #9235, .T. ) ;
#11312 = LINE ( 'NONE', #348, #3100 ) ;
#11313 = CARTESIAN_POINT ( 'NONE',  ( -28.70982142857141994, 2.500000000000000000, 20.00000000000000711 ) ) ;
#11314 = AXIS2_PLACEMENT_3D ( 'NONE', #3130, #2957, #3949 ) ;
#11315 = AXIS2_PLACEMENT_3D ( 'NONE', #3237, #586, #3300 ) ;
#11316 = VERTEX_POINT ( 'NONE', #6708 ) ;
#11317 = CIRCLE ( 'NONE', #644, 1.500000000000001332 ) ;
#11318 = CARTESIAN_POINT ( 'NONE',  ( 88.27166405808897309, -3.500000000000000000, 20.18771224122676244 ) ) ;
#11319 = CARTESIAN_POINT ( 'NONE',  ( -22.37500000000000000, 2.500000000000000000, 12.00000000000000533 ) ) ;
#11320 = ORIENTED_EDGE ( 'NONE', *, *, #9340, .T. ) ;
#11321 = CYLINDRICAL_SURFACE ( 'NONE', #7137, 5.249999999999997335 ) ;
#11322 = VERTEX_POINT ( 'NONE', #1430 ) ;
#11323 = CYLINDRICAL_SURFACE ( 'NONE', #6790, 5.499999999999998224 ) ;
#11324 = LINE ( 'NONE', #5864, #5089 ) ;
#11325 = AXIS2_PLACEMENT_3D ( 'NONE', #1813, #5392, #2744 ) ;
#11326 = EDGE_CURVE ( 'NONE', #5241, #4517, #1375, .T. ) ;
#11327 = ADVANCED_FACE ( 'NONE', ( #4960 ), #9350, .T. ) ;
#11328 = DIRECTION ( 'NONE',  ( 0.000000000000000000, -1.000000000000000000, 0.000000000000000000 ) ) ;
#11329 = VERTEX_POINT ( 'NONE', #11116 ) ;
#11330 = DIRECTION ( 'NONE',  ( 0.000000000000000000, 1.000000000000000000, 0.000000000000000000 ) ) ;
#11331 = DIRECTION ( 'NONE',  ( 0.000000000000000000, 1.000000000000000000, 0.000000000000000000 ) ) ;
#11332 = ORIENTED_EDGE ( 'NONE', *, *, #2755, .F. ) ;
#11333 = AXIS2_PLACEMENT_3D ( 'NONE', #3220, #9314, #10370 ) ;
#11334 = PLANE ( 'NONE',  #11218 ) ;
#11335 = EDGE_LOOP ( 'NONE', ( #6247, #8613, #1945, #2556 ) ) ;
#11336 = DIRECTION ( 'NONE',  ( 0.000000000000000000, 0.000000000000000000, 1.000000000000000000 ) ) ;
#11337 = DIRECTION ( 'NONE',  ( -0.000000000000000000, -1.000000000000000000, -0.000000000000000000 ) ) ;
#11338 = EDGE_CURVE ( 'NONE', #2171, #4852, #380, .T. ) ;
#11339 = ORIENTED_EDGE ( 'NONE', *, *, #4915, .F. ) ;
#11340 = EDGE_CURVE ( 'NONE', #6862, #9120, #322, .T. ) ;
#11341 = LINE ( 'NONE', #10336, #6830 ) ;
#11342 = DIRECTION ( 'NONE',  ( 0.000000000000000000, -1.000000000000000000, 0.000000000000000000 ) ) ;
#11343 = VERTEX_POINT ( 'NONE', #3902 ) ;
#11344 = DIRECTION ( 'NONE',  ( 0.000000000000000000, 1.000000000000000000, 0.000000000000000000 ) ) ;
#11345 = CARTESIAN_POINT ( 'NONE',  ( 133.0293885607873676, -3.500000000000000000, 50.59718969508274711 ) ) ;
#11346 = EDGE_LOOP ( 'NONE', ( #3926, #10526, #5263, #7796 ) ) ;
#11347 = CARTESIAN_POINT ( 'NONE',  ( 74.55824046833656382, -3.500000000000000000, -35.13811060696434652 ) ) ;
#11348 = CARTESIAN_POINT ( 'NONE',  ( 45.46762553391260298, 2.500000000000000000, -31.75017591079638990 ) ) ;
#11349 = LINE ( 'NONE', #8762, #3603 ) ;
#11350 = CARTESIAN_POINT ( 'NONE',  ( 51.46907917169167490, -3.500000000000000000, -27.13683935576333894 ) ) ;
#11351 = EDGE_LOOP ( 'NONE', ( #10377, #9481 ) ) ;
#11352 = VERTEX_POINT ( 'NONE', #5890 ) ;
#11353 = FACE_OUTER_BOUND ( 'NONE', #497, .T. ) ;
#11354 = ORIENTED_EDGE ( 'NONE', *, *, #6986, .T. ) ;
#11355 = LINE ( 'NONE', #8645, #11006 ) ;
#11356 = VERTEX_POINT ( 'NONE', #9464 ) ;
#11357 = CARTESIAN_POINT ( 'NONE',  ( 91.50093993615007548, -3.500000000000000000, 24.51221812680892498 ) ) ;
#11358 = CARTESIAN_POINT ( 'NONE',  ( 36.48960135530299453, 2.500000000000000000, -60.00000000000000000 ) ) ;
#11359 = ORIENTED_EDGE ( 'NONE', *, *, #4274, .F. ) ;
#11360 = FACE_OUTER_BOUND ( 'NONE', #11072, .T. ) ;
#11361 = FACE_OUTER_BOUND ( 'NONE', #9874, .T. ) ;
#11362 = FACE_BOUND ( 'NONE', #4599, .T. ) ;
#11363 = EDGE_CURVE ( 'NONE', #2073, #4512, #1364, .T. ) ;
#11364 = EDGE_LOOP ( 'NONE', ( #5085, #8546 ) ) ;
#11365 = CARTESIAN_POINT ( 'NONE',  ( 21.49999999999999289, 2.500000000000000000, 10.26634360823522485 ) ) ;
#11366 = VECTOR ( 'NONE', #8718, 1000.000000000000114 ) ;
#11367 = DIRECTION ( 'NONE',  ( -1.000000000000000000, 0.000000000000000000, 0.000000000000000000 ) ) ;
#11368 = CARTESIAN_POINT ( 'NONE',  ( 128.6121276115077592, 2.500000000000000000, -51.66729637763075544 ) ) ;
#11369 = ORIENTED_EDGE ( 'NONE', *, *, #11239, .F. ) ;
#11370 = EDGE_CURVE ( 'NONE', #9353, #10098, #10996, .T. ) ;
#11371 = EDGE_CURVE ( 'NONE', #9124, #6756, #5664, .T. ) ;
#11372 = CYLINDRICAL_SURFACE ( 'NONE', #6396, 1.499999999999994449 ) ;
#11373 = AXIS2_PLACEMENT_3D ( 'NONE', #2557, #6944, #3266 ) ;
#11374 = CARTESIAN_POINT ( 'NONE',  ( 124.2723375339472227, -3.500000000000000000, -31.04241163433085759 ) ) ;
#11375 = CARTESIAN_POINT ( 'NONE',  ( 2.000000000000007994, 2.500000000000000000, -52.00000000000000000 ) ) ;
#11376 = VERTEX_POINT ( 'NONE', #3085 ) ;
#11377 = DIRECTION ( 'NONE',  ( 0.000000000000000000, 1.000000000000000000, 0.000000000000000000 ) ) ;
#11378 = VECTOR ( 'NONE', #2035, 1000.000000000000000 ) ;
#11379 = ADVANCED_FACE ( 'NONE', ( #7468 ), #5776, .F. ) ;
#11380 = VERTEX_POINT ( 'NONE', #4792 ) ;
#11381 = CARTESIAN_POINT ( 'NONE',  ( -28.87463609921741892, 2.500000000000000000, 24.99728287415670636 ) ) ;
#11382 = CARTESIAN_POINT ( 'NONE',  ( 81.82864925813825607, -3.500000000000000000, -51.29469526676726332 ) ) ;
#11383 = VECTOR ( 'NONE', #2069, 1000.000000000000000 ) ;
#11384 = VECTOR ( 'NONE', #3618, 1000.000000000000000 ) ;
#11385 = LINE ( 'NONE', #715, #6990 ) ;
#11386 = ORIENTED_EDGE ( 'NONE', *, *, #91, .T. ) ;
#11387 = CARTESIAN_POINT ( 'NONE',  ( 127.5000000000002274, -3.500000000000000000, 9.000000000001953993 ) ) ;
#11388 = CARTESIAN_POINT ( 'NONE',  ( 128.0662582309404627, 2.500000000000000000, -34.86286459773508284 ) ) ;
#11389 = ORIENTED_EDGE ( 'NONE', *, *, #9548, .T. ) ;
#11390 = CARTESIAN_POINT ( 'NONE',  ( 40.87635952806320461, 2.500000000000000000, -31.26720385364662746 ) ) ;
#11391 = AXIS2_PLACEMENT_3D ( 'NONE', #2739, #9064, #2795 ) ;
#11392 = ORIENTED_EDGE ( 'NONE', *, *, #951, .T. ) ;
#11393 = DIRECTION ( 'NONE',  ( 0.000000000000000000, 0.000000000000000000, 1.000000000000000000 ) ) ;
#11394 = ADVANCED_FACE ( 'NONE', ( #490 ), #8348, .T. ) ;
#11395 = CARTESIAN_POINT ( 'NONE',  ( 2.000000000000007994, -3.500000000000000000, -53.50000000000000000 ) ) ;
#11396 = CIRCLE ( 'NONE', #7639, 5.500000000000005329 ) ;
#11397 = VERTEX_POINT ( 'NONE', #2250 ) ;
#11398 = DIRECTION ( 'NONE',  ( 1.000000000000000000, 0.000000000000000000, 0.000000000000000000 ) ) ;
#11399 = FACE_OUTER_BOUND ( 'NONE', #10827, .T. ) ;
#11400 = VERTEX_POINT ( 'NONE', #7586 ) ;
#11401 = CARTESIAN_POINT ( 'NONE',  ( -28.50000000000001421, 2.500000000000000000, -53.99999999999996447 ) ) ;
#11402 = CARTESIAN_POINT ( 'NONE',  ( 39.50000000000052580, 2.500000000000000000, -57.24999999999945288 ) ) ;
#11403 = CIRCLE ( 'NONE', #8033, 5.500000000000005329 ) ;
#11404 = ORIENTED_EDGE ( 'NONE', *, *, #2117, .T. ) ;
#11405 = AXIS2_PLACEMENT_3D ( 'NONE', #319, #5720, #2312 ) ;
#11406 = LINE ( 'NONE', #5136, #8485 ) ;
#11407 = FACE_OUTER_BOUND ( 'NONE', #5700, .T. ) ;
#11408 = CARTESIAN_POINT ( 'NONE',  ( 56.74999999999997868, -3.500000000000000000, -24.10000000009224763 ) ) ;
#11409 = ADVANCED_FACE ( 'NONE', ( #9292 ), #5829, .F. ) ;
#11410 = EDGE_LOOP ( 'NONE', ( #214, #5269, #3718, #710 ) ) ;
#11411 = CARTESIAN_POINT ( 'NONE',  ( -28.70982142857141994, 2.500000000000000000, 18.50000000000000711 ) ) ;
#11412 = ADVANCED_FACE ( 'NONE', ( #2553 ), #3500, .T. ) ;
#11413 = ORIENTED_EDGE ( 'NONE', *, *, #6301, .T. ) ;
#11414 = VERTEX_POINT ( 'NONE', #6940 ) ;
#11415 = CARTESIAN_POINT ( 'NONE',  ( 92.50000000000022737, -3.500000000000000000, 9.000000000001710632 ) ) ;
#11416 = VERTEX_POINT ( 'NONE', #1617 ) ;
#11417 = CIRCLE ( 'NONE', #6721, 1.499999999999994449 ) ;
#11418 = DIRECTION ( 'NONE',  ( 0.000000000000000000, 1.000000000000000000, 0.000000000000000000 ) ) ;
#11419 = ORIENTED_EDGE ( 'NONE', *, *, #7383, .F. ) ;
#11420 = CARTESIAN_POINT ( 'NONE',  ( 76.84367829654500781, 2.500000000000000000, 30.64478518174480115 ) ) ;
#11421 = CARTESIAN_POINT ( 'NONE',  ( 38.86226143540571343, 2.500000000000000000, -50.78887828550951156 ) ) ;
#11422 = AXIS2_PLACEMENT_3D ( 'NONE', #2077, #5437, #2911 ) ;
#11423 = ORIENTED_EDGE ( 'NONE', *, *, #10295, .T. ) ;
#11424 = DIRECTION ( 'NONE',  ( 0.000000000000000000, 1.000000000000000000, 0.000000000000000000 ) ) ;
#11425 = LINE ( 'NONE', #2510, #10530 ) ;
#11426 = CARTESIAN_POINT ( 'NONE',  ( 40.75000000000051870, -3.500000000000000000, 53.99999999999944578 ) ) ;
#11427 = EDGE_CURVE ( 'NONE', #6642, #6714, #3051, .T. ) ;
#11428 = ORIENTED_EDGE ( 'NONE', *, *, #3326, .F. ) ;
#11429 = EDGE_CURVE ( 'NONE', #11586, #10850, #7878, .T. ) ;
#11430 = CARTESIAN_POINT ( 'NONE',  ( 91.69240685003698843, -3.500000000000000000, 26.13352486258014906 ) ) ;
#11431 = AXIS2_PLACEMENT_3D ( 'NONE', #10444, #11330, #10627 ) ;
#11432 = CARTESIAN_POINT ( 'NONE',  ( -31.00000000000000000, 2.500000000000000000, 56.99999999999999289 ) ) ;
#11433 = CARTESIAN_POINT ( 'NONE',  ( -26.64589803375033128, -3.500000000000000000, 59.00000000000000000 ) ) ;
#11434 = EDGE_CURVE ( 'NONE', #9238, #4512, #794, .T. ) ;
#11435 = ORIENTED_EDGE ( 'NONE', *, *, #3099, .F. ) ;
#11436 = FACE_OUTER_BOUND ( 'NONE', #5385, .T. ) ;
#11437 = DIRECTION ( 'NONE',  ( 0.000000000000000000, 1.000000000000000000, 0.000000000000000000 ) ) ;
#11438 = LINE ( 'NONE', #7669, #7738 ) ;
#11439 = ORIENTED_EDGE ( 'NONE', *, *, #9739, .F. ) ;
#11440 = CARTESIAN_POINT ( 'NONE',  ( 133.2165501172941333, -3.500000000000000000, 49.61486054873415696 ) ) ;
#11441 = ORIENTED_EDGE ( 'NONE', *, *, #148, .F. ) ;
#11442 = EDGE_LOOP ( 'NONE', ( #2222, #11404, #8164, #567 ) ) ;
#11443 = CARTESIAN_POINT ( 'NONE',  ( 83.47978033629502193, 2.500000000000000000, 34.54530228251934432 ) ) ;
#11444 = DIRECTION ( 'NONE',  ( 0.9096161590088753801, -0.000000000000000000, 0.4154496880128091818 ) ) ;
#11445 = EDGE_CURVE ( 'NONE', #6193, #8992, #2610, .T. ) ;
#11446 = ADVANCED_FACE ( 'NONE', ( #11280 ), #6879, .F. ) ;
#11447 = CARTESIAN_POINT ( 'NONE',  ( 26.37500000000000355, -3.500000000000000000, 14.00000000000000533 ) ) ;
#11448 = ORIENTED_EDGE ( 'NONE', *, *, #8751, .F. ) ;
#11449 = FACE_OUTER_BOUND ( 'NONE', #4208, .T. ) ;
#11450 = CARTESIAN_POINT ( 'NONE',  ( -26.37499999999999645, -3.500000000000000000, -7.000000000000006217 ) ) ;
#11451 = VERTEX_POINT ( 'NONE', #5196 ) ;
#11452 = ORIENTED_EDGE ( 'NONE', *, *, #6747, .T. ) ;
#11453 = PLANE ( 'NONE',  #9885 ) ;
#11454 = VECTOR ( 'NONE', #2716, 1000.000000000000227 ) ;
#11455 = DIRECTION ( 'NONE',  ( -0.000000000000000000, 1.000000000000000000, -0.000000000000000000 ) ) ;
#11456 = CIRCLE ( 'NONE', #7503, 1.500000000000001332 ) ;
#11457 = EDGE_CURVE ( 'NONE', #9938, #1903, #3380, .T. ) ;
#11458 = VERTEX_POINT ( 'NONE', #8760 ) ;
#11459 = LINE ( 'NONE', #5404, #7202 ) ;
#11460 = ADVANCED_FACE ( 'NONE', ( #6184 ), #3440, .T. ) ;
#11461 = PLANE ( 'NONE',  #7546 ) ;
#11462 = VERTEX_POINT ( 'NONE', #4377 ) ;
#11463 = VECTOR ( 'NONE', #7786, 1000.000000000000000 ) ;
#11464 = DIRECTION ( 'NONE',  ( 0.000000000000000000, 1.000000000000000000, 0.000000000000000000 ) ) ;
#11465 = CYLINDRICAL_SURFACE ( 'NONE', #4173, 2.000000000000003109 ) ;
#11466 = CIRCLE ( 'NONE', #10142, 2.000000000000003109 ) ;
#11467 = ORIENTED_EDGE ( 'NONE', *, *, #11564, .T. ) ;
#11468 = DIRECTION ( 'NONE',  ( -0.000000000000000000, -1.000000000000000000, -0.000000000000000000 ) ) ;
#11469 = DIRECTION ( 'NONE',  ( -1.000000000000000000, 0.000000000000000000, -0.000000000000000000 ) ) ;
#11470 = LINE ( 'NONE', #6881, #11271 ) ;
#11471 = ORIENTED_EDGE ( 'NONE', *, *, #6022, .F. ) ;
#11472 = CARTESIAN_POINT ( 'NONE',  ( 94.00000000000153477, -3.500000000000000000, 41.24999999999690203 ) ) ;
#11473 = ORIENTED_EDGE ( 'NONE', *, *, #10547, .F. ) ;
#11474 = ORIENTED_EDGE ( 'NONE', *, *, #8448, .F. ) ;
#11475 = CARTESIAN_POINT ( 'NONE',  ( -24.23371870266458927, -3.500000000000000000, -57.99999999999993605 ) ) ;
#11476 = VECTOR ( 'NONE', #3632, 1000.000000000000000 ) ;
#11477 = VECTOR ( 'NONE', #3752, 1000.000000000000000 ) ;
#11478 = EDGE_LOOP ( 'NONE', ( #2655, #7827, #8408, #4634 ) ) ;
#11479 = AXIS2_PLACEMENT_3D ( 'NONE', #2551, #7113, #6065 ) ;
#11480 = EDGE_CURVE ( 'NONE', #9553, #8640, #9429, .T. ) ;
#11481 = LINE ( 'NONE', #5207, #5575 ) ;
#11482 = ORIENTED_EDGE ( 'NONE', *, *, #6448, .F. ) ;
#11483 = EDGE_CURVE ( 'NONE', #3228, #7894, #1732, .T. ) ;
#11484 = DIRECTION ( 'NONE',  ( 0.000000000000000000, 1.000000000000000000, 0.000000000000000000 ) ) ;
#11485 = CARTESIAN_POINT ( 'NONE',  ( 129.2995191861324429, -3.500000000000000000, -30.69192378159589296 ) ) ;
#11486 = ORIENTED_EDGE ( 'NONE', *, *, #9671, .T. ) ;
#11487 = VECTOR ( 'NONE', #9960, 1000.000000000000000 ) ;
#11488 = CYLINDRICAL_SURFACE ( 'NONE', #2860, 1.000000000000000888 ) ;
#11489 = CARTESIAN_POINT ( 'NONE',  ( 90.50000000000021316, -3.500000000000000000, 3.876524617021916530 ) ) ;
#11490 = FACE_BOUND ( 'NONE', #5899, .T. ) ;
#11491 = ORIENTED_EDGE ( 'NONE', *, *, #10767, .T. ) ;
#11492 = VECTOR ( 'NONE', #8674, 999.9999999999998863 ) ;
#11493 = AXIS2_PLACEMENT_3D ( 'NONE', #6818, #8697, #3374 ) ;
#11494 = FACE_OUTER_BOUND ( 'NONE', #5349, .T. ) ;
#11495 = AXIS2_PLACEMENT_3D ( 'NONE', #9407, #6536, #6654 ) ;
#11496 = DIRECTION ( 'NONE',  ( 0.000000000000000000, 1.000000000000000000, 0.000000000000000000 ) ) ;
#11497 = DIRECTION ( 'NONE',  ( 0.000000000000000000, 0.000000000000000000, 1.000000000000000000 ) ) ;
#11498 = ADVANCED_FACE ( 'NONE', ( #8814 ), #3318, .F. ) ;
#11499 = EDGE_LOOP ( 'NONE', ( #2376, #10700 ) ) ;
#11500 = VECTOR ( 'NONE', #704, 1000.000000000000114 ) ;
#11501 = AXIS2_PLACEMENT_3D ( 'NONE', #3907, #4030, #4141 ) ;
#11502 = AXIS2_PLACEMENT_3D ( 'NONE', #7275, #1726, #10753 ) ;
#11503 = CARTESIAN_POINT ( 'NONE',  ( 45.49728228756692516, -3.500000000000000000, 34.25000000000000000 ) ) ;
#11504 = CARTESIAN_POINT ( 'NONE',  ( 125.5000000000002274, -3.500000000000000000, 3.876524617022159003 ) ) ;
#11505 = DIRECTION ( 'NONE',  ( 0.000000000000000000, 1.000000000000000000, 0.000000000000000000 ) ) ;
#11506 = VERTEX_POINT ( 'NONE', #3263 ) ;
#11507 = FACE_OUTER_BOUND ( 'NONE', #9077, .T. ) ;
#11508 = VERTEX_POINT ( 'NONE', #2491 ) ;
#11509 = DIRECTION ( 'NONE',  ( 0.000000000000000000, 0.000000000000000000, 1.000000000000000000 ) ) ;
#11510 = AXIS2_PLACEMENT_3D ( 'NONE', #11450, #589, #2539 ) ;
#11511 = FACE_BOUND ( 'NONE', #7119, .T. ) ;
#11512 = CIRCLE ( 'NONE', #7749, 1.000000000000000000 ) ;
#11513 = AXIS2_PLACEMENT_3D ( 'NONE', #7321, #9142, #7382 ) ;
#11514 = VECTOR ( 'NONE', #3610, 1000.000000000000000 ) ;
#11515 = CARTESIAN_POINT ( 'NONE',  ( 45.49728228756692516, -3.500000000000000000, -32.75000000000000711 ) ) ;
#11516 = EDGE_LOOP ( 'NONE', ( #6086, #722, #3692, #5024 ) ) ;
#11517 = CYLINDRICAL_SURFACE ( 'NONE', #3165, 1.499999999999997780 ) ;
#11518 = CARTESIAN_POINT ( 'NONE',  ( 124.2723375339472227, 2.500000000000000000, 31.04241163433085759 ) ) ;
#11519 = ORIENTED_EDGE ( 'NONE', *, *, #5576, .F. ) ;
#11520 = VECTOR ( 'NONE', #6734, 1000.000000000000000 ) ;
#11521 = EDGE_CURVE ( 'NONE', #272, #3822, #4314, .T. ) ;
#11522 = ORIENTED_EDGE ( 'NONE', *, *, #5866, .T. ) ;
#11523 = DIRECTION ( 'NONE',  ( -0.000000000000000000, -1.000000000000000000, -0.000000000000000000 ) ) ;
#11524 = EDGE_CURVE ( 'NONE', #627, #4018, #11406, .T. ) ;
#11525 = CARTESIAN_POINT ( 'NONE',  ( 44.10565956188742121, -3.500000000000000000, 58.51999999999942048 ) ) ;
#11526 = ORIENTED_EDGE ( 'NONE', *, *, #2963, .T. ) ;
#11527 = DIRECTION ( 'NONE',  ( 0.000000000000000000, 1.000000000000000000, 0.000000000000000000 ) ) ;
#11528 = ORIENTED_EDGE ( 'NONE', *, *, #215, .F. ) ;
#11529 = FACE_OUTER_BOUND ( 'NONE', #11548, .T. ) ;
#11530 = DIRECTION ( 'NONE',  ( 1.000000000000000000, 0.000000000000000000, 0.000000000000000000 ) ) ;
#11531 = VERTEX_POINT ( 'NONE', #7766 ) ;
#11532 = EDGE_CURVE ( 'NONE', #9121, #9733, #1199, .T. ) ;
#11533 = ADVANCED_FACE ( 'NONE', ( #737 ), #8703, .F. ) ;
#11534 = DIRECTION ( 'NONE',  ( 0.000000000000000000, 1.000000000000000000, 0.000000000000000000 ) ) ;
#11535 = CYLINDRICAL_SURFACE ( 'NONE', #7557, 1.499999999999997780 ) ;
#11536 = DIRECTION ( 'NONE',  ( 0.000000000000000000, 0.000000000000000000, 1.000000000000000000 ) ) ;
#11537 = EDGE_LOOP ( 'NONE', ( #10073, #799 ) ) ;
#11538 = DIRECTION ( 'NONE',  ( 0.000000000000000000, -1.000000000000000000, 0.000000000000000000 ) ) ;
#11540 = ORIENTED_EDGE ( 'NONE', *, *, #727, .F. ) ;
#11539 = EDGE_CURVE ( 'NONE', #8640, #5184, #191, .T. ) ;
#11541 = ORIENTED_EDGE ( 'NONE', *, *, #6200, .F. ) ;
#11542 = DIRECTION ( 'NONE',  ( 0.000000000000000000, 1.000000000000000000, 0.000000000000000000 ) ) ;
#11543 = VERTEX_POINT ( 'NONE', #9046 ) ;
#11544 = CARTESIAN_POINT ( 'NONE',  ( -30.00000000000000355, 2.500000000000000000, 57.49999999999997868 ) ) ;
#11545 = EDGE_LOOP ( 'NONE', ( #8698, #3748, #607, #10297 ) ) ;
#11546 = CARTESIAN_POINT ( 'NONE',  ( 124.0724168181187821, -3.500000000000000000, -34.64098451924513711 ) ) ;
#11547 = CARTESIAN_POINT ( 'NONE',  ( 80.99728228756691806, 2.500000000000000000, 32.75000000000000711 ) ) ;
#11548 = EDGE_LOOP ( 'NONE', ( #792, #2916, #11235, #8174 ) ) ;
#11549 = CARTESIAN_POINT ( 'NONE',  ( 135.0000000000000000, -3.500000000000000000, 52.64589803375033483 ) ) ;
#11550 = DIRECTION ( 'NONE',  ( 1.000000000000000000, 0.000000000000000000, 0.000000000000000000 ) ) ;
#11551 = FACE_BOUND ( 'NONE', #3708, .T. ) ;
#11552 = VERTEX_POINT ( 'NONE', #10761 ) ;
#11553 = EDGE_CURVE ( 'NONE', #1239, #1217, #2699, .T. ) ;
#11554 = FACE_OUTER_BOUND ( 'NONE', #7127, .T. ) ;
#11555 = CARTESIAN_POINT ( 'NONE',  ( -24.37499999999999645, -3.500000000000000000, 5.000000000000003553 ) ) ;
#11556 = CYLINDRICAL_SURFACE ( 'NONE', #3159, 1.000000000000000888 ) ;
#11557 = ORIENTED_EDGE ( 'NONE', *, *, #3344, .T. ) ;
#11558 = DIRECTION ( 'NONE',  ( 0.000000000000000000, 0.000000000000000000, 1.000000000000000000 ) ) ;
#11559 = CARTESIAN_POINT ( 'NONE',  ( 127.5000000000002274, -3.500000000000000000, 9.000000000001953993 ) ) ;
#11560 = ORIENTED_EDGE ( 'NONE', *, *, #10975, .F. ) ;
#11561 = FACE_OUTER_BOUND ( 'NONE', #7777, .T. ) ;
#11562 = EDGE_CURVE ( 'NONE', #5492, #4052, #7116, .T. ) ;
#11563 = ORIENTED_EDGE ( 'NONE', *, *, #5277, .T. ) ;
#11564 = EDGE_CURVE ( 'NONE', #6900, #695, #260, .T. ) ;
#11565 = FACE_OUTER_BOUND ( 'NONE', #2257, .T. ) ;
#11566 = CARTESIAN_POINT ( 'NONE',  ( 74.55824046833656382, 2.500000000000000000, 35.13811060696434652 ) ) ;
#11567 = CIRCLE ( 'NONE', #7064, 5.250000000000004441 ) ;
#11568 = ORIENTED_EDGE ( 'NONE', *, *, #10168, .F. ) ;
#11569 = CARTESIAN_POINT ( 'NONE',  ( 56.74999999999997868, -3.500000000000000000, -25.60000000009224763 ) ) ;
#11570 = DIRECTION ( 'NONE',  ( -1.000000000000000000, 0.000000000000000000, 1.321694076934709021E-15 ) ) ;
#11571 = ORIENTED_EDGE ( 'NONE', *, *, #7688, .T. ) ;
#11572 = ORIENTED_EDGE ( 'NONE', *, *, #2746, .F. ) ;
#11573 = FACE_OUTER_BOUND ( 'NONE', #2328, .T. ) ;
#11574 = AXIS2_PLACEMENT_3D ( 'NONE', #9508, #7684, #665 ) ;
#11575 = CARTESIAN_POINT ( 'NONE',  ( 94.00000000000153477, -3.500000000000000000, -35.99999999999690203 ) ) ;
#11576 = VECTOR ( 'NONE', #10707, 1000.000000000000000 ) ;
#11577 = EDGE_LOOP ( 'NONE', ( #5599, #10642 ) ) ;
#11578 = FACE_OUTER_BOUND ( 'NONE', #7244, .T. ) ;
#11579 = VERTEX_POINT ( 'NONE', #1843 ) ;
#11580 = EDGE_CURVE ( 'NONE', #7734, #1460, #10926, .T. ) ;
#11581 = AXIS2_PLACEMENT_3D ( 'NONE', #10842, #7375, #1056 ) ;
#11582 = CARTESIAN_POINT ( 'NONE',  ( 129.5000000000002274, 2.500000000000000000, 3.233718702666561029 ) ) ;
#11583 = VERTEX_POINT ( 'NONE', #5313 ) ;
#11584 = DIRECTION ( 'NONE',  ( 0.000000000000000000, -0.000000000000000000, 1.000000000000000000 ) ) ;
#11585 = CARTESIAN_POINT ( 'NONE',  ( 89.24999999999994316, 2.500000000000000000, 25.60000000009224408 ) ) ;
#11586 = VERTEX_POINT ( 'NONE', #6236 ) ;
#11587 = VECTOR ( 'NONE', #7553, 1000.000000000000000 ) ;
#11588 = DIRECTION ( 'NONE',  ( 0.000000000000000000, 1.000000000000000000, 0.000000000000000000 ) ) ;
#11589 = DIRECTION ( 'NONE',  ( 0.000000000000000000, 1.000000000000000000, 0.000000000000000000 ) ) ;
#11590 = ORIENTED_EDGE ( 'NONE', *, *, #11110, .T. ) ;
#11591 = EDGE_CURVE ( 'NONE', #2092, #6987, #3455, .T. ) ;
#11592 = DIRECTION ( 'NONE',  ( 0.000000000000000000, 0.000000000000000000, 1.000000000000000000 ) ) ;
#11593 = ORIENTED_EDGE ( 'NONE', *, *, #3308, .T. ) ;
#11594 = VECTOR ( 'NONE', #9757, 1000.000000000000000 ) ;
#11595 = EDGE_CURVE ( 'NONE', #10743, #5862, #8160, .T. ) ;
#11596 = CARTESIAN_POINT ( 'NONE',  ( -22.37500000000000000, -3.500000000000000000, 10.65685424949238858 ) ) ;
#11597 = DIRECTION ( 'NONE',  ( 3.469446951953614189E-15, 0.000000000000000000, 1.000000000000000000 ) ) ;
#11598 = ORIENTED_EDGE ( 'NONE', *, *, #2163, .F. ) ;
#11599 = CARTESIAN_POINT ( 'NONE',  ( 126.0000000000015490, 2.500000000000000000, -35.99999999999688782 ) ) ;
#11600 = CARTESIAN_POINT ( 'NONE',  ( 48.34041134556223795, 2.500000000000000000, -29.54185629365641930 ) ) ;
#11601 = FACE_OUTER_BOUND ( 'NONE', #6108, .T. ) ;
#11602 = ORIENTED_EDGE ( 'NONE', *, *, #4247, .F. ) ;
#11603 = AXIS2_PLACEMENT_3D ( 'NONE', #11569, #7100, #9806 ) ;
#11604 = CARTESIAN_POINT ( 'NONE',  ( 74.89434043811365882, 2.500000000000000000, 58.51999999999921442 ) ) ;
#11605 = CYLINDRICAL_SURFACE ( 'NONE', #9116, 1.250000000000001110 ) ;
#11606 = CARTESIAN_POINT ( 'NONE',  ( 91.69240685003698843, -3.500000000000000000, -26.13352486258014906 ) ) ;
#11607 = EDGE_CURVE ( 'NONE', #11451, #6261, #3719, .T. ) ;
#11608 = ORIENTED_EDGE ( 'NONE', *, *, #3588, .F. ) ;
#11609 = CIRCLE ( 'NONE', #8041, 5.250000000000004441 ) ;
#11610 = CIRCLE ( 'NONE', #367, 3.000000000000002665 ) ;
#11611 = DIRECTION ( 'NONE',  ( 0.000000000000000000, 0.000000000000000000, -1.000000000000000000 ) ) ;
#11612 = CARTESIAN_POINT ( 'NONE',  ( 124.0724168181187821, -3.500000000000000000, -34.64098451924513711 ) ) ;
#11613 = VERTEX_POINT ( 'NONE', #1790 ) ;
#11614 = CYLINDRICAL_SURFACE ( 'NONE', #10319, 1.250000000000001110 ) ;
#11615 = ORIENTED_EDGE ( 'NONE', *, *, #2101, .F. ) ;
#11616 = DIRECTION ( 'NONE',  ( 1.000000000000000000, 0.000000000000000000, 0.000000000000000000 ) ) ;
ENDSEC;
END-ISO-10303-21;
