ISO-10303-21;
HEADER;
FILE_DESCRIPTION (( 'STEP AP214' ),
    '1' );
FILE_NAME ('electronics Mount_3mm polycarbonate_ qty 1.STEP',
    '2026-07-20T05:37:38',
    ( '' ),
    ( '' ),
    'SwSTEP 2.0',
    'SolidWorks 2025',
    '' );
FILE_SCHEMA (( 'AUTOMOTIVE_DESIGN' ));
ENDSEC;

DATA;
#1 = ORIENTED_EDGE ( 'NONE', *, *, #1370, .T. ) ;
#2 = CARTESIAN_POINT ( 'NONE',  ( 129.4327932304604190, 72.50000000000001421, -50.02844665079261688 ) ) ;
#3 = DIRECTION ( 'NONE',  ( 0.000000000000000000, 0.000000000000000000, 1.000000000000000000 ) ) ;
#4 = CARTESIAN_POINT ( 'NONE',  ( 9.979955442164669677, 72.50000000000001421, -39.13906165349121125 ) ) ;
#5 = AXIS2_PLACEMENT_3D ( 'NONE', #2035, #874, #1655 ) ;
#6 = ORIENTED_EDGE ( 'NONE', *, *, #784, .T. ) ;
#7 = ADVANCED_FACE ( 'NONE', ( #1267 ), #2013, .T. ) ;
#8 = ORIENTED_EDGE ( 'NONE', *, *, #2413, .F. ) ;
#9 = LINE ( 'NONE', #199, #32 ) ;
#10 = AXIS2_PLACEMENT_3D ( 'NONE', #1232, #256, #1991 ) ;
#11 = ORIENTED_EDGE ( 'NONE', *, *, #1817, .F. ) ;
#12 = ORIENTED_EDGE ( 'NONE', *, *, #1337, .F. ) ;
#13 = VECTOR ( 'NONE', #1102, 1000.000000000000000 ) ;
#14 = CARTESIAN_POINT ( 'NONE',  ( 7.748657132194396446, 75.50000000000001421, -49.17990404835745721 ) ) ;
#15 = DIRECTION ( 'NONE',  ( -1.000000000000000000, 0.000000000000000000, 0.000000000000000000 ) ) ;
#16 = SURFACE_STYLE_USAGE ( .BOTH. , #1364 ) ;
#17 = FACE_OUTER_BOUND ( 'NONE', #817, .T. ) ;
#18 = AXIS2_PLACEMENT_3D ( 'NONE', #714, #2056, #1132 ) ;
#19 = EDGE_LOOP ( 'NONE', ( #2002, #321, #310, #2041 ) ) ;
#20 = CARTESIAN_POINT ( 'NONE',  ( 56.77717383699619091, 72.50000000000001421, -38.99999999999997868 ) ) ;
#21 = ORIENTED_EDGE ( 'NONE', *, *, #432, .F. ) ;
#22 = EDGE_CURVE ( 'NONE', #458, #494, #1270, .T. ) ;
#23 = EDGE_LOOP ( 'NONE', ( #1989, #307 ) ) ;
#24 = DIRECTION ( 'NONE',  ( 0.000000000000000000, 1.000000000000000000, 0.000000000000000000 ) ) ;
#25 = CIRCLE ( 'NONE', #1072, 1.500000000000001332 ) ;
#26 = CYLINDRICAL_SURFACE ( 'NONE', #334, 1.499999999999994449 ) ;
#27 = CARTESIAN_POINT ( 'NONE',  ( -27.89140951198345775, 72.50000000000001421, -60.77533728168451432 ) ) ;
#28 = CARTESIAN_POINT ( 'NONE',  ( -31.85714285714286120, 72.50000000000001421, -49.77095349125056600 ) ) ;
#29 = ORIENTED_EDGE ( 'NONE', *, *, #1088, .T. ) ;
#30 = LINE ( 'NONE', #1750, #698 ) ;
#31 = VERTEX_POINT ( 'NONE', #2060 ) ;
#32 = VECTOR ( 'NONE', #1186, 1000.000000000000000 ) ;
#33 = EDGE_CURVE ( 'NONE', #1797, #86, #2454, .T. ) ;
#34 = VERTEX_POINT ( 'NONE', #893 ) ;
#35 = PLANE ( 'NONE',  #1902 ) ;
#36 = EDGE_CURVE ( 'NONE', #2302, #403, #661, .T. ) ;
#37 = CARTESIAN_POINT ( 'NONE',  ( -29.13175685787554059, 72.50000000000001421, 50.85255851454783738 ) ) ;
#38 = CARTESIAN_POINT ( 'NONE',  ( -30.00000000000000355, 72.50000000000001421, -57.49999999999997868 ) ) ;
#39 = DIRECTION ( 'NONE',  ( 1.000000000000000000, 0.000000000000000000, 0.000000000000000000 ) ) ;
#40 = CYLINDRICAL_SURFACE ( 'NONE', #1456, 3.000000000000002665 ) ;
#41 = ORIENTED_EDGE ( 'NONE', *, *, #1816, .F. ) ;
#42 = ORIENTED_EDGE ( 'NONE', *, *, #1524, .F. ) ;
#43 = CARTESIAN_POINT ( 'NONE',  ( -30.00000000000000355, 75.50000000000001421, 57.49999999999999289 ) ) ;
#44 = AXIS2_PLACEMENT_3D ( 'NONE', #1260, #416, #2169 ) ;
#45 = VERTEX_POINT ( 'NONE', #692 ) ;
#46 = AXIS2_PLACEMENT_3D ( 'NONE', #701, #1490, #2057 ) ;
#47 = ORIENTED_EDGE ( 'NONE', *, *, #2194, .T. ) ;
#48 = DIRECTION ( 'NONE',  ( 0.9590574497630341977, 0.000000000000000000, 0.2832115959031779595 ) ) ;
#49 = EDGE_CURVE ( 'NONE', #72, #732, #1822, .T. ) ;
#50 = VECTOR ( 'NONE', #221, 1000.000000000000000 ) ;
#51 = FACE_BOUND ( 'NONE', #1608, .T. ) ;
#52 = DIRECTION ( 'NONE',  ( 0.000000000000000000, 1.000000000000000000, 0.000000000000000000 ) ) ;
#53 = CARTESIAN_POINT ( 'NONE',  ( 5.999999999999998224, 75.50000000000001421, -34.00000000000000000 ) ) ;
#54 = DIRECTION ( 'NONE',  ( 0.2169304578186556642, 0.000000000000000000, -0.9761870601839528483 ) ) ;
#55 = AXIS2_PLACEMENT_3D ( 'NONE', #690, #1697, #2256 ) ;
#56 = CARTESIAN_POINT ( 'NONE',  ( 5.999999999999998224, 75.50000000000001421, -35.50000000000000000 ) ) ;
#57 = LINE ( 'NONE', #894, #240 ) ;
#58 = VECTOR ( 'NONE', #2437, 1000.000000000000000 ) ;
#59 = ADVANCED_FACE ( 'NONE', ( #304 ), #467, .T. ) ;
#60 = ORIENTED_EDGE ( 'NONE', *, *, #1788, .T. ) ;
#61 = VERTEX_POINT ( 'NONE', #56 ) ;
#62 = CARTESIAN_POINT ( 'NONE',  ( -30.00000000000000355, 72.50000000000001421, 55.99999999999999289 ) ) ;
#63 = LINE ( 'NONE', #463, #1496 ) ;
#64 = DIRECTION ( 'NONE',  ( 0.000000000000000000, 0.000000000000000000, 1.000000000000000000 ) ) ;
#65 = LINE ( 'NONE', #492, #129 ) ;
#66 = DIRECTION ( 'NONE',  ( 0.000000000000000000, 1.000000000000000000, 0.000000000000000000 ) ) ;
#67 = EDGE_CURVE ( 'NONE', #449, #151, #691, .T. ) ;
#68 = CARTESIAN_POINT ( 'NONE',  ( 5.999999999999998224, 72.50000000000001421, 34.00000000000000000 ) ) ;
#69 = DIRECTION ( 'NONE',  ( 0.000000000000000000, 1.000000000000000000, 0.000000000000000000 ) ) ;
#70 = EDGE_LOOP ( 'NONE', ( #154, #930, #2460, #1651 ) ) ;
#71 = ORIENTED_EDGE ( 'NONE', *, *, #2289, .T. ) ;
#72 = VERTEX_POINT ( 'NONE', #1070 ) ;
#73 = PLANE ( 'NONE',  #457 ) ;
#74 = CIRCLE ( 'NONE', #2110, 3.250000000000002665 ) ;
#75 = AXIS2_PLACEMENT_3D ( 'NONE', #82, #678, #1033 ) ;
#76 = LINE ( 'NONE', #1856, #908 ) ;
#77 = CARTESIAN_POINT ( 'NONE',  ( 132.0000000000000000, 75.50000000000001421, -56.00000000000000711 ) ) ;
#78 = CYLINDRICAL_SURFACE ( 'NONE', #1898, 8.250000000000000000 ) ;
#79 = CARTESIAN_POINT ( 'NONE',  ( -0.01556443707464560261, 72.50000000000001421, 60.00000000000000000 ) ) ;
#80 = VECTOR ( 'NONE', #2349, 1000.000000000000000 ) ;
#81 = ORIENTED_EDGE ( 'NONE', *, *, #1754, .T. ) ;
#82 = CARTESIAN_POINT ( 'NONE',  ( 132.0000000000000000, 72.50000000000001421, -56.00000000000000711 ) ) ;
#83 = EDGE_CURVE ( 'NONE', #797, #1139, #1101, .T. ) ;
#84 = VERTEX_POINT ( 'NONE', #1874 ) ;
#85 = VECTOR ( 'NONE', #189, 1000.000000000000000 ) ;
#86 = VERTEX_POINT ( 'NONE', #109 ) ;
#87 = ORIENTED_EDGE ( 'NONE', *, *, #1252, .T. ) ;
#88 = CARTESIAN_POINT ( 'NONE',  ( -26.49893412826833838, 72.50000000000001421, 50.52345567334693754 ) ) ;
#89 = VECTOR ( 'NONE', #1395, 1000.000000000000000 ) ;
#90 = DIRECTION ( 'NONE',  ( 1.000000000000000000, 0.000000000000000000, 0.000000000000000000 ) ) ;
#91 = CARTESIAN_POINT ( 'NONE',  ( 2.000000000000008438, 75.50000000000001421, 48.74999999999999289 ) ) ;
#92 = DIRECTION ( 'NONE',  ( -1.000000000000000000, 0.000000000000000000, -0.000000000000000000 ) ) ;
#93 = DIRECTION ( 'NONE',  ( -0.000000000000000000, -1.000000000000000000, -0.000000000000000000 ) ) ;
#94 = CIRCLE ( 'NONE', #2521, 6.500000000000002665 ) ;
#95 = CARTESIAN_POINT ( 'NONE',  ( 129.4327932304603905, 72.50000000000001421, 50.02844665079260977 ) ) ;
#96 = FACE_BOUND ( 'NONE', #562, .T. ) ;
#97 = ORIENTED_EDGE ( 'NONE', *, *, #881, .F. ) ;
#98 = VERTEX_POINT ( 'NONE', #2400 ) ;
#99 = ORIENTED_EDGE ( 'NONE', *, *, #405, .F. ) ;
#100 = FACE_OUTER_BOUND ( 'NONE', #1115, .T. ) ;
#101 = EDGE_CURVE ( 'NONE', #1749, #1118, #455, .T. ) ;
#102 = ORIENTED_EDGE ( 'NONE', *, *, #1134, .F. ) ;
#103 = DIRECTION ( 'NONE',  ( 0.000000000000000000, 0.000000000000000000, 1.000000000000000000 ) ) ;
#104 = CARTESIAN_POINT ( 'NONE',  ( -30.00000000000000355, 75.50000000000001421, 55.99999999999999289 ) ) ;
#105 = DIRECTION ( 'NONE',  ( -0.000000000000000000, 0.000000000000000000, 1.000000000000000000 ) ) ;
#106 = EDGE_CURVE ( 'NONE', #113, #1724, #2204, .T. ) ;
#107 = LINE ( 'NONE', #325, #1621 ) ;
#108 = AXIS2_PLACEMENT_3D ( 'NONE', #962, #1768, #1183 ) ;
#109 = CARTESIAN_POINT ( 'NONE',  ( 129.4327932304604190, 72.50000000000001421, 50.02844665079261688 ) ) ;
#110 = FACE_OUTER_BOUND ( 'NONE', #1211, .T. ) ;
#111 = VECTOR ( 'NONE', #1883, 1000.000000000000000 ) ;
#112 = ORIENTED_EDGE ( 'NONE', *, *, #1107, .T. ) ;
#113 = VERTEX_POINT ( 'NONE', #1044 ) ;
#114 = EDGE_LOOP ( 'NONE', ( #1091, #438, #603, #249 ) ) ;
#115 = ORIENTED_EDGE ( 'NONE', *, *, #1492, .F. ) ;
#116 = LINE ( 'NONE', #1680, #1859 ) ;
#117 = EDGE_CURVE ( 'NONE', #2024, #709, #1255, .T. ) ;
#118 = EDGE_CURVE ( 'NONE', #1442, #2024, #25, .T. ) ;
#119 = CARTESIAN_POINT ( 'NONE',  ( 7.499999999999992895, 72.50000000000001421, -29.00000000000000000 ) ) ;
#120 = DIRECTION ( 'NONE',  ( 0.000000000000000000, 0.000000000000000000, 1.000000000000000000 ) ) ;
#121 = CARTESIAN_POINT ( 'NONE',  ( 128.0638000359679722, 72.50000000000001421, 60.00000000000000000 ) ) ;
#122 = AXIS2_PLACEMENT_3D ( 'NONE', #488, #2166, #398 ) ;
#123 = CARTESIAN_POINT ( 'NONE',  ( 133.0000000000000000, 72.50000000000001421, -52.64589803375032773 ) ) ;
#124 = DIRECTION ( 'NONE',  ( 1.000000000000000000, 0.000000000000000000, -0.000000000000000000 ) ) ;
#125 = ORIENTED_EDGE ( 'NONE', *, *, #864, .F. ) ;
#126 = VERTEX_POINT ( 'NONE', #1328 ) ;
#127 = EDGE_LOOP ( 'NONE', ( #880, #954, #886, #1934 ) ) ;
#128 = ORIENTED_EDGE ( 'NONE', *, *, #945, .T. ) ;
#129 = VECTOR ( 'NONE', #1237, 1000.000000000000000 ) ;
#130 = CARTESIAN_POINT ( 'NONE',  ( -34.00000000000000000, 72.50000000000001421, -56.99999999999999289 ) ) ;
#131 = LINE ( 'NONE', #1709, #58 ) ;
#132 = AXIS2_PLACEMENT_3D ( 'NONE', #1922, #901, #2281 ) ;
#133 = AXIS2_PLACEMENT_3D ( 'NONE', #644, #979, #451 ) ;
#134 = DIRECTION ( 'NONE',  ( -0.000000000000000000, -0.000000000000000000, 1.000000000000000000 ) ) ;
#135 = ADVANCED_FACE ( 'NONE', ( #531 ), #2490, .F. ) ;
#136 = DIRECTION ( 'NONE',  ( 0.000000000000000000, 0.000000000000000000, 1.000000000000000000 ) ) ;
#137 = DIRECTION ( 'NONE',  ( -0.1240347345892079539, 0.000000000000000000, 0.9922778767136677391 ) ) ;
#138 = EDGE_CURVE ( 'NONE', #98, #1522, #1192, .T. ) ;
#139 = VECTOR ( 'NONE', #66, 1000.000000000000000 ) ;
#140 = ORIENTED_EDGE ( 'NONE', *, *, #1938, .T. ) ;
#141 = EDGE_CURVE ( 'NONE', #494, #458, #74, .T. ) ;
#142 = ORIENTED_EDGE ( 'NONE', *, *, #1705, .T. ) ;
#143 = CIRCLE ( 'NONE', #800, 6.500000000000005329 ) ;
#144 = CARTESIAN_POINT ( 'NONE',  ( -30.00000000000000355, 72.50000000000001421, -55.99999999999997868 ) ) ;
#145 = DIRECTION ( 'NONE',  ( 1.000000000000000000, 0.000000000000000000, 0.000000000000000000 ) ) ;
#146 =( NAMED_UNIT ( * ) SI_UNIT ( $, .STERADIAN. ) SOLID_ANGLE_UNIT ( ) );
#147 = ORIENTED_EDGE ( 'NONE', *, *, #1479, .F. ) ;
#148 = CARTESIAN_POINT ( 'NONE',  ( 5.999999999999998224, 72.50000000000001421, -35.50000000000000000 ) ) ;
#149 = LINE ( 'NONE', #2469, #13 ) ;
#150 = ADVANCED_FACE ( 'NONE', ( #725 ), #545, .F. ) ;
#151 = VERTEX_POINT ( 'NONE', #148 ) ;
#152 = VECTOR ( 'NONE', #2025, 1000.000000000000000 ) ;
#153 = ORIENTED_EDGE ( 'NONE', *, *, #1591, .F. ) ;
#154 = ORIENTED_EDGE ( 'NONE', *, *, #2231, .T. ) ;
#155 = CARTESIAN_POINT ( 'NONE',  ( -0.01556443707464560261, 75.50000000000001421, -60.00000000000000000 ) ) ;
#156 = DIRECTION ( 'NONE',  ( 0.000000000000000000, 1.000000000000000000, 0.000000000000000000 ) ) ;
#157 = DIRECTION ( 'NONE',  ( 0.000000000000000000, 0.000000000000000000, 1.000000000000000000 ) ) ;
#158 = CARTESIAN_POINT ( 'NONE',  ( 136.0000000000000000, 72.50000000000001421, -52.64589803375032773 ) ) ;
#159 = PLANE ( 'NONE',  #2184 ) ;
#160 = VERTEX_POINT ( 'NONE', #158 ) ;
#161 = DIRECTION ( 'NONE',  ( 1.000000000000000000, 0.000000000000000000, 0.000000000000000000 ) ) ;
#162 = ADVANCED_FACE ( 'NONE', ( #2097 ), #1519, .T. ) ;
#163 = ORIENTED_EDGE ( 'NONE', *, *, #687, .T. ) ;
#164 = ORIENTED_EDGE ( 'NONE', *, *, #987, .T. ) ;
#165 = DIRECTION ( 'NONE',  ( 0.000000000000000000, 1.000000000000000000, 0.000000000000000000 ) ) ;
#166 = PLANE ( 'NONE',  #348 ) ;
#167 = EDGE_CURVE ( 'NONE', #1394, #1073, #936, .T. ) ;
#168 = AXIS2_PLACEMENT_3D ( 'NONE', #723, #2055, #2450 ) ;
#169 = CARTESIAN_POINT ( 'NONE',  ( 7.748657132194396446, 72.50000000000001421, -49.17990404835745721 ) ) ;
#170 = DIRECTION ( 'NONE',  ( 0.000000000000000000, 0.000000000000000000, 1.000000000000000000 ) ) ;
#171 = CYLINDRICAL_SURFACE ( 'NONE', #2027, 6.499999999999999112 ) ;
#172 = AXIS2_PLACEMENT_3D ( 'NONE', #2286, #559, #2515 ) ;
#173 = LINE ( 'NONE', #656, #586 ) ;
#174 = EDGE_LOOP ( 'NONE', ( #498, #29, #2215, #2030 ) ) ;
#175 = DIRECTION ( 'NONE',  ( 0.000000000000000000, 1.000000000000000000, 0.000000000000000000 ) ) ;
#176 = AXIS2_PLACEMENT_3D ( 'NONE', #1389, #1784, #2366 ) ;
#177 = ORIENTED_EDGE ( 'NONE', *, *, #1479, .T. ) ;
#178 = ADVANCED_FACE ( 'NONE', ( #952 ), #1731, .T. ) ;
#179 = DIRECTION ( 'NONE',  ( 0.000000000000000000, 0.000000000000000000, 1.000000000000000000 ) ) ;
#180 = CARTESIAN_POINT ( 'NONE',  ( -31.85714285714286120, 72.50000000000001421, -49.77095349125056600 ) ) ;
#181 = CIRCLE ( 'NONE', #1140, 3.000000000000002665 ) ;
#182 = CARTESIAN_POINT ( 'NONE',  ( 132.0000000000000000, 72.50000000000001421, -57.50000000000000000 ) ) ;
#183 = CARTESIAN_POINT ( 'NONE',  ( -30.00000000000000355, 75.50000000000001421, -55.99999999999997868 ) ) ;
#184 = CARTESIAN_POINT ( 'NONE',  ( 7.499999999999992895, 72.50000000000001421, -39.00000000000000000 ) ) ;
#185 = DIRECTION ( 'NONE',  ( 0.9590574497630341977, 0.000000000000000000, -0.2832115959031779595 ) ) ;
#186 = VERTEX_POINT ( 'NONE', #1353 ) ;
#187 = CARTESIAN_POINT ( 'NONE',  ( 132.0000000000000000, 75.50000000000001421, 55.99999999999999289 ) ) ;
#188 = ORIENTED_EDGE ( 'NONE', *, *, #2048, .F. ) ;
#189 = DIRECTION ( 'NONE',  ( 0.000000000000000000, 0.000000000000000000, -1.000000000000000000 ) ) ;
#190 = DIRECTION ( 'NONE',  ( 0.000000000000000000, 1.000000000000000000, 0.000000000000000000 ) ) ;
#191 = EDGE_CURVE ( 'NONE', #1724, #1309, #521, .T. ) ;
#192 = EDGE_CURVE ( 'NONE', #1209, #709, #1613, .T. ) ;
#193 = ORIENTED_EDGE ( 'NONE', *, *, #866, .T. ) ;
#194 = DIRECTION ( 'NONE',  ( 0.000000000000000000, 1.000000000000000000, 0.000000000000000000 ) ) ;
#195 = DIRECTION ( 'NONE',  ( 0.000000000000000000, 1.000000000000000000, 0.000000000000000000 ) ) ;
#196 = CARTESIAN_POINT ( 'NONE',  ( 8.304476866254375977, 75.50000000000001421, 46.67871524508755243 ) ) ;
#197 = EDGE_LOOP ( 'NONE', ( #2085, #2077, #2017, #1622 ) ) ;
#198 = VERTEX_POINT ( 'NONE', #2479 ) ;
#199 = CARTESIAN_POINT ( 'NONE',  ( -31.85714285714286120, 72.50000000000001421, 49.77095349125058021 ) ) ;
#200 = CIRCLE ( 'NONE', #285, 3.250000000000002665 ) ;
#201 = ORIENTED_EDGE ( 'NONE', *, *, #459, .T. ) ;
#202 = AXIS2_PLACEMENT_3D ( 'NONE', #558, #961, #157 ) ;
#203 = EDGE_LOOP ( 'NONE', ( #1368, #1734 ) ) ;
#204 = DIRECTION ( 'NONE',  ( 0.000000000000000000, 0.000000000000000000, 1.000000000000000000 ) ) ;
#205 = DIRECTION ( 'NONE',  ( -0.000000000000000000, -1.000000000000000000, -0.000000000000000000 ) ) ;
#206 = EDGE_CURVE ( 'NONE', #160, #2443, #2108, .T. ) ;
#207 = LINE ( 'NONE', #2377, #716 ) ;
#208 = AXIS2_PLACEMENT_3D ( 'NONE', #854, #477, #1449 ) ;
#209 = AXIS2_PLACEMENT_3D ( 'NONE', #2550, #526, #786 ) ;
#210 = EDGE_CURVE ( 'NONE', #1425, #1852, #223, .T. ) ;
#211 = ORIENTED_EDGE ( 'NONE', *, *, #1886, .F. ) ;
#212 = DIRECTION ( 'NONE',  ( 1.000000000000000000, 0.000000000000000000, 0.000000000000000000 ) ) ;
#213 = CIRCLE ( 'NONE', #2225, 1.500000000000001332 ) ;
#214 = EDGE_CURVE ( 'NONE', #1178, #2192, #1986, .T. ) ;
#215 = ORIENTED_EDGE ( 'NONE', *, *, #1849, .F. ) ;
#216 = ORIENTED_EDGE ( 'NONE', *, *, #1179, .T. ) ;
#217 = VECTOR ( 'NONE', #2398, 1000.000000000000000 ) ;
#218 = DIRECTION ( 'NONE',  ( 0.000000000000000000, 1.000000000000000000, 0.000000000000000000 ) ) ;
#219 = CARTESIAN_POINT ( 'NONE',  ( -31.00000000000000355, 69.50000000000000000, 60.00000000000000000 ) ) ;
#220 = CARTESIAN_POINT ( 'NONE',  ( -3.891354565493835072, 75.50000000000001421, -57.77533041337332520 ) ) ;
#221 = DIRECTION ( 'NONE',  ( -1.000000000000000000, 0.000000000000000000, 0.000000000000000000 ) ) ;
#222 = ORIENTED_EDGE ( 'NONE', *, *, #1630, .F. ) ;
#223 = CIRCLE ( 'NONE', #553, 6.499999999999995559 ) ;
#224 = ORIENTED_EDGE ( 'NONE', *, *, #1567, .T. ) ;
#225 = PLANE ( 'NONE',  #1402 ) ;
#226 = ADVANCED_FACE ( 'NONE', ( #1721 ), #1307, .F. ) ;
#227 = ORIENTED_EDGE ( 'NONE', *, *, #666, .T. ) ;
#228 = ORIENTED_EDGE ( 'NONE', *, *, #2301, .T. ) ;
#229 = DIRECTION ( 'NONE',  ( 1.000000000000000000, 0.000000000000000000, 0.000000000000000000 ) ) ;
#230 = ORIENTED_EDGE ( 'NONE', *, *, #1590, .F. ) ;
#231 = VECTOR ( 'NONE', #496, 1000.000000000000000 ) ;
#232 = DIRECTION ( 'NONE',  ( -0.000000000000000000, -1.000000000000000000, -0.000000000000000000 ) ) ;
#233 = DIRECTION ( 'NONE',  ( 0.000000000000000000, 1.000000000000000000, 0.000000000000000000 ) ) ;
#234 = DIRECTION ( 'NONE',  ( 0.000000000000000000, 1.000000000000000000, 0.000000000000000000 ) ) ;
#235 = DIRECTION ( 'NONE',  ( 0.000000000000000000, 1.000000000000000000, 0.000000000000000000 ) ) ;
#236 = EDGE_LOOP ( 'NONE', ( #1716, #1092 ) ) ;
#237 = DIRECTION ( 'NONE',  ( 0.000000000000000000, 0.000000000000000000, 1.000000000000000000 ) ) ;
#238 = ORIENTED_EDGE ( 'NONE', *, *, #1899, .T. ) ;
#239 = EDGE_CURVE ( 'NONE', #2192, #2461, #316, .T. ) ;
#240 = VECTOR ( 'NONE', #291, 1000.000000000000000 ) ;
#241 = ORIENTED_EDGE ( 'NONE', *, *, #561, .F. ) ;
#242 = CARTESIAN_POINT ( 'NONE',  ( 0.2180848403251416101, 72.50000000000001421, -36.96975707530465627 ) ) ;
#243 = LINE ( 'NONE', #1569, #830 ) ;
#244 = DIRECTION ( 'NONE',  ( 0.000000000000000000, 1.000000000000000000, 0.000000000000000000 ) ) ;
#245 = PLANE ( 'NONE',  #5 ) ;
#246 = EDGE_CURVE ( 'NONE', #449, #729, #1887, .T. ) ;
#247 = LINE ( 'NONE', #79, #2234 ) ;
#248 = ADVANCED_FACE ( 'NONE', ( #717 ), #1508, .T. ) ;
#249 = ORIENTED_EDGE ( 'NONE', *, *, #1426, .F. ) ;
#250 = DIRECTION ( 'NONE',  ( 1.000000000000000000, 0.000000000000000000, 0.000000000000000000 ) ) ;
#251 = LINE ( 'NONE', #1861, #1034 ) ;
#252 = CIRCLE ( 'NONE', #1205, 1.499999999999994449 ) ;
#253 = EDGE_LOOP ( 'NONE', ( #1514, #153, #2378, #516 ) ) ;
#254 = AXIS2_PLACEMENT_3D ( 'NONE', #1287, #272, #2033 ) ;
#255 = ORIENTED_EDGE ( 'NONE', *, *, #371, .T. ) ;
#256 = DIRECTION ( 'NONE',  ( 0.000000000000000000, 1.000000000000000000, 0.000000000000000000 ) ) ;
#257 = EDGE_CURVE ( 'NONE', #732, #319, #1756, .T. ) ;
#258 = VERTEX_POINT ( 'NONE', #814 ) ;
#259 = AXIS2_PLACEMENT_3D ( 'NONE', #1969, #2516, #366 ) ;
#260 = DIRECTION ( 'NONE',  ( 0.2832115959031780150, -0.000000000000000000, 0.9590574497630343087 ) ) ;
#261 = CYLINDRICAL_SURFACE ( 'NONE', #266, 3.250000000000002665 ) ;
#262 = CARTESIAN_POINT ( 'NONE',  ( 2.000000000000007994, 75.50000000000001421, -52.00000000000000000 ) ) ;
#263 = CARTESIAN_POINT ( 'NONE',  ( 0.9999999999999983347, 72.50000000000001421, -29.84668806854097056 ) ) ;
#264 = CARTESIAN_POINT ( 'NONE',  ( 5.999999999999998224, 72.50000000000001421, 35.50000000000000711 ) ) ;
#265 = FACE_OUTER_BOUND ( 'NONE', #1407, .T. ) ;
#266 = AXIS2_PLACEMENT_3D ( 'NONE', #611, #2212, #1236 ) ;
#267 = ORIENTED_EDGE ( 'NONE', *, *, #2304, .F. ) ;
#268 = ORIENTED_EDGE ( 'NONE', *, *, #2115, .T. ) ;
#269 = ORIENTED_EDGE ( 'NONE', *, *, #945, .F. ) ;
#270 = CYLINDRICAL_SURFACE ( 'NONE', #1372, 1.500000000000001332 ) ;
#271 = VERTEX_POINT ( 'NONE', #380 ) ;
#272 = DIRECTION ( 'NONE',  ( 0.000000000000000000, 1.000000000000000000, 0.000000000000000000 ) ) ;
#273 = CARTESIAN_POINT ( 'NONE',  ( 132.0000000000000000, 72.50000000000001421, 55.99999999999999289 ) ) ;
#274 = CARTESIAN_POINT ( 'NONE',  ( 2.000000000000007994, 72.50000000000001421, 52.00000000000000000 ) ) ;
#275 = LINE ( 'NONE', #2202, #139 ) ;
#276 = EDGE_CURVE ( 'NONE', #2288, #900, #395, .T. ) ;
#277 = EDGE_CURVE ( 'NONE', #1678, #2064, #1878, .T. ) ;
#278 = DIRECTION ( 'NONE',  ( 0.000000000000000000, 1.000000000000000000, 0.000000000000000000 ) ) ;
#279 = LINE ( 'NONE', #1618, #1362 ) ;
#280 = EDGE_LOOP ( 'NONE', ( #2407, #1005 ) ) ;
#281 = VERTEX_POINT ( 'NONE', #2386 ) ;
#282 = ORIENTED_EDGE ( 'NONE', *, *, #795, .F. ) ;
#283 = DIRECTION ( 'NONE',  ( 0.000000000000000000, 1.000000000000000000, 0.000000000000000000 ) ) ;
#284 = AXIS2_PLACEMENT_3D ( 'NONE', #1158, #924, #2125 ) ;
#285 = AXIS2_PLACEMENT_3D ( 'NONE', #2462, #564, #1487 ) ;
#286 = DIRECTION ( 'NONE',  ( -0.9761870601839529593, 0.000000000000000000, 0.2169304578186556642 ) ) ;
#287 = CARTESIAN_POINT ( 'NONE',  ( -27.89140951198345775, 72.50000000000001421, 60.77533728168451432 ) ) ;
#288 = PLANE ( 'NONE',  #785 ) ;
#289 = CARTESIAN_POINT ( 'NONE',  ( 0.9999999999999983347, 72.50000000000001421, 29.84668806854096701 ) ) ;
#290 = VERTEX_POINT ( 'NONE', #1593 ) ;
#291 = DIRECTION ( 'NONE',  ( 0.000000000000000000, -1.000000000000000000, 0.000000000000000000 ) ) ;
#292 = EDGE_CURVE ( 'NONE', #151, #449, #766, .T. ) ;
#293 = ORIENTED_EDGE ( 'NONE', *, *, #1910, .T. ) ;
#294 = VECTOR ( 'NONE', #1943, 1000.000000000000000 ) ;
#295 = EDGE_CURVE ( 'NONE', #653, #2064, #989, .T. ) ;
#296 = ORIENTED_EDGE ( 'NONE', *, *, #1252, .F. ) ;
#297 = ORIENTED_EDGE ( 'NONE', *, *, #2303, .T. ) ;
#298 = CARTESIAN_POINT ( 'NONE',  ( 7.499999999999992895, 75.50000000000001421, -39.00000000000000000 ) ) ;
#299 = DIRECTION ( 'NONE',  ( 1.000000000000000000, 0.000000000000000000, 0.000000000000000000 ) ) ;
#300 = PLANE ( 'NONE',  #1507 ) ;
#301 = CARTESIAN_POINT ( 'NONE',  ( -34.00000000000000000, 72.50000000000001421, 52.64589803375030641 ) ) ;
#302 = DIRECTION ( 'NONE',  ( 0.9761870601839529593, -0.000000000000000000, 0.2169304578186556642 ) ) ;
#303 = AXIS2_PLACEMENT_3D ( 'NONE', #418, #1757, #589 ) ;
#304 = FACE_OUTER_BOUND ( 'NONE', #2393, .T. ) ;
#305 = CARTESIAN_POINT ( 'NONE',  ( -30.00000000000000355, 75.50000000000001421, 55.99999999999999289 ) ) ;
#306 = VECTOR ( 'NONE', #454, 1000.000000000000000 ) ;
#307 = ORIENTED_EDGE ( 'NONE', *, *, #292, .T. ) ;
#308 = ADVANCED_FACE ( 'NONE', ( #1003 ), #622, .T. ) ;
#309 = ORIENTED_EDGE ( 'NONE', *, *, #2466, .T. ) ;
#310 = ORIENTED_EDGE ( 'NONE', *, *, #1457, .T. ) ;
#311 = DIRECTION ( 'NONE',  ( -0.000000000000000000, 0.000000000000000000, -1.000000000000000000 ) ) ;
#312 = DIRECTION ( 'NONE',  ( 0.000000000000000000, 1.000000000000000000, 0.000000000000000000 ) ) ;
#313 = DIRECTION ( 'NONE',  ( 0.000000000000000000, 1.000000000000000000, 0.000000000000000000 ) ) ;
#314 = DIRECTION ( 'NONE',  ( 0.9761870601839529593, -0.000000000000000000, 0.2169304578186556642 ) ) ;
#315 = ORIENTED_EDGE ( 'NONE', *, *, #1555, .T. ) ;
#316 = LINE ( 'NONE', #1317, #347 ) ;
#317 = PLANE ( 'NONE',  #425 ) ;
#318 = AXIS2_PLACEMENT_3D ( 'NONE', #1360, #1143, #2121 ) ;
#319 = VERTEX_POINT ( 'NONE', #220 ) ;
#320 = EDGE_CURVE ( 'NONE', #290, #160, #1552, .T. ) ;
#321 = ORIENTED_EDGE ( 'NONE', *, *, #923, .T. ) ;
#322 = ORIENTED_EDGE ( 'NONE', *, *, #1524, .T. ) ;
#323 = PLANE ( 'NONE',  #168 ) ;
#324 = CARTESIAN_POINT ( 'NONE',  ( -34.00000000000000000, 75.50000000000001421, 56.99999999999999289 ) ) ;
#325 = CARTESIAN_POINT ( 'NONE',  ( 136.0000000000000000, 72.50000000000001421, -34.00000000000000000 ) ) ;
#326 = EDGE_CURVE ( 'NONE', #984, #2288, #612, .T. ) ;
#327 = CARTESIAN_POINT ( 'NONE',  ( 132.0000000000000000, 72.50000000000001421, -56.00000000000000711 ) ) ;
#328 = DIRECTION ( 'NONE',  ( 0.000000000000000000, 1.000000000000000000, 0.000000000000000000 ) ) ;
#329 = EDGE_CURVE ( 'NONE', #1522, #98, #2203, .T. ) ;
#330 = VERTEX_POINT ( 'NONE', #1377 ) ;
#331 = ORIENTED_EDGE ( 'NONE', *, *, #870, .T. ) ;
#332 = ORIENTED_EDGE ( 'NONE', *, *, #106, .T. ) ;
#333 =( GEOMETRIC_REPRESENTATION_CONTEXT ( 3 ) GLOBAL_UNCERTAINTY_ASSIGNED_CONTEXT ( ( #812 ) ) GLOBAL_UNIT_ASSIGNED_CONTEXT ( ( #1968, #802, #1795 ) ) REPRESENTATION_CONTEXT ( 'NONE', 'WORKASPACE' ) );
#334 = AXIS2_PLACEMENT_3D ( 'NONE', #1627, #1263, #1422 ) ;
#335 = EDGE_CURVE ( 'NONE', #45, #2414, #1564, .T. ) ;
#336 = DIRECTION ( 'NONE',  ( 0.2169304578186556365, 0.000000000000000000, 0.9761870601839528483 ) ) ;
#337 = DIRECTION ( 'NONE',  ( 0.000000000000000000, 0.000000000000000000, 1.000000000000000000 ) ) ;
#338 = AXIS2_PLACEMENT_3D ( 'NONE', #2182, #1218, #918 ) ;
#339 = DIRECTION ( 'NONE',  ( 0.9590574497630341977, 0.000000000000000000, 0.2832115959031779595 ) ) ;
#340 = ORIENTED_EDGE ( 'NONE', *, *, #1567, .F. ) ;
#341 = ADVANCED_FACE ( 'NONE', ( #574 ), #791, .F. ) ;
#342 = DIRECTION ( 'NONE',  ( 0.000000000000000000, 0.000000000000000000, 1.000000000000000000 ) ) ;
#343 = DIRECTION ( 'NONE',  ( 0.9590574497630341977, 0.000000000000000000, -0.2832115959031779595 ) ) ;
#344 = CIRCLE ( 'NONE', #2103, 6.500000000000002665 ) ;
#345 = EDGE_LOOP ( 'NONE', ( #102, #1474, #1951, #1103 ) ) ;
#346 = ORIENTED_EDGE ( 'NONE', *, *, #743, .F. ) ;
#347 = VECTOR ( 'NONE', #1113, 1000.000000000000000 ) ;
#348 = AXIS2_PLACEMENT_3D ( 'NONE', #1168, #1941, #2133 ) ;
#349 = CARTESIAN_POINT ( 'NONE',  ( 7.499999999999992895, 72.50000000000001421, 29.00000000000000000 ) ) ;
#350 = DIRECTION ( 'NONE',  ( 1.000000000000000000, 0.000000000000000000, 0.000000000000000000 ) ) ;
#351 = CARTESIAN_POINT ( 'NONE',  ( 0.000000000000000000, 0.000000000000000000, 0.000000000000000000 ) ) ;
#352 = LINE ( 'NONE', #801, #533 ) ;
#353 = EDGE_CURVE ( 'NONE', #411, #2484, #2001, .T. ) ;
#354 = CARTESIAN_POINT ( 'NONE',  ( 7.499999999999992895, 72.50000000000001421, -39.00000000000000000 ) ) ;
#355 = DIRECTION ( 'NONE',  ( 1.000000000000000000, 0.000000000000000000, 0.000000000000000000 ) ) ;
#356 = MANIFOLD_SOLID_BREP ( 'Stock-an_chassis bod-1', #1915 ) ;
#357 = ORIENTED_EDGE ( 'NONE', *, *, #402, .T. ) ;
#358 = CYLINDRICAL_SURFACE ( 'NONE', #2356, 8.250000000000000000 ) ;
#359 = VECTOR ( 'NONE', #250, 1000.000000000000000 ) ;
#360 = VERTEX_POINT ( 'NONE', #2228 ) ;
#361 = ORIENTED_EDGE ( 'NONE', *, *, #2525, .T. ) ;
#362 = FACE_OUTER_BOUND ( 'NONE', #544, .T. ) ;
#363 = CARTESIAN_POINT ( 'NONE',  ( 4.015564437074661264, 72.50000000000001421, 60.00000000000000000 ) ) ;
#364 = DIRECTION ( 'NONE',  ( 0.000000000000000000, 1.000000000000000000, 0.000000000000000000 ) ) ;
#365 = DIRECTION ( 'NONE',  ( 0.2169304578186556642, 0.000000000000000000, -0.9761870601839528483 ) ) ;
#366 = DIRECTION ( 'NONE',  ( 1.000000000000000000, 0.000000000000000000, 0.000000000000000000 ) ) ;
#367 = ORIENTED_EDGE ( 'NONE', *, *, #2466, .F. ) ;
#368 = VECTOR ( 'NONE', #981, 1000.000000000000000 ) ;
#369 = ORIENTED_EDGE ( 'NONE', *, *, #276, .F. ) ;
#370 = FACE_OUTER_BOUND ( 'NONE', #536, .T. ) ;
#371 = EDGE_CURVE ( 'NONE', #2471, #1950, #1444, .T. ) ;
#372 = EDGE_LOOP ( 'NONE', ( #1588, #858, #415, #727 ) ) ;
#373 = ORIENTED_EDGE ( 'NONE', *, *, #2206, .F. ) ;
#374 = EDGE_CURVE ( 'NONE', #2448, #1960, #1973, .T. ) ;
#375 = CARTESIAN_POINT ( 'NONE',  ( 52.50000000000000000, 72.50000000000001421, -34.00000000000000000 ) ) ;
#376 = LINE ( 'NONE', #2539, #1344 ) ;
#377 = AXIS2_PLACEMENT_3D ( 'NONE', #1649, #1867, #1301 ) ;
#378 = AXIS2_PLACEMENT_3D ( 'NONE', #1804, #1637, #632 ) ;
#379 = LINE ( 'NONE', #1002, #80 ) ;
#380 = CARTESIAN_POINT ( 'NONE',  ( 62.49999999999999289, 72.50000000000001421, 30.26305804582442960 ) ) ;
#381 = DIRECTION ( 'NONE',  ( 1.000000000000000000, 0.000000000000000000, 0.000000000000000000 ) ) ;
#382 = DIRECTION ( 'NONE',  ( -0.000000000000000000, 0.000000000000000000, -1.000000000000000000 ) ) ;
#383 = ADVANCED_FACE ( 'NONE', ( #890 ), #245, .T. ) ;
#384 = ORIENTED_EDGE ( 'NONE', *, *, #2114, .F. ) ;
#385 = DIRECTION ( 'NONE',  ( 0.000000000000000000, 1.000000000000000000, 0.000000000000000000 ) ) ;
#386 = AXIS2_PLACEMENT_3D ( 'NONE', #1184, #1769, #765 ) ;
#387 = VERTEX_POINT ( 'NONE', #453 ) ;
#388 = ORIENTED_EDGE ( 'NONE', *, *, #1323, .F. ) ;
#389 = ADVANCED_FACE ( 'NONE', ( #2022 ), #2410, .T. ) ;
#390 = PLANE ( 'NONE',  #1966 ) ;
#391 = CARTESIAN_POINT ( 'NONE',  ( -34.00000000000000000, 72.50000000000001421, 56.99999999999999289 ) ) ;
#392 = AXIS2_PLACEMENT_3D ( 'NONE', #104, #2254, #1685 ) ;
#393 = EDGE_LOOP ( 'NONE', ( #2533, #2360, #2482, #388 ) ) ;
#394 = LINE ( 'NONE', #2124, #2513 ) ;
#395 = LINE ( 'NONE', #1995, #2536 ) ;
#396 = DIRECTION ( 'NONE',  ( 0.000000000000000000, 0.000000000000000000, 1.000000000000000000 ) ) ;
#397 = EDGE_LOOP ( 'NONE', ( #1890, #2418, #42, #1812 ) ) ;
#398 = DIRECTION ( 'NONE',  ( 1.000000000000000000, 0.000000000000000000, 0.000000000000000000 ) ) ;
#399 = VERTEX_POINT ( 'NONE', #1477 ) ;
#400 = ORIENTED_EDGE ( 'NONE', *, *, #840, .T. ) ;
#401 = EDGE_CURVE ( 'NONE', #399, #2053, #1202, .T. ) ;
#402 = EDGE_CURVE ( 'NONE', #1557, #84, #2352, .T. ) ;
#403 = VERTEX_POINT ( 'NONE', #2424 ) ;
#404 = CARTESIAN_POINT ( 'NONE',  ( 5.999999999999998224, 72.50000000000001421, 34.00000000000000000 ) ) ;
#405 = EDGE_CURVE ( 'NONE', #458, #1950, #2010, .T. ) ;
#406 = LINE ( 'NONE', #169, #871 ) ;
#407 = SURFACE_STYLE_FILL_AREA ( #2173 ) ;
#408 = CARTESIAN_POINT ( 'NONE',  ( 132.0000000000000000, 75.50000000000001421, -54.50000000000001421 ) ) ;
#409 = EDGE_CURVE ( 'NONE', #984, #2379, #65, .T. ) ;
#410 = EDGE_CURVE ( 'NONE', #1401, #1458, #1289, .T. ) ;
#411 = VERTEX_POINT ( 'NONE', #1806 ) ;
#412 = CARTESIAN_POINT ( 'NONE',  ( 133.0000000000000000, 75.50000000000001421, -60.00000000000000000 ) ) ;
#413 = VECTOR ( 'NONE', #662, 1000.000000000000000 ) ;
#414 = ORIENTED_EDGE ( 'NONE', *, *, #2494, .T. ) ;
#415 = ORIENTED_EDGE ( 'NONE', *, *, #1515, .F. ) ;
#416 = DIRECTION ( 'NONE',  ( -0.000000000000000000, -1.000000000000000000, -0.000000000000000000 ) ) ;
#417 = CARTESIAN_POINT ( 'NONE',  ( -34.00000000000000000, 75.50000000000001421, 22.49999999999999289 ) ) ;
#418 = CARTESIAN_POINT ( 'NONE',  ( 133.0000000000000000, 72.50000000000001421, -52.64589803375032773 ) ) ;
#419 = ADVANCED_FACE ( 'NONE', ( #1041 ), #442, .T. ) ;
#420 = AXIS2_PLACEMENT_3D ( 'NONE', #144, #941, #1719 ) ;
#421 = ORIENTED_EDGE ( 'NONE', *, *, #67, .F. ) ;
#422 = DIRECTION ( 'NONE',  ( 1.000000000000000000, 0.000000000000000000, 0.000000000000000000 ) ) ;
#423 = AXIS2_PLACEMENT_3D ( 'NONE', #1793, #811, #1601 ) ;
#424 = VERTEX_POINT ( 'NONE', #2452 ) ;
#425 = AXIS2_PLACEMENT_3D ( 'NONE', #1732, #137, #1114 ) ;
#426 = ORIENTED_EDGE ( 'NONE', *, *, #402, .F. ) ;
#427 = CARTESIAN_POINT ( 'NONE',  ( 0.9999999999999983347, 72.50000000000001421, -32.50000000000000711 ) ) ;
#428 = LINE ( 'NONE', #1434, #1702 ) ;
#429 = CARTESIAN_POINT ( 'NONE',  ( 52.50000000000000000, 75.50000000000001421, -29.00000000000000000 ) ) ;
#430 = DIRECTION ( 'NONE',  ( 0.000000000000000000, 1.000000000000000000, 0.000000000000000000 ) ) ;
#431 = DIRECTION ( 'NONE',  ( -1.000000000000000000, 0.000000000000000000, -0.000000000000000000 ) ) ;
#432 = EDGE_CURVE ( 'NONE', #1963, #1174, #2430, .T. ) ;
#433 = ORIENTED_EDGE ( 'NONE', *, *, #728, .F. ) ;
#434 = DIRECTION ( 'NONE',  ( 0.000000000000000000, 0.000000000000000000, 1.000000000000000000 ) ) ;
#435 = EDGE_LOOP ( 'NONE', ( #1913, #2493, #1703, #282 ) ) ;
#436 = EDGE_CURVE ( 'NONE', #648, #1201, #1650, .T. ) ;
#437 = VECTOR ( 'NONE', #1603, 1000.000000000000000 ) ;
#438 = ORIENTED_EDGE ( 'NONE', *, *, #2370, .F. ) ;
#439 = CARTESIAN_POINT ( 'NONE',  ( 5.999999999999998224, 72.50000000000001421, 60.00000000000000000 ) ) ;
#440 = DIRECTION ( 'NONE',  ( 0.000000000000000000, 1.000000000000000000, 0.000000000000000000 ) ) ;
#441 = DIRECTION ( 'NONE',  ( 0.000000000000000000, 1.000000000000000000, 0.000000000000000000 ) ) ;
#442 = CYLINDRICAL_SURFACE ( 'NONE', #997, 6.499999999999995559 ) ;
#443 = LINE ( 'NONE', #1068, #796 ) ;
#444 = CARTESIAN_POINT ( 'NONE',  ( -1.457393735585154060, 72.50000000000001421, 44.50941066690099746 ) ) ;
#445 = CARTESIAN_POINT ( 'NONE',  ( 136.0000000000000000, 75.50000000000001421, -19.00000000000001776 ) ) ;
#446 = ORIENTED_EDGE ( 'NONE', *, *, #1923, .T. ) ;
#447 = ADVANCED_FACE ( 'NONE', ( #1820 ), #78, .T. ) ;
#448 = VECTOR ( 'NONE', #2342, 1000.000000000000000 ) ;
#449 = VERTEX_POINT ( 'NONE', #634 ) ;
#450 = LINE ( 'NONE', #1204, #89 ) ;
#451 = DIRECTION ( 'NONE',  ( 0.000000000000000000, -0.000000000000000000, 1.000000000000000000 ) ) ;
#452 = DIRECTION ( 'NONE',  ( 1.000000000000000000, 0.000000000000000000, 0.000000000000000000 ) ) ;
#453 = CARTESIAN_POINT ( 'NONE',  ( 10.15331193145903299, 72.50000000000001421, -39.00000000000000000 ) ) ;
#454 = DIRECTION ( 'NONE',  ( 0.000000000000000000, 1.000000000000000000, 0.000000000000000000 ) ) ;
#455 = LINE ( 'NONE', #1057, #566 ) ;
#456 = CARTESIAN_POINT ( 'NONE',  ( 52.50000000000000000, 72.50000000000001421, 28.99999999999999645 ) ) ;
#457 = AXIS2_PLACEMENT_3D ( 'NONE', #2434, #311, #869 ) ;
#458 = VERTEX_POINT ( 'NONE', #1423 ) ;
#459 = EDGE_CURVE ( 'NONE', #1863, #771, #843, .T. ) ;
#460 = ORIENTED_EDGE ( 'NONE', *, *, #2079, .F. ) ;
#461 = DIRECTION ( 'NONE',  ( 1.000000000000000000, 0.000000000000000000, 0.000000000000000000 ) ) ;
#462 = AXIS2_PLACEMENT_3D ( 'NONE', #1137, #532, #355 ) ;
#463 = CARTESIAN_POINT ( 'NONE',  ( -0.01556443707464560261, 72.50000000000001421, -60.00000000000000000 ) ) ;
#464 = LINE ( 'NONE', #2172, #1078 ) ;
#465 = DIRECTION ( 'NONE',  ( 0.000000000000000000, 1.000000000000000000, 0.000000000000000000 ) ) ;
#466 = CARTESIAN_POINT ( 'NONE',  ( -27.89140951198345775, 75.50000000000001421, 60.77533728168451432 ) ) ;
#467 = CYLINDRICAL_SURFACE ( 'NONE', #1677, 3.000000000000002665 ) ;
#468 = FACE_OUTER_BOUND ( 'NONE', #1691, .T. ) ;
#469 = AXIS2_PLACEMENT_3D ( 'NONE', #1122, #1303, #337 ) ;
#470 = ORIENTED_EDGE ( 'NONE', *, *, #684, .F. ) ;
#471 = ORIENTED_EDGE ( 'NONE', *, *, #432, .T. ) ;
#472 = ORIENTED_EDGE ( 'NONE', *, *, #2498, .F. ) ;
#473 = CARTESIAN_POINT ( 'NONE',  ( 52.50000000000000000, 72.50000000000001421, -29.00000000000000000 ) ) ;
#474 = ADVANCED_FACE ( 'NONE', ( #2046 ), #288, .F. ) ;
#475 = CARTESIAN_POINT ( 'NONE',  ( 5.999999999999998224, 75.50000000000001421, 35.50000000000000711 ) ) ;
#476 = LINE ( 'NONE', #932, #1946 ) ;
#477 = DIRECTION ( 'NONE',  ( 0.000000000000000000, 1.000000000000000000, 0.000000000000000000 ) ) ;
#478 = CARTESIAN_POINT ( 'NONE',  ( -30.00000000000000355, 72.50000000000001421, 57.49999999999999289 ) ) ;
#479 = EDGE_CURVE ( 'NONE', #1587, #1992, #2220, .T. ) ;
#480 = VERTEX_POINT ( 'NONE', #1686 ) ;
#481 = ADVANCED_FACE ( 'NONE', ( #2268 ), #1099, .F. ) ;
#482 = VERTEX_POINT ( 'NONE', #301 ) ;
#483 = CARTESIAN_POINT ( 'NONE',  ( -31.00000000000000355, 75.50000000000001421, 52.64589803375031352 ) ) ;
#484 = EDGE_CURVE ( 'NONE', #946, #480, #1936, .T. ) ;
#485 = ORIENTED_EDGE ( 'NONE', *, *, #1169, .T. ) ;
#486 = ORIENTED_EDGE ( 'NONE', *, *, #1215, .F. ) ;
#487 = ORIENTED_EDGE ( 'NONE', *, *, #1698, .T. ) ;
#488 = CARTESIAN_POINT ( 'NONE',  ( 2.000000000000007994, 75.50000000000001421, -52.00000000000000000 ) ) ;
#489 = ORIENTED_EDGE ( 'NONE', *, *, #703, .F. ) ;
#490 = LINE ( 'NONE', #2253, #1166 ) ;
#491 = CARTESIAN_POINT ( 'NONE',  ( 0.2180848403251383627, 75.50000000000001421, 36.96975707530466337 ) ) ;
#492 = CARTESIAN_POINT ( 'NONE',  ( 62.49999999999999289, 75.50000000000001421, -34.00000000000000000 ) ) ;
#493 = PLANE ( 'NONE',  #2149 ) ;
#494 = VERTEX_POINT ( 'NONE', #1612 ) ;
#495 = EDGE_CURVE ( 'NONE', #653, #1792, #428, .T. ) ;
#496 = DIRECTION ( 'NONE',  ( 1.000000000000000000, 0.000000000000000000, 0.000000000000000000 ) ) ;
#497 = DIRECTION ( 'NONE',  ( 0.000000000000000000, 0.000000000000000000, 1.000000000000000000 ) ) ;
#498 = ORIENTED_EDGE ( 'NONE', *, *, #2371, .F. ) ;
#499 = AXIS2_PLACEMENT_3D ( 'NONE', #1302, #1315, #103 ) ;
#500 = ORIENTED_EDGE ( 'NONE', *, *, #2148, .F. ) ;
#501 = ORIENTED_EDGE ( 'NONE', *, *, #1337, .T. ) ;
#502 = DIRECTION ( 'NONE',  ( -0.000000000000000000, 1.000000000000000000, 0.000000000000000000 ) ) ;
#503 = CARTESIAN_POINT ( 'NONE',  ( 11.00000000000000000, 72.50000000000001421, -32.50000000000000711 ) ) ;
#504 = DIRECTION ( 'NONE',  ( 0.000000000000000000, 0.000000000000000000, 1.000000000000000000 ) ) ;
#505 = CARTESIAN_POINT ( 'NONE',  ( 5.999999999999998224, 75.50000000000001421, -34.00000000000000000 ) ) ;
#506 = DIRECTION ( 'NONE',  ( -0.000000000000000000, 1.000000000000000000, -0.000000000000000000 ) ) ;
#507 = CIRCLE ( 'NONE', #1662, 1.500000000000001332 ) ;
#508 = DIRECTION ( 'NONE',  ( 0.000000000000000000, 0.000000000000000000, 1.000000000000000000 ) ) ;
#509 = CARTESIAN_POINT ( 'NONE',  ( 56.08394202048410193, 72.50000000000001421, 38.79528724881517121 ) ) ;
#510 = VECTOR ( 'NONE', #2214, 1000.000000000000000 ) ;
#511 = PRODUCT_DEFINITION_SHAPE ( 'NONE', 'NONE',  #2497 ) ;
#512 = EDGE_CURVE ( 'NONE', #780, #424, #63, .T. ) ;
#513 = ORIENTED_EDGE ( 'NONE', *, *, #1698, .F. ) ;
#514 = CIRCLE ( 'NONE', #1177, 1.500000000000001332 ) ;
#515 = ORIENTED_EDGE ( 'NONE', *, *, #371, .F. ) ;
#516 = ORIENTED_EDGE ( 'NONE', *, *, #2148, .T. ) ;
#517 = ADVANCED_FACE ( 'NONE', ( #2395 ), #779, .T. ) ;
#518 = DIRECTION ( 'NONE',  ( 0.2169304578186556642, 0.000000000000000000, -0.9761870601839528483 ) ) ;
#519 = CARTESIAN_POINT ( 'NONE',  ( 128.0638000359680007, 75.50000000000001421, -56.99999999999999289 ) ) ;
#520 = ORIENTED_EDGE ( 'NONE', *, *, #214, .F. ) ;
#521 = LINE ( 'NONE', #2295, #1297 ) ;
#522 = LINE ( 'NONE', #1308, #1940 ) ;
#523 = ORIENTED_EDGE ( 'NONE', *, *, #1393, .T. ) ;
#524 = ORIENTED_EDGE ( 'NONE', *, *, #1415, .T. ) ;
#525 = ADVANCED_FACE ( 'NONE', ( #1052 ), #2008, .F. ) ;
#526 = DIRECTION ( 'NONE',  ( 0.000000000000000000, 1.000000000000000000, 0.000000000000000000 ) ) ;
#527 = CARTESIAN_POINT ( 'NONE',  ( 0.9999999999999983347, 72.50000000000001421, -32.50000000000000711 ) ) ;
#528 = PRODUCT ( 'electronics Mount_3mm polycarbonate_ qty 1', 'electronics Mount_3mm polycarbonate_ qty 1', '', ( #973 ) ) ;
#529 = LINE ( 'NONE', #922, #630 ) ;
#530 = CIRCLE ( 'NONE', #1197, 3.000000000000002665 ) ;
#531 = FACE_OUTER_BOUND ( 'NONE', #1291, .T. ) ;
#532 = DIRECTION ( 'NONE',  ( 0.000000000000000000, 1.000000000000000000, 0.000000000000000000 ) ) ;
#533 = VECTOR ( 'NONE', #205, 1000.000000000000000 ) ;
#534 = ORIENTED_EDGE ( 'NONE', *, *, #320, .F. ) ;
#535 = ORIENTED_EDGE ( 'NONE', *, *, #825, .T. ) ;
#536 = EDGE_LOOP ( 'NONE', ( #1048, #1225, #696, #1657 ) ) ;
#537 = ORIENTED_EDGE ( 'NONE', *, *, #2413, .T. ) ;
#538 = VECTOR ( 'NONE', #1277, 1000.000000000000000 ) ;
#539 = VECTOR ( 'NONE', #1193, 1000.000000000000000 ) ;
#540 = ADVANCED_FACE ( 'NONE', ( #1829 ), #1221, .F. ) ;
#541 = CARTESIAN_POINT ( 'NONE',  ( 136.0000000000000000, 72.50000000000001421, -34.00000000000000000 ) ) ;
#542 = CYLINDRICAL_SURFACE ( 'NONE', #1382, 1.500000000000001332 ) ;
#543 = VECTOR ( 'NONE', #1443, 1000.000000000000000 ) ;
#544 = EDGE_LOOP ( 'NONE', ( #996, #579, #361, #293 ) ) ;
#545 = PLANE ( 'NONE',  #1345 ) ;
#546 = DIRECTION ( 'NONE',  ( 0.000000000000000000, 0.000000000000000000, 1.000000000000000000 ) ) ;
#547 = VECTOR ( 'NONE', #925, 1000.000000000000000 ) ;
#548 = ORIENTED_EDGE ( 'NONE', *, *, #1982, .T. ) ;
#549 = AXIS2_PLACEMENT_3D ( 'NONE', #2293, #506, #2058 ) ;
#550 = ORIENTED_EDGE ( 'NONE', *, *, #2492, .T. ) ;
#551 = DIRECTION ( 'NONE',  ( 0.000000000000000000, 1.000000000000000000, 0.000000000000000000 ) ) ;
#552 = ORIENTED_EDGE ( 'NONE', *, *, #1176, .F. ) ;
#553 = AXIS2_PLACEMENT_3D ( 'NONE', #943, #704, #1493 ) ;
#554 = AXIS2_PLACEMENT_3D ( 'NONE', #1288, #1361, #204 ) ;
#555 = DIRECTION ( 'NONE',  ( 0.000000000000000000, 0.000000000000000000, 1.000000000000000000 ) ) ;
#556 = CARTESIAN_POINT ( 'NONE',  ( 0.2180848403251401113, 72.50000000000001421, -36.96975707530465627 ) ) ;
#557 = APPLICATION_PROTOCOL_DEFINITION ( 'draft international standard', 'automotive_design', 1998, #608 ) ;
#558 = CARTESIAN_POINT ( 'NONE',  ( 133.0000000000000000, 75.50000000000001421, 56.99999999999999289 ) ) ;
#559 = DIRECTION ( 'NONE',  ( 0.000000000000000000, 1.000000000000000000, 0.000000000000000000 ) ) ;
#560 = DIRECTION ( 'NONE',  ( 0.000000000000000000, 1.000000000000000000, 0.000000000000000000 ) ) ;
#561 = EDGE_CURVE ( 'NONE', #151, #61, #243, .T. ) ;
#562 = EDGE_LOOP ( 'NONE', ( #568, #1506 ) ) ;
#563 = ORIENTED_EDGE ( 'NONE', *, *, #2115, .F. ) ;
#564 = DIRECTION ( 'NONE',  ( 0.000000000000000000, 1.000000000000000000, 0.000000000000000000 ) ) ;
#565 = EDGE_CURVE ( 'NONE', #1309, #1533, #1027, .T. ) ;
#566 = VECTOR ( 'NONE', #638, 1000.000000000000000 ) ;
#567 = VECTOR ( 'NONE', #1475, 1000.000000000000000 ) ;
#568 = ORIENTED_EDGE ( 'NONE', *, *, #329, .F. ) ;
#569 = AXIS2_PLACEMENT_3D ( 'NONE', #183, #975, #3 ) ;
#570 = DIRECTION ( 'NONE',  ( 1.000000000000000000, 0.000000000000000000, 0.000000000000000000 ) ) ;
#571 = DIRECTION ( 'NONE',  ( -0.000000000000000000, -1.000000000000000000, -0.000000000000000000 ) ) ;
#572 = DIRECTION ( 'NONE',  ( 1.000000000000000000, 0.000000000000000000, 0.000000000000000000 ) ) ;
#573 = CARTESIAN_POINT ( 'NONE',  ( 4.015564437074661264, 72.50000000000001421, -60.00000000000000000 ) ) ;
#574 = FACE_OUTER_BOUND ( 'NONE', #1664, .T. ) ;
#575 = FACE_OUTER_BOUND ( 'NONE', #2006, .T. ) ;
#576 = VECTOR ( 'NONE', #2039, 1000.000000000000227 ) ;
#577 = ADVANCED_FACE ( 'NONE', ( #2185, #1818, #51, #2340, #2353, #1626, #852, #1172, #2408, #578 ), #2211, .F. ) ;
#578 = FACE_OUTER_BOUND ( 'NONE', #1706, .T. ) ;
#579 = ORIENTED_EDGE ( 'NONE', *, *, #1120, .T. ) ;
#580 = CARTESIAN_POINT ( 'NONE',  ( -30.00000000000000355, 75.50000000000001421, -55.99999999999997868 ) ) ;
#581 = ORIENTED_EDGE ( 'NONE', *, *, #2257, .T. ) ;
#582 = EDGE_LOOP ( 'NONE', ( #1521, #2066, #367, #486 ) ) ;
#583 = CARTESIAN_POINT ( 'NONE',  ( 8.304476866254374201, 72.50000000000001421, -46.67871524508755243 ) ) ;
#584 = DIRECTION ( 'NONE',  ( 1.000000000000000000, 0.000000000000000000, 0.000000000000000000 ) ) ;
#585 = VECTOR ( 'NONE', #2265, 1000.000000000000000 ) ;
#586 = VECTOR ( 'NONE', #1447, 1000.000000000000000 ) ;
#587 = LINE ( 'NONE', #2322, #1086 ) ;
#588 = CARTESIAN_POINT ( 'NONE',  ( -31.00000000000000355, 75.50000000000001421, -56.99999999999999289 ) ) ;
#589 = DIRECTION ( 'NONE',  ( 0.000000000000000000, 0.000000000000000000, 1.000000000000000000 ) ) ;
#590 = VERTEX_POINT ( 'NONE', #620 ) ;
#591 = DIRECTION ( 'NONE',  ( -1.000000000000000000, 0.000000000000000000, 0.000000000000000000 ) ) ;
#592 = ADVANCED_FACE ( 'NONE', ( #2020 ), #1933, .F. ) ;
#593 = VECTOR ( 'NONE', #1424, 1000.000000000000000 ) ;
#594 = ORIENTED_EDGE ( 'NONE', *, *, #1705, .F. ) ;
#595 = ORIENTED_EDGE ( 'NONE', *, *, #2016, .F. ) ;
#596 = ORIENTED_EDGE ( 'NONE', *, *, #2143, .F. ) ;
#597 = DIRECTION ( 'NONE',  ( -1.000000000000000000, 0.000000000000000000, 0.000000000000000000 ) ) ;
#598 = CIRCLE ( 'NONE', #2237, 8.250000000000003553 ) ;
#599 = EDGE_CURVE ( 'NONE', #494, #2471, #824, .T. ) ;
#600 = CARTESIAN_POINT ( 'NONE',  ( 132.0000000000000000, 72.50000000000001421, 57.49999999999998579 ) ) ;
#601 = DIRECTION ( 'NONE',  ( -0.000000000000000000, 0.000000000000000000, 1.000000000000000000 ) ) ;
#602 = LINE ( 'NONE', #752, #50 ) ;
#603 = ORIENTED_EDGE ( 'NONE', *, *, #2384, .T. ) ;
#604 = LINE ( 'NONE', #412, #919 ) ;
#605 = VERTEX_POINT ( 'NONE', #2198 ) ;
#606 = EDGE_CURVE ( 'NONE', #271, #2379, #173, .T. ) ;
#607 = VERTEX_POINT ( 'NONE', #964 ) ;
#609 = CARTESIAN_POINT ( 'NONE',  ( 10.15331193145903299, 75.50000000000001421, -39.00000000000000000 ) ) ;
#608 = APPLICATION_CONTEXT ( 'automotive_design' ) ;
#610 = DIRECTION ( 'NONE',  ( 0.000000000000000000, 0.000000000000000000, 1.000000000000000000 ) ) ;
#611 = CARTESIAN_POINT ( 'NONE',  ( 2.000000000000007994, 72.50000000000001421, -52.00000000000000000 ) ) ;
#612 = LINE ( 'NONE', #1388, #1550 ) ;
#613 = CARTESIAN_POINT ( 'NONE',  ( 132.0000000000000000, 72.50000000000001421, 55.99999999999999289 ) ) ;
#614 = EDGE_LOOP ( 'NONE', ( #2207, #831, #1534, #1321 ) ) ;
#615 = CARTESIAN_POINT ( 'NONE',  ( 11.00000000000000000, 75.50000000000001421, 29.00000000000000355 ) ) ;
#616 = ORIENTED_EDGE ( 'NONE', *, *, #599, .F. ) ;
#617 = ORIENTED_EDGE ( 'NONE', *, *, #1191, .T. ) ;
#618 = FACE_OUTER_BOUND ( 'NONE', #2076, .T. ) ;
#619 = ADVANCED_FACE ( 'NONE', ( #2532 ), #1556, .T. ) ;
#620 = CARTESIAN_POINT ( 'NONE',  ( -26.49893412826832062, 75.50000000000001421, -50.52345567334693754 ) ) ;
#621 = LINE ( 'NONE', #2396, #999 ) ;
#622 = CYLINDRICAL_SURFACE ( 'NONE', #108, 8.250000000000000000 ) ;
#623 = DIRECTION ( 'NONE',  ( -0.000000000000000000, 1.000000000000000000, -0.000000000000000000 ) ) ;
#624 = VERTEX_POINT ( 'NONE', #2544 ) ;
#625 = DIRECTION ( 'NONE',  ( -0.2832115959031780150, 0.000000000000000000, 0.9590574497630343087 ) ) ;
#626 = ADVANCED_FACE ( 'NONE', ( #1895 ), #2266, .F. ) ;
#627 = ORIENTED_EDGE ( 'NONE', *, *, #401, .F. ) ;
#628 = AXIS2_PLACEMENT_3D ( 'NONE', #1888, #1912, #124 ) ;
#629 = ORIENTED_EDGE ( 'NONE', *, *, #320, .T. ) ;
#630 = VECTOR ( 'NONE', #134, 1000.000000000000000 ) ;
#631 = LINE ( 'NONE', #1609, #2269 ) ;
#632 = DIRECTION ( 'NONE',  ( 0.000000000000000000, 0.000000000000000000, 1.000000000000000000 ) ) ;
#633 = DIRECTION ( 'NONE',  ( 0.000000000000000000, 0.000000000000000000, 1.000000000000000000 ) ) ;
#634 = CARTESIAN_POINT ( 'NONE',  ( 5.999999999999998224, 72.50000000000001421, -32.50000000000000711 ) ) ;
#635 = CARTESIAN_POINT ( 'NONE',  ( 11.00000000000000000, 72.50000000000001421, -32.50000000000000711 ) ) ;
#636 = ORIENTED_EDGE ( 'NONE', *, *, #2337, .T. ) ;
#637 = ADVANCED_FACE ( 'NONE', ( #904 ), #323, .T. ) ;
#638 = DIRECTION ( 'NONE',  ( 1.000000000000000000, 0.000000000000000000, 0.000000000000000000 ) ) ;
#639 = DIRECTION ( 'NONE',  ( 0.000000000000000000, 1.000000000000000000, 0.000000000000000000 ) ) ;
#640 = ORIENTED_EDGE ( 'NONE', *, *, #1026, .F. ) ;
#641 = VERTEX_POINT ( 'NONE', #2436 ) ;
#642 = LINE ( 'NONE', #242, #1333 ) ;
#643 = CIRCLE ( 'NONE', #1554, 6.500000000000002665 ) ;
#644 = CARTESIAN_POINT ( 'NONE',  ( 5.999999999999998224, 72.50000000000001421, -34.00000000000000000 ) ) ;
#645 = CARTESIAN_POINT ( 'NONE',  ( 132.0000000000000000, 75.50000000000001421, -56.00000000000000711 ) ) ;
#646 = CARTESIAN_POINT ( 'NONE',  ( 62.49999999999999289, 72.50000000000001421, -34.00000000000000000 ) ) ;
#647 = DIRECTION ( 'NONE',  ( 1.000000000000000000, 0.000000000000000000, 0.000000000000000000 ) ) ;
#648 = VERTEX_POINT ( 'NONE', #2291 ) ;
#649 = DIRECTION ( 'NONE',  ( 0.000000000000000000, 1.000000000000000000, 0.000000000000000000 ) ) ;
#650 = EDGE_CURVE ( 'NONE', #797, #1880, #490, .T. ) ;
#651 = ORIENTED_EDGE ( 'NONE', *, *, #214, .T. ) ;
#652 = AXIS2_PLACEMENT_3D ( 'NONE', #1226, #649, #237 ) ;
#653 = VERTEX_POINT ( 'NONE', #130 ) ;
#654 = LINE ( 'NONE', #1433, #879 ) ;
#655 = VECTOR ( 'NONE', #1542, 1000.000000000000000 ) ;
#656 = CARTESIAN_POINT ( 'NONE',  ( 62.49999999999999289, 72.50000000000001421, 30.26305804582443670 ) ) ;
#657 = CARTESIAN_POINT ( 'NONE',  ( 52.50000000000000000, 72.50000000000001421, -29.00000000000000000 ) ) ;
#658 = DIRECTION ( 'NONE',  ( 1.000000000000000000, 0.000000000000000000, 0.000000000000000000 ) ) ;
#659 = FACE_OUTER_BOUND ( 'NONE', #435, .T. ) ;
#660 = VECTOR ( 'NONE', #1249, 1000.000000000000000 ) ;
#661 = LINE ( 'NONE', #910, #359 ) ;
#662 = DIRECTION ( 'NONE',  ( 0.000000000000000000, 1.000000000000000000, 0.000000000000000000 ) ) ;
#663 = CIRCLE ( 'NONE', #2096, 8.250000000000003553 ) ;
#664 = AXIS2_PLACEMENT_3D ( 'NONE', #2347, #747, #1729 ) ;
#665 = ORIENTED_EDGE ( 'NONE', *, *, #1611, .F. ) ;
#666 = EDGE_CURVE ( 'NONE', #1663, #2302, #1275, .T. ) ;
#667 = ORIENTED_EDGE ( 'NONE', *, *, #978, .T. ) ;
#668 = CARTESIAN_POINT ( 'NONE',  ( 136.0000000000000000, 69.50000000000000000, 52.64589803375031352 ) ) ;
#669 = EDGE_CURVE ( 'NONE', #281, #607, #928, .T. ) ;
#670 = ADVANCED_BREP_SHAPE_REPRESENTATION ( 'electronics Mount_3mm polycarbonate_ qty 1', ( #356, #1541 ), #965 ) ;
#671 = VECTOR ( 'NONE', #54, 1000.000000000000114 ) ;
#672 = LINE ( 'NONE', #119, #1681 ) ;
#673 = FACE_OUTER_BOUND ( 'NONE', #2195, .T. ) ;
#674 = DIRECTION ( 'NONE',  ( 0.000000000000000000, 1.000000000000000000, 0.000000000000000000 ) ) ;
#675 = EDGE_CURVE ( 'NONE', #1663, #1751, #672, .T. ) ;
#676 = CARTESIAN_POINT ( 'NONE',  ( -0.01556443707464560261, 72.50000000000001421, 60.00000000000000000 ) ) ;
#677 = DIRECTION ( 'NONE',  ( 0.000000000000000000, 1.000000000000000000, 0.000000000000000000 ) ) ;
#678 = DIRECTION ( 'NONE',  ( 0.000000000000000000, 1.000000000000000000, 0.000000000000000000 ) ) ;
#679 = AXIS2_PLACEMENT_3D ( 'NONE', #1900, #601, #2187 ) ;
#680 = ORIENTED_EDGE ( 'NONE', *, *, #1298, .T. ) ;
#681 = VERTEX_POINT ( 'NONE', #2044 ) ;
#682 = EDGE_LOOP ( 'NONE', ( #147, #1126, #938, #426 ) ) ;
#683 = DIRECTION ( 'NONE',  ( 0.000000000000000000, 1.000000000000000000, 0.000000000000000000 ) ) ;
#684 = EDGE_CURVE ( 'NONE', #1313, #198, #643, .T. ) ;
#685 = ORIENTED_EDGE ( 'NONE', *, *, #1568, .T. ) ;
#686 = DIRECTION ( 'NONE',  ( 0.000000000000000000, 1.000000000000000000, 0.000000000000000000 ) ) ;
#687 = EDGE_CURVE ( 'NONE', #2179, #1285, #1869, .T. ) ;
#688 = DIRECTION ( 'NONE',  ( 0.000000000000000000, 1.000000000000000000, 0.000000000000000000 ) ) ;
#689 = CARTESIAN_POINT ( 'NONE',  ( 2.000000000000008438, 72.50000000000001421, -55.25000000000000000 ) ) ;
#690 = CARTESIAN_POINT ( 'NONE',  ( -31.00000000000000355, 69.50000000000000000, 60.00000000000000000 ) ) ;
#691 = CIRCLE ( 'NONE', #2248, 1.499999999999994449 ) ;
#692 = CARTESIAN_POINT ( 'NONE',  ( 136.0000000000000000, 75.50000000000001421, 56.99999999999999289 ) ) ;
#693 = DIRECTION ( 'NONE',  ( 0.000000000000000000, 1.000000000000000000, 0.000000000000000000 ) ) ;
#694 = AXIS2_PLACEMENT_3D ( 'NONE', #27, #1399, #1207 ) ;
#695 = VERTEX_POINT ( 'NONE', #1683 ) ;
#696 = ORIENTED_EDGE ( 'NONE', *, *, #138, .T. ) ;
#697 = CARTESIAN_POINT ( 'NONE',  ( -31.00000000000000000, 75.50000000000001421, -60.00000000000000000 ) ) ;
#698 = VECTOR ( 'NONE', #1787, 1000.000000000000000 ) ;
#699 = CARTESIAN_POINT ( 'NONE',  ( 5.999999999999998224, 72.50000000000001421, 34.00000000000000000 ) ) ;
#700 = CARTESIAN_POINT ( 'NONE',  ( -30.00000000000000355, 72.50000000000001421, -54.49999999999997868 ) ) ;
#701 = CARTESIAN_POINT ( 'NONE',  ( 2.000000000000007994, 72.50000000000001421, -52.00000000000000000 ) ) ;
#702 = FACE_OUTER_BOUND ( 'NONE', #1596, .T. ) ;
#703 = EDGE_CURVE ( 'NONE', #2404, #1533, #1020, .T. ) ;
#704 = DIRECTION ( 'NONE',  ( 0.000000000000000000, 1.000000000000000000, 0.000000000000000000 ) ) ;
#705 = CARTESIAN_POINT ( 'NONE',  ( 132.0000000000000000, 72.50000000000001421, 55.99999999999999289 ) ) ;
#706 = ORIENTED_EDGE ( 'NONE', *, *, #666, .F. ) ;
#707 = EDGE_CURVE ( 'NONE', #2087, #2485, #982, .T. ) ;
#708 = AXIS2_PLACEMENT_3D ( 'NONE', #37, #1247, #1411 ) ;
#709 = VERTEX_POINT ( 'NONE', #475 ) ;
#710 = ORIENTED_EDGE ( 'NONE', *, *, #1983, .T. ) ;
#711 = ORIENTED_EDGE ( 'NONE', *, *, #1983, .F. ) ;
#712 = LINE ( 'NONE', #668, #2505 ) ;
#713 = PLANE ( 'NONE',  #2120 ) ;
#714 = CARTESIAN_POINT ( 'NONE',  ( -31.00000000000000355, 72.50000000000001421, -56.99999999999999289 ) ) ;
#715 = CARTESIAN_POINT ( 'NONE',  ( -21.68871125850729698, 75.50000000000001421, 60.00000000000000000 ) ) ;
#716 = VECTOR ( 'NONE', #803, 1000.000000000000000 ) ;
#717 = FACE_OUTER_BOUND ( 'NONE', #1782, .T. ) ;
#718 = CARTESIAN_POINT ( 'NONE',  ( -5.131701911385918358, 72.50000000000001421, 47.85255164623664115 ) ) ;
#719 = ADVANCED_FACE ( 'NONE', ( #1653 ), #713, .T. ) ;
#720 = ORIENTED_EDGE ( 'NONE', *, *, #1682, .F. ) ;
#721 = VECTOR ( 'NONE', #1081, 1000.000000000000114 ) ;
#722 = ORIENTED_EDGE ( 'NONE', *, *, #1320, .T. ) ;
#723 = CARTESIAN_POINT ( 'NONE',  ( -34.00000000000000000, 69.50000000000000000, 22.49999999999999289 ) ) ;
#724 = DIRECTION ( 'NONE',  ( 0.000000000000000000, 1.000000000000000000, 0.000000000000000000 ) ) ;
#725 = FACE_OUTER_BOUND ( 'NONE', #127, .T. ) ;
#726 = DIRECTION ( 'NONE',  ( 0.000000000000000000, 1.000000000000000000, 0.000000000000000000 ) ) ;
#727 = ORIENTED_EDGE ( 'NONE', *, *, #687, .F. ) ;
#728 = EDGE_CURVE ( 'NONE', #84, #681, #1109, .T. ) ;
#729 = VERTEX_POINT ( 'NONE', #2080 ) ;
#730 = CARTESIAN_POINT ( 'NONE',  ( 2.000000000000007994, 72.50000000000001421, 52.00000000000000000 ) ) ;
#731 = CARTESIAN_POINT ( 'NONE',  ( 7.499999999999992895, 75.50000000000001421, 29.00000000000000000 ) ) ;
#732 = VERTEX_POINT ( 'NONE', #1080 ) ;
#733 = AXIS2_PLACEMENT_3D ( 'NONE', #2043, #283, #1854 ) ;
#734 = DIRECTION ( 'NONE',  ( -0.000000000000000000, 1.000000000000000000, -0.000000000000000000 ) ) ;
#735 = CARTESIAN_POINT ( 'NONE',  ( -29.13175685787554059, 72.50000000000001421, -50.85255851454783738 ) ) ;
#736 = ORIENTED_EDGE ( 'NONE', *, *, #1788, .F. ) ;
#737 = VECTOR ( 'NONE', #194, 1000.000000000000000 ) ;
#738 = ORIENTED_EDGE ( 'NONE', *, *, #749, .F. ) ;
#739 = EDGE_CURVE ( 'NONE', #1853, #590, #76, .T. ) ;
#740 = ORIENTED_EDGE ( 'NONE', *, *, #1583, .F. ) ;
#741 = ORIENTED_EDGE ( 'NONE', *, *, #2303, .F. ) ;
#742 = ORIENTED_EDGE ( 'NONE', *, *, #2335, .T. ) ;
#743 = EDGE_CURVE ( 'NONE', #1017, #2448, #2487, .T. ) ;
#744 = AXIS2_PLACEMENT_3D ( 'NONE', #349, #746, #2375 ) ;
#745 = ADVANCED_FACE ( 'NONE', ( #1516 ), #1262, .T. ) ;
#746 = DIRECTION ( 'NONE',  ( 0.000000000000000000, 0.000000000000000000, 1.000000000000000000 ) ) ;
#747 = DIRECTION ( 'NONE',  ( 0.000000000000000000, 1.000000000000000000, 0.000000000000000000 ) ) ;
#748 = VECTOR ( 'NONE', #1190, 1000.000000000000000 ) ;
#749 = EDGE_CURVE ( 'NONE', #1876, #1924, #888, .T. ) ;
#750 = DIRECTION ( 'NONE',  ( 0.000000000000000000, 1.000000000000000000, 0.000000000000000000 ) ) ;
#751 = DIRECTION ( 'NONE',  ( 0.000000000000000000, 0.000000000000000000, 1.000000000000000000 ) ) ;
#752 = CARTESIAN_POINT ( 'NONE',  ( 5.999999999999998224, 72.50000000000001421, -60.00000000000000000 ) ) ;
#753 = ORIENTED_EDGE ( 'NONE', *, *, #1295, .T. ) ;
#754 = ORIENTED_EDGE ( 'NONE', *, *, #909, .F. ) ;
#755 = LINE ( 'NONE', #1694, #585 ) ;
#756 = EDGE_LOOP ( 'NONE', ( #1925, #2164, #2361, #2388 ) ) ;
#757 = ORIENTED_EDGE ( 'NONE', *, *, #1311, .F. ) ;
#758 = ORIENTED_EDGE ( 'NONE', *, *, #2399, .F. ) ;
#759 = VECTOR ( 'NONE', #734, 1000.000000000000000 ) ;
#760 = CARTESIAN_POINT ( 'NONE',  ( 136.0000000000000000, 72.50000000000001421, -56.99999999999999289 ) ) ;
#761 = DIRECTION ( 'NONE',  ( 0.000000000000000000, 1.000000000000000000, 0.000000000000000000 ) ) ;
#762 = ADVANCED_FACE ( 'NONE', ( #2318 ), #1155, .F. ) ;
#763 = DIRECTION ( 'NONE',  ( 0.000000000000000000, 1.000000000000000000, 0.000000000000000000 ) ) ;
#764 = CARTESIAN_POINT ( 'NONE',  ( -3.891354565493832851, 72.50000000000001421, -57.77533041337332520 ) ) ;
#765 = DIRECTION ( 'NONE',  ( 0.000000000000000000, 0.000000000000000000, 1.000000000000000000 ) ) ;
#766 = CIRCLE ( 'NONE', #1227, 1.499999999999994449 ) ;
#767 = DIRECTION ( 'NONE',  ( 0.000000000000000000, -0.000000000000000000, 1.000000000000000000 ) ) ;
#768 = ORIENTED_EDGE ( 'NONE', *, *, #2194, .F. ) ;
#769 = CARTESIAN_POINT ( 'NONE',  ( 128.0638000359680007, 72.50000000000001421, -60.00000000000000000 ) ) ;
#770 = AXIS2_PLACEMENT_3D ( 'NONE', #1928, #2538, #1939 ) ;
#771 = VERTEX_POINT ( 'NONE', #1752 ) ;
#772 = DIRECTION ( 'NONE',  ( 0.000000000000000000, 1.000000000000000000, 0.000000000000000000 ) ) ;
#773 = CARTESIAN_POINT ( 'NONE',  ( -30.00000000000000355, 75.50000000000001421, -49.49999999999997868 ) ) ;
#774 = CARTESIAN_POINT ( 'NONE',  ( 136.0000000000000000, 75.50000000000001421, -56.99999999999999289 ) ) ;
#775 = EDGE_CURVE ( 'NONE', #977, #2369, #1882, .T. ) ;
#776 = DIRECTION ( 'NONE',  ( 0.000000000000000000, 1.000000000000000000, 0.000000000000000000 ) ) ;
#777 = CARTESIAN_POINT ( 'NONE',  ( 56.77717383699619091, 72.50000000000001421, 38.99999999999997868 ) ) ;
#778 = AXIS2_PLACEMENT_3D ( 'NONE', #580, #1381, #212 ) ;
#779 = PLANE ( 'NONE',  #1610 ) ;
#780 = VERTEX_POINT ( 'NONE', #155 ) ;
#781 = DIRECTION ( 'NONE',  ( 1.000000000000000000, -0.000000000000000000, 0.000000000000000000 ) ) ;
#782 = ADVANCED_FACE ( 'NONE', ( #1526 ), #2332, .F. ) ;
#783 = ORIENTED_EDGE ( 'NONE', *, *, #1021, .T. ) ;
#784 = EDGE_CURVE ( 'NONE', #482, #2524, #1112, .T. ) ;
#785 = AXIS2_PLACEMENT_3D ( 'NONE', #646, #92, #105 ) ;
#786 = DIRECTION ( 'NONE',  ( 0.000000000000000000, 0.000000000000000000, 1.000000000000000000 ) ) ;
#787 = AXIS2_PLACEMENT_3D ( 'NONE', #77, #1842, #1602 ) ;
#788 = CARTESIAN_POINT ( 'NONE',  ( 126.6006772714286797, 72.50000000000001421, 59.61902114842296641 ) ) ;
#789 = CIRCLE ( 'NONE', #2180, 6.500000000000005329 ) ;
#790 = CARTESIAN_POINT ( 'NONE',  ( 11.00000000000000000, 72.50000000000001421, 29.00000000000000355 ) ) ;
#791 = PLANE ( 'NONE',  #694 ) ;
#792 = CARTESIAN_POINT ( 'NONE',  ( 5.999999999999998224, 75.50000000000001421, 34.00000000000000000 ) ) ;
#793 = VERTEX_POINT ( 'NONE', #760 ) ;
#794 = CARTESIAN_POINT ( 'NONE',  ( -31.00000000000000355, 72.50000000000001421, 52.64589803375031352 ) ) ;
#795 = EDGE_CURVE ( 'NONE', #1380, #590, #2537, .T. ) ;
#796 = VECTOR ( 'NONE', #828, 1000.000000000000227 ) ;
#797 = VERTEX_POINT ( 'NONE', #2132 ) ;
#798 = ORIENTED_EDGE ( 'NONE', *, *, #1511, .T. ) ;
#799 = CARTESIAN_POINT ( 'NONE',  ( 0.2180848403251401113, 75.50000000000001421, -36.96975707530465627 ) ) ;
#800 = AXIS2_PLACEMENT_3D ( 'NONE', #1489, #1908, #145 ) ;
#801 = CARTESIAN_POINT ( 'NONE',  ( -34.00000000000000000, 69.50000000000000000, 52.64589803375031352 ) ) ;
#802 =( NAMED_UNIT ( * ) PLANE_ANGLE_UNIT ( ) SI_UNIT ( $, .RADIAN. ) );
#803 = DIRECTION ( 'NONE',  ( 0.000000000000000000, 1.000000000000000000, 0.000000000000000000 ) ) ;
#804 = ORIENTED_EDGE ( 'NONE', *, *, #2048, .T. ) ;
#805 = ORIENTED_EDGE ( 'NONE', *, *, #118, .F. ) ;
#806 = LINE ( 'NONE', #2380, #368 ) ;
#807 = ORIENTED_EDGE ( 'NONE', *, *, #2016, .T. ) ;
#808 = EDGE_CURVE ( 'NONE', #2414, #983, #1646, .T. ) ;
#809 = AXIS2_PLACEMENT_3D ( 'NONE', #1641, #677, #877 ) ;
#810 = ORIENTED_EDGE ( 'NONE', *, *, #335, .F. ) ;
#811 = DIRECTION ( 'NONE',  ( 0.000000000000000000, 1.000000000000000000, 0.000000000000000000 ) ) ;
#812 = UNCERTAINTY_MEASURE_WITH_UNIT (LENGTH_MEASURE( 1.000000000000000082E-05 ), #1968, 'distance_accuracy_value', 'NONE');
#813 = DIRECTION ( 'NONE',  ( -0.000000000000000000, 1.000000000000000000, -0.000000000000000000 ) ) ;
#814 = CARTESIAN_POINT ( 'NONE',  ( 126.6006772714286797, 75.50000000000001421, 59.61902114842296641 ) ) ;
#815 = CARTESIAN_POINT ( 'NONE',  ( 8.304476866254374201, 72.50000000000001421, 46.67871524508755243 ) ) ;
#816 = VERTEX_POINT ( 'NONE', #2511 ) ;
#817 = EDGE_LOOP ( 'NONE', ( #1007, #534, #460, #125 ) ) ;
#818 = DIRECTION ( 'NONE',  ( 0.000000000000000000, 1.000000000000000000, 0.000000000000000000 ) ) ;
#819 = ORIENTED_EDGE ( 'NONE', *, *, #1320, .F. ) ;
#820 = EDGE_LOOP ( 'NONE', ( #1498, #1892 ) ) ;
#821 = DIRECTION ( 'NONE',  ( -0.000000000000000000, -1.000000000000000000, -0.000000000000000000 ) ) ;
#822 = ADVANCED_FACE ( 'NONE', ( #362 ), #1739, .T. ) ;
#823 = VERTEX_POINT ( 'NONE', #1916 ) ;
#824 = LINE ( 'NONE', #2422, #2142 ) ;
#825 = EDGE_CURVE ( 'NONE', #2508, #319, #1167, .T. ) ;
#826 = DIRECTION ( 'NONE',  ( 0.000000000000000000, 1.000000000000000000, 0.000000000000000000 ) ) ;
#827 = DIRECTION ( 'NONE',  ( 0.000000000000000000, 0.000000000000000000, 1.000000000000000000 ) ) ;
#828 = DIRECTION ( 'NONE',  ( 0.9590574497630341977, 0.000000000000000000, -0.2832115959031779595 ) ) ;
#829 = EDGE_CURVE ( 'NONE', #2087, #399, #2346, .T. ) ;
#830 = VECTOR ( 'NONE', #839, 1000.000000000000000 ) ;
#831 = ORIENTED_EDGE ( 'NONE', *, *, #33, .T. ) ;
#832 = DIRECTION ( 'NONE',  ( 0.000000000000000000, -0.000000000000000000, 1.000000000000000000 ) ) ;
#833 = EDGE_LOOP ( 'NONE', ( #868, #1154 ) ) ;
#834 = AXIS2_PLACEMENT_3D ( 'NONE', #2480, #693, #546 ) ;
#835 = ORIENTED_EDGE ( 'NONE', *, *, #1738, .T. ) ;
#836 = CARTESIAN_POINT ( 'NONE',  ( -30.00000000000000355, 75.50000000000001421, 55.99999999999999289 ) ) ;
#837 = ADVANCED_FACE ( 'NONE', ( #2145 ), #390, .F. ) ;
#838 = EDGE_LOOP ( 'NONE', ( #1937, #2345, #1990, #1607 ) ) ;
#839 = DIRECTION ( 'NONE',  ( 0.000000000000000000, 1.000000000000000000, 0.000000000000000000 ) ) ;
#840 = EDGE_CURVE ( 'NONE', #160, #793, #2526, .T. ) ;
#841 = CARTESIAN_POINT ( 'NONE',  ( 8.304476866254375977, 72.50000000000001421, 46.67871524508755243 ) ) ;
#842 = CIRCLE ( 'NONE', #18, 3.000000000000002665 ) ;
#843 = LINE ( 'NONE', #1628, #538 ) ;
#844 = LINE ( 'NONE', #1629, #593 ) ;
#845 = EDGE_CURVE ( 'NONE', #258, #1418, #2104, .T. ) ;
#846 = ORIENTED_EDGE ( 'NONE', *, *, #606, .F. ) ;
#847 = DIRECTION ( 'NONE',  ( 0.000000000000000000, 0.000000000000000000, 1.000000000000000000 ) ) ;
#848 = CARTESIAN_POINT ( 'NONE',  ( 133.0000000000000000, 75.50000000000001421, -56.99999999999999289 ) ) ;
#849 = EDGE_LOOP ( 'NONE', ( #369, #2523, #2251, #1624 ) ) ;
#850 = ORIENTED_EDGE ( 'NONE', *, *, #707, .F. ) ;
#851 = DIRECTION ( 'NONE',  ( 0.000000000000000000, 1.000000000000000000, 0.000000000000000000 ) ) ;
#852 = FACE_BOUND ( 'NONE', #820, .T. ) ;
#853 = DIRECTION ( 'NONE',  ( 0.000000000000000000, -1.000000000000000000, 0.000000000000000000 ) ) ;
#854 = CARTESIAN_POINT ( 'NONE',  ( -31.00000000000000355, 75.50000000000001421, -52.64589803375029931 ) ) ;
#855 = CARTESIAN_POINT ( 'NONE',  ( 133.8571428571428612, 72.50000000000001421, -49.77095349125060153 ) ) ;
#856 = ADVANCED_FACE ( 'NONE', ( #1763 ), #949, .T. ) ;
#857 = ADVANCED_FACE ( 'NONE', ( #1324 ), #1907, .T. ) ;
#858 = ORIENTED_EDGE ( 'NONE', *, *, #743, .T. ) ;
#859 = ADVANCED_FACE ( 'NONE', ( #2499 ), #1335, .F. ) ;
#860 = CARTESIAN_POINT ( 'NONE',  ( -34.00000000000000000, 75.50000000000001421, -52.64589803375029931 ) ) ;
#861 = EDGE_CURVE ( 'NONE', #1547, #86, #2177, .T. ) ;
#862 = EDGE_CURVE ( 'NONE', #482, #1406, #587, .T. ) ;
#863 = ORIENTED_EDGE ( 'NONE', *, *, #1537, .T. ) ;
#864 = EDGE_CURVE ( 'NONE', #2443, #1142, #1755, .T. ) ;
#865 = CIRCLE ( 'NONE', #2343, 3.000000000000002665 ) ;
#866 = EDGE_CURVE ( 'NONE', #2485, #2053, #2540, .T. ) ;
#867 = VERTEX_POINT ( 'NONE', #1387 ) ;
#868 = ORIENTED_EDGE ( 'NONE', *, *, #1191, .F. ) ;
#869 = DIRECTION ( 'NONE',  ( -1.000000000000000000, 0.000000000000000000, 0.000000000000000000 ) ) ;
#870 = EDGE_CURVE ( 'NONE', #1924, #45, #1446, .T. ) ;
#871 = VECTOR ( 'NONE', #1955, 1000.000000000000114 ) ;
#872 = CARTESIAN_POINT ( 'NONE',  ( 2.000000000000007994, 72.50000000000001421, 52.00000000000000000 ) ) ;
#873 = FACE_OUTER_BOUND ( 'NONE', #1334, .T. ) ;
#874 = DIRECTION ( 'NONE',  ( -0.000000000000000000, 0.000000000000000000, -1.000000000000000000 ) ) ;
#875 = DIRECTION ( 'NONE',  ( 0.000000000000000000, 1.000000000000000000, 0.000000000000000000 ) ) ;
#876 = AXIS2_PLACEMENT_3D ( 'NONE', #2255, #1831, #2213 ) ;
#877 = DIRECTION ( 'NONE',  ( 0.000000000000000000, 0.000000000000000000, 1.000000000000000000 ) ) ;
#878 = FACE_BOUND ( 'NONE', #1455, .T. ) ;
#879 = VECTOR ( 'NONE', #229, 1000.000000000000000 ) ;
#880 = ORIENTED_EDGE ( 'NONE', *, *, #970, .F. ) ;
#881 = EDGE_CURVE ( 'NONE', #607, #605, #2161, .T. ) ;
#882 = EDGE_LOOP ( 'NONE', ( #915, #211, #140, #550 ) ) ;
#883 = ORIENTED_EDGE ( 'NONE', *, *, #1899, .F. ) ;
#884 = CARTESIAN_POINT ( 'NONE',  ( -5.131701911385920134, 75.50000000000001421, 47.85255164623664825 ) ) ;
#885 = VECTOR ( 'NONE', #1240, 1000.000000000000000 ) ;
#886 = ORIENTED_EDGE ( 'NONE', *, *, #2257, .F. ) ;
#887 = ORIENTED_EDGE ( 'NONE', *, *, #353, .T. ) ;
#888 = LINE ( 'NONE', #1667, #567 ) ;
#889 = CARTESIAN_POINT ( 'NONE',  ( -31.00000000000000355, 72.50000000000001421, 56.99999999999999289 ) ) ;
#890 = FACE_OUTER_BOUND ( 'NONE', #1294, .T. ) ;
#891 = CARTESIAN_POINT ( 'NONE',  ( -2.013213469645133369, 75.50000000000001421, -47.01059947017090934 ) ) ;
#892 = ORIENTED_EDGE ( 'NONE', *, *, #1036, .T. ) ;
#893 = CARTESIAN_POINT ( 'NONE',  ( 10.15331193145904010, 75.50000000000001421, 39.00000000000000000 ) ) ;
#894 = CARTESIAN_POINT ( 'NONE',  ( 56.77717383699635434, 72.50000000000001421, 39.00000000000000000 ) ) ;
#895 = AXIS2_PLACEMENT_3D ( 'NONE', #1911, #1931, #170 ) ;
#896 = CIRCLE ( 'NONE', #469, 1.499999999999994449 ) ;
#897 = ORIENTED_EDGE ( 'NONE', *, *, #277, .F. ) ;
#898 = ADVANCED_FACE ( 'NONE', ( #2134 ), #1351, .T. ) ;
#899 = ORIENTED_EDGE ( 'NONE', *, *, #866, .F. ) ;
#900 = VERTEX_POINT ( 'NONE', #2 ) ;
#901 = DIRECTION ( 'NONE',  ( 0.000000000000000000, 1.000000000000000000, 0.000000000000000000 ) ) ;
#902 = EDGE_LOOP ( 'NONE', ( #21, #1692, #1296, #8 ) ) ;
#903 = VECTOR ( 'NONE', #1944, 1000.000000000000000 ) ;
#904 = FACE_OUTER_BOUND ( 'NONE', #345, .T. ) ;
#905 = CARTESIAN_POINT ( 'NONE',  ( 126.6006772714286512, 72.50000000000001421, -59.61902114842295219 ) ) ;
#906 = DIRECTION ( 'NONE',  ( 0.000000000000000000, 1.000000000000000000, 0.000000000000000000 ) ) ;
#907 = DIRECTION ( 'NONE',  ( 0.000000000000000000, 0.000000000000000000, -1.000000000000000000 ) ) ;
#908 = VECTOR ( 'NONE', #1695, 1000.000000000000000 ) ;
#909 = EDGE_CURVE ( 'NONE', #1485, #482, #352, .T. ) ;
#910 = CARTESIAN_POINT ( 'NONE',  ( 7.499999999999992895, 72.50000000000001421, 29.00000000000000000 ) ) ;
#911 = LINE ( 'NONE', #718, #1009 ) ;
#912 = COLOUR_RGB ( '',0.7921568627450980005, 0.8196078431372548767, 0.9333333333333333481 ) ;
#913 = EDGE_LOOP ( 'NONE', ( #2276, #2158, #315, #2052 ) ) ;
#914 = EDGE_LOOP ( 'NONE', ( #2167, #1310, #1440, #2101 ) ) ;
#915 = ORIENTED_EDGE ( 'NONE', *, *, #845, .F. ) ;
#916 = ORIENTED_EDGE ( 'NONE', *, *, #1352, .F. ) ;
#917 = EDGE_LOOP ( 'NONE', ( #1342, #1873, #1383, #81 ) ) ;
#918 = DIRECTION ( 'NONE',  ( 0.000000000000000000, 0.000000000000000000, 1.000000000000000000 ) ) ;
#919 = VECTOR ( 'NONE', #591, 1000.000000000000000 ) ;
#920 = CARTESIAN_POINT ( 'NONE',  ( -2.013213469645133369, 72.50000000000001421, -47.01059947017090934 ) ) ;
#921 = LINE ( 'NONE', #527, #1054 ) ;
#922 = CARTESIAN_POINT ( 'NONE',  ( 52.50000000000000000, 72.50000000000001421, -34.00000000000000000 ) ) ;
#923 = EDGE_CURVE ( 'NONE', #1659, #186, #379, .T. ) ;
#924 = DIRECTION ( 'NONE',  ( 0.000000000000000000, 1.000000000000000000, 0.000000000000000000 ) ) ;
#925 = DIRECTION ( 'NONE',  ( 0.000000000000000000, 1.000000000000000000, 0.000000000000000000 ) ) ;
#926 = ORIENTED_EDGE ( 'NONE', *, *, #1952, .T. ) ;
#927 = VECTOR ( 'NONE', #1151, 1000.000000000000000 ) ;
#928 = CIRCLE ( 'NONE', #254, 8.250000000000003553 ) ;
#929 = EDGE_LOOP ( 'NONE', ( #1661, #238, #2238, #2496 ) ) ;
#930 = ORIENTED_EDGE ( 'NONE', *, *, #2062, .T. ) ;
#931 = DIRECTION ( 'NONE',  ( -0.000000000000000000, -0.000000000000000000, 1.000000000000000000 ) ) ;
#932 = CARTESIAN_POINT ( 'NONE',  ( 2.000000000000007994, 72.50000000000001421, 55.25000000000000000 ) ) ;
#933 = LINE ( 'NONE', #1909, #1173 ) ;
#934 = AXIS2_PLACEMENT_3D ( 'NONE', #1553, #560, #381 ) ;
#935 = EDGE_CURVE ( 'NONE', #2087, #2261, #406, .T. ) ;
#936 = LINE ( 'NONE', #1136, #759 ) ;
#937 = PLANE ( 'NONE',  #628 ) ;
#938 = ORIENTED_EDGE ( 'NONE', *, *, #2431, .F. ) ;
#939 = AXIS2_PLACEMENT_3D ( 'NONE', #519, #724, #1517 ) ;
#940 = EDGE_LOOP ( 'NONE', ( #222, #548, #667, #1117 ) ) ;
#941 = DIRECTION ( 'NONE',  ( 0.000000000000000000, 1.000000000000000000, 0.000000000000000000 ) ) ;
#942 = LINE ( 'NONE', #1504, #1584 ) ;
#943 = CARTESIAN_POINT ( 'NONE',  ( 5.999999999999998224, 72.50000000000001421, -34.00000000000000000 ) ) ;
#944 = CARTESIAN_POINT ( 'NONE',  ( -34.00000000000000000, 75.50000000000001421, -56.99999999999999289 ) ) ;
#945 = EDGE_CURVE ( 'NONE', #2461, #867, #1745, .T. ) ;
#946 = VERTEX_POINT ( 'NONE', #182 ) ;
#947 = EDGE_CURVE ( 'NONE', #2302, #1880, #1577, .T. ) ;
#948 = ORIENTED_EDGE ( 'NONE', *, *, #1279, .T. ) ;
#949 = CYLINDRICAL_SURFACE ( 'NONE', #209, 6.499999999999999112 ) ;
#950 = CARTESIAN_POINT ( 'NONE',  ( 133.0000000000000000, 72.50000000000001421, -60.00000000000000000 ) ) ;
#951 = CARTESIAN_POINT ( 'NONE',  ( -34.00000000000000000, 69.50000000000000000, -56.99999999999999289 ) ) ;
#952 = FACE_OUTER_BOUND ( 'NONE', #2403, .T. ) ;
#953 = DIRECTION ( 'NONE',  ( 1.000000000000000000, 0.000000000000000000, 0.000000000000000000 ) ) ;
#954 = ORIENTED_EDGE ( 'NONE', *, *, #1682, .T. ) ;
#955 = CARTESIAN_POINT ( 'NONE',  ( 2.000000000000007994, 72.50000000000001421, -52.00000000000000000 ) ) ;
#956 = ORIENTED_EDGE ( 'NONE', *, *, #1261, .T. ) ;
#957 = EDGE_LOOP ( 'NONE', ( #1523, #754, #2341, #11 ) ) ;
#958 = EDGE_CURVE ( 'NONE', #360, #2443, #2300, .T. ) ;
#959 = DIRECTION ( 'NONE',  ( 0.000000000000000000, 0.000000000000000000, 1.000000000000000000 ) ) ;
#960 = LINE ( 'NONE', #972, #1014 ) ;
#961 = DIRECTION ( 'NONE',  ( 0.000000000000000000, 1.000000000000000000, 0.000000000000000000 ) ) ;
#962 = CARTESIAN_POINT ( 'NONE',  ( 2.000000000000007994, 72.50000000000001421, -52.00000000000000000 ) ) ;
#963 = CARTESIAN_POINT ( 'NONE',  ( 7.499999999999992895, 72.50000000000001421, -29.00000000000000000 ) ) ;
#964 = CARTESIAN_POINT ( 'NONE',  ( -1.457393735585154504, 72.50000000000001421, -44.50941066690099746 ) ) ;
#965 =( GEOMETRIC_REPRESENTATION_CONTEXT ( 3 ) GLOBAL_UNCERTAINTY_ASSIGNED_CONTEXT ( ( #1742 ) ) GLOBAL_UNIT_ASSIGNED_CONTEXT ( ( #1529, #1687, #146 ) ) REPRESENTATION_CONTEXT ( 'NONE', 'WORKASPACE' ) );
#966 = EDGE_LOOP ( 'NONE', ( #1065, #2040 ) ) ;
#967 = FACE_OUTER_BOUND ( 'NONE', #1893, .T. ) ;
#968 = VECTOR ( 'NONE', #313, 1000.000000000000000 ) ;
#969 = ORIENTED_EDGE ( 'NONE', *, *, #2003, .F. ) ;
#970 = EDGE_CURVE ( 'NONE', #1587, #387, #1376, .T. ) ;
#971 = CARTESIAN_POINT ( 'NONE',  ( -27.89140951198345775, 75.50000000000001421, -60.77533728168451432 ) ) ;
#972 = CARTESIAN_POINT ( 'NONE',  ( 62.49999999999999289, 72.50000000000001421, -34.00000000000000000 ) ) ;
#973 = PRODUCT_CONTEXT ( 'NONE', #2235, 'mechanical' ) ;
#974 = DIRECTION ( 'NONE',  ( 0.000000000000000000, 1.000000000000000000, 0.000000000000000000 ) ) ;
#975 = DIRECTION ( 'NONE',  ( 0.000000000000000000, 1.000000000000000000, 0.000000000000000000 ) ) ;
#976 = CARTESIAN_POINT ( 'NONE',  ( 129.4327932304604190, 75.50000000000001421, -50.02844665079261688 ) ) ;
#977 = VERTEX_POINT ( 'NONE', #1766 ) ;
#978 = EDGE_CURVE ( 'NONE', #624, #1762, #394, .T. ) ;
#979 = DIRECTION ( 'NONE',  ( 0.000000000000000000, 1.000000000000000000, 0.000000000000000000 ) ) ;
#980 = ORIENTED_EDGE ( 'NONE', *, *, #1036, .F. ) ;
#981 = DIRECTION ( 'NONE',  ( -0.000000000000000000, 1.000000000000000000, -0.000000000000000000 ) ) ;
#982 = CIRCLE ( 'NONE', #2331, 8.250000000000003553 ) ;
#983 = VERTEX_POINT ( 'NONE', #2364 ) ;
#984 = VERTEX_POINT ( 'NONE', #1730 ) ;
#985 = CARTESIAN_POINT ( 'NONE',  ( 126.6006772714286512, 72.50000000000001421, 59.61902114842295930 ) ) ;
#986 = CARTESIAN_POINT ( 'NONE',  ( -31.00000000000000355, 72.50000000000001421, -52.64589803375029931 ) ) ;
#987 = EDGE_CURVE ( 'NONE', #1865, #2102, #1563, .T. ) ;
#988 = LINE ( 'NONE', #219, #1200 ) ;
#989 = LINE ( 'NONE', #1956, #1108 ) ;
#990 = DIRECTION ( 'NONE',  ( 1.000000000000000000, 0.000000000000000000, -0.000000000000000000 ) ) ;
#991 = ADVANCED_FACE ( 'NONE', ( #2514 ), #1930, .F. ) ;
#992 = AXIS2_PLACEMENT_3D ( 'NONE', #1835, #1438, #832 ) ;
#993 = ORIENTED_EDGE ( 'NONE', *, *, #561, .T. ) ;
#994 = CARTESIAN_POINT ( 'NONE',  ( 5.999999999999998224, 72.50000000000001421, 60.00000000000000000 ) ) ;
#995 = AXIS2_PLACEMENT_3D ( 'NONE', #2528, #763, #1551 ) ;
#996 = ORIENTED_EDGE ( 'NONE', *, *, #1666, .F. ) ;
#997 = AXIS2_PLACEMENT_3D ( 'NONE', #1265, #674, #827 ) ;
#998 = VERTEX_POINT ( 'NONE', #774 ) ;
#999 = VECTOR ( 'NONE', #853, 1000.000000000000000 ) ;
#1000 = DIRECTION ( 'NONE',  ( 1.000000000000000000, 0.000000000000000000, 0.000000000000000000 ) ) ;
#1001 = CIRCLE ( 'NONE', #44, 3.000000000000002665 ) ;
#1002 = CARTESIAN_POINT ( 'NONE',  ( 132.0000000000000000, 72.50000000000001421, 54.50000000000000000 ) ) ;
#1003 = FACE_OUTER_BOUND ( 'NONE', #197, .T. ) ;
#1004 = DIRECTION ( 'NONE',  ( 0.000000000000000000, 0.000000000000000000, 1.000000000000000000 ) ) ;
#1005 = ORIENTED_EDGE ( 'NONE', *, *, #2090, .T. ) ;
#1006 = EDGE_CURVE ( 'NONE', #2144, #2192, #988, .T. ) ;
#1007 = ORIENTED_EDGE ( 'NONE', *, *, #206, .F. ) ;
#1008 = CARTESIAN_POINT ( 'NONE',  ( 133.0000000000000000, 72.50000000000001421, 60.00000000000000000 ) ) ;
#1009 = VECTOR ( 'NONE', #2098, 1000.000000000000000 ) ;
#1010 = ORIENTED_EDGE ( 'NONE', *, *, #861, .F. ) ;
#1011 = ORIENTED_EDGE ( 'NONE', *, *, #2219, .F. ) ;
#1012 = CARTESIAN_POINT ( 'NONE',  ( -30.00000000000000355, 75.50000000000001421, 54.49999999999999289 ) ) ;
#1013 = AXIS2_PLACEMENT_3D ( 'NONE', #2440, #2272, #508 ) ;
#1014 = VECTOR ( 'NONE', #1386, 1000.000000000000000 ) ;
#1015 = FACE_OUTER_BOUND ( 'NONE', #1234, .T. ) ;
#1016 = DIRECTION ( 'NONE',  ( 0.000000000000000000, 0.000000000000000000, 1.000000000000000000 ) ) ;
#1017 = VERTEX_POINT ( 'NONE', #841 ) ;
#1018 = CARTESIAN_POINT ( 'NONE',  ( -31.00000000000000355, 69.50000000000000000, 60.00000000000000000 ) ) ;
#1019 = EDGE_LOOP ( 'NONE', ( #2433, #1470, #1598, #2509 ) ) ;
#1020 = CIRCLE ( 'NONE', #1998, 6.500000000000002665 ) ;
#1021 = EDGE_CURVE ( 'NONE', #1921, #2294, #2088, .T. ) ;
#1022 = ADVANCED_FACE ( 'NONE', ( #1994 ), #26, .F. ) ;
#1023 = EDGE_LOOP ( 'NONE', ( #805, #1272, #2239, #2470 ) ) ;
#1024 = CARTESIAN_POINT ( 'NONE',  ( 132.0000000000000000, 75.50000000000001421, 55.99999999999999289 ) ) ;
#1025 = PRESENTATION_LAYER_ASSIGNMENT (  '', '', ( #2459 ) ) ;
#1026 = EDGE_CURVE ( 'NONE', #2053, #780, #464, .T. ) ;
#1027 = LINE ( 'NONE', #1235, #1815 ) ;
#1028 = DIRECTION ( 'NONE',  ( 0.000000000000000000, 0.000000000000000000, 1.000000000000000000 ) ) ;
#1029 = DIRECTION ( 'NONE',  ( 0.000000000000000000, 0.000000000000000000, 1.000000000000000000 ) ) ;
#1030 = CARTESIAN_POINT ( 'NONE',  ( -30.00000000000000355, 72.50000000000001421, -55.99999999999997868 ) ) ;
#1031 = ORIENTED_EDGE ( 'NONE', *, *, #191, .T. ) ;
#1032 = ORIENTED_EDGE ( 'NONE', *, *, #2359, .T. ) ;
#1033 = DIRECTION ( 'NONE',  ( 1.000000000000000000, 0.000000000000000000, 0.000000000000000000 ) ) ;
#1034 = VECTOR ( 'NONE', #2050, 1000.000000000000000 ) ;
#1035 = EDGE_LOOP ( 'NONE', ( #640, #899, #501, #1926 ) ) ;
#1036 = EDGE_CURVE ( 'NONE', #2288, #1161, #2507, .T. ) ;
#1037 = EDGE_LOOP ( 'NONE', ( #887, #1244 ) ) ;
#1038 = DIRECTION ( 'NONE',  ( -1.000000000000000000, 0.000000000000000000, -0.000000000000000000 ) ) ;
#1039 = CARTESIAN_POINT ( 'NONE',  ( 58.91605797951588386, 72.50000000000001421, -29.20471275118482879 ) ) ;
#1040 = LINE ( 'NONE', #657, #2153 ) ;
#1041 = FACE_OUTER_BOUND ( 'NONE', #682, .T. ) ;
#1042 = DIRECTION ( 'NONE',  ( 0.2169304578186556642, 0.000000000000000000, 0.9761870601839528483 ) ) ;
#1043 = VECTOR ( 'NONE', #2326, 1000.000000000000000 ) ;
#1044 = CARTESIAN_POINT ( 'NONE',  ( -1.457393735585155392, 72.50000000000001421, 44.50941066690099746 ) ) ;
#1045 = PLANE ( 'NONE',  #992 ) ;
#1046 = ORIENTED_EDGE ( 'NONE', *, *, #1482, .F. ) ;
#1047 = CIRCLE ( 'NONE', #259, 6.499999999999995559 ) ;
#1048 = ORIENTED_EDGE ( 'NONE', *, *, #1250, .F. ) ;
#1049 = VECTOR ( 'NONE', #2453, 1000.000000000000000 ) ;
#1050 = DIRECTION ( 'NONE',  ( 0.000000000000000000, 1.000000000000000000, 0.000000000000000000 ) ) ;
#1051 = EDGE_CURVE ( 'NONE', #1659, #1865, #2221, .T. ) ;
#1052 = FACE_OUTER_BOUND ( 'NONE', #1572, .T. ) ;
#1053 = DIRECTION ( 'NONE',  ( 0.000000000000000000, 0.000000000000000000, 1.000000000000000000 ) ) ;
#1054 = VECTOR ( 'NONE', #1857, 1000.000000000000000 ) ;
#1055 = DIRECTION ( 'NONE',  ( 0.000000000000000000, 0.000000000000000000, 1.000000000000000000 ) ) ;
#1056 = DIRECTION ( 'NONE',  ( -0.000000000000000000, -1.000000000000000000, -0.000000000000000000 ) ) ;
#1057 = CARTESIAN_POINT ( 'NONE',  ( -31.00000000000000355, 75.50000000000001421, 60.00000000000000000 ) ) ;
#1058 = CARTESIAN_POINT ( 'NONE',  ( 5.999999999999998224, 72.50000000000001421, -34.00000000000000000 ) ) ;
#1059 = EDGE_CURVE ( 'NONE', #1724, #1762, #663, .T. ) ;
#1060 = EDGE_CURVE ( 'NONE', #2508, #72, #621, .T. ) ;
#1061 = ORIENTED_EDGE ( 'NONE', *, *, #410, .T. ) ;
#1062 = ORIENTED_EDGE ( 'NONE', *, *, #479, .F. ) ;
#1063 = ORIENTED_EDGE ( 'NONE', *, *, #684, .T. ) ;
#1064 = CARTESIAN_POINT ( 'NONE',  ( 11.00000000000000000, 72.50000000000001421, -29.00000000000000000 ) ) ;
#1065 = ORIENTED_EDGE ( 'NONE', *, *, #1754, .F. ) ;
#1066 = DIRECTION ( 'NONE',  ( 0.000000000000000000, 1.000000000000000000, 0.000000000000000000 ) ) ;
#1067 = CARTESIAN_POINT ( 'NONE',  ( 4.015564437074663928, 75.50000000000001421, 60.00000000000000000 ) ) ;
#1068 = CARTESIAN_POINT ( 'NONE',  ( 56.08394202048410193, 75.50000000000001421, -38.79528724881517121 ) ) ;
#1069 = EDGE_CURVE ( 'NONE', #1164, #2354, #2432, .T. ) ;
#1070 = CARTESIAN_POINT ( 'NONE',  ( -21.68871125850729698, 72.50000000000001421, -60.00000000000000000 ) ) ;
#1071 = FACE_BOUND ( 'NONE', #833, .T. ) ;
#1072 = AXIS2_PLACEMENT_3D ( 'NONE', #68, #2112, #751 ) ;
#1073 = VERTEX_POINT ( 'NONE', #1412 ) ;
#1074 = AXIS2_PLACEMENT_3D ( 'NONE', #794, #1199, #1571 ) ;
#1075 = EDGE_LOOP ( 'NONE', ( #1497, #798 ) ) ;
#1076 = ORIENTED_EDGE ( 'NONE', *, *, #479, .T. ) ;
#1077 = CARTESIAN_POINT ( 'NONE',  ( 128.0638000359679722, 72.50000000000001421, 56.99999999999999289 ) ) ;
#1078 = VECTOR ( 'NONE', #2021, 1000.000000000000000 ) ;
#1079 = ORIENTED_EDGE ( 'NONE', *, *, #749, .T. ) ;
#1080 = CARTESIAN_POINT ( 'NONE',  ( -3.891354565493835072, 72.50000000000001421, -57.77533041337332520 ) ) ;
#1081 = DIRECTION ( 'NONE',  ( 0.9922778767136676281, 0.000000000000000000, -0.1240347345892079400 ) ) ;
#1082 = DIRECTION ( 'NONE',  ( 0.000000000000000000, 1.000000000000000000, 0.000000000000000000 ) ) ;
#1083 = CARTESIAN_POINT ( 'NONE',  ( 2.000000000000007994, 75.50000000000001421, -48.74999999999999289 ) ) ;
#1084 = ORIENTED_EDGE ( 'NONE', *, *, #1555, .F. ) ;
#1085 = DIRECTION ( 'NONE',  ( 0.9590574497630341977, 0.000000000000000000, -0.2832115959031779595 ) ) ;
#1086 = VECTOR ( 'NONE', #1157, 1000.000000000000000 ) ;
#1087 = ADVANCED_FACE ( 'NONE', ( #873 ), #261, .F. ) ;
#1088 = EDGE_CURVE ( 'NONE', #681, #2404, #2423, .T. ) ;
#1089 = CIRCLE ( 'NONE', #1452, 1.499999999999994449 ) ;
#1090 = ORIENTED_EDGE ( 'NONE', *, *, #978, .F. ) ;
#1091 = ORIENTED_EDGE ( 'NONE', *, *, #101, .F. ) ;
#1092 = ORIENTED_EDGE ( 'NONE', *, *, #484, .T. ) ;
#1093 = DIRECTION ( 'NONE',  ( 0.9922778767136676281, 0.000000000000000000, -0.1240347345892079400 ) ) ;
#1094 = EDGE_LOOP ( 'NONE', ( #2372, #2382, #1130, #819 ) ) ;
#1095 = ADVANCED_FACE ( 'NONE', ( #2409 ), #1248, .F. ) ;
#1096 = AXIS2_PLACEMENT_3D ( 'NONE', #1111, #93, #1858 ) ;
#1097 = DIRECTION ( 'NONE',  ( 1.000000000000000000, 0.000000000000000000, 0.000000000000000000 ) ) ;
#1098 = DIRECTION ( 'NONE',  ( 1.000000000000000000, 0.000000000000000000, 0.000000000000000000 ) ) ;
#1099 = CYLINDRICAL_SURFACE ( 'NONE', #46, 3.250000000000002665 ) ;
#1100 = FACE_OUTER_BOUND ( 'NONE', #372, .T. ) ;
#1101 = LINE ( 'NONE', #1632, #231 ) ;
#1102 = DIRECTION ( 'NONE',  ( -0.000000000000000000, 1.000000000000000000, -0.000000000000000000 ) ) ;
#1103 = ORIENTED_EDGE ( 'NONE', *, *, #2123, .T. ) ;
#1104 = ORIENTED_EDGE ( 'NONE', *, *, #1441, .T. ) ;
#1105 = VERTEX_POINT ( 'NONE', #2385 ) ;
#1106 = CARTESIAN_POINT ( 'NONE',  ( -30.00000000000000355, 72.50000000000001421, 55.99999999999999289 ) ) ;
#1107 = EDGE_CURVE ( 'NONE', #2024, #1442, #2068, .T. ) ;
#1108 = VECTOR ( 'NONE', #2376, 1000.000000000000000 ) ;
#1109 = LINE ( 'NONE', #1708, #111 ) ;
#1110 = DIRECTION ( 'NONE',  ( 0.000000000000000000, 1.000000000000000000, 0.000000000000000000 ) ) ;
#1111 = CARTESIAN_POINT ( 'NONE',  ( 128.0638000359680007, 72.50000000000001421, -56.99999999999999289 ) ) ;
#1112 = CIRCLE ( 'NONE', #1430, 3.000000000000002665 ) ;
#1113 = DIRECTION ( 'NONE',  ( 1.000000000000000000, 0.000000000000000000, 0.000000000000000000 ) ) ;
#1114 = DIRECTION ( 'NONE',  ( 0.9922778767136676281, 0.000000000000000000, 0.1240347345892079400 ) ) ;
#1115 = EDGE_LOOP ( 'NONE', ( #1737, #193, #627, #2128 ) ) ;
#1116 = ORIENTED_EDGE ( 'NONE', *, *, #1279, .F. ) ;
#1117 = ORIENTED_EDGE ( 'NONE', *, *, #2062, .F. ) ;
#1118 = VERTEX_POINT ( 'NONE', #1067 ) ;
#1119 = AXIS2_PLACEMENT_3D ( 'NONE', #187, #175, #2391 ) ;
#1120 = EDGE_CURVE ( 'NONE', #1139, #1751, #1040, .T. ) ;
#1121 = DIRECTION ( 'NONE',  ( -0.000000000000000000, -0.000000000000000000, 1.000000000000000000 ) ) ;
#1122 = CARTESIAN_POINT ( 'NONE',  ( 5.999999999999998224, 75.50000000000001421, -34.00000000000000000 ) ) ;
#1123 = CARTESIAN_POINT ( 'NONE',  ( 9.979955442164667900, 72.50000000000001421, 39.13906165349121835 ) ) ;
#1124 = DIRECTION ( 'NONE',  ( 0.000000000000000000, 0.000000000000000000, 1.000000000000000000 ) ) ;
#1125 = DIRECTION ( 'NONE',  ( 0.9922778767136676281, 0.000000000000000000, 0.1240347345892079400 ) ) ;
#1126 = ORIENTED_EDGE ( 'NONE', *, *, #210, .T. ) ;
#1127 = AXIS2_PLACEMENT_3D ( 'NONE', #274, #1843, #1029 ) ;
#1128 = ORIENTED_EDGE ( 'NONE', *, *, #1511, .F. ) ;
#1129 = AXIS2_PLACEMENT_3D ( 'NONE', #836, #1050, #461 ) ;
#1130 = ORIENTED_EDGE ( 'NONE', *, *, #881, .T. ) ;
#1131 = DIRECTION ( 'NONE',  ( 0.9922778767136676281, 0.000000000000000000, 0.1240347345892079400 ) ) ;
#1132 = DIRECTION ( 'NONE',  ( 0.000000000000000000, 0.000000000000000000, 1.000000000000000000 ) ) ;
#1133 = DIRECTION ( 'NONE',  ( 0.000000000000000000, 0.000000000000000000, 1.000000000000000000 ) ) ;
#1134 = EDGE_CURVE ( 'NONE', #1485, #1178, #2034, .T. ) ;
#1135 = CIRCLE ( 'NONE', #2481, 1.499999999999994449 ) ;
#1136 = CARTESIAN_POINT ( 'NONE',  ( 133.0000000000000000, 69.50000000000000000, -60.00000000000000000 ) ) ;
#1137 = CARTESIAN_POINT ( 'NONE',  ( 5.999999999999998224, 75.50000000000001421, 34.00000000000000000 ) ) ;
#1138 = ADVANCED_FACE ( 'NONE', ( #1015 ), #1206, .T. ) ;
#1139 = VERTEX_POINT ( 'NONE', #429 ) ;
#1140 = AXIS2_PLACEMENT_3D ( 'NONE', #889, #2071, #504 ) ;
#1141 = EDGE_CURVE ( 'NONE', #2484, #98, #1805, .T. ) ;
#1142 = VERTEX_POINT ( 'NONE', #1614 ) ;
#1143 = DIRECTION ( 'NONE',  ( 0.000000000000000000, 1.000000000000000000, 0.000000000000000000 ) ) ;
#1144 = DIRECTION ( 'NONE',  ( 0.000000000000000000, 1.000000000000000000, 0.000000000000000000 ) ) ;
#1145 = CARTESIAN_POINT ( 'NONE',  ( 132.0000000000000000, 72.50000000000001421, -56.00000000000000711 ) ) ;
#1146 = CARTESIAN_POINT ( 'NONE',  ( 2.000000000000007994, 72.50000000000001421, -52.00000000000000000 ) ) ;
#1147 = VECTOR ( 'NONE', #1834, 1000.000000000000000 ) ;
#1148 = LINE ( 'NONE', #2259, #547 ) ;
#1149 = EDGE_CURVE ( 'NONE', #1852, #2404, #921, .T. ) ;
#1150 = ORIENTED_EDGE ( 'NONE', *, *, #669, .F. ) ;
#1151 = DIRECTION ( 'NONE',  ( 1.000000000000000000, 0.000000000000000000, 0.000000000000000000 ) ) ;
#1152 = ORIENTED_EDGE ( 'NONE', *, *, #1352, .T. ) ;
#1153 = ORIENTED_EDGE ( 'NONE', *, *, #191, .F. ) ;
#1154 = ORIENTED_EDGE ( 'NONE', *, *, #1415, .F. ) ;
#1155 = CYLINDRICAL_SURFACE ( 'NONE', #1758, 1.500000000000001332 ) ;
#1156 = DIRECTION ( 'NONE',  ( 1.000000000000000000, 0.000000000000000000, 0.000000000000000000 ) ) ;
#1157 = DIRECTION ( 'NONE',  ( 0.000000000000000000, -0.000000000000000000, 1.000000000000000000 ) ) ;
#1158 = CARTESIAN_POINT ( 'NONE',  ( -30.00000000000000355, 75.50000000000001421, -55.99999999999997868 ) ) ;
#1159 = CARTESIAN_POINT ( 'NONE',  ( 56.77717383699635434, 72.50000000000001421, -39.00000000000000000 ) ) ;
#1160 = ORIENTED_EDGE ( 'NONE', *, *, #2229, .T. ) ;
#1161 = VERTEX_POINT ( 'NONE', #2292 ) ;
#1162 = CARTESIAN_POINT ( 'NONE',  ( 129.4327932304604190, 75.50000000000001421, 50.02844665079261688 ) ) ;
#1163 = EDGE_CURVE ( 'NONE', #648, #2354, #476, .T. ) ;
#1164 = VERTEX_POINT ( 'NONE', #91 ) ;
#1165 = CIRCLE ( 'NONE', #1779, 8.250000000000003553 ) ;
#1166 = VECTOR ( 'NONE', #931, 1000.000000000000000 ) ;
#1167 = LINE ( 'NONE', #971, #2426 ) ;
#1168 = CARTESIAN_POINT ( 'NONE',  ( -27.89140951198345775, 72.50000000000001421, 60.77533728168451432 ) ) ;
#1169 = EDGE_CURVE ( 'NONE', #411, #1522, #1884, .T. ) ;
#1170 = CARTESIAN_POINT ( 'NONE',  ( -21.68871125850729698, 72.50000000000001421, 60.00000000000000000 ) ) ;
#1171 = LINE ( 'NONE', #184, #2316 ) ;
#1172 = FACE_BOUND ( 'NONE', #1075, .T. ) ;
#1173 = VECTOR ( 'NONE', #339, 1000.000000000000227 ) ;
#1174 = VERTEX_POINT ( 'NONE', #1896 ) ;
#1175 = CYLINDRICAL_SURFACE ( 'NONE', #1074, 3.000000000000002665 ) ;
#1176 = EDGE_CURVE ( 'NONE', #34, #641, #1316, .T. ) ;
#1177 = AXIS2_PLACEMENT_3D ( 'NONE', #2081, #1110, #120 ) ;
#1178 = VERTEX_POINT ( 'NONE', #324 ) ;
#1179 = EDGE_CURVE ( 'NONE', #771, #2175, #2029, .T. ) ;
#1180 = DIRECTION ( 'NONE',  ( -0.9761870601839529593, 0.000000000000000000, 0.2169304578186556642 ) ) ;
#1181 = DIRECTION ( 'NONE',  ( 0.000000000000000000, 1.000000000000000000, 0.000000000000000000 ) ) ;
#1182 = CARTESIAN_POINT ( 'NONE',  ( -1.457393735585154060, 72.50000000000001421, -44.50941066690099746 ) ) ;
#1183 = DIRECTION ( 'NONE',  ( 0.000000000000000000, 0.000000000000000000, 1.000000000000000000 ) ) ;
#1184 = CARTESIAN_POINT ( 'NONE',  ( 133.0000000000000000, 69.50000000000000000, -56.99999999999999289 ) ) ;
#1185 = ORIENTED_EDGE ( 'NONE', *, *, #2114, .T. ) ;
#1186 = DIRECTION ( 'NONE',  ( 0.000000000000000000, 1.000000000000000000, 0.000000000000000000 ) ) ;
#1187 = ORIENTED_EDGE ( 'NONE', *, *, #2492, .F. ) ;
#1188 = EDGE_LOOP ( 'NONE', ( #515, #594 ) ) ;
#1189 = ORIENTED_EDGE ( 'NONE', *, *, #353, .F. ) ;
#1190 = DIRECTION ( 'NONE',  ( 0.000000000000000000, 1.000000000000000000, 0.000000000000000000 ) ) ;
#1191 = EDGE_CURVE ( 'NONE', #729, #61, #896, .T. ) ;
#1192 = CIRCLE ( 'NONE', #284, 1.500000000000001332 ) ;
#1193 = DIRECTION ( 'NONE',  ( 0.000000000000000000, 1.000000000000000000, 0.000000000000000000 ) ) ;
#1194 = CARTESIAN_POINT ( 'NONE',  ( 136.0000000000000000, 69.50000000000000000, -52.64589803375032773 ) ) ;
#1195 = FACE_OUTER_BOUND ( 'NONE', #838, .T. ) ;
#1196 = ORIENTED_EDGE ( 'NONE', *, *, #1725, .T. ) ;
#1197 = AXIS2_PLACEMENT_3D ( 'NONE', #2247, #1428, #1810 ) ;
#1198 = ORIENTED_EDGE ( 'NONE', *, *, #210, .F. ) ;
#1199 = DIRECTION ( 'NONE',  ( 0.000000000000000000, 1.000000000000000000, 0.000000000000000000 ) ) ;
#1200 = VECTOR ( 'NONE', #813, 1000.000000000000000 ) ;
#1201 = VERTEX_POINT ( 'NONE', #2451 ) ;
#1202 = CIRCLE ( 'NONE', #1774, 8.250000000000003553 ) ;
#1203 = ORIENTED_EDGE ( 'NONE', *, *, #22, .F. ) ;
#1204 = CARTESIAN_POINT ( 'NONE',  ( 5.999999999999998224, 72.50000000000001421, 32.50000000000000000 ) ) ;
#1205 = AXIS2_PLACEMENT_3D ( 'NONE', #1024, #1589, #2419 ) ;
#1206 = CYLINDRICAL_SURFACE ( 'NONE', #1219, 8.250000000000000000 ) ;
#1207 = DIRECTION ( 'NONE',  ( 0.9922778767136676281, 0.000000000000000000, 0.1240347345892079400 ) ) ;
#1208 = DIRECTION ( 'NONE',  ( 0.000000000000000000, 1.000000000000000000, 0.000000000000000000 ) ) ;
#1209 = VERTEX_POINT ( 'NONE', #2267 ) ;
#1210 = EDGE_CURVE ( 'NONE', #1406, #2144, #181, .T. ) ;
#1211 = EDGE_LOOP ( 'NONE', ( #1269, #804, #1484, #2154 ) ) ;
#1212 = DIRECTION ( 'NONE',  ( -0.000000000000000000, 1.000000000000000000, -0.000000000000000000 ) ) ;
#1213 = VECTOR ( 'NONE', #1042, 1000.000000000000114 ) ;
#1214 = AXIS2_PLACEMENT_3D ( 'NONE', #1505, #2285, #1133 ) ;
#1215 = EDGE_CURVE ( 'NONE', #2175, #2358, #2475, .T. ) ;
#1216 = ORIENTED_EDGE ( 'NONE', *, *, #1228, .T. ) ;
#1217 = EDGE_LOOP ( 'NONE', ( #1445, #1189, #485, #1999 ) ) ;
#1218 = DIRECTION ( 'NONE',  ( 0.000000000000000000, 1.000000000000000000, 0.000000000000000000 ) ) ;
#1219 = AXIS2_PLACEMENT_3D ( 'NONE', #1979, #2186, #1794 ) ;
#1220 = VERTEX_POINT ( 'NONE', #2092 ) ;
#1221 = CYLINDRICAL_SURFACE ( 'NONE', #378, 1.500000000000001332 ) ;
#1222 = DIRECTION ( 'NONE',  ( 0.000000000000000000, 1.000000000000000000, 0.000000000000000000 ) ) ;
#1223 = CARTESIAN_POINT ( 'NONE',  ( 2.000000000000007994, 75.50000000000001421, -52.00000000000000000 ) ) ;
#1224 = DIRECTION ( 'NONE',  ( 0.000000000000000000, 1.000000000000000000, 0.000000000000000000 ) ) ;
#1225 = ORIENTED_EDGE ( 'NONE', *, *, #1141, .T. ) ;
#1226 = CARTESIAN_POINT ( 'NONE',  ( 132.0000000000000000, 75.50000000000001421, -56.00000000000000711 ) ) ;
#1227 = AXIS2_PLACEMENT_3D ( 'NONE', #2365, #195, #1746 ) ;
#1228 = EDGE_CURVE ( 'NONE', #816, #653, #842, .T. ) ;
#1229 = ORIENTED_EDGE ( 'NONE', *, *, #2118, .T. ) ;
#1230 = AXIS2_PLACEMENT_3D ( 'NONE', #872, #1462, #2242 ) ;
#1231 = ORIENTED_EDGE ( 'NONE', *, *, #1482, .T. ) ;
#1232 = CARTESIAN_POINT ( 'NONE',  ( 133.0000000000000000, 72.50000000000001421, -56.99999999999999289 ) ) ;
#1233 = AXIS2_PLACEMENT_3D ( 'NONE', #2541, #430, #1578 ) ;
#1234 = EDGE_LOOP ( 'NONE', ( #2297, #1359, #2495, #1300 ) ) ;
#1235 = CARTESIAN_POINT ( 'NONE',  ( 0.2180848403251395562, 72.50000000000001421, 36.96975707530466337 ) ) ;
#1236 = DIRECTION ( 'NONE',  ( 0.000000000000000000, 0.000000000000000000, 1.000000000000000000 ) ) ;
#1237 = DIRECTION ( 'NONE',  ( -0.000000000000000000, -0.000000000000000000, 1.000000000000000000 ) ) ;
#1238 = LINE ( 'NONE', #1808, #1213 ) ;
#1239 = DIRECTION ( 'NONE',  ( 0.000000000000000000, 1.000000000000000000, 0.000000000000000000 ) ) ;
#1240 = DIRECTION ( 'NONE',  ( 0.000000000000000000, 0.000000000000000000, -1.000000000000000000 ) ) ;
#1241 = AXIS2_PLACEMENT_3D ( 'NONE', #1106, #551, #161 ) ;
#1242 = ORIENTED_EDGE ( 'NONE', *, *, #141, .T. ) ;
#1243 = EDGE_CURVE ( 'NONE', #590, #2099, #1476, .T. ) ;
#1244 = ORIENTED_EDGE ( 'NONE', *, *, #1250, .T. ) ;
#1245 = FACE_OUTER_BOUND ( 'NONE', #1356, .T. ) ;
#1246 = AXIS2_PLACEMENT_3D ( 'NONE', #53, #1671, #39 ) ;
#1247 = DIRECTION ( 'NONE',  ( 0.1240347345892079539, -0.000000000000000000, 0.9922778767136677391 ) ) ;
#1248 = CYLINDRICAL_SURFACE ( 'NONE', #2402, 1.499999999999994449 ) ;
#1249 = DIRECTION ( 'NONE',  ( 0.000000000000000000, 1.000000000000000000, 0.000000000000000000 ) ) ;
#1250 = EDGE_CURVE ( 'NONE', #2484, #411, #514, .T. ) ;
#1251 = DIRECTION ( 'NONE',  ( -0.000000000000000000, 0.000000000000000000, 1.000000000000000000 ) ) ;
#1252 = EDGE_CURVE ( 'NONE', #1161, #1142, #143, .T. ) ;
#1253 = VERTEX_POINT ( 'NONE', #1696 ) ;
#1254 = CIRCLE ( 'NONE', #132, 3.000000000000002665 ) ;
#1255 = LINE ( 'NONE', #264, #1147 ) ;
#1256 = FACE_BOUND ( 'NONE', #2107, .T. ) ;
#1257 = ORIENTED_EDGE ( 'NONE', *, *, #335, .T. ) ;
#1258 = CIRCLE ( 'NONE', #176, 8.250000000000003553 ) ;
#1259 = ORIENTED_EDGE ( 'NONE', *, *, #1864, .F. ) ;
#1260 = CARTESIAN_POINT ( 'NONE',  ( 133.0000000000000000, 72.50000000000001421, 52.64589803375031352 ) ) ;
#1261 = EDGE_CURVE ( 'NONE', #1792, #1963, #942, .T. ) ;
#1262 = CYLINDRICAL_SURFACE ( 'NONE', #1230, 8.250000000000000000 ) ;
#1263 = DIRECTION ( 'NONE',  ( 0.000000000000000000, 1.000000000000000000, 0.000000000000000000 ) ) ;
#1264 = VECTOR ( 'NONE', #2464, 1000.000000000000000 ) ;
#1265 = CARTESIAN_POINT ( 'NONE',  ( 5.999999999999998224, 72.50000000000001421, -34.00000000000000000 ) ) ;
#1266 = CARTESIAN_POINT ( 'NONE',  ( 2.000000000000007994, 75.50000000000001421, 55.25000000000000000 ) ) ;
#1267 = FACE_OUTER_BOUND ( 'NONE', #397, .T. ) ;
#1268 = DIRECTION ( 'NONE',  ( 0.000000000000000000, 1.000000000000000000, 0.000000000000000000 ) ) ;
#1269 = ORIENTED_EDGE ( 'NONE', *, *, #739, .F. ) ;
#1270 = CIRCLE ( 'NONE', #2330, 3.250000000000002665 ) ;
#1271 = ORIENTED_EDGE ( 'NONE', *, *, #1620, .F. ) ;
#1272 = ORIENTED_EDGE ( 'NONE', *, *, #1492, .T. ) ;
#1273 = LINE ( 'NONE', #2252, #2007 ) ;
#1274 = ORIENTED_EDGE ( 'NONE', *, *, #405, .T. ) ;
#1275 = LINE ( 'NONE', #503, #1373 ) ;
#1276 = DIRECTION ( 'NONE',  ( 0.9922778767136676281, 0.000000000000000000, 0.1240347345892079400 ) ) ;
#1277 = DIRECTION ( 'NONE',  ( -0.000000000000000000, 1.000000000000000000, -0.000000000000000000 ) ) ;
#1278 = LINE ( 'NONE', #1832, #1580 ) ;
#1279 = EDGE_CURVE ( 'NONE', #2458, #45, #131, .T. ) ;
#1280 = ADVANCED_FACE ( 'NONE', ( #673 ), #300, .T. ) ;
#1281 = ORIENTED_EDGE ( 'NONE', *, *, #22, .T. ) ;
#1282 = FACE_BOUND ( 'NONE', #1188, .T. ) ;
#1283 = ORIENTED_EDGE ( 'NONE', *, *, #1767, .T. ) ;
#1284 = ORIENTED_EDGE ( 'NONE', *, *, #295, .F. ) ;
#1285 = VERTEX_POINT ( 'NONE', #2243 ) ;
#1286 = FACE_OUTER_BOUND ( 'NONE', #1217, .T. ) ;
#1287 = CARTESIAN_POINT ( 'NONE',  ( 2.000000000000007994, 72.50000000000001421, -52.00000000000000000 ) ) ;
#1288 = CARTESIAN_POINT ( 'NONE',  ( 132.0000000000000000, 72.50000000000001421, -56.00000000000000711 ) ) ;
#1289 = LINE ( 'NONE', #2201, #1330 ) ;
#1290 = CARTESIAN_POINT ( 'NONE',  ( -30.00000000000000355, 72.50000000000001421, -57.49999999999997868 ) ) ;
#1291 = EDGE_LOOP ( 'NONE', ( #2178, #757, #1185, #1837 ) ) ;
#1292 = DIRECTION ( 'NONE',  ( 0.000000000000000000, 0.000000000000000000, 1.000000000000000000 ) ) ;
#1293 = CYLINDRICAL_SURFACE ( 'NONE', #834, 3.000000000000002665 ) ;
#1294 = EDGE_LOOP ( 'NONE', ( #1160, #201, #736, #1347 ) ) ;
#1295 = EDGE_CURVE ( 'NONE', #1458, #2015, #1711, .T. ) ;
#1296 = ORIENTED_EDGE ( 'NONE', *, *, #1441, .F. ) ;
#1297 = VECTOR ( 'NONE', #365, 1000.000000000000114 ) ;
#1298 = EDGE_CURVE ( 'NONE', #867, #977, #2045, .T. ) ;
#1299 = ORIENTED_EDGE ( 'NONE', *, *, #2384, .F. ) ;
#1300 = ORIENTED_EDGE ( 'NONE', *, *, #2417, .T. ) ;
#1301 = DIRECTION ( 'NONE',  ( 1.000000000000000000, 0.000000000000000000, 0.000000000000000000 ) ) ;
#1302 = CARTESIAN_POINT ( 'NONE',  ( 132.0000000000000000, 72.50000000000001421, 55.99999999999999289 ) ) ;
#1303 = DIRECTION ( 'NONE',  ( 0.000000000000000000, 1.000000000000000000, 0.000000000000000000 ) ) ;
#1304 = CARTESIAN_POINT ( 'NONE',  ( 7.748657132194396446, 72.50000000000001421, 49.17990404835745721 ) ) ;
#1305 = EDGE_LOOP ( 'NONE', ( #1196, #1904, #230, #2119 ) ) ;
#1306 = VECTOR ( 'NONE', #1098, 1000.000000000000000 ) ;
#1307 = CYLINDRICAL_SURFACE ( 'NONE', #1789, 1.499999999999994449 ) ;
#1308 = CARTESIAN_POINT ( 'NONE',  ( 56.08394202048410193, 72.50000000000001421, -38.79528724881517121 ) ) ;
#1309 = VERTEX_POINT ( 'NONE', #491 ) ;
#1310 = ORIENTED_EDGE ( 'NONE', *, *, #947, .T. ) ;
#1311 = EDGE_CURVE ( 'NONE', #480, #946, #2486, .T. ) ;
#1312 = ADVANCED_FACE ( 'NONE', ( #1720 ), #542, .F. ) ;
#1313 = VERTEX_POINT ( 'NONE', #180 ) ;
#1314 = ORIENTED_EDGE ( 'NONE', *, *, #935, .T. ) ;
#1315 = DIRECTION ( 'NONE',  ( 0.000000000000000000, 1.000000000000000000, 0.000000000000000000 ) ) ;
#1316 = LINE ( 'NONE', #1325, #1306 ) ;
#1317 = CARTESIAN_POINT ( 'NONE',  ( -31.00000000000000355, 75.50000000000001421, 60.00000000000000000 ) ) ;
#1318 = CYLINDRICAL_SURFACE ( 'NONE', #2063, 3.250000000000002665 ) ;
#1319 = ORIENTED_EDGE ( 'NONE', *, *, #1228, .F. ) ;
#1320 = EDGE_CURVE ( 'NONE', #2099, #605, #598, .T. ) ;
#1321 = ORIENTED_EDGE ( 'NONE', *, *, #606, .T. ) ;
#1322 = CIRCLE ( 'NONE', #75, 6.500000000000005329 ) ;
#1323 = EDGE_CURVE ( 'NONE', #1880, #1220, #1576, .T. ) ;
#1324 = FACE_OUTER_BOUND ( 'NONE', #1427, .T. ) ;
#1325 = CARTESIAN_POINT ( 'NONE',  ( 7.499999999999992895, 75.50000000000001421, 39.00000000000000000 ) ) ;
#1326 = AXIS2_PLACEMENT_3D ( 'NONE', #1967, #1339, #1363 ) ;
#1327 = ADVANCED_FACE ( 'NONE', ( #1917 ), #166, .T. ) ;
#1328 = CARTESIAN_POINT ( 'NONE',  ( 136.0000000000000000, 72.50000000000001421, 52.64589803375030641 ) ) ;
#1329 = DIRECTION ( 'NONE',  ( 0.000000000000000000, 0.000000000000000000, 1.000000000000000000 ) ) ;
#1330 = VECTOR ( 'NONE', #465, 1000.000000000000000 ) ;
#1331 = VECTOR ( 'NONE', #1374, 1000.000000000000000 ) ;
#1332 = EDGE_LOOP ( 'NONE', ( #1451, #472, #513, #1718 ) ) ;
#1333 = VECTOR ( 'NONE', #24, 1000.000000000000000 ) ;
#1334 = EDGE_LOOP ( 'NONE', ( #99, #1860, #2328, #255 ) ) ;
#1335 = PLANE ( 'NONE',  #744 ) ;
#1336 = FACE_OUTER_BOUND ( 'NONE', #902, .T. ) ;
#1337 = EDGE_CURVE ( 'NONE', #2485, #424, #2105, .T. ) ;
#1338 = CIRCLE ( 'NONE', #2362, 3.250000000000002665 ) ;
#1339 = DIRECTION ( 'NONE',  ( 0.000000000000000000, 1.000000000000000000, 0.000000000000000000 ) ) ;
#1340 = DIRECTION ( 'NONE',  ( 0.000000000000000000, 1.000000000000000000, 0.000000000000000000 ) ) ;
#1341 = CARTESIAN_POINT ( 'NONE',  ( 133.0000000000000000, 75.50000000000001421, -52.64589803375032773 ) ) ;
#1342 = ORIENTED_EDGE ( 'NONE', *, *, #1403, .F. ) ;
#1343 = LINE ( 'NONE', #1357, #1814 ) ;
#1344 = VECTOR ( 'NONE', #156, 1000.000000000000000 ) ;
#1345 = AXIS2_PLACEMENT_3D ( 'NONE', #354, #1543, #1919 ) ;
#1346 = ORIENTED_EDGE ( 'NONE', *, *, #565, .T. ) ;
#1347 = ORIENTED_EDGE ( 'NONE', *, *, #167, .F. ) ;
#1348 = ORIENTED_EDGE ( 'NONE', *, *, #2531, .T. ) ;
#1349 = CARTESIAN_POINT ( 'NONE',  ( -31.00000000000000355, 72.50000000000001421, 52.64589803375031352 ) ) ;
#1350 = LINE ( 'NONE', #363, #2314 ) ;
#1351 = PLANE ( 'NONE',  #1408 ) ;
#1352 = EDGE_CURVE ( 'NONE', #1253, #271, #960, .T. ) ;
#1353 = CARTESIAN_POINT ( 'NONE',  ( 132.0000000000000000, 75.50000000000001421, 54.50000000000000000 ) ) ;
#1354 = CARTESIAN_POINT ( 'NONE',  ( 132.0000000000000000, 72.50000000000001421, -56.00000000000000711 ) ) ;
#1355 = AXIS2_PLACEMENT_3D ( 'NONE', #730, #1548, #570 ) ;
#1356 = EDGE_LOOP ( 'NONE', ( #1840, #433, #2065, #1585 ) ) ;
#1357 = CARTESIAN_POINT ( 'NONE',  ( -29.13175685787554059, 72.50000000000001421, 50.85255851454783738 ) ) ;
#1358 = EDGE_CURVE ( 'NONE', #2064, #1963, #1753, .T. ) ;
#1359 = ORIENTED_EDGE ( 'NONE', *, *, #1426, .T. ) ;
#1360 = CARTESIAN_POINT ( 'NONE',  ( -30.00000000000000355, 75.50000000000001421, -55.99999999999997868 ) ) ;
#1361 = DIRECTION ( 'NONE',  ( 0.000000000000000000, 1.000000000000000000, 0.000000000000000000 ) ) ;
#1362 = VECTOR ( 'NONE', #1085, 1000.000000000000227 ) ;
#1363 = DIRECTION ( 'NONE',  ( 1.000000000000000000, 0.000000000000000000, 0.000000000000000000 ) ) ;
#1364 = SURFACE_SIDE_STYLE ('',( #407 ) ) ;
#1365 = CYLINDRICAL_SURFACE ( 'NONE', #386, 3.000000000000002665 ) ;
#1366 = EDGE_LOOP ( 'NONE', ( #1600, #373, #164, #1536 ) ) ;
#1367 = CARTESIAN_POINT ( 'NONE',  ( 133.0000000000000000, 69.50000000000000000, -60.00000000000000000 ) ) ;
#1368 = ORIENTED_EDGE ( 'NONE', *, *, #1970, .F. ) ;
#1369 = LINE ( 'NONE', #2140, #2210 ) ;
#1370 = EDGE_CURVE ( 'NONE', #977, #823, #376, .T. ) ;
#1371 = ORIENTED_EDGE ( 'NONE', *, *, #1149, .F. ) ;
#1372 = AXIS2_PLACEMENT_3D ( 'NONE', #1473, #2067, #1501 ) ;
#1373 = VECTOR ( 'NONE', #1121, 1000.000000000000000 ) ;
#1374 = DIRECTION ( 'NONE',  ( 0.000000000000000000, 1.000000000000000000, 0.000000000000000000 ) ) ;
#1375 = CYLINDRICAL_SURFACE ( 'NONE', #664, 6.499999999999999112 ) ;
#1376 = LINE ( 'NONE', #1592, #1974 ) ;
#1377 = CARTESIAN_POINT ( 'NONE',  ( 4.015564437074661264, 72.50000000000001421, 60.00000000000000000 ) ) ;
#1378 = PLANE ( 'NONE',  #1379 ) ;
#1379 = AXIS2_PLACEMENT_3D ( 'NONE', #963, #2542, #990 ) ;
#1380 = VERTEX_POINT ( 'NONE', #773 ) ;
#1381 = DIRECTION ( 'NONE',  ( 0.000000000000000000, 1.000000000000000000, 0.000000000000000000 ) ) ;
#1382 = AXIS2_PLACEMENT_3D ( 'NONE', #404, #2306, #2363 ) ;
#1383 = ORIENTED_EDGE ( 'NONE', *, *, #1163, .T. ) ;
#1384 = ADVANCED_FACE ( 'NONE', ( #1336 ), #1561, .T. ) ;
#1385 = EDGE_LOOP ( 'NONE', ( #97, #1809, #177, #1461 ) ) ;
#1386 = DIRECTION ( 'NONE',  ( -0.000000000000000000, -0.000000000000000000, 1.000000000000000000 ) ) ;
#1387 = CARTESIAN_POINT ( 'NONE',  ( -21.68871125850729698, 72.50000000000001421, 60.00000000000000000 ) ) ;
#1388 = CARTESIAN_POINT ( 'NONE',  ( 58.91605797951588386, 75.50000000000001421, -29.20471275118482879 ) ) ;
#1389 = CARTESIAN_POINT ( 'NONE',  ( 2.000000000000007994, 75.50000000000001421, 52.00000000000000000 ) ) ;
#1390 = ORIENTED_EDGE ( 'NONE', *, *, #775, .F. ) ;
#1391 = LINE ( 'NONE', #1582, #1525 ) ;
#1392 = ORIENTED_EDGE ( 'NONE', *, *, #2274, .T. ) ;
#1393 = EDGE_CURVE ( 'NONE', #271, #86, #2122, .T. ) ;
#1394 = VERTEX_POINT ( 'NONE', #950 ) ;
#1395 = DIRECTION ( 'NONE',  ( 0.000000000000000000, 1.000000000000000000, 0.000000000000000000 ) ) ;
#1396 = APPLICATION_PROTOCOL_DEFINITION ( 'draft international standard', 'automotive_design', 1998, #2235 ) ;
#1397 = ADVANCED_FACE ( 'NONE', ( #1549 ), #1375, .T. ) ;
#1398 = DIRECTION ( 'NONE',  ( 0.000000000000000000, 0.000000000000000000, 1.000000000000000000 ) ) ;
#1399 = DIRECTION ( 'NONE',  ( -0.1240347345892079539, 0.000000000000000000, 0.9922778767136677391 ) ) ;
#1400 = CARTESIAN_POINT ( 'NONE',  ( -31.00000000000000355, 75.50000000000001421, 60.00000000000000000 ) ) ;
#1401 = VERTEX_POINT ( 'NONE', #2333 ) ;
#1402 = AXIS2_PLACEMENT_3D ( 'NONE', #2546, #625, #2368 ) ;
#1403 = EDGE_CURVE ( 'NONE', #1201, #1164, #1540, .T. ) ;
#1404 = ORIENTED_EDGE ( 'NONE', *, *, #118, .T. ) ;
#1405 = LINE ( 'NONE', #2176, #576 ) ;
#1406 = VERTEX_POINT ( 'NONE', #391 ) ;
#1407 = EDGE_LOOP ( 'NONE', ( #47, #1429, #1062, #2367 ) ) ;
#1408 = AXIS2_PLACEMENT_3D ( 'NONE', #951, #15, #1918 ) ;
#1409 = CYLINDRICAL_SURFACE ( 'NONE', #338, 1.499999999999994449 ) ;
#1410 = AXIS2_PLACEMENT_3D ( 'NONE', #986, #1929, #2394 ) ;
#1411 = DIRECTION ( 'NONE',  ( 0.9922778767136676281, 0.000000000000000000, -0.1240347345892079400 ) ) ;
#1412 = CARTESIAN_POINT ( 'NONE',  ( 133.0000000000000000, 75.50000000000001421, -60.00000000000000000 ) ) ;
#1413 = DIRECTION ( 'NONE',  ( 0.9590574497630341977, 0.000000000000000000, -0.2832115959031779595 ) ) ;
#1414 = CARTESIAN_POINT ( 'NONE',  ( 62.49999999999999289, 75.50000000000001421, 30.26305804582442960 ) ) ;
#1415 = EDGE_CURVE ( 'NONE', #61, #729, #1089, .T. ) ;
#1416 = ORIENTED_EDGE ( 'NONE', *, *, #1134, .T. ) ;
#1417 = LINE ( 'NONE', #456, #413 ) ;
#1418 = VERTEX_POINT ( 'NONE', #788 ) ;
#1419 = ORIENTED_EDGE ( 'NONE', *, *, #795, .T. ) ;
#1420 = DIRECTION ( 'NONE',  ( 0.000000000000000000, 1.000000000000000000, 0.000000000000000000 ) ) ;
#1421 = DIRECTION ( 'NONE',  ( 0.000000000000000000, 1.000000000000000000, 0.000000000000000000 ) ) ;
#1422 = DIRECTION ( 'NONE',  ( 0.000000000000000000, 0.000000000000000000, 1.000000000000000000 ) ) ;
#1423 = CARTESIAN_POINT ( 'NONE',  ( 2.000000000000008438, 72.50000000000001421, -55.25000000000000000 ) ) ;
#1424 = DIRECTION ( 'NONE',  ( 0.000000000000000000, 1.000000000000000000, 0.000000000000000000 ) ) ;
#1425 = VERTEX_POINT ( 'NONE', #556 ) ;
#1426 = EDGE_CURVE ( 'NONE', #1118, #330, #1350, .T. ) ;
#1427 = EDGE_LOOP ( 'NONE', ( #1063, #636, #2049, #537 ) ) ;
#1428 = DIRECTION ( 'NONE',  ( 0.000000000000000000, 1.000000000000000000, 0.000000000000000000 ) ) ;
#1429 = ORIENTED_EDGE ( 'NONE', *, *, #1744, .T. ) ;
#1430 = AXIS2_PLACEMENT_3D ( 'NONE', #1349, #1728, #555 ) ;
#1431 = EDGE_CURVE ( 'NONE', #983, #1797, #789, .T. ) ;
#1432 = ORIENTED_EDGE ( 'NONE', *, *, #1358, .T. ) ;
#1433 = CARTESIAN_POINT ( 'NONE',  ( 7.499999999999992895, 72.50000000000001421, 39.00000000000000000 ) ) ;
#1434 = CARTESIAN_POINT ( 'NONE',  ( -34.00000000000000000, 72.50000000000001421, -34.00000000000000000 ) ) ;
#1435 = CARTESIAN_POINT ( 'NONE',  ( 2.000000000000007994, 75.50000000000001421, 52.00000000000000000 ) ) ;
#1436 = CARTESIAN_POINT ( 'NONE',  ( 5.999999999999998224, 72.50000000000001421, 60.00000000000000000 ) ) ;
#1437 = DIRECTION ( 'NONE',  ( 0.9922778767136676281, 0.000000000000000000, 0.1240347345892079400 ) ) ;
#1438 = DIRECTION ( 'NONE',  ( 0.000000000000000000, 1.000000000000000000, 0.000000000000000000 ) ) ;
#1439 = CIRCLE ( 'NONE', #652, 1.499999999999994449 ) ;
#1440 = ORIENTED_EDGE ( 'NONE', *, *, #1323, .T. ) ;
#1441 = EDGE_CURVE ( 'NONE', #1313, #1792, #2518, .T. ) ;
#1442 = VERTEX_POINT ( 'NONE', #1828 ) ;
#1443 = DIRECTION ( 'NONE',  ( 1.000000000000000000, -0.000000000000000000, 0.000000000000000000 ) ) ;
#1444 = CIRCLE ( 'NONE', #2308, 3.250000000000002665 ) ;
#1445 = ORIENTED_EDGE ( 'NONE', *, *, #1141, .F. ) ;
#1446 = CIRCLE ( 'NONE', #202, 3.000000000000002665 ) ;
#1447 = DIRECTION ( 'NONE',  ( 0.000000000000000000, 1.000000000000000000, 0.000000000000000000 ) ) ;
#1448 = DIRECTION ( 'NONE',  ( 0.000000000000000000, -1.000000000000000000, 0.000000000000000000 ) ) ;
#1449 = DIRECTION ( 'NONE',  ( 0.000000000000000000, 0.000000000000000000, 1.000000000000000000 ) ) ;
#1450 = CYLINDRICAL_SURFACE ( 'NONE', #1539, 6.499999999999999112 ) ;
#1451 = ORIENTED_EDGE ( 'NONE', *, *, #1738, .F. ) ;
#1452 = AXIS2_PLACEMENT_3D ( 'NONE', #2159, #1181, #2319 ) ;
#1453 = ORIENTED_EDGE ( 'NONE', *, *, #257, .F. ) ;
#1454 = LINE ( 'NONE', #1847, #2086 ) ;
#1455 = EDGE_LOOP ( 'NONE', ( #41, #2472 ) ) ;
#1456 = AXIS2_PLACEMENT_3D ( 'NONE', #2411, #623, #2230 ) ;
#1457 = EDGE_CURVE ( 'NONE', #186, #2102, #252, .T. ) ;
#1458 = VERTEX_POINT ( 'NONE', #1012 ) ;
#1459 = ORIENTED_EDGE ( 'NONE', *, *, #1879, .F. ) ;
#1460 = CARTESIAN_POINT ( 'NONE',  ( -1.457393735585155392, 75.50000000000001421, 44.50941066690099746 ) ) ;
#1461 = ORIENTED_EDGE ( 'NONE', *, *, #2494, .F. ) ;
#1462 = DIRECTION ( 'NONE',  ( 0.000000000000000000, 1.000000000000000000, 0.000000000000000000 ) ) ;
#1463 = CARTESIAN_POINT ( 'NONE',  ( 136.0000000000000000, 69.50000000000000000, 56.99999999999999289 ) ) ;
#1464 = VECTOR ( 'NONE', #584, 1000.000000000000000 ) ;
#1465 = CARTESIAN_POINT ( 'NONE',  ( 136.0000000000000000, 69.50000000000000000, -19.00000000000001776 ) ) ;
#1466 = CARTESIAN_POINT ( 'NONE',  ( 5.999999999999998224, 75.50000000000001421, 34.00000000000000000 ) ) ;
#1467 = ORIENTED_EDGE ( 'NONE', *, *, #1107, .F. ) ;
#1468 = ORIENTED_EDGE ( 'NONE', *, *, #1586, .F. ) ;
#1469 = CARTESIAN_POINT ( 'NONE',  ( 9.979955442164669677, 75.50000000000001421, -39.13906165349121125 ) ) ;
#1470 = ORIENTED_EDGE ( 'NONE', *, *, #2304, .T. ) ;
#1471 = EDGE_LOOP ( 'NONE', ( #1128, #1061, #753, #215 ) ) ;
#1472 = ORIENTED_EDGE ( 'NONE', *, *, #1938, .F. ) ;
#1473 = CARTESIAN_POINT ( 'NONE',  ( -30.00000000000000355, 72.50000000000001421, -55.99999999999997868 ) ) ;
#1474 = ORIENTED_EDGE ( 'NONE', *, *, #909, .T. ) ;
#1475 = DIRECTION ( 'NONE',  ( -0.000000000000000000, 1.000000000000000000, -0.000000000000000000 ) ) ;
#1476 = LINE ( 'NONE', #2488, #1623 ) ;
#1477 = CARTESIAN_POINT ( 'NONE',  ( 8.304476866254375977, 75.50000000000001421, -46.67871524508755243 ) ) ;
#1478 = PLANE ( 'NONE',  #55 ) ;
#1479 = EDGE_CURVE ( 'NONE', #1425, #1557, #642, .T. ) ;
#1480 = CARTESIAN_POINT ( 'NONE',  ( -31.00000000000000355, 69.50000000000000000, -56.99999999999999289 ) ) ;
#1481 = DIRECTION ( 'NONE',  ( 0.000000000000000000, 0.000000000000000000, 1.000000000000000000 ) ) ;
#1482 = EDGE_CURVE ( 'NONE', #1960, #2249, #654, .T. ) ;
#1483 = CIRCLE ( 'NONE', #778, 6.500000000000002665 ) ;
#1484 = ORIENTED_EDGE ( 'NONE', *, *, #1807, .T. ) ;
#1485 = VERTEX_POINT ( 'NONE', #1802 ) ;
#1486 = ORIENTED_EDGE ( 'NONE', *, *, #192, .F. ) ;
#1487 = DIRECTION ( 'NONE',  ( 0.000000000000000000, 0.000000000000000000, 1.000000000000000000 ) ) ;
#1488 = CARTESIAN_POINT ( 'NONE',  ( 2.000000000000007994, 72.50000000000001421, -52.00000000000000000 ) ) ;
#1489 = CARTESIAN_POINT ( 'NONE',  ( 132.0000000000000000, 75.50000000000001421, -56.00000000000000711 ) ) ;
#1490 = DIRECTION ( 'NONE',  ( 0.000000000000000000, 1.000000000000000000, 0.000000000000000000 ) ) ;
#1491 = CYLINDRICAL_SURFACE ( 'NONE', #549, 3.000000000000002665 ) ;
#1492 = EDGE_CURVE ( 'NONE', #1442, #1209, #450, .T. ) ;
#1493 = DIRECTION ( 'NONE',  ( 1.000000000000000000, 0.000000000000000000, 0.000000000000000000 ) ) ;
#1494 = FACE_OUTER_BOUND ( 'NONE', #756, .T. ) ;
#1495 = CIRCLE ( 'NONE', #377, 8.250000000000003553 ) ;
#1496 = VECTOR ( 'NONE', #1993, 1000.000000000000000 ) ;
#1497 = ORIENTED_EDGE ( 'NONE', *, *, #1591, .T. ) ;
#1498 = ORIENTED_EDGE ( 'NONE', *, *, #2206, .T. ) ;
#1499 = ORIENTED_EDGE ( 'NONE', *, *, #1891, .F. ) ;
#1500 = ORIENTED_EDGE ( 'NONE', *, *, #401, .T. ) ;
#1501 = DIRECTION ( 'NONE',  ( 0.000000000000000000, 0.000000000000000000, 1.000000000000000000 ) ) ;
#1502 = VECTOR ( 'NONE', #2530, 1000.000000000000000 ) ;
#1503 = DIRECTION ( 'NONE',  ( 0.2169304578186556365, 0.000000000000000000, 0.9761870601839528483 ) ) ;
#1504 = CARTESIAN_POINT ( 'NONE',  ( -34.00000000000000000, 69.50000000000000000, -52.64589803375029931 ) ) ;
#1505 = CARTESIAN_POINT ( 'NONE',  ( 128.0638000359680007, 72.50000000000001421, -56.99999999999999289 ) ) ;
#1506 = ORIENTED_EDGE ( 'NONE', *, *, #138, .F. ) ;
#1507 = AXIS2_PLACEMENT_3D ( 'NONE', #1463, #1870, #1669 ) ;
#1508 = PLANE ( 'NONE',  #679 ) ;
#1509 = FACE_OUTER_BOUND ( 'NONE', #1693, .T. ) ;
#1510 = ADVANCED_FACE ( 'NONE', ( #1245 ), #35, .T. ) ;
#1511 = EDGE_CURVE ( 'NONE', #1401, #2374, #213, .T. ) ;
#1512 = ORIENTED_EDGE ( 'NONE', *, *, #246, .T. ) ;
#1513 = ORIENTED_EDGE ( 'NONE', *, *, #295, .T. ) ;
#1514 = ORIENTED_EDGE ( 'NONE', *, *, #410, .F. ) ;
#1515 = EDGE_CURVE ( 'NONE', #1285, #2448, #631, .T. ) ;
#1516 = FACE_OUTER_BOUND ( 'NONE', #70, .T. ) ;
#1517 = DIRECTION ( 'NONE',  ( 0.000000000000000000, 0.000000000000000000, 1.000000000000000000 ) ) ;
#1518 = LINE ( 'NONE', #891, #1942 ) ;
#1519 = CYLINDRICAL_SURFACE ( 'NONE', #1988, 6.499999999999999112 ) ;
#1520 = CARTESIAN_POINT ( 'NONE',  ( -30.00000000000000355, 72.50000000000001421, -55.99999999999997868 ) ) ;
#1521 = ORIENTED_EDGE ( 'NONE', *, *, #1179, .F. ) ;
#1522 = VERTEX_POINT ( 'NONE', #2031 ) ;
#1523 = ORIENTED_EDGE ( 'NONE', *, *, #784, .F. ) ;
#1524 = EDGE_CURVE ( 'NONE', #823, #1749, #1165, .T. ) ;
#1525 = VECTOR ( 'NONE', #1212, 1000.000000000000000 ) ;
#1526 = FACE_OUTER_BOUND ( 'NONE', #2264, .T. ) ;
#1527 = CARTESIAN_POINT ( 'NONE',  ( 5.999999999999998224, 72.50000000000001421, -60.00000000000000000 ) ) ;
#1528 = AXIS2_PLACEMENT_3D ( 'NONE', #1145, #974, #1783 ) ;
#1529 =( LENGTH_UNIT ( ) NAMED_UNIT ( * ) SI_UNIT ( .MILLI., .METRE. ) );
#1530 = CARTESIAN_POINT ( 'NONE',  ( 132.0000000000000000, 72.50000000000001421, -56.00000000000000711 ) ) ;
#1531 = FACE_OUTER_BOUND ( 'NONE', #929, .T. ) ;
#1532 = VECTOR ( 'NONE', #1538, 1000.000000000000000 ) ;
#1533 = VERTEX_POINT ( 'NONE', #2018 ) ;
#1534 = ORIENTED_EDGE ( 'NONE', *, *, #1393, .F. ) ;
#1535 = CIRCLE ( 'NONE', #1701, 8.250000000000003553 ) ;
#1536 = ORIENTED_EDGE ( 'NONE', *, *, #1816, .T. ) ;
#1537 = EDGE_CURVE ( 'NONE', #1547, #126, #1001, .T. ) ;
#1538 = DIRECTION ( 'NONE',  ( -0.000000000000000000, -1.000000000000000000, -0.000000000000000000 ) ) ;
#1539 = AXIS2_PLACEMENT_3D ( 'NONE', #1030, #875, #1640 ) ;
#1540 = LINE ( 'NONE', #2147, #748 ) ;
#1541 = AXIS2_PLACEMENT_3D ( 'NONE', #351, #610, #572 ) ;
#1542 = DIRECTION ( 'NONE',  ( 0.000000000000000000, 1.000000000000000000, 0.000000000000000000 ) ) ;
#1543 = DIRECTION ( 'NONE',  ( 0.000000000000000000, 0.000000000000000000, 1.000000000000000000 ) ) ;
#1544 = CARTESIAN_POINT ( 'NONE',  ( 132.0000000000000000, 72.50000000000001421, -56.00000000000000711 ) ) ;
#1545 = ORIENTED_EDGE ( 'NONE', *, *, #246, .F. ) ;
#1546 = DIRECTION ( 'NONE',  ( -1.000000000000000000, 0.000000000000000000, 0.000000000000000000 ) ) ;
#1547 = VERTEX_POINT ( 'NONE', #2197 ) ;
#1548 = DIRECTION ( 'NONE',  ( 0.000000000000000000, 1.000000000000000000, 0.000000000000000000 ) ) ;
#1549 = FACE_OUTER_BOUND ( 'NONE', #174, .T. ) ;
#1550 = VECTOR ( 'NONE', #1413, 1000.000000000000227 ) ;
#1551 = DIRECTION ( 'NONE',  ( 0.000000000000000000, 0.000000000000000000, 1.000000000000000000 ) ) ;
#1552 = LINE ( 'NONE', #1194, #903 ) ;
#1553 = CARTESIAN_POINT ( 'NONE',  ( 2.000000000000007994, 72.50000000000001421, 52.00000000000000000 ) ) ;
#1554 = AXIS2_PLACEMENT_3D ( 'NONE', #2463, #686, #1097 ) ;
#1555 = EDGE_CURVE ( 'NONE', #399, #1992, #1781, .T. ) ;
#1556 = PLANE ( 'NONE',  #2357 ) ;
#1557 = VERTEX_POINT ( 'NONE', #799 ) ;
#1558 = CARTESIAN_POINT ( 'NONE',  ( 133.0000000000000000, 75.50000000000001421, -60.00000000000000000 ) ) ;
#1559 = ORIENTED_EDGE ( 'NONE', *, *, #2274, .F. ) ;
#1560 = DIRECTION ( 'NONE',  ( -0.000000000000000000, 0.000000000000000000, 1.000000000000000000 ) ) ;
#1561 = CYLINDRICAL_SURFACE ( 'NONE', #1987, 3.000000000000002665 ) ;
#1562 = AXIS2_PLACEMENT_3D ( 'NONE', #1935, #818, #1773 ) ;
#1563 = LINE ( 'NONE', #600, #1851 ) ;
#1564 = LINE ( 'NONE', #2350, #1684 ) ;
#1565 = DIRECTION ( 'NONE',  ( 1.000000000000000000, 0.000000000000000000, 0.000000000000000000 ) ) ;
#1566 = VERTEX_POINT ( 'NONE', #2209 ) ;
#1567 = EDGE_CURVE ( 'NONE', #2144, #867, #1625, .T. ) ;
#1568 = EDGE_CURVE ( 'NONE', #793, #1394, #1573, .T. ) ;
#1569 = CARTESIAN_POINT ( 'NONE',  ( 5.999999999999998224, 72.50000000000001421, -35.50000000000000000 ) ) ;
#1570 = ORIENTED_EDGE ( 'NONE', *, *, #2531, .F. ) ;
#1571 = DIRECTION ( 'NONE',  ( 0.000000000000000000, 0.000000000000000000, 1.000000000000000000 ) ) ;
#1572 = EDGE_LOOP ( 'NONE', ( #1032, #2412, #563, #581 ) ) ;
#1573 = CIRCLE ( 'NONE', #10, 3.000000000000002665 ) ;
#1574 = AXIS2_PLACEMENT_3D ( 'NONE', #505, #906, #2465 ) ;
#1575 = DIRECTION ( 'NONE',  ( -1.000000000000000000, 0.000000000000000000, -0.000000000000000000 ) ) ;
#1576 = LINE ( 'NONE', #731, #1464 ) ;
#1577 = LINE ( 'NONE', #790, #539 ) ;
#1578 = DIRECTION ( 'NONE',  ( 0.000000000000000000, 0.000000000000000000, 1.000000000000000000 ) ) ;
#1579 = DIRECTION ( 'NONE',  ( 0.000000000000000000, 1.000000000000000000, 0.000000000000000000 ) ) ;
#1580 = VECTOR ( 'NONE', #1224, 1000.000000000000000 ) ;
#1581 = ORIENTED_EDGE ( 'NONE', *, *, #277, .T. ) ;
#1582 = CARTESIAN_POINT ( 'NONE',  ( -31.00000000000000000, 69.50000000000000000, -60.00000000000000000 ) ) ;
#1583 = EDGE_CURVE ( 'NONE', #2379, #1797, #2223, .T. ) ;
#1584 = VECTOR ( 'NONE', #2284, 1000.000000000000000 ) ;
#1585 = ORIENTED_EDGE ( 'NONE', *, *, #1149, .T. ) ;
#1586 = EDGE_CURVE ( 'NONE', #330, #1017, #1535, .T. ) ;
#1587 = VERTEX_POINT ( 'NONE', #609 ) ;
#1588 = ORIENTED_EDGE ( 'NONE', *, *, #2417, .F. ) ;
#1589 = DIRECTION ( 'NONE',  ( 0.000000000000000000, 1.000000000000000000, 0.000000000000000000 ) ) ;
#1590 = EDGE_CURVE ( 'NONE', #624, #1105, #2435, .T. ) ;
#1591 = EDGE_CURVE ( 'NONE', #2374, #1401, #1658, .T. ) ;
#1592 = CARTESIAN_POINT ( 'NONE',  ( 10.15331193145903299, 72.50000000000001421, -39.00000000000000000 ) ) ;
#1593 = CARTESIAN_POINT ( 'NONE',  ( 136.0000000000000000, 75.50000000000001421, -52.64589803375032773 ) ) ;
#1594 = DIRECTION ( 'NONE',  ( 0.000000000000000000, 1.000000000000000000, 0.000000000000000000 ) ) ;
#1595 = VECTOR ( 'NONE', #1239, 1000.000000000000000 ) ;
#1596 = EDGE_LOOP ( 'NONE', ( #1801, #2260, #520, #2317 ) ) ;
#1597 = CARTESIAN_POINT ( 'NONE',  ( 132.0000000000000000, 72.50000000000001421, 57.49999999999998579 ) ) ;
#1598 = ORIENTED_EDGE ( 'NONE', *, *, #2118, .F. ) ;
#1599 = ADVANCED_FACE ( 'NONE', ( #618 ), #1409, .F. ) ;
#1600 = ORIENTED_EDGE ( 'NONE', *, *, #923, .F. ) ;
#1601 = DIRECTION ( 'NONE',  ( 0.000000000000000000, 0.000000000000000000, 1.000000000000000000 ) ) ;
#1602 = DIRECTION ( 'NONE',  ( 1.000000000000000000, 0.000000000000000000, 0.000000000000000000 ) ) ;
#1603 = DIRECTION ( 'NONE',  ( 0.000000000000000000, 1.000000000000000000, 0.000000000000000000 ) ) ;
#1604 = FACE_OUTER_BOUND ( 'NONE', #2535, .T. ) ;
#1605 = ORIENTED_EDGE ( 'NONE', *, *, #2320, .F. ) ;
#1606 = CARTESIAN_POINT ( 'NONE',  ( 0.9999999999999983347, 72.50000000000001421, -29.84668806854097056 ) ) ;
#1607 = ORIENTED_EDGE ( 'NONE', *, *, #83, .F. ) ;
#1608 = EDGE_LOOP ( 'NONE', ( #112, #1404 ) ) ;
#1609 = CARTESIAN_POINT ( 'NONE',  ( 9.979955442164667900, 72.50000000000001421, 39.13906165349121835 ) ) ;
#1610 = AXIS2_PLACEMENT_3D ( 'NONE', #1039, #1947, #185 ) ;
#1611 = EDGE_CURVE ( 'NONE', #72, #816, #116, .T. ) ;
#1612 = CARTESIAN_POINT ( 'NONE',  ( 2.000000000000007994, 72.50000000000001421, -48.74999999999999289 ) ) ;
#1613 = CIRCLE ( 'NONE', #895, 1.500000000000001332 ) ;
#1614 = CARTESIAN_POINT ( 'NONE',  ( 133.8571428571428612, 75.50000000000001421, -49.77095349125060153 ) ) ;
#1615 = DIRECTION ( 'NONE',  ( 0.000000000000000000, 1.000000000000000000, 0.000000000000000000 ) ) ;
#1616 = PLANE ( 'NONE',  #1743 ) ;
#1617 = ORIENTED_EDGE ( 'NONE', *, *, #1059, .T. ) ;
#1618 = CARTESIAN_POINT ( 'NONE',  ( 58.91605797951588386, 72.50000000000001421, -29.20471275118482879 ) ) ;
#1619 = VECTOR ( 'NONE', #1125, 1000.000000000000114 ) ;
#1620 = EDGE_CURVE ( 'NONE', #424, #732, #1495, .T. ) ;
#1621 = VECTOR ( 'NONE', #907, 1000.000000000000000 ) ;
#1622 = ORIENTED_EDGE ( 'NONE', *, *, #257, .T. ) ;
#1623 = VECTOR ( 'NONE', #1276, 1000.000000000000114 ) ;
#1624 = ORIENTED_EDGE ( 'NONE', *, *, #1891, .T. ) ;
#1625 = LINE ( 'NONE', #439, #543 ) ;
#1626 = FACE_BOUND ( 'NONE', #236, .T. ) ;
#1627 = CARTESIAN_POINT ( 'NONE',  ( 5.999999999999998224, 72.50000000000001421, -34.00000000000000000 ) ) ;
#1628 = CARTESIAN_POINT ( 'NONE',  ( 128.0638000359680007, 75.50000000000001421, -60.00000000000000000 ) ) ;
#1629 = CARTESIAN_POINT ( 'NONE',  ( 10.15331193145904010, 72.50000000000001421, 39.00000000000000000 ) ) ;
#1630 = EDGE_CURVE ( 'NONE', #1726, #695, #1343, .T. ) ;
#1631 = ADVANCED_FACE ( 'NONE', ( #1286 ), #270, .F. ) ;
#1632 = CARTESIAN_POINT ( 'NONE',  ( 7.499999999999992895, 75.50000000000001421, -29.00000000000000000 ) ) ;
#1633 = DIRECTION ( 'NONE',  ( 0.000000000000000000, 1.000000000000000000, 0.000000000000000000 ) ) ;
#1634 = ORIENTED_EDGE ( 'NONE', *, *, #49, .F. ) ;
#1635 = ORIENTED_EDGE ( 'NONE', *, *, #1864, .T. ) ;
#1636 = CARTESIAN_POINT ( 'NONE',  ( 2.000000000000007994, 75.50000000000001421, 52.00000000000000000 ) ) ;
#1637 = DIRECTION ( 'NONE',  ( 0.000000000000000000, 1.000000000000000000, 0.000000000000000000 ) ) ;
#1638 = DIRECTION ( 'NONE',  ( 0.000000000000000000, 0.000000000000000000, 1.000000000000000000 ) ) ;
#1639 = DIRECTION ( 'NONE',  ( 0.000000000000000000, 0.000000000000000000, -1.000000000000000000 ) ) ;
#1640 = DIRECTION ( 'NONE',  ( 0.000000000000000000, 0.000000000000000000, 1.000000000000000000 ) ) ;
#1641 = CARTESIAN_POINT ( 'NONE',  ( 2.000000000000007994, 72.50000000000001421, 52.00000000000000000 ) ) ;
#1642 = CARTESIAN_POINT ( 'NONE',  ( 132.0000000000000000, 75.50000000000001421, -57.50000000000000000 ) ) ;
#1643 = CIRCLE ( 'NONE', #733, 3.250000000000002665 ) ;
#1644 = EDGE_CURVE ( 'NONE', #1663, #797, #2117, .T. ) ;
#1645 = ORIENTED_EDGE ( 'NONE', *, *, #862, .F. ) ;
#1646 = CIRCLE ( 'NONE', #1855, 3.000000000000002665 ) ;
#1647 = ORIENTED_EDGE ( 'NONE', *, *, #1210, .F. ) ;
#1648 = ORIENTED_EDGE ( 'NONE', *, *, #409, .T. ) ;
#1649 = CARTESIAN_POINT ( 'NONE',  ( 2.000000000000007994, 72.50000000000001421, -52.00000000000000000 ) ) ;
#1650 = CIRCLE ( 'NONE', #1127, 3.250000000000002665 ) ;
#1651 = ORIENTED_EDGE ( 'NONE', *, *, #106, .F. ) ;
#1652 = AXIS2_PLACEMENT_3D ( 'NONE', #375, #1575, #1560 ) ;
#1653 = FACE_OUTER_BOUND ( 'NONE', #1385, .T. ) ;
#1654 = CARTESIAN_POINT ( 'NONE',  ( 132.0000000000000000, 72.50000000000001421, 55.99999999999999289 ) ) ;
#1655 = DIRECTION ( 'NONE',  ( -1.000000000000000000, 0.000000000000000000, 0.000000000000000000 ) ) ;
#1656 = DIRECTION ( 'NONE',  ( 0.000000000000000000, 1.000000000000000000, 0.000000000000000000 ) ) ;
#1657 = ORIENTED_EDGE ( 'NONE', *, *, #1169, .F. ) ;
#1658 = CIRCLE ( 'NONE', #423, 1.500000000000001332 ) ;
#1659 = VERTEX_POINT ( 'NONE', #2449 ) ;
#1660 = DIRECTION ( 'NONE',  ( 0.000000000000000000, 0.000000000000000000, 1.000000000000000000 ) ) ;
#1661 = ORIENTED_EDGE ( 'NONE', *, *, #1431, .F. ) ;
#1662 = AXIS2_PLACEMENT_3D ( 'NONE', #305, #1875, #2296 ) ;
#1663 = VERTEX_POINT ( 'NONE', #1064 ) ;
#1664 = EDGE_LOOP ( 'NONE', ( #1786, #535, #1453, #1634 ) ) ;
#1665 = CARTESIAN_POINT ( 'NONE',  ( 11.00000000000000000, 72.50000000000001421, -29.00000000000000000 ) ) ;
#1666 = EDGE_CURVE ( 'NONE', #1139, #1220, #755, .T. ) ;
#1667 = CARTESIAN_POINT ( 'NONE',  ( 133.0000000000000000, 69.50000000000000000, 60.00000000000000000 ) ) ;
#1668 = VECTOR ( 'NONE', #1699, 1000.000000000000000 ) ;
#1669 = DIRECTION ( 'NONE',  ( 0.000000000000000000, 0.000000000000000000, -1.000000000000000000 ) ) ;
#1670 = VECTOR ( 'NONE', #2500, 1000.000000000000227 ) ;
#1671 = DIRECTION ( 'NONE',  ( 0.000000000000000000, 1.000000000000000000, 0.000000000000000000 ) ) ;
#1672 = ADVANCED_FACE ( 'NONE', ( #100 ), #358, .T. ) ;
#1673 = DIRECTION ( 'NONE',  ( 0.2169304578186556365, 0.000000000000000000, -0.9761870601839528483 ) ) ;
#1674 = CARTESIAN_POINT ( 'NONE',  ( 2.000000000000007994, 72.50000000000001421, -52.00000000000000000 ) ) ;
#1675 = CARTESIAN_POINT ( 'NONE',  ( 2.000000000000008438, 75.50000000000001421, -55.25000000000000000 ) ) ;
#1676 = ORIENTED_EDGE ( 'NONE', *, *, #36, .T. ) ;
#1677 = AXIS2_PLACEMENT_3D ( 'NONE', #1480, #2258, #2038 ) ;
#1678 = VERTEX_POINT ( 'NONE', #697 ) ;
#1679 = ORIENTED_EDGE ( 'NONE', *, *, #326, .T. ) ;
#1680 = CARTESIAN_POINT ( 'NONE',  ( 5.999999999999998224, 72.50000000000001421, -60.00000000000000000 ) ) ;
#1681 = VECTOR ( 'NONE', #299, 1000.000000000000000 ) ;
#1682 = EDGE_CURVE ( 'NONE', #1587, #31, #2054, .T. ) ;
#1683 = CARTESIAN_POINT ( 'NONE',  ( -5.131701911385920134, 72.50000000000001421, 47.85255164623664825 ) ) ;
#1684 = VECTOR ( 'NONE', #2151, 1000.000000000000000 ) ;
#1685 = DIRECTION ( 'NONE',  ( 0.000000000000000000, 0.000000000000000000, 1.000000000000000000 ) ) ;
#1686 = CARTESIAN_POINT ( 'NONE',  ( 132.0000000000000000, 72.50000000000001421, -54.50000000000001421 ) ) ;
#1687 =( NAMED_UNIT ( * ) PLANE_ANGLE_UNIT ( ) SI_UNIT ( $, .RADIAN. ) );
#1688 = DIRECTION ( 'NONE',  ( -0.000000000000000000, -1.000000000000000000, -0.000000000000000000 ) ) ;
#1689 = CARTESIAN_POINT ( 'NONE',  ( -5.131701911385923687, 75.50000000000001421, -47.85255164623664825 ) ) ;
#1690 = CIRCLE ( 'NONE', #1119, 1.499999999999994449 ) ;
#1691 = EDGE_LOOP ( 'NONE', ( #60, #216, #2427, #720, #1076, #1084, #1500, #2095, #1283, #1723, #1635, #1581, #1432, #471, #2156, #1419, #2236, #722, #414, #357, #1850, #1975, #1153, #1617, #1090, #2313, #2004, #1416, #651, #1760, #297, #322, #2547, #71, #163, #1229, #1948, #2315, #487, #2279, #331, #1257, #1962, #2131, #740, #2327, #1679, #892, #87, #1997, #807, #926 ) ) ;
#1692 = ORIENTED_EDGE ( 'NONE', *, *, #1261, .F. ) ;
#1693 = EDGE_LOOP ( 'NONE', ( #267, #1231, #1472, #552 ) ) ;
#1694 = CARTESIAN_POINT ( 'NONE',  ( 52.50000000000000000, 75.50000000000001421, -34.00000000000000000 ) ) ;
#1695 = DIRECTION ( 'NONE',  ( 0.000000000000000000, 1.000000000000000000, 0.000000000000000000 ) ) ;
#1696 = CARTESIAN_POINT ( 'NONE',  ( 62.49999999999999289, 72.50000000000001421, -30.26305804582443315 ) ) ;
#1697 = DIRECTION ( 'NONE',  ( -0.000000000000000000, 0.000000000000000000, 1.000000000000000000 ) ) ;
#1698 = EDGE_CURVE ( 'NONE', #258, #1825, #1254, .T. ) ;
#1699 = DIRECTION ( 'NONE',  ( 0.000000000000000000, 1.000000000000000000, 0.000000000000000000 ) ) ;
#1700 = FACE_OUTER_BOUND ( 'NONE', #1332, .T. ) ;
#1701 = AXIS2_PLACEMENT_3D ( 'NONE', #2373, #218, #2383 ) ;
#1702 = VECTOR ( 'NONE', #767, 1000.000000000000000 ) ;
#1703 = ORIENTED_EDGE ( 'NONE', *, *, #739, .T. ) ;
#1704 = ADVANCED_FACE ( 'NONE', ( #2473 ), #73, .T. ) ;
#1705 = EDGE_CURVE ( 'NONE', #1950, #2471, #200, .T. ) ;
#1706 = EDGE_LOOP ( 'NONE', ( #268, #309, #2116, #1976, #2506, #2545, #1780, #711, #1499, #1152, #523, #1010, #863, #1570, #969, #2190, #835, #1187, #1046, #2280, #346, #1468, #1299, #1390, #2390, #340, #1647, #1645, #6, #2429, #2416, #2028, #1777, #489, #1371, #1198, #758, #1150, #188, #596, #470, #1104, #2299, #1319, #665, #1903, #1271, #12, #850, #1314, #768, #2059 ) ) ;
#1707 = CIRCLE ( 'NONE', #934, 8.250000000000003553 ) ;
#1708 = CARTESIAN_POINT ( 'NONE',  ( 0.9999999999999983347, 75.50000000000001421, -32.50000000000000711 ) ) ;
#1709 = CARTESIAN_POINT ( 'NONE',  ( 136.0000000000000000, 69.50000000000000000, 56.99999999999999289 ) ) ;
#1710 = CARTESIAN_POINT ( 'NONE',  ( -31.85714285714286120, 72.50000000000001421, 49.77095349125058021 ) ) ;
#1711 = CIRCLE ( 'NONE', #392, 1.500000000000001332 ) ;
#1712 = DIRECTION ( 'NONE',  ( 0.000000000000000000, 0.000000000000000000, 1.000000000000000000 ) ) ;
#1713 = DIRECTION ( 'NONE',  ( 0.000000000000000000, 1.000000000000000000, 0.000000000000000000 ) ) ;
#1714 = EDGE_LOOP ( 'NONE', ( #1605, #332, #1031, #1346 ) ) ;
#1715 = EDGE_CURVE ( 'NONE', #126, #2414, #712, .T. ) ;
#1716 = ORIENTED_EDGE ( 'NONE', *, *, #1311, .T. ) ;
#1717 = ORIENTED_EDGE ( 'NONE', *, *, #2525, .F. ) ;
#1718 = ORIENTED_EDGE ( 'NONE', *, *, #845, .T. ) ;
#1719 = DIRECTION ( 'NONE',  ( 0.000000000000000000, 0.000000000000000000, 1.000000000000000000 ) ) ;
#1720 = FACE_OUTER_BOUND ( 'NONE', #1023, .T. ) ;
#1721 = FACE_OUTER_BOUND ( 'NONE', #2489, .T. ) ;
#1722 = CARTESIAN_POINT ( 'NONE',  ( -31.00000000000000355, 72.50000000000001421, 60.00000000000000000 ) ) ;
#1723 = ORIENTED_EDGE ( 'NONE', *, *, #825, .F. ) ;
#1724 = VERTEX_POINT ( 'NONE', #1460 ) ;
#1725 = EDGE_CURVE ( 'NONE', #1726, #2524, #2467, .T. ) ;
#1726 = VERTEX_POINT ( 'NONE', #88 ) ;
#1727 = ORIENTED_EDGE ( 'NONE', *, *, #1923, .F. ) ;
#1728 = DIRECTION ( 'NONE',  ( -0.000000000000000000, -1.000000000000000000, -0.000000000000000000 ) ) ;
#1729 = DIRECTION ( 'NONE',  ( 0.000000000000000000, 0.000000000000000000, 1.000000000000000000 ) ) ;
#1730 = CARTESIAN_POINT ( 'NONE',  ( 62.49999999999999289, 75.50000000000001421, -30.26305804582443315 ) ) ;
#1731 = CYLINDRICAL_SURFACE ( 'NONE', #172, 3.000000000000002665 ) ;
#1732 = CARTESIAN_POINT ( 'NONE',  ( -29.13175685787554059, 72.50000000000001421, -50.85255851454783738 ) ) ;
#1733 = VECTOR ( 'NONE', #750, 1000.000000000000000 ) ;
#1734 = ORIENTED_EDGE ( 'NONE', *, *, #1021, .F. ) ;
#1735 = DIRECTION ( 'NONE',  ( 0.000000000000000000, 1.000000000000000000, 0.000000000000000000 ) ) ;
#1736 = ORIENTED_EDGE ( 'NONE', *, *, #1770, .T. ) ;
#1737 = ORIENTED_EDGE ( 'NONE', *, *, #707, .T. ) ;
#1738 = EDGE_CURVE ( 'NONE', #1566, #1418, #865, .T. ) ;
#1739 = PLANE ( 'NONE',  #1652 ) ;
#1740 = VECTOR ( 'NONE', #1565, 1000.000000000000000 ) ;
#1741 = CARTESIAN_POINT ( 'NONE',  ( -34.00000000000000000, 75.50000000000001421, -56.99999999999999289 ) ) ;
#1742 = UNCERTAINTY_MEASURE_WITH_UNIT (LENGTH_MEASURE( 1.000000000000000082E-05 ), #1529, 'distance_accuracy_value', 'NONE');
#1743 = AXIS2_PLACEMENT_3D ( 'NONE', #635, #431, #1251 ) ;
#1744 = EDGE_CURVE ( 'NONE', #2261, #1992, #1273, .T. ) ;
#1745 = LINE ( 'NONE', #1170, #294 ) ;
#1746 = DIRECTION ( 'NONE',  ( 0.000000000000000000, 0.000000000000000000, 1.000000000000000000 ) ) ;
#1747 = LINE ( 'NONE', #1400, #1740 ) ;
#1748 = DIRECTION ( 'NONE',  ( 0.9590574497630341977, 0.000000000000000000, -0.2832115959031779595 ) ) ;
#1749 = VERTEX_POINT ( 'NONE', #2520 ) ;
#1750 = CARTESIAN_POINT ( 'NONE',  ( -30.00000000000000355, 72.50000000000001421, 57.49999999999999289 ) ) ;
#1751 = VERTEX_POINT ( 'NONE', #473 ) ;
#1752 = CARTESIAN_POINT ( 'NONE',  ( 128.0638000359680007, 75.50000000000001421, -60.00000000000000000 ) ) ;
#1753 = LINE ( 'NONE', #1741, #2445 ) ;
#1754 = EDGE_CURVE ( 'NONE', #2354, #1164, #1643, .T. ) ;
#1755 = LINE ( 'NONE', #2336, #1733 ) ;
#1756 = LINE ( 'NONE', #764, #437 ) ;
#1757 = DIRECTION ( 'NONE',  ( 0.000000000000000000, 1.000000000000000000, 0.000000000000000000 ) ) ;
#1758 = AXIS2_PLACEMENT_3D ( 'NONE', #1953, #165, #959 ) ;
#1759 = DIRECTION ( 'NONE',  ( -1.000000000000000000, 0.000000000000000000, 0.000000000000000000 ) ) ;
#1760 = ORIENTED_EDGE ( 'NONE', *, *, #239, .T. ) ;
#1761 = FACE_OUTER_BOUND ( 'NONE', #614, .T. ) ;
#1762 = VERTEX_POINT ( 'NONE', #884 ) ;
#1763 = FACE_OUTER_BOUND ( 'NONE', #1305, .T. ) ;
#1764 = CARTESIAN_POINT ( 'NONE',  ( -31.00000000000000355, 72.50000000000001421, -52.64589803375029931 ) ) ;
#1765 = AXIS2_PLACEMENT_3D ( 'NONE', #1058, #1633, #434 ) ;
#1766 = CARTESIAN_POINT ( 'NONE',  ( -3.891354565493835072, 72.50000000000001421, 57.77533041337332520 ) ) ;
#1767 = EDGE_CURVE ( 'NONE', #780, #319, #1965, .T. ) ;
#1768 = DIRECTION ( 'NONE',  ( 0.000000000000000000, 1.000000000000000000, 0.000000000000000000 ) ) ;
#1769 = DIRECTION ( 'NONE',  ( -0.000000000000000000, 1.000000000000000000, -0.000000000000000000 ) ) ;
#1770 = EDGE_CURVE ( 'NONE', #816, #1678, #1391, .T. ) ;
#1771 = EDGE_CURVE ( 'NONE', #1174, #1380, #1483, .T. ) ;
#1772 = ORIENTED_EDGE ( 'NONE', *, *, #1006, .F. ) ;
#1773 = DIRECTION ( 'NONE',  ( 0.000000000000000000, 0.000000000000000000, 1.000000000000000000 ) ) ;
#1774 = AXIS2_PLACEMENT_3D ( 'NONE', #262, #234, #2397 ) ;
#1775 = AXIS2_PLACEMENT_3D ( 'NONE', #1654, #233, #1638 ) ;
#1776 = EDGE_CURVE ( 'NONE', #1566, #1876, #1798, .T. ) ;
#1777 = ORIENTED_EDGE ( 'NONE', *, *, #2320, .T. ) ;
#1778 = ADVANCED_FACE ( 'NONE', ( #1761 ), #225, .F. ) ;
#1779 = AXIS2_PLACEMENT_3D ( 'NONE', #1636, #1420, #1000 ) ;
#1780 = ORIENTED_EDGE ( 'NONE', *, *, #958, .F. ) ;
#1781 = LINE ( 'NONE', #14, #2141 ) ;
#1782 = EDGE_LOOP ( 'NONE', ( #1011, #2218, #2208, #1079 ) ) ;
#1783 = DIRECTION ( 'NONE',  ( 1.000000000000000000, 0.000000000000000000, 0.000000000000000000 ) ) ;
#1784 = DIRECTION ( 'NONE',  ( 0.000000000000000000, 1.000000000000000000, 0.000000000000000000 ) ) ;
#1785 = AXIS2_PLACEMENT_3D ( 'NONE', #792, #1579, #2339 ) ;
#1786 = ORIENTED_EDGE ( 'NONE', *, *, #1060, .F. ) ;
#1787 = DIRECTION ( 'NONE',  ( 0.000000000000000000, 1.000000000000000000, 0.000000000000000000 ) ) ;
#1788 = EDGE_CURVE ( 'NONE', #1073, #771, #604, .T. ) ;
#1789 = AXIS2_PLACEMENT_3D ( 'NONE', #1530, #2073, #1712 ) ;
#1790 = AXIS2_PLACEMENT_3D ( 'NONE', #2227, #244, #64 ) ;
#1791 = ORIENTED_EDGE ( 'NONE', *, *, #167, .T. ) ;
#1792 = VERTEX_POINT ( 'NONE', #2129 ) ;
#1793 = CARTESIAN_POINT ( 'NONE',  ( -30.00000000000000355, 72.50000000000001421, 55.99999999999999289 ) ) ;
#1794 = DIRECTION ( 'NONE',  ( 0.000000000000000000, 0.000000000000000000, 1.000000000000000000 ) ) ;
#1795 =( NAMED_UNIT ( * ) SI_UNIT ( $, .STERADIAN. ) SOLID_ANGLE_UNIT ( ) );
#1796 = CARTESIAN_POINT ( 'NONE',  ( 136.0000000000000000, 75.50000000000001421, 52.64589803375031352 ) ) ;
#1797 = VERTEX_POINT ( 'NONE', #1162 ) ;
#1798 = LINE ( 'NONE', #994, #1803 ) ;
#1799 = EDGE_LOOP ( 'NONE', ( #1242, #1281 ) ) ;
#1800 = ADVANCED_FACE ( 'NONE', ( #370 ), #2155, .F. ) ;
#1801 = ORIENTED_EDGE ( 'NONE', *, *, #1210, .T. ) ;
#1802 = CARTESIAN_POINT ( 'NONE',  ( -34.00000000000000000, 75.50000000000001421, 52.64589803375031352 ) ) ;
#1803 = VECTOR ( 'NONE', #781, 1000.000000000000000 ) ;
#1804 = CARTESIAN_POINT ( 'NONE',  ( -30.00000000000000355, 72.50000000000001421, 55.99999999999999289 ) ) ;
#1805 = LINE ( 'NONE', #38, #1826 ) ;
#1806 = CARTESIAN_POINT ( 'NONE',  ( -30.00000000000000355, 72.50000000000001421, -54.49999999999997868 ) ) ;
#1807 = EDGE_CURVE ( 'NONE', #281, #2099, #1369, .T. ) ;
#1808 = CARTESIAN_POINT ( 'NONE',  ( -2.013213469645133369, 72.50000000000001421, -47.01059947017090934 ) ) ;
#1809 = ORIENTED_EDGE ( 'NONE', *, *, #2399, .T. ) ;
#1810 = DIRECTION ( 'NONE',  ( 0.000000000000000000, 0.000000000000000000, 1.000000000000000000 ) ) ;
#1811 = EDGE_LOOP ( 'NONE', ( #846, #916, #228, #1648 ) ) ;
#1812 = ORIENTED_EDGE ( 'NONE', *, *, #1370, .F. ) ;
#1813 = CARTESIAN_POINT ( 'NONE',  ( 58.91605797951588386, 75.50000000000001421, 29.20471275118482879 ) ) ;
#1814 = VECTOR ( 'NONE', #1093, 1000.000000000000114 ) ;
#1815 = VECTOR ( 'NONE', #232, 1000.000000000000000 ) ;
#1816 = EDGE_CURVE ( 'NONE', #2102, #186, #1690, .T. ) ;
#1817 = EDGE_CURVE ( 'NONE', #2524, #1105, #9, .T. ) ;
#1818 = FACE_BOUND ( 'NONE', #280, .T. ) ;
#1819 = DIRECTION ( 'NONE',  ( -0.000000000000000000, -1.000000000000000000, -0.000000000000000000 ) ) ;
#1820 = FACE_OUTER_BOUND ( 'NONE', #1094, .T. ) ;
#1821 = CARTESIAN_POINT ( 'NONE',  ( 11.00000000000000000, 72.50000000000001421, 29.00000000000000355 ) ) ;
#1822 = LINE ( 'NONE', #2232, #2456 ) ;
#1823 = FACE_BOUND ( 'NONE', #2549, .T. ) ;
#1824 = AXIS2_PLACEMENT_3D ( 'NONE', #1341, #328, #1481 ) ;
#1825 = VERTEX_POINT ( 'NONE', #1961 ) ;
#1826 = VECTOR ( 'NONE', #826, 1000.000000000000000 ) ;
#1827 = ORIENTED_EDGE ( 'NONE', *, *, #1295, .F. ) ;
#1828 = CARTESIAN_POINT ( 'NONE',  ( 5.999999999999998224, 72.50000000000001421, 32.50000000000000000 ) ) ;
#1829 = FACE_OUTER_BOUND ( 'NONE', #1471, .T. ) ;
#1830 = CARTESIAN_POINT ( 'NONE',  ( 0.9999999999999983347, 72.50000000000001421, 29.84668806854096346 ) ) ;
#1831 = DIRECTION ( 'NONE',  ( 0.000000000000000000, 1.000000000000000000, 0.000000000000000000 ) ) ;
#1832 = CARTESIAN_POINT ( 'NONE',  ( -30.00000000000000355, 72.50000000000001421, -49.49999999999997868 ) ) ;
#1833 = ADVANCED_FACE ( 'NONE', ( #1985 ), #1175, .T. ) ;
#1834 = DIRECTION ( 'NONE',  ( 0.000000000000000000, 1.000000000000000000, 0.000000000000000000 ) ) ;
#1835 = CARTESIAN_POINT ( 'NONE',  ( 5.999999999999998224, 75.50000000000001421, -34.00000000000000000 ) ) ;
#1836 = ORIENTED_EDGE ( 'NONE', *, *, #292, .F. ) ;
#1837 = ORIENTED_EDGE ( 'NONE', *, *, #1970, .T. ) ;
#1838 = ORIENTED_EDGE ( 'NONE', *, *, #870, .F. ) ;
#1839 = DIRECTION ( 'NONE',  ( 0.000000000000000000, 0.000000000000000000, 1.000000000000000000 ) ) ;
#1840 = ORIENTED_EDGE ( 'NONE', *, *, #1088, .F. ) ;
#1841 = DIRECTION ( 'NONE',  ( 1.000000000000000000, 0.000000000000000000, 0.000000000000000000 ) ) ;
#1842 = DIRECTION ( 'NONE',  ( 0.000000000000000000, 1.000000000000000000, 0.000000000000000000 ) ) ;
#1843 = DIRECTION ( 'NONE',  ( 0.000000000000000000, 1.000000000000000000, 0.000000000000000000 ) ) ;
#1844 = DIRECTION ( 'NONE',  ( 0.9922778767136676281, 0.000000000000000000, -0.1240347345892079400 ) ) ;
#1845 = ADVANCED_FACE ( 'NONE', ( #967 ), #1949, .T. ) ;
#1846 = DIRECTION ( 'NONE',  ( 0.000000000000000000, 1.000000000000000000, 0.000000000000000000 ) ) ;
#1847 = CARTESIAN_POINT ( 'NONE',  ( -26.49893412826833483, 72.50000000000001421, 50.52345567334693754 ) ) ;
#1848 = CIRCLE ( 'NONE', #2298, 3.000000000000002665 ) ;
#1849 = EDGE_CURVE ( 'NONE', #2374, #2015, #30, .T. ) ;
#1850 = ORIENTED_EDGE ( 'NONE', *, *, #728, .T. ) ;
#1851 = VECTOR ( 'NONE', #364, 1000.000000000000000 ) ;
#1852 = VERTEX_POINT ( 'NONE', #1606 ) ;
#1853 = VERTEX_POINT ( 'NONE', #2534 ) ;
#1854 = DIRECTION ( 'NONE',  ( 0.000000000000000000, 0.000000000000000000, 1.000000000000000000 ) ) ;
#1855 = AXIS2_PLACEMENT_3D ( 'NONE', #2091, #772, #179 ) ;
#1856 = CARTESIAN_POINT ( 'NONE',  ( -26.49893412826832062, 72.50000000000001421, -50.52345567334693754 ) ) ;
#1857 = DIRECTION ( 'NONE',  ( -0.000000000000000000, -0.000000000000000000, 1.000000000000000000 ) ) ;
#1858 = DIRECTION ( 'NONE',  ( 0.000000000000000000, 0.000000000000000000, 1.000000000000000000 ) ) ;
#1859 = VECTOR ( 'NONE', #1546, 1000.000000000000000 ) ;
#1860 = ORIENTED_EDGE ( 'NONE', *, *, #141, .F. ) ;
#1861 = CARTESIAN_POINT ( 'NONE',  ( 133.8571428571428612, 72.50000000000001421, 49.77095349125058732 ) ) ;
#1862 = CIRCLE ( 'NONE', #462, 6.500000000000002665 ) ;
#1863 = VERTEX_POINT ( 'NONE', #769 ) ;
#1864 = EDGE_CURVE ( 'NONE', #2508, #1678, #1972, .T. ) ;
#1865 = VERTEX_POINT ( 'NONE', #1597 ) ;
#1866 = VERTEX_POINT ( 'NONE', #20 ) ;
#1867 = DIRECTION ( 'NONE',  ( 0.000000000000000000, 1.000000000000000000, 0.000000000000000000 ) ) ;
#1868 = ORIENTED_EDGE ( 'NONE', *, *, #1537, .F. ) ;
#1869 = LINE ( 'NONE', #2474, #2078 ) ;
#1870 = DIRECTION ( 'NONE',  ( 1.000000000000000000, 0.000000000000000000, 0.000000000000000000 ) ) ;
#1871 = CARTESIAN_POINT ( 'NONE',  ( 132.0000000000000000, 72.50000000000001421, -56.00000000000000711 ) ) ;
#1872 = FACE_OUTER_BOUND ( 'NONE', #114, .T. ) ;
#1873 = ORIENTED_EDGE ( 'NONE', *, *, #436, .F. ) ;
#1874 = CARTESIAN_POINT ( 'NONE',  ( 0.9999999999999983347, 75.50000000000001421, -29.84668806854097056 ) ) ;
#1875 = DIRECTION ( 'NONE',  ( 0.000000000000000000, 1.000000000000000000, 0.000000000000000000 ) ) ;
#1876 = VERTEX_POINT ( 'NONE', #1008 ) ;
#1877 = ORIENTED_EDGE ( 'NONE', *, *, #650, .T. ) ;
#1878 = CIRCLE ( 'NONE', #2329, 3.000000000000002665 ) ;
#1879 = EDGE_CURVE ( 'NONE', #793, #998, #806, .T. ) ;
#1880 = VERTEX_POINT ( 'NONE', #615 ) ;
#1881 = DIRECTION ( 'NONE',  ( -0.000000000000000000, -1.000000000000000000, -0.000000000000000000 ) ) ;
#1882 = CIRCLE ( 'NONE', #1355, 8.250000000000003553 ) ;
#1883 = DIRECTION ( 'NONE',  ( -0.000000000000000000, -0.000000000000000000, 1.000000000000000000 ) ) ;
#1884 = LINE ( 'NONE', #700, #968 ) ;
#1885 = DIRECTION ( 'NONE',  ( 0.2169304578186556365, 0.000000000000000000, -0.9761870601839528483 ) ) ;
#1886 = EDGE_CURVE ( 'NONE', #641, #258, #1405, .T. ) ;
#1887 = LINE ( 'NONE', #2083, #1668 ) ;
#1888 = CARTESIAN_POINT ( 'NONE',  ( 7.499999999999992895, 72.50000000000001421, 39.00000000000000000 ) ) ;
#1889 = VECTOR ( 'NONE', #2415, 1000.000000000000000 ) ;
#1890 = ORIENTED_EDGE ( 'NONE', *, *, #775, .T. ) ;
#1891 = EDGE_CURVE ( 'NONE', #1253, #900, #279, .T. ) ;
#1892 = ORIENTED_EDGE ( 'NONE', *, *, #1051, .T. ) ;
#1893 = EDGE_LOOP ( 'NONE', ( #224, #269, #2012, #1772 ) ) ;
#1894 = ORIENTED_EDGE ( 'NONE', *, *, #1060, .T. ) ;
#1895 = FACE_OUTER_BOUND ( 'NONE', #19, .T. ) ;
#1896 = CARTESIAN_POINT ( 'NONE',  ( -31.85714285714286120, 75.50000000000001421, -49.77095349125056600 ) ) ;
#1897 = DIRECTION ( 'NONE',  ( 0.2169304578186556642, 0.000000000000000000, 0.9761870601839528483 ) ) ;
#1898 = AXIS2_PLACEMENT_3D ( 'NONE', #2438, #1615, #2244 ) ;
#1899 = EDGE_CURVE ( 'NONE', #983, #1547, #251, .T. ) ;
#1900 = CARTESIAN_POINT ( 'NONE',  ( -31.00000000000000355, 69.50000000000000000, 60.00000000000000000 ) ) ;
#1901 = FACE_OUTER_BOUND ( 'NONE', #882, .T. ) ;
#1902 = AXIS2_PLACEMENT_3D ( 'NONE', #427, #1038, #1977 ) ;
#1903 = ORIENTED_EDGE ( 'NONE', *, *, #49, .T. ) ;
#1904 = ORIENTED_EDGE ( 'NONE', *, *, #1817, .T. ) ;
#1905 = EDGE_LOOP ( 'NONE', ( #710, #446, #980, #2139 ) ) ;
#1906 = AXIS2_PLACEMENT_3D ( 'NONE', #1354, #1594, #396 ) ;
#1907 = CYLINDRICAL_SURFACE ( 'NONE', #420, 6.499999999999999112 ) ;
#1908 = DIRECTION ( 'NONE',  ( 0.000000000000000000, 1.000000000000000000, 0.000000000000000000 ) ) ;
#1909 = CARTESIAN_POINT ( 'NONE',  ( 56.08394202048410193, 72.50000000000001421, 38.79528724881517121 ) ) ;
#1910 = EDGE_CURVE ( 'NONE', #403, #1220, #1417, .T. ) ;
#1911 = CARTESIAN_POINT ( 'NONE',  ( 5.999999999999998224, 75.50000000000001421, 34.00000000000000000 ) ) ;
#1912 = DIRECTION ( 'NONE',  ( 0.000000000000000000, 0.000000000000000000, 1.000000000000000000 ) ) ;
#1913 = ORIENTED_EDGE ( 'NONE', *, *, #2337, .F. ) ;
#1914 = EDGE_LOOP ( 'NONE', ( #1203, #1274, #142, #616 ) ) ;
#1915 = CLOSED_SHELL ( 'NONE', ( #1800, #540, #2157, #481, #626, #226, #1312, #1599, #857, #2191, #308, #1672, #577, #1927, #2241, #2127, #1138, #7, #1327, #856, #341, #2389, #745, #1959, #419, #1022, #2069, #859, #2170, #2420, #822, #1510, #1778, #474, #2224, #517, #150, #525, #2446, #2478, #719, #837, #162, #782, #1397, #135, #1095, #447, #1087, #991, #592, #762, #2032, #1631, #898, #1704, #59, #1845, #637, #2477, #2510, #1280, #248, #2344, #383, #389, #2262, #619, #2543, #2200, #178, #2037, #1384, #1833 ) ) ;
#1916 = CARTESIAN_POINT ( 'NONE',  ( -3.891354565493830187, 75.50000000000001421, 57.77533041337332520 ) ) ;
#1917 = FACE_OUTER_BOUND ( 'NONE', #2075, .T. ) ;
#1918 = DIRECTION ( 'NONE',  ( 0.000000000000000000, 0.000000000000000000, 1.000000000000000000 ) ) ;
#1919 = DIRECTION ( 'NONE',  ( 1.000000000000000000, 0.000000000000000000, -0.000000000000000000 ) ) ;
#1920 = CYLINDRICAL_SURFACE ( 'NONE', #2275, 6.499999999999999112 ) ;
#1921 = VERTEX_POINT ( 'NONE', #1642 ) ;
#1922 = CARTESIAN_POINT ( 'NONE',  ( 128.0638000359679722, 75.50000000000001421, 56.99999999999999289 ) ) ;
#1923 = EDGE_CURVE ( 'NONE', #360, #1161, #2428, .T. ) ;
#1924 = VERTEX_POINT ( 'NONE', #2401 ) ;
#1925 = ORIENTED_EDGE ( 'NONE', *, *, #2090, .F. ) ;
#1926 = ORIENTED_EDGE ( 'NONE', *, *, #512, .F. ) ;
#1927 = ADVANCED_FACE ( 'NONE', ( #1282, #2026, #1823, #1071, #2000, #2217, #878, #1256, #96, #468 ), #1045, .T. ) ;
#1928 = CARTESIAN_POINT ( 'NONE',  ( 5.999999999999998224, 72.50000000000001421, 34.00000000000000000 ) ) ;
#1929 = DIRECTION ( 'NONE',  ( -0.000000000000000000, -1.000000000000000000, -0.000000000000000000 ) ) ;
#1930 = CYLINDRICAL_SURFACE ( 'NONE', #995, 3.250000000000002665 ) ;
#1931 = DIRECTION ( 'NONE',  ( 0.000000000000000000, 1.000000000000000000, 0.000000000000000000 ) ) ;
#1932 = CYLINDRICAL_SURFACE ( 'NONE', #303, 3.000000000000002665 ) ;
#1933 = PLANE ( 'NONE',  #708 ) ;
#1934 = ORIENTED_EDGE ( 'NONE', *, *, #2277, .F. ) ;
#1935 = CARTESIAN_POINT ( 'NONE',  ( -30.00000000000000355, 72.50000000000001421, -55.99999999999997868 ) ) ;
#1936 = CIRCLE ( 'NONE', #2270, 1.499999999999994449 ) ;
#1937 = ORIENTED_EDGE ( 'NONE', *, *, #1644, .F. ) ;
#1938 = EDGE_CURVE ( 'NONE', #641, #2249, #57, .T. ) ;
#1939 = DIRECTION ( 'NONE',  ( 0.000000000000000000, 0.000000000000000000, 1.000000000000000000 ) ) ;
#1940 = VECTOR ( 'NONE', #343, 1000.000000000000227 ) ;
#1941 = DIRECTION ( 'NONE',  ( 0.1240347345892079539, -0.000000000000000000, 0.9922778767136677391 ) ) ;
#1942 = VECTOR ( 'NONE', #1897, 1000.000000000000114 ) ;
#1943 = DIRECTION ( 'NONE',  ( 0.000000000000000000, -1.000000000000000000, 0.000000000000000000 ) ) ;
#1944 = DIRECTION ( 'NONE',  ( 0.000000000000000000, -1.000000000000000000, -0.000000000000000000 ) ) ;
#1945 = FACE_OUTER_BOUND ( 'NONE', #1905, .T. ) ;
#1946 = VECTOR ( 'NONE', #688, 1000.000000000000000 ) ;
#1947 = DIRECTION ( 'NONE',  ( 0.2832115959031780150, -0.000000000000000000, 0.9590574497630343087 ) ) ;
#1948 = ORIENTED_EDGE ( 'NONE', *, *, #1176, .T. ) ;
#1949 = PLANE ( 'NONE',  #2421 ) ;
#1950 = VERTEX_POINT ( 'NONE', #1675 ) ;
#1951 = ORIENTED_EDGE ( 'NONE', *, *, #862, .T. ) ;
#1952 = EDGE_CURVE ( 'NONE', #998, #1073, #1848, .T. ) ;
#1953 = CARTESIAN_POINT ( 'NONE',  ( -30.00000000000000355, 72.50000000000001421, 55.99999999999999289 ) ) ;
#1954 = CARTESIAN_POINT ( 'NONE',  ( 132.0000000000000000, 75.50000000000001421, 55.99999999999999289 ) ) ;
#1955 = DIRECTION ( 'NONE',  ( 0.2169304578186556642, 0.000000000000000000, 0.9761870601839528483 ) ) ;
#1956 = CARTESIAN_POINT ( 'NONE',  ( -34.00000000000000000, 69.50000000000000000, -56.99999999999999289 ) ) ;
#1957 = CARTESIAN_POINT ( 'NONE',  ( 126.6006772714286797, 75.50000000000001421, -59.61902114842296641 ) ) ;
#1958 = EDGE_CURVE ( 'NONE', #1105, #1485, #2548, .T. ) ;
#1959 = ADVANCED_FACE ( 'NONE', ( #265 ), #2193, .T. ) ;
#1960 = VERTEX_POINT ( 'NONE', #2441 ) ;
#1961 = CARTESIAN_POINT ( 'NONE',  ( 128.0638000359679722, 75.50000000000001421, 60.00000000000000000 ) ) ;
#1962 = ORIENTED_EDGE ( 'NONE', *, *, #808, .T. ) ;
#1963 = VERTEX_POINT ( 'NONE', #860 ) ;
#1964 = CARTESIAN_POINT ( 'NONE',  ( 2.000000000000007994, 75.50000000000001421, -52.00000000000000000 ) ) ;
#1965 = CIRCLE ( 'NONE', #122, 8.250000000000003553 ) ;
#1966 = AXIS2_PLACEMENT_3D ( 'NONE', #2305, #1180, #336 ) ;
#1967 = CARTESIAN_POINT ( 'NONE',  ( 132.0000000000000000, 72.50000000000001421, 55.99999999999999289 ) ) ;
#1968 =( LENGTH_UNIT ( ) NAMED_UNIT ( * ) SI_UNIT ( .MILLI., .METRE. ) );
#1969 = CARTESIAN_POINT ( 'NONE',  ( 5.999999999999998224, 72.50000000000001421, -34.00000000000000000 ) ) ;
#1970 = EDGE_CURVE ( 'NONE', #2294, #1921, #1439, .T. ) ;
#1971 = EDGE_LOOP ( 'NONE', ( #241, #421, #1512, #617 ) ) ;
#1972 = LINE ( 'NONE', #1558, #448 ) ;
#1973 = CIRCLE ( 'NONE', #876, 6.500000000000002665 ) ;
#1974 = VECTOR ( 'NONE', #2150, 1000.000000000000000 ) ;
#1975 = ORIENTED_EDGE ( 'NONE', *, *, #2371, .T. ) ;
#1976 = ORIENTED_EDGE ( 'NONE', *, *, #1568, .F. ) ;
#1977 = DIRECTION ( 'NONE',  ( -0.000000000000000000, 0.000000000000000000, 1.000000000000000000 ) ) ;
#1978 = CIRCLE ( 'NONE', #1785, 1.500000000000001332 ) ;
#1979 = CARTESIAN_POINT ( 'NONE',  ( 2.000000000000007994, 72.50000000000001421, 52.00000000000000000 ) ) ;
#1980 = CARTESIAN_POINT ( 'NONE',  ( -31.00000000000000355, 75.50000000000001421, 60.00000000000000000 ) ) ;
#1981 = CIRCLE ( 'NONE', #1096, 3.000000000000002665 ) ;
#1982 = EDGE_CURVE ( 'NONE', #1726, #624, #1454, .T. ) ;
#1983 = EDGE_CURVE ( 'NONE', #900, #360, #1322, .T. ) ;
#1984 = ORIENTED_EDGE ( 'NONE', *, *, #1952, .F. ) ;
#1985 = FACE_OUTER_BOUND ( 'NONE', #957, .T. ) ;
#1986 = CIRCLE ( 'NONE', #1013, 3.000000000000002665 ) ;
#1987 = AXIS2_PLACEMENT_3D ( 'NONE', #1764, #761, #2551 ) ;
#1988 = AXIS2_PLACEMENT_3D ( 'NONE', #2502, #1340, #136 ) ;
#1989 = ORIENTED_EDGE ( 'NONE', *, *, #67, .T. ) ;
#1990 = ORIENTED_EDGE ( 'NONE', *, *, #1120, .F. ) ;
#1991 = DIRECTION ( 'NONE',  ( 0.000000000000000000, 0.000000000000000000, 1.000000000000000000 ) ) ;
#1992 = VERTEX_POINT ( 'NONE', #1469 ) ;
#1993 = DIRECTION ( 'NONE',  ( -0.000000000000000000, -1.000000000000000000, -0.000000000000000000 ) ) ;
#1994 = FACE_OUTER_BOUND ( 'NONE', #1971, .T. ) ;
#1995 = CARTESIAN_POINT ( 'NONE',  ( 129.4327932304603905, 72.50000000000001421, -50.02844665079261688 ) ) ;
#1996 = FACE_OUTER_BOUND ( 'NONE', #2290, .T. ) ;
#1997 = ORIENTED_EDGE ( 'NONE', *, *, #2079, .T. ) ;
#1998 = AXIS2_PLACEMENT_3D ( 'NONE', #699, #1066, #1841 ) ;
#1999 = ORIENTED_EDGE ( 'NONE', *, *, #329, .T. ) ;
#2000 = FACE_BOUND ( 'NONE', #393, .T. ) ;
#2001 = CIRCLE ( 'NONE', #1233, 1.500000000000001332 ) ;
#2002 = ORIENTED_EDGE ( 'NONE', *, *, #1051, .F. ) ;
#2003 = EDGE_CURVE ( 'NONE', #1876, #2458, #530, .T. ) ;
#2004 = ORIENTED_EDGE ( 'NONE', *, *, #1958, .T. ) ;
#2005 = DIRECTION ( 'NONE',  ( 0.2169304578186556642, 0.000000000000000000, 0.9761870601839528483 ) ) ;
#2006 = EDGE_LOOP ( 'NONE', ( #685, #1791, #1984, #1459 ) ) ;
#2007 = VECTOR ( 'NONE', #1735, 1000.000000000000000 ) ;
#2008 = PLANE ( 'NONE',  #2019 ) ;
#2009 = DIRECTION ( 'NONE',  ( 0.000000000000000000, 1.000000000000000000, 0.000000000000000000 ) ) ;
#2010 = LINE ( 'NONE', #689, #660 ) ;
#2011 = LINE ( 'NONE', #28, #510 ) ;
#2012 = ORIENTED_EDGE ( 'NONE', *, *, #239, .F. ) ;
#2013 = CYLINDRICAL_SURFACE ( 'NONE', #809, 8.250000000000000000 ) ;
#2014 = CARTESIAN_POINT ( 'NONE',  ( 5.999999999999998224, 72.50000000000001421, 35.50000000000000711 ) ) ;
#2015 = VERTEX_POINT ( 'NONE', #43 ) ;
#2016 = EDGE_CURVE ( 'NONE', #290, #998, #2205, .T. ) ;
#2017 = ORIENTED_EDGE ( 'NONE', *, *, #1620, .T. ) ;
#2018 = CARTESIAN_POINT ( 'NONE',  ( 0.2180848403251383627, 72.50000000000001421, 36.96975707530466337 ) ) ;
#2019 = AXIS2_PLACEMENT_3D ( 'NONE', #2138, #260, #1748 ) ;
#2020 = FACE_OUTER_BOUND ( 'NONE', #940, .T. ) ;
#2021 = DIRECTION ( 'NONE',  ( -1.000000000000000000, 0.000000000000000000, 0.000000000000000000 ) ) ;
#2022 = FACE_OUTER_BOUND ( 'NONE', #2196, .T. ) ;
#2023 = LINE ( 'NONE', #263, #2189 ) ;
#2024 = VERTEX_POINT ( 'NONE', #2014 ) ;
#2025 = DIRECTION ( 'NONE',  ( -0.000000000000000000, -1.000000000000000000, -0.000000000000000000 ) ) ;
#2026 = FACE_BOUND ( 'NONE', #966, .T. ) ;
#2027 = AXIS2_PLACEMENT_3D ( 'NONE', #1544, #1208, #1004 ) ;
#2028 = ORIENTED_EDGE ( 'NONE', *, *, #2231, .F. ) ;
#2029 = CIRCLE ( 'NONE', #939, 3.000000000000002665 ) ;
#2030 = ORIENTED_EDGE ( 'NONE', *, *, #565, .F. ) ;
#2031 = CARTESIAN_POINT ( 'NONE',  ( -30.00000000000000355, 75.50000000000001421, -54.49999999999997868 ) ) ;
#2032 = ADVANCED_FACE ( 'NONE', ( #110 ), #317, .T. ) ;
#2033 = DIRECTION ( 'NONE',  ( 1.000000000000000000, 0.000000000000000000, 0.000000000000000000 ) ) ;
#2034 = LINE ( 'NONE', #417, #2321 ) ;
#2035 = CARTESIAN_POINT ( 'NONE',  ( 133.0000000000000000, 69.50000000000000000, -60.00000000000000000 ) ) ;
#2036 = LINE ( 'NONE', #466, #2146 ) ;
#2037 = ADVANCED_FACE ( 'NONE', ( #1700 ), #1293, .T. ) ;
#2038 = DIRECTION ( 'NONE',  ( 0.000000000000000000, 0.000000000000000000, 1.000000000000000000 ) ) ;
#2039 = DIRECTION ( 'NONE',  ( 0.9590574497630341977, 0.000000000000000000, 0.2832115959031779595 ) ) ;
#2040 = ORIENTED_EDGE ( 'NONE', *, *, #1069, .F. ) ;
#2041 = ORIENTED_EDGE ( 'NONE', *, *, #987, .F. ) ;
#2042 = EDGE_LOOP ( 'NONE', ( #2089, #227, #1676, #1717 ) ) ;
#2043 = CARTESIAN_POINT ( 'NONE',  ( 2.000000000000007994, 75.50000000000001421, 52.00000000000000000 ) ) ;
#2044 = CARTESIAN_POINT ( 'NONE',  ( 0.9999999999999983347, 75.50000000000001421, 29.84668806854096701 ) ) ;
#2045 = LINE ( 'NONE', #287, #721 ) ;
#2046 = FACE_OUTER_BOUND ( 'NONE', #1811, .T. ) ;
#2047 = LINE ( 'NONE', #1436, #217 ) ;
#2048 = EDGE_CURVE ( 'NONE', #1853, #281, #2061, .T. ) ;
#2049 = ORIENTED_EDGE ( 'NONE', *, *, #1771, .F. ) ;
#2050 = DIRECTION ( 'NONE',  ( -0.000000000000000000, -1.000000000000000000, -0.000000000000000000 ) ) ;
#2051 = EDGE_LOOP ( 'NONE', ( #2222, #956, #2522, #1284 ) ) ;
#2052 = ORIENTED_EDGE ( 'NONE', *, *, #1744, .F. ) ;
#2053 = VERTEX_POINT ( 'NONE', #2491 ) ;
#2054 = LINE ( 'NONE', #298, #927 ) ;
#2055 = DIRECTION ( 'NONE',  ( -1.000000000000000000, 0.000000000000000000, 0.000000000000000000 ) ) ;
#2056 = DIRECTION ( 'NONE',  ( 0.000000000000000000, 1.000000000000000000, 0.000000000000000000 ) ) ;
#2057 = DIRECTION ( 'NONE',  ( 0.000000000000000000, 0.000000000000000000, 1.000000000000000000 ) ) ;
#2058 = DIRECTION ( 'NONE',  ( 0.000000000000000000, 0.000000000000000000, 1.000000000000000000 ) ) ;
#2059 = ORIENTED_EDGE ( 'NONE', *, *, #2277, .T. ) ;
#2060 = CARTESIAN_POINT ( 'NONE',  ( 56.77717383699619091, 75.50000000000001421, -38.99999999999997868 ) ) ;
#2061 = LINE ( 'NONE', #735, #1619 ) ;
#2062 = EDGE_CURVE ( 'NONE', #695, #1762, #911, .T. ) ;
#2063 = AXIS2_PLACEMENT_3D ( 'NONE', #2273, #2084, #1329 ) ;
#2064 = VERTEX_POINT ( 'NONE', #944 ) ;
#2065 = ORIENTED_EDGE ( 'NONE', *, *, #2431, .T. ) ;
#2066 = ORIENTED_EDGE ( 'NONE', *, *, #459, .F. ) ;
#2067 = DIRECTION ( 'NONE',  ( 0.000000000000000000, 1.000000000000000000, 0.000000000000000000 ) ) ;
#2068 = CIRCLE ( 'NONE', #1790, 1.500000000000001332 ) ;
#2069 = ADVANCED_FACE ( 'NONE', ( #1509 ), #937, .T. ) ;
#2070 = DIRECTION ( 'NONE',  ( 0.2169304578186556642, 0.000000000000000000, -0.9761870601839528483 ) ) ;
#2071 = DIRECTION ( 'NONE',  ( 0.000000000000000000, 1.000000000000000000, 0.000000000000000000 ) ) ;
#2072 = CARTESIAN_POINT ( 'NONE',  ( -21.68871125850729698, 75.50000000000001421, -60.00000000000000000 ) ) ;
#2073 = DIRECTION ( 'NONE',  ( 0.000000000000000000, 1.000000000000000000, 0.000000000000000000 ) ) ;
#2074 = DIRECTION ( 'NONE',  ( 0.000000000000000000, 1.000000000000000000, 0.000000000000000000 ) ) ;
#2075 = EDGE_LOOP ( 'NONE', ( #741, #128, #680, #1 ) ) ;
#2076 = EDGE_LOOP ( 'NONE', ( #1836, #993, #524, #1545 ) ) ;
#2077 = ORIENTED_EDGE ( 'NONE', *, *, #512, .T. ) ;
#2078 = VECTOR ( 'NONE', #2070, 1000.000000000000114 ) ;
#2079 = EDGE_CURVE ( 'NONE', #1142, #290, #2442, .T. ) ;
#2080 = CARTESIAN_POINT ( 'NONE',  ( 5.999999999999998224, 75.50000000000001421, -32.50000000000000711 ) ) ;
#2081 = CARTESIAN_POINT ( 'NONE',  ( -30.00000000000000355, 72.50000000000001421, -55.99999999999997868 ) ) ;
#2082 = CARTESIAN_POINT ( 'NONE',  ( 136.0000000000000000, 72.50000000000001421, 56.99999999999999289 ) ) ;
#2083 = CARTESIAN_POINT ( 'NONE',  ( 5.999999999999998224, 72.50000000000001421, -32.50000000000000711 ) ) ;
#2084 = DIRECTION ( 'NONE',  ( 0.000000000000000000, 1.000000000000000000, 0.000000000000000000 ) ) ;
#2085 = ORIENTED_EDGE ( 'NONE', *, *, #1767, .F. ) ;
#2086 = VECTOR ( 'NONE', #1268, 1000.000000000000000 ) ;
#2087 = VERTEX_POINT ( 'NONE', #2312 ) ;
#2088 = CIRCLE ( 'NONE', #2171, 1.499999999999994449 ) ;
#2089 = ORIENTED_EDGE ( 'NONE', *, *, #675, .F. ) ;
#2090 = EDGE_CURVE ( 'NONE', #1201, #648, #1338, .T. ) ;
#2091 = CARTESIAN_POINT ( 'NONE',  ( 133.0000000000000000, 75.50000000000001421, 52.64589803375031352 ) ) ;
#2092 = CARTESIAN_POINT ( 'NONE',  ( 52.50000000000000000, 75.50000000000001421, 28.99999999999999645 ) ) ;
#2093 = LINE ( 'NONE', #121, #1049 ) ;
#2094 = AXIS2_PLACEMENT_3D ( 'NONE', #1465, #658, #1639 ) ;
#2095 = ORIENTED_EDGE ( 'NONE', *, *, #1026, .T. ) ;
#2096 = AXIS2_PLACEMENT_3D ( 'NONE', #2199, #441, #452 ) ;
#2097 = FACE_OUTER_BOUND ( 'NONE', #1019, .T. ) ;
#2098 = DIRECTION ( 'NONE',  ( 0.000000000000000000, 1.000000000000000000, 0.000000000000000000 ) ) ;
#2099 = VERTEX_POINT ( 'NONE', #1689 ) ;
#2100 = VECTOR ( 'NONE', #48, 1000.000000000000227 ) ;
#2101 = ORIENTED_EDGE ( 'NONE', *, *, #1910, .F. ) ;
#2102 = VERTEX_POINT ( 'NONE', #2287 ) ;
#2103 = AXIS2_PLACEMENT_3D ( 'NONE', #1466, #235, #647 ) ;
#2104 = LINE ( 'NONE', #985, #1532 ) ;
#2105 = LINE ( 'NONE', #1527, #2109 ) ;
#2106 = CARTESIAN_POINT ( 'NONE',  ( 4.015564437074661264, 72.50000000000001421, -60.00000000000000000 ) ) ;
#2107 = EDGE_LOOP ( 'NONE', ( #500, #1827 ) ) ;
#2108 = CIRCLE ( 'NONE', #2444, 3.000000000000002665 ) ;
#2109 = VECTOR ( 'NONE', #597, 1000.000000000000000 ) ;
#2110 = AXIS2_PLACEMENT_3D ( 'NONE', #1146, #2468, #342 ) ;
#2111 = DIRECTION ( 'NONE',  ( 0.9922778767136676281, 0.000000000000000000, -0.1240347345892079400 ) ) ;
#2112 = DIRECTION ( 'NONE',  ( 0.000000000000000000, 1.000000000000000000, 0.000000000000000000 ) ) ;
#2113 = DIRECTION ( 'NONE',  ( 0.000000000000000000, 0.000000000000000000, 1.000000000000000000 ) ) ;
#2114 = EDGE_CURVE ( 'NONE', #480, #2294, #1148, .T. ) ;
#2115 = EDGE_CURVE ( 'NONE', #1866, #2358, #522, .T. ) ;
#2116 = ORIENTED_EDGE ( 'NONE', *, *, #2229, .F. ) ;
#2117 = LINE ( 'NONE', #1665, #1043 ) ;
#2118 = EDGE_CURVE ( 'NONE', #1285, #34, #1862, .T. ) ;
#2119 = ORIENTED_EDGE ( 'NONE', *, *, #1982, .F. ) ;
#2120 = AXIS2_PLACEMENT_3D ( 'NONE', #920, #286, #1503 ) ;
#2121 = DIRECTION ( 'NONE',  ( 1.000000000000000000, 0.000000000000000000, 0.000000000000000000 ) ) ;
#2122 = LINE ( 'NONE', #2512, #1670 ) ;
#2123 = EDGE_CURVE ( 'NONE', #1406, #1178, #149, .T. ) ;
#2124 = CARTESIAN_POINT ( 'NONE',  ( -29.13175685787554059, 75.50000000000001421, 50.85255851454783738 ) ) ;
#2125 = DIRECTION ( 'NONE',  ( 0.000000000000000000, 0.000000000000000000, 1.000000000000000000 ) ) ;
#2126 = LINE ( 'NONE', #1159, #1502 ) ;
#2127 = ADVANCED_FACE ( 'NONE', ( #1531 ), #1920, .T. ) ;
#2128 = ORIENTED_EDGE ( 'NONE', *, *, #829, .F. ) ;
#2129 = CARTESIAN_POINT ( 'NONE',  ( -34.00000000000000000, 72.50000000000001421, -52.64589803375029931 ) ) ;
#2130 = AXIS2_PLACEMENT_3D ( 'NONE', #483, #69, #1660 ) ;
#2131 = ORIENTED_EDGE ( 'NONE', *, *, #1431, .T. ) ;
#2132 = CARTESIAN_POINT ( 'NONE',  ( 11.00000000000000000, 75.50000000000001421, -29.00000000000000000 ) ) ;
#2133 = DIRECTION ( 'NONE',  ( 0.9922778767136676281, 0.000000000000000000, -0.1240347345892079400 ) ) ;
#2134 = FACE_OUTER_BOUND ( 'NONE', #2051, .T. ) ;
#2135 = PRESENTATION_STYLE_ASSIGNMENT (( #16 ) ) ;
#2136 = DIRECTION ( 'NONE',  ( 0.000000000000000000, 1.000000000000000000, 0.000000000000000000 ) ) ;
#2137 = ORIENTED_EDGE ( 'NONE', *, *, #1644, .T. ) ;
#2138 = CARTESIAN_POINT ( 'NONE',  ( 56.08394202048410193, 72.50000000000001421, -38.79528724881517121 ) ) ;
#2139 = ORIENTED_EDGE ( 'NONE', *, *, #276, .T. ) ;
#2140 = CARTESIAN_POINT ( 'NONE',  ( -5.131701911385918358, 72.50000000000001421, -47.85255164623664115 ) ) ;
#2141 = VECTOR ( 'NONE', #2005, 1000.000000000000114 ) ;
#2142 = VECTOR ( 'NONE', #1421, 1000.000000000000000 ) ;
#2143 = EDGE_CURVE ( 'NONE', #198, #1853, #94, .T. ) ;
#2144 = VERTEX_POINT ( 'NONE', #1722 ) ;
#2145 = FACE_OUTER_BOUND ( 'NONE', #913, .T. ) ;
#2146 = VECTOR ( 'NONE', #1844, 1000.000000000000114 ) ;
#2147 = CARTESIAN_POINT ( 'NONE',  ( 2.000000000000008438, 72.50000000000001421, 48.74999999999999289 ) ) ;
#2148 = EDGE_CURVE ( 'NONE', #2015, #1458, #507, .T. ) ;
#2149 = AXIS2_PLACEMENT_3D ( 'NONE', #1304, #302, #1885 ) ;
#2150 = DIRECTION ( 'NONE',  ( -0.000000000000000000, -1.000000000000000000, -0.000000000000000000 ) ) ;
#2151 = DIRECTION ( 'NONE',  ( 0.000000000000000000, 0.000000000000000000, -1.000000000000000000 ) ) ;
#2152 = FACE_OUTER_BOUND ( 'NONE', #2160, .T. ) ;
#2153 = VECTOR ( 'NONE', #1448, 1000.000000000000000 ) ;
#2154 = ORIENTED_EDGE ( 'NONE', *, *, #1243, .F. ) ;
#2155 = CYLINDRICAL_SURFACE ( 'NONE', #1562, 1.500000000000001332 ) ;
#2156 = ORIENTED_EDGE ( 'NONE', *, *, #1771, .T. ) ;
#2157 = ADVANCED_FACE ( 'NONE', ( #1494 ), #1318, .F. ) ;
#2158 = ORIENTED_EDGE ( 'NONE', *, *, #829, .T. ) ;
#2159 = CARTESIAN_POINT ( 'NONE',  ( 5.999999999999998224, 75.50000000000001421, -34.00000000000000000 ) ) ;
#2160 = EDGE_LOOP ( 'NONE', ( #1727, #2183, #2165, #296 ) ) ;
#2161 = LINE ( 'NONE', #1182, #737 ) ;
#2162 = FILL_AREA_STYLE_COLOUR ( '', #912 ) ;
#2163 = DIRECTION ( 'NONE',  ( 1.000000000000000000, 0.000000000000000000, 0.000000000000000000 ) ) ;
#2164 = ORIENTED_EDGE ( 'NONE', *, *, #1403, .T. ) ;
#2165 = ORIENTED_EDGE ( 'NONE', *, *, #864, .T. ) ;
#2166 = DIRECTION ( 'NONE',  ( 0.000000000000000000, 1.000000000000000000, 0.000000000000000000 ) ) ;
#2167 = ORIENTED_EDGE ( 'NONE', *, *, #36, .F. ) ;
#2168 = ORIENTED_EDGE ( 'NONE', *, *, #947, .F. ) ;
#2169 = DIRECTION ( 'NONE',  ( 0.000000000000000000, 0.000000000000000000, 1.000000000000000000 ) ) ;
#2170 = ADVANCED_FACE ( 'NONE', ( #1901 ), #159, .T. ) ;
#2171 = AXIS2_PLACEMENT_3D ( 'NONE', #645, #1222, #633 ) ;
#2172 = CARTESIAN_POINT ( 'NONE',  ( 133.0000000000000000, 75.50000000000001421, -60.00000000000000000 ) ) ;
#2173 = FILL_AREA_STYLE ('',( #2162 ) ) ;
#2174 = DIRECTION ( 'NONE',  ( -0.2832115959031780150, 0.000000000000000000, 0.9590574497630343087 ) ) ;
#2175 = VERTEX_POINT ( 'NONE', #1957 ) ;
#2176 = CARTESIAN_POINT ( 'NONE',  ( 56.08394202048410193, 75.50000000000001421, 38.79528724881517121 ) ) ;
#2177 = CIRCLE ( 'NONE', #1326, 6.500000000000005329 ) ;
#2178 = ORIENTED_EDGE ( 'NONE', *, *, #2335, .F. ) ;
#2179 = VERTEX_POINT ( 'NONE', #196 ) ;
#2180 = AXIS2_PLACEMENT_3D ( 'NONE', #1954, #190, #1156 ) ;
#2181 = ORIENTED_EDGE ( 'NONE', *, *, #1879, .T. ) ;
#2182 = CARTESIAN_POINT ( 'NONE',  ( 5.999999999999998224, 72.50000000000001421, -34.00000000000000000 ) ) ;
#2183 = ORIENTED_EDGE ( 'NONE', *, *, #958, .T. ) ;
#2184 = AXIS2_PLACEMENT_3D ( 'NONE', #509, #2174, #2351 ) ;
#2185 = FACE_BOUND ( 'NONE', #1799, .T. ) ;
#2186 = DIRECTION ( 'NONE',  ( 0.000000000000000000, 1.000000000000000000, 0.000000000000000000 ) ) ;
#2187 = DIRECTION ( 'NONE',  ( 1.000000000000000000, 0.000000000000000000, 0.000000000000000000 ) ) ;
#2188 = LINE ( 'NONE', #815, #306 ) ;
#2189 = VECTOR ( 'NONE', #1056, 1000.000000000000000 ) ;
#2190 = ORIENTED_EDGE ( 'NONE', *, *, #1776, .F. ) ;
#2191 = ADVANCED_FACE ( 'NONE', ( #1945 ), #171, .T. ) ;
#2192 = VERTEX_POINT ( 'NONE', #1980 ) ;
#2193 = CYLINDRICAL_SURFACE ( 'NONE', #1765, 6.499999999999995559 ) ;
#2194 = EDGE_CURVE ( 'NONE', #387, #2261, #1047, .T. ) ;
#2195 = EDGE_LOOP ( 'NONE', ( #1348, #2263, #810, #1116 ) ) ;
#2196 = EDGE_LOOP ( 'NONE', ( #595, #629, #400, #2181 ) ) ;
#2197 = CARTESIAN_POINT ( 'NONE',  ( 133.8571428571428612, 72.50000000000001421, 49.77095349125058732 ) ) ;
#2198 = CARTESIAN_POINT ( 'NONE',  ( -1.457393735585154504, 75.50000000000001421, -44.50941066690099746 ) ) ;
#2199 = CARTESIAN_POINT ( 'NONE',  ( 2.000000000000007994, 75.50000000000001421, 52.00000000000000000 ) ) ;
#2200 = ADVANCED_FACE ( 'NONE', ( #17 ), #1932, .T. ) ;
#2201 = CARTESIAN_POINT ( 'NONE',  ( -30.00000000000000355, 72.50000000000001421, 54.49999999999999289 ) ) ;
#2202 = CARTESIAN_POINT ( 'NONE',  ( 132.0000000000000000, 72.50000000000001421, -57.50000000000000000 ) ) ;
#2203 = CIRCLE ( 'NONE', #569, 1.500000000000001332 ) ;
#2204 = LINE ( 'NONE', #444, #1595 ) ;
#2205 = LINE ( 'NONE', #445, #885 ) ;
#2206 = EDGE_CURVE ( 'NONE', #1865, #1659, #1135, .T. ) ;
#2207 = ORIENTED_EDGE ( 'NONE', *, *, #1583, .T. ) ;
#2208 = ORIENTED_EDGE ( 'NONE', *, *, #1776, .T. ) ;
#2209 = CARTESIAN_POINT ( 'NONE',  ( 128.0638000359679722, 72.50000000000001421, 60.00000000000000000 ) ) ;
#2210 = VECTOR ( 'NONE', #385, 1000.000000000000000 ) ;
#2211 = PLANE ( 'NONE',  #133 ) ;
#2212 = DIRECTION ( 'NONE',  ( 0.000000000000000000, 1.000000000000000000, 0.000000000000000000 ) ) ;
#2213 = DIRECTION ( 'NONE',  ( 1.000000000000000000, 0.000000000000000000, 0.000000000000000000 ) ) ;
#2214 = DIRECTION ( 'NONE',  ( -0.000000000000000000, -1.000000000000000000, -0.000000000000000000 ) ) ;
#2215 = ORIENTED_EDGE ( 'NONE', *, *, #703, .T. ) ;
#2216 = CARTESIAN_POINT ( 'NONE',  ( 5.999999999999998224, 72.50000000000001421, -34.00000000000000000 ) ) ;
#2217 = FACE_BOUND ( 'NONE', #203, .T. ) ;
#2218 = ORIENTED_EDGE ( 'NONE', *, *, #2498, .T. ) ;
#2219 = EDGE_CURVE ( 'NONE', #1825, #1924, #1747, .T. ) ;
#2220 = CIRCLE ( 'NONE', #1574, 6.499999999999995559 ) ;
#2221 = CIRCLE ( 'NONE', #1775, 1.499999999999994449 ) ;
#2222 = ORIENTED_EDGE ( 'NONE', *, *, #495, .T. ) ;
#2223 = LINE ( 'NONE', #1813, #2100 ) ;
#2224 = ADVANCED_FACE ( 'NONE', ( #1195 ), #1378, .T. ) ;
#2225 = AXIS2_PLACEMENT_3D ( 'NONE', #62, #851, #2405 ) ;
#2226 = DIRECTION ( 'NONE',  ( 0.000000000000000000, 0.000000000000000000, 1.000000000000000000 ) ) ;
#2227 = CARTESIAN_POINT ( 'NONE',  ( 5.999999999999998224, 72.50000000000001421, 34.00000000000000000 ) ) ;
#2228 = CARTESIAN_POINT ( 'NONE',  ( 132.0000000000000000, 72.50000000000001421, -49.50000000000000711 ) ) ;
#2229 = EDGE_CURVE ( 'NONE', #1394, #1863, #602, .T. ) ;
#2230 = DIRECTION ( 'NONE',  ( 0.000000000000000000, 0.000000000000000000, 1.000000000000000000 ) ) ;
#2231 = EDGE_CURVE ( 'NONE', #113, #695, #1707, .T. ) ;
#2232 = CARTESIAN_POINT ( 'NONE',  ( -27.89140951198345775, 72.50000000000001421, -60.77533728168451432 ) ) ;
#2233 = CARTESIAN_POINT ( 'NONE',  ( 132.0000000000000000, 72.50000000000001421, -49.50000000000000711 ) ) ;
#2234 = VECTOR ( 'NONE', #1656, 1000.000000000000000 ) ;
#2235 = APPLICATION_CONTEXT ( 'automotive_design' ) ;
#2236 = ORIENTED_EDGE ( 'NONE', *, *, #1243, .T. ) ;
#2237 = AXIS2_PLACEMENT_3D ( 'NONE', #1964, #1144, #350 ) ;
#2238 = ORIENTED_EDGE ( 'NONE', *, *, #861, .T. ) ;
#2239 = ORIENTED_EDGE ( 'NONE', *, *, #192, .T. ) ;
#2240 = DIRECTION ( 'NONE',  ( 0.000000000000000000, 0.000000000000000000, 1.000000000000000000 ) ) ;
#2241 = ADVANCED_FACE ( 'NONE', ( #2152 ), #2324, .T. ) ;
#2242 = DIRECTION ( 'NONE',  ( 0.000000000000000000, 0.000000000000000000, 1.000000000000000000 ) ) ;
#2243 = CARTESIAN_POINT ( 'NONE',  ( 9.979955442164667900, 75.50000000000001421, 39.13906165349121835 ) ) ;
#2244 = DIRECTION ( 'NONE',  ( 0.000000000000000000, 0.000000000000000000, 1.000000000000000000 ) ) ;
#2245 = LINE ( 'NONE', #2387, #671 ) ;
#2246 = EDGE_LOOP ( 'NONE', ( #2447, #1736, #1259, #1894 ) ) ;
#2247 = CARTESIAN_POINT ( 'NONE',  ( 133.0000000000000000, 72.50000000000001421, 56.99999999999999289 ) ) ;
#2248 = AXIS2_PLACEMENT_3D ( 'NONE', #2216, #278, #847 ) ;
#2249 = VERTEX_POINT ( 'NONE', #777 ) ;
#2250 = ORIENTED_EDGE ( 'NONE', *, *, #1770, .F. ) ;
#2251 = ORIENTED_EDGE ( 'NONE', *, *, #2301, .F. ) ;
#2252 = CARTESIAN_POINT ( 'NONE',  ( 9.979955442164669677, 72.50000000000001421, -39.13906165349121125 ) ) ;
#2253 = CARTESIAN_POINT ( 'NONE',  ( 11.00000000000000000, 75.50000000000001421, -32.50000000000000711 ) ) ;
#2254 = DIRECTION ( 'NONE',  ( 0.000000000000000000, 1.000000000000000000, 0.000000000000000000 ) ) ;
#2255 = CARTESIAN_POINT ( 'NONE',  ( 5.999999999999998224, 72.50000000000001421, 34.00000000000000000 ) ) ;
#2256 = DIRECTION ( 'NONE',  ( 1.000000000000000000, 0.000000000000000000, 0.000000000000000000 ) ) ;
#2257 = EDGE_CURVE ( 'NONE', #1866, #31, #2126, .T. ) ;
#2258 = DIRECTION ( 'NONE',  ( -0.000000000000000000, 1.000000000000000000, -0.000000000000000000 ) ) ;
#2259 = CARTESIAN_POINT ( 'NONE',  ( 132.0000000000000000, 72.50000000000001421, -54.50000000000001421 ) ) ;
#2260 = ORIENTED_EDGE ( 'NONE', *, *, #1006, .T. ) ;
#2261 = VERTEX_POINT ( 'NONE', #4 ) ;
#2262 = ADVANCED_FACE ( 'NONE', ( #575 ), #1365, .T. ) ;
#2263 = ORIENTED_EDGE ( 'NONE', *, *, #1715, .T. ) ;
#2264 = EDGE_LOOP ( 'NONE', ( #115, #1467, #2519, #1392 ) ) ;
#2265 = DIRECTION ( 'NONE',  ( -0.000000000000000000, -0.000000000000000000, 1.000000000000000000 ) ) ;
#2266 = CYLINDRICAL_SURFACE ( 'NONE', #499, 1.499999999999994449 ) ;
#2267 = CARTESIAN_POINT ( 'NONE',  ( 5.999999999999998224, 75.50000000000001421, 32.50000000000000000 ) ) ;
#2268 = FACE_OUTER_BOUND ( 'NONE', #1914, .T. ) ;
#2269 = VECTOR ( 'NONE', #821, 1000.000000000000000 ) ;
#2270 = AXIS2_PLACEMENT_3D ( 'NONE', #1871, #440, #2226 ) ;
#2271 = CARTESIAN_POINT ( 'NONE',  ( -2.013213469645133369, 72.50000000000001421, 47.01059947017090934 ) ) ;
#2272 = DIRECTION ( 'NONE',  ( 0.000000000000000000, 1.000000000000000000, 0.000000000000000000 ) ) ;
#2273 = CARTESIAN_POINT ( 'NONE',  ( 2.000000000000007994, 72.50000000000001421, 52.00000000000000000 ) ) ;
#2274 = EDGE_CURVE ( 'NONE', #709, #1209, #1978, .T. ) ;
#2275 = AXIS2_PLACEMENT_3D ( 'NONE', #705, #2074, #497 ) ;
#2276 = ORIENTED_EDGE ( 'NONE', *, *, #935, .F. ) ;
#2277 = EDGE_CURVE ( 'NONE', #387, #1866, #1171, .T. ) ;
#2278 = AXIS2_PLACEMENT_3D ( 'NONE', #2271, #314, #1673 ) ;
#2279 = ORIENTED_EDGE ( 'NONE', *, *, #2219, .T. ) ;
#2280 = ORIENTED_EDGE ( 'NONE', *, *, #374, .F. ) ;
#2281 = DIRECTION ( 'NONE',  ( 0.000000000000000000, 0.000000000000000000, 1.000000000000000000 ) ) ;
#2282 = VECTOR ( 'NONE', #1819, 1000.000000000000000 ) ;
#2283 = CARTESIAN_POINT ( 'NONE',  ( 7.748657132194396446, 72.50000000000001421, 49.17990404835745721 ) ) ;
#2284 = DIRECTION ( 'NONE',  ( 0.000000000000000000, 1.000000000000000000, 0.000000000000000000 ) ) ;
#2285 = DIRECTION ( 'NONE',  ( 0.000000000000000000, 1.000000000000000000, 0.000000000000000000 ) ) ;
#2286 = CARTESIAN_POINT ( 'NONE',  ( 133.0000000000000000, 72.50000000000001421, 52.64589803375031352 ) ) ;
#2287 = CARTESIAN_POINT ( 'NONE',  ( 132.0000000000000000, 75.50000000000001421, 57.49999999999998579 ) ) ;
#2288 = VERTEX_POINT ( 'NONE', #976 ) ;
#2289 = EDGE_CURVE ( 'NONE', #1118, #2179, #1258, .T. ) ;
#2290 = EDGE_LOOP ( 'NONE', ( #2381, #948, #1838, #738 ) ) ;
#2291 = CARTESIAN_POINT ( 'NONE',  ( 2.000000000000007994, 72.50000000000001421, 55.25000000000000000 ) ) ;
#2292 = CARTESIAN_POINT ( 'NONE',  ( 132.0000000000000000, 75.50000000000001421, -49.50000000000000711 ) ) ;
#2293 = CARTESIAN_POINT ( 'NONE',  ( -31.00000000000000355, 69.50000000000000000, 56.99999999999999289 ) ) ;
#2294 = VERTEX_POINT ( 'NONE', #408 ) ;
#2295 = CARTESIAN_POINT ( 'NONE',  ( -2.013213469645133369, 75.50000000000001421, 47.01059947017090934 ) ) ;
#2296 = DIRECTION ( 'NONE',  ( 0.000000000000000000, 0.000000000000000000, 1.000000000000000000 ) ) ;
#2297 = ORIENTED_EDGE ( 'NONE', *, *, #2289, .F. ) ;
#2298 = AXIS2_PLACEMENT_3D ( 'NONE', #848, #639, #2455 ) ;
#2299 = ORIENTED_EDGE ( 'NONE', *, *, #495, .F. ) ;
#2300 = CIRCLE ( 'NONE', #1528, 6.500000000000005329 ) ;
#2301 = EDGE_CURVE ( 'NONE', #1253, #984, #207, .T. ) ;
#2302 = VERTEX_POINT ( 'NONE', #1821 ) ;
#2303 = EDGE_CURVE ( 'NONE', #2461, #823, #2036, .T. ) ;
#2304 = EDGE_CURVE ( 'NONE', #1960, #34, #844, .T. ) ;
#2305 = CARTESIAN_POINT ( 'NONE',  ( 7.748657132194396446, 72.50000000000001421, -49.17990404835745721 ) ) ;
#2306 = DIRECTION ( 'NONE',  ( 0.000000000000000000, 1.000000000000000000, 0.000000000000000000 ) ) ;
#2307 = CYLINDRICAL_SURFACE ( 'NONE', #1214, 3.000000000000002665 ) ;
#2308 = AXIS2_PLACEMENT_3D ( 'NONE', #1223, #1082, #1055 ) ;
#2309 = AXIS2_PLACEMENT_3D ( 'NONE', #1435, #52, #1053 ) ;
#2310 = PRODUCT_RELATED_PRODUCT_CATEGORY ( 'part', '', ( #528 ) ) ;
#2311 = DIRECTION ( 'NONE',  ( 0.000000000000000000, 1.000000000000000000, 0.000000000000000000 ) ) ;
#2312 = CARTESIAN_POINT ( 'NONE',  ( 8.304476866254375977, 72.50000000000001421, -46.67871524508755243 ) ) ;
#2313 = ORIENTED_EDGE ( 'NONE', *, *, #1590, .T. ) ;
#2314 = VECTOR ( 'NONE', #571, 1000.000000000000000 ) ;
#2315 = ORIENTED_EDGE ( 'NONE', *, *, #1886, .T. ) ;
#2316 = VECTOR ( 'NONE', #2163, 1000.000000000000000 ) ;
#2317 = ORIENTED_EDGE ( 'NONE', *, *, #2123, .F. ) ;
#2318 = FACE_OUTER_BOUND ( 'NONE', #253, .T. ) ;
#2319 = DIRECTION ( 'NONE',  ( 0.000000000000000000, 0.000000000000000000, 1.000000000000000000 ) ) ;
#2320 = EDGE_CURVE ( 'NONE', #113, #1533, #2245, .T. ) ;
#2321 = VECTOR ( 'NONE', #1398, 1000.000000000000000 ) ;
#2322 = CARTESIAN_POINT ( 'NONE',  ( -34.00000000000000000, 72.50000000000001421, -34.00000000000000000 ) ) ;
#2323 = DIRECTION ( 'NONE',  ( 0.000000000000000000, 0.000000000000000000, 1.000000000000000000 ) ) ;
#2324 = CYLINDRICAL_SURFACE ( 'NONE', #1906, 6.499999999999999112 ) ;
#2325 = ORIENTED_EDGE ( 'NONE', *, *, #484, .F. ) ;
#2326 = DIRECTION ( 'NONE',  ( 0.000000000000000000, 1.000000000000000000, 0.000000000000000000 ) ) ;
#2327 = ORIENTED_EDGE ( 'NONE', *, *, #409, .F. ) ;
#2328 = ORIENTED_EDGE ( 'NONE', *, *, #599, .T. ) ;
#2329 = AXIS2_PLACEMENT_3D ( 'NONE', #588, #776, #2338 ) ;
#2330 = AXIS2_PLACEMENT_3D ( 'NONE', #1674, #1846, #1292 ) ;
#2331 = AXIS2_PLACEMENT_3D ( 'NONE', #1488, #312, #90 ) ;
#2332 = CYLINDRICAL_SURFACE ( 'NONE', #770, 1.500000000000001332 ) ;
#2333 = CARTESIAN_POINT ( 'NONE',  ( -30.00000000000000355, 72.50000000000001421, 54.49999999999999289 ) ) ;
#2334 = MECHANICAL_DESIGN_GEOMETRIC_PRESENTATION_REPRESENTATION (  '', ( #2459 ), #333 ) ;
#2335 = EDGE_CURVE ( 'NONE', #946, #1921, #275, .T. ) ;
#2336 = CARTESIAN_POINT ( 'NONE',  ( 133.8571428571428612, 72.50000000000001421, -49.77095349125060153 ) ) ;
#2337 = EDGE_CURVE ( 'NONE', #198, #1380, #1278, .T. ) ;
#2338 = DIRECTION ( 'NONE',  ( 0.000000000000000000, 0.000000000000000000, 1.000000000000000000 ) ) ;
#2339 = DIRECTION ( 'NONE',  ( 0.000000000000000000, 0.000000000000000000, 1.000000000000000000 ) ) ;
#2340 = FACE_BOUND ( 'NONE', #2042, .T. ) ;
#2341 = ORIENTED_EDGE ( 'NONE', *, *, #1958, .F. ) ;
#2342 = DIRECTION ( 'NONE',  ( -1.000000000000000000, 0.000000000000000000, 0.000000000000000000 ) ) ;
#2343 = AXIS2_PLACEMENT_3D ( 'NONE', #1077, #1881, #2240 ) ;
#2344 = ADVANCED_FACE ( 'NONE', ( #1996 ), #40, .T. ) ;
#2345 = ORIENTED_EDGE ( 'NONE', *, *, #675, .T. ) ;
#2346 = LINE ( 'NONE', #583, #1331 ) ;
#2347 = CARTESIAN_POINT ( 'NONE',  ( 5.999999999999998224, 72.50000000000001421, 34.00000000000000000 ) ) ;
#2348 = SHAPE_DEFINITION_REPRESENTATION ( #511, #670 ) ;
#2349 = DIRECTION ( 'NONE',  ( 0.000000000000000000, 1.000000000000000000, 0.000000000000000000 ) ) ;
#2350 = CARTESIAN_POINT ( 'NONE',  ( 136.0000000000000000, 75.50000000000001421, 56.99999999999999289 ) ) ;
#2351 = DIRECTION ( 'NONE',  ( 0.9590574497630341977, 0.000000000000000000, 0.2832115959031779595 ) ) ;
#2352 = CIRCLE ( 'NONE', #1246, 6.499999999999995559 ) ;
#2353 = FACE_BOUND ( 'NONE', #23, .T. ) ;
#2354 = VERTEX_POINT ( 'NONE', #1266 ) ;
#2355 = DIRECTION ( 'NONE',  ( -0.000000000000000000, 0.000000000000000000, 1.000000000000000000 ) ) ;
#2356 = AXIS2_PLACEMENT_3D ( 'NONE', #955, #683, #1839 ) ;
#2357 = AXIS2_PLACEMENT_3D ( 'NONE', #1367, #382, #1759 ) ;
#2358 = VERTEX_POINT ( 'NONE', #2439 ) ;
#2359 = EDGE_CURVE ( 'NONE', #31, #2175, #443, .T. ) ;
#2360 = ORIENTED_EDGE ( 'NONE', *, *, #83, .T. ) ;
#2361 = ORIENTED_EDGE ( 'NONE', *, *, #1069, .T. ) ;
#2362 = AXIS2_PLACEMENT_3D ( 'NONE', #2503, #1713, #2113 ) ;
#2363 = DIRECTION ( 'NONE',  ( 0.000000000000000000, 0.000000000000000000, 1.000000000000000000 ) ) ;
#2364 = CARTESIAN_POINT ( 'NONE',  ( 133.8571428571428612, 75.50000000000001421, 49.77095349125058732 ) ) ;
#2365 = CARTESIAN_POINT ( 'NONE',  ( 5.999999999999998224, 72.50000000000001421, -34.00000000000000000 ) ) ;
#2366 = DIRECTION ( 'NONE',  ( 1.000000000000000000, 0.000000000000000000, 0.000000000000000000 ) ) ;
#2367 = ORIENTED_EDGE ( 'NONE', *, *, #970, .T. ) ;
#2368 = DIRECTION ( 'NONE',  ( 0.9590574497630341977, 0.000000000000000000, 0.2832115959031779595 ) ) ;
#2369 = VERTEX_POINT ( 'NONE', #676 ) ;
#2370 = EDGE_CURVE ( 'NONE', #2369, #1749, #247, .T. ) ;
#2371 = EDGE_CURVE ( 'NONE', #681, #1309, #344, .T. ) ;
#2372 = ORIENTED_EDGE ( 'NONE', *, *, #1807, .F. ) ;
#2373 = CARTESIAN_POINT ( 'NONE',  ( 2.000000000000007994, 72.50000000000001421, 52.00000000000000000 ) ) ;
#2374 = VERTEX_POINT ( 'NONE', #478 ) ;
#2375 = DIRECTION ( 'NONE',  ( 1.000000000000000000, 0.000000000000000000, -0.000000000000000000 ) ) ;
#2376 = DIRECTION ( 'NONE',  ( -0.000000000000000000, 1.000000000000000000, -0.000000000000000000 ) ) ;
#2377 = CARTESIAN_POINT ( 'NONE',  ( 62.49999999999999289, 72.50000000000001421, -30.26305804582443315 ) ) ;
#2378 = ORIENTED_EDGE ( 'NONE', *, *, #1849, .T. ) ;
#2379 = VERTEX_POINT ( 'NONE', #1414 ) ;
#2380 = CARTESIAN_POINT ( 'NONE',  ( 136.0000000000000000, 69.50000000000000000, -56.99999999999999289 ) ) ;
#2381 = ORIENTED_EDGE ( 'NONE', *, *, #2003, .T. ) ;
#2382 = ORIENTED_EDGE ( 'NONE', *, *, #669, .T. ) ;
#2383 = DIRECTION ( 'NONE',  ( 1.000000000000000000, 0.000000000000000000, 0.000000000000000000 ) ) ;
#2384 = EDGE_CURVE ( 'NONE', #2369, #330, #2047, .T. ) ;
#2385 = CARTESIAN_POINT ( 'NONE',  ( -31.85714285714286120, 75.50000000000001421, 49.77095349125058021 ) ) ;
#2386 = CARTESIAN_POINT ( 'NONE',  ( -5.131701911385920134, 72.50000000000001421, -47.85255164623664825 ) ) ;
#2387 = CARTESIAN_POINT ( 'NONE',  ( -2.013213469645133369, 72.50000000000001421, 47.01059947017090934 ) ) ;
#2388 = ORIENTED_EDGE ( 'NONE', *, *, #1163, .F. ) ;
#2389 = ADVANCED_FACE ( 'NONE', ( #659 ), #1450, .T. ) ;
#2390 = ORIENTED_EDGE ( 'NONE', *, *, #1298, .F. ) ;
#2391 = DIRECTION ( 'NONE',  ( 0.000000000000000000, 0.000000000000000000, 1.000000000000000000 ) ) ;
#2392 = ORIENTED_EDGE ( 'NONE', *, *, #1715, .F. ) ;
#2393 = EDGE_LOOP ( 'NONE', ( #1216, #1513, #897, #2250 ) ) ;
#2394 = DIRECTION ( 'NONE',  ( 0.000000000000000000, 0.000000000000000000, 1.000000000000000000 ) ) ;
#2395 = FACE_OUTER_BOUND ( 'NONE', #849, .T. ) ;
#2396 = CARTESIAN_POINT ( 'NONE',  ( -21.68871125850729698, 72.50000000000001421, -60.00000000000000000 ) ) ;
#2397 = DIRECTION ( 'NONE',  ( 1.000000000000000000, 0.000000000000000000, 0.000000000000000000 ) ) ;
#2398 = DIRECTION ( 'NONE',  ( 1.000000000000000000, -0.000000000000000000, 0.000000000000000000 ) ) ;
#2399 = EDGE_CURVE ( 'NONE', #607, #1425, #1238, .T. ) ;
#2400 = CARTESIAN_POINT ( 'NONE',  ( -30.00000000000000355, 75.50000000000001421, -57.49999999999997868 ) ) ;
#2401 = CARTESIAN_POINT ( 'NONE',  ( 133.0000000000000000, 75.50000000000001421, 60.00000000000000000 ) ) ;
#2402 = AXIS2_PLACEMENT_3D ( 'NONE', #273, #2009, #1028 ) ;
#2403 = EDGE_LOOP ( 'NONE', ( #2517, #2392, #1868, #883 ) ) ;
#2404 = VERTEX_POINT ( 'NONE', #289 ) ;
#2405 = DIRECTION ( 'NONE',  ( 0.000000000000000000, 0.000000000000000000, 1.000000000000000000 ) ) ;
#2406 = PRODUCT_DEFINITION_CONTEXT ( 'detailed design', #608, 'design' ) ;
#2407 = ORIENTED_EDGE ( 'NONE', *, *, #436, .T. ) ;
#2408 = FACE_BOUND ( 'NONE', #1037, .T. ) ;
#2409 = FACE_OUTER_BOUND ( 'NONE', #1366, .T. ) ;
#2410 = PLANE ( 'NONE',  #2094 ) ;
#2411 = CARTESIAN_POINT ( 'NONE',  ( 133.0000000000000000, 69.50000000000000000, 56.99999999999999289 ) ) ;
#2412 = ORIENTED_EDGE ( 'NONE', *, *, #1215, .T. ) ;
#2413 = EDGE_CURVE ( 'NONE', #1174, #1313, #2011, .T. ) ;
#2414 = VERTEX_POINT ( 'NONE', #1796 ) ;
#2415 = DIRECTION ( 'NONE',  ( 0.000000000000000000, 1.000000000000000000, 0.000000000000000000 ) ) ;
#2416 = ORIENTED_EDGE ( 'NONE', *, *, #1630, .T. ) ;
#2417 = EDGE_CURVE ( 'NONE', #1017, #2179, #2188, .T. ) ;
#2418 = ORIENTED_EDGE ( 'NONE', *, *, #2370, .T. ) ;
#2419 = DIRECTION ( 'NONE',  ( 0.000000000000000000, 0.000000000000000000, 1.000000000000000000 ) ) ;
#2420 = ADVANCED_FACE ( 'NONE', ( #1604 ), #1616, .F. ) ;
#2421 = AXIS2_PLACEMENT_3D ( 'NONE', #1018, #2355, #422 ) ;
#2422 = CARTESIAN_POINT ( 'NONE',  ( 2.000000000000007994, 72.50000000000001421, -48.74999999999999289 ) ) ;
#2423 = LINE ( 'NONE', #1830, #2282 ) ;
#2424 = CARTESIAN_POINT ( 'NONE',  ( 52.50000000000000000, 72.50000000000001421, 28.99999999999999645 ) ) ;
#2425 = FACE_OUTER_BOUND ( 'NONE', #1714, .T. ) ;
#2426 = VECTOR ( 'NONE', #1131, 1000.000000000000114 ) ;
#2427 = ORIENTED_EDGE ( 'NONE', *, *, #2359, .F. ) ;
#2428 = LINE ( 'NONE', #2233, #1889 ) ;
#2429 = ORIENTED_EDGE ( 'NONE', *, *, #1725, .F. ) ;
#2430 = CIRCLE ( 'NONE', #208, 3.000000000000002665 ) ;
#2431 = EDGE_CURVE ( 'NONE', #84, #1852, #2023, .T. ) ;
#2432 = CIRCLE ( 'NONE', #2309, 3.250000000000002665 ) ;
#2433 = ORIENTED_EDGE ( 'NONE', *, *, #374, .T. ) ;
#2434 = CARTESIAN_POINT ( 'NONE',  ( 133.0000000000000000, 69.50000000000000000, -60.00000000000000000 ) ) ;
#2435 = CIRCLE ( 'NONE', #1129, 6.500000000000002665 ) ;
#2436 = CARTESIAN_POINT ( 'NONE',  ( 56.77717383699619091, 75.50000000000001421, 38.99999999999997868 ) ) ;
#2437 = DIRECTION ( 'NONE',  ( -0.000000000000000000, 1.000000000000000000, -0.000000000000000000 ) ) ;
#2438 = CARTESIAN_POINT ( 'NONE',  ( 2.000000000000007994, 72.50000000000001421, -52.00000000000000000 ) ) ;
#2439 = CARTESIAN_POINT ( 'NONE',  ( 126.6006772714286797, 72.50000000000001421, -59.61902114842296641 ) ) ;
#2440 = CARTESIAN_POINT ( 'NONE',  ( -31.00000000000000355, 75.50000000000001421, 56.99999999999999289 ) ) ;
#2441 = CARTESIAN_POINT ( 'NONE',  ( 10.15331193145904010, 72.50000000000001421, 39.00000000000000000 ) ) ;
#2442 = CIRCLE ( 'NONE', #1824, 3.000000000000002665 ) ;
#2443 = VERTEX_POINT ( 'NONE', #855 ) ;
#2444 = AXIS2_PLACEMENT_3D ( 'NONE', #123, #1688, #1124 ) ;
#2445 = VECTOR ( 'NONE', #2527, 1000.000000000000000 ) ;
#2446 = ADVANCED_FACE ( 'NONE', ( #2425 ), #2501, .F. ) ;
#2447 = ORIENTED_EDGE ( 'NONE', *, *, #1611, .T. ) ;
#2448 = VERTEX_POINT ( 'NONE', #1123 ) ;
#2449 = CARTESIAN_POINT ( 'NONE',  ( 132.0000000000000000, 72.50000000000001421, 54.50000000000000000 ) ) ;
#2450 = DIRECTION ( 'NONE',  ( 0.000000000000000000, 0.000000000000000000, 1.000000000000000000 ) ) ;
#2451 = CARTESIAN_POINT ( 'NONE',  ( 2.000000000000008438, 72.50000000000001421, 48.74999999999999289 ) ) ;
#2452 = CARTESIAN_POINT ( 'NONE',  ( -0.01556443707464560261, 72.50000000000001421, -60.00000000000000000 ) ) ;
#2453 = DIRECTION ( 'NONE',  ( 0.000000000000000000, -1.000000000000000000, 0.000000000000000000 ) ) ;
#2454 = LINE ( 'NONE', #95, #152 ) ;
#2455 = DIRECTION ( 'NONE',  ( 0.000000000000000000, 0.000000000000000000, 1.000000000000000000 ) ) ;
#2456 = VECTOR ( 'NONE', #1437, 1000.000000000000114 ) ;
#2457 = VECTOR ( 'NONE', #518, 1000.000000000000114 ) ;
#2458 = VERTEX_POINT ( 'NONE', #2082 ) ;
#2459 = STYLED_ITEM ( 'NONE', ( #2135 ), #356 ) ;
#2460 = ORIENTED_EDGE ( 'NONE', *, *, #1059, .F. ) ;
#2461 = VERTEX_POINT ( 'NONE', #715 ) ;
#2462 = CARTESIAN_POINT ( 'NONE',  ( 2.000000000000007994, 75.50000000000001421, -52.00000000000000000 ) ) ;
#2463 = CARTESIAN_POINT ( 'NONE',  ( -30.00000000000000355, 72.50000000000001421, -55.99999999999997868 ) ) ;
#2464 = DIRECTION ( 'NONE',  ( -0.000000000000000000, -1.000000000000000000, -0.000000000000000000 ) ) ;
#2465 = DIRECTION ( 'NONE',  ( 1.000000000000000000, 0.000000000000000000, 0.000000000000000000 ) ) ;
#2466 = EDGE_CURVE ( 'NONE', #2358, #1863, #1981, .T. ) ;
#2467 = CIRCLE ( 'NONE', #1241, 6.500000000000002665 ) ;
#2468 = DIRECTION ( 'NONE',  ( 0.000000000000000000, 1.000000000000000000, 0.000000000000000000 ) ) ;
#2469 = CARTESIAN_POINT ( 'NONE',  ( -34.00000000000000000, 69.50000000000000000, 56.99999999999999289 ) ) ;
#2470 = ORIENTED_EDGE ( 'NONE', *, *, #117, .F. ) ;
#2471 = VERTEX_POINT ( 'NONE', #1083 ) ;
#2472 = ORIENTED_EDGE ( 'NONE', *, *, #1457, .F. ) ;
#2473 = FACE_OUTER_BOUND ( 'NONE', #2246, .T. ) ;
#2474 = CARTESIAN_POINT ( 'NONE',  ( 7.748657132194396446, 75.50000000000001421, 49.17990404835745721 ) ) ;
#2475 = LINE ( 'NONE', #905, #1264 ) ;
#2476 = FACE_OUTER_BOUND ( 'NONE', #582, .T. ) ;
#2477 = ADVANCED_FACE ( 'NONE', ( #702 ), #1491, .T. ) ;
#2478 = ADVANCED_FACE ( 'NONE', ( #1100 ), #493, .T. ) ;
#2479 = CARTESIAN_POINT ( 'NONE',  ( -30.00000000000000355, 72.50000000000001421, -49.49999999999997868 ) ) ;
#2480 = CARTESIAN_POINT ( 'NONE',  ( 128.0638000359679722, 72.50000000000001421, 56.99999999999999289 ) ) ;
#2481 = AXIS2_PLACEMENT_3D ( 'NONE', #613, #2136, #1016 ) ;
#2482 = ORIENTED_EDGE ( 'NONE', *, *, #1666, .T. ) ;
#2483 = PRODUCT_DEFINITION_FORMATION_WITH_SPECIFIED_SOURCE ( 'ANY', '', #528, .NOT_KNOWN. ) ;
#2484 = VERTEX_POINT ( 'NONE', #1290 ) ;
#2485 = VERTEX_POINT ( 'NONE', #2106 ) ;
#2486 = CIRCLE ( 'NONE', #554, 1.499999999999994449 ) ;
#2487 = LINE ( 'NONE', #2283, #2457 ) ;
#2488 = CARTESIAN_POINT ( 'NONE',  ( -29.13175685787554059, 75.50000000000001421, -50.85255851454783738 ) ) ;
#2489 = EDGE_LOOP ( 'NONE', ( #2325, #742, #783, #384 ) ) ;
#2490 = CYLINDRICAL_SURFACE ( 'NONE', #2504, 1.499999999999994449 ) ;
#2491 = CARTESIAN_POINT ( 'NONE',  ( 4.015564437074653270, 75.50000000000001421, -60.00000000000000000 ) ) ;
#2492 = EDGE_CURVE ( 'NONE', #2249, #1418, #933, .T. ) ;
#2493 = ORIENTED_EDGE ( 'NONE', *, *, #2143, .T. ) ;
#2494 = EDGE_CURVE ( 'NONE', #605, #1557, #1518, .T. ) ;
#2495 = ORIENTED_EDGE ( 'NONE', *, *, #1586, .T. ) ;
#2496 = ORIENTED_EDGE ( 'NONE', *, *, #33, .F. ) ;
#2497 = PRODUCT_DEFINITION ( 'UNKNOWN', '', #2483, #2406 ) ;
#2498 = EDGE_CURVE ( 'NONE', #1825, #1566, #2093, .T. ) ;
#2499 = FACE_OUTER_BOUND ( 'NONE', #914, .T. ) ;
#2500 = DIRECTION ( 'NONE',  ( 0.9590574497630341977, 0.000000000000000000, 0.2832115959031779595 ) ) ;
#2501 = PLANE ( 'NONE',  #2278 ) ;
#2502 = CARTESIAN_POINT ( 'NONE',  ( 5.999999999999998224, 72.50000000000001421, 34.00000000000000000 ) ) ;
#2503 = CARTESIAN_POINT ( 'NONE',  ( 2.000000000000007994, 72.50000000000001421, 52.00000000000000000 ) ) ;
#2504 = AXIS2_PLACEMENT_3D ( 'NONE', #327, #2311, #2323 ) ;
#2505 = VECTOR ( 'NONE', #502, 1000.000000000000000 ) ;
#2506 = ORIENTED_EDGE ( 'NONE', *, *, #840, .F. ) ;
#2507 = CIRCLE ( 'NONE', #787, 6.500000000000005329 ) ;
#2508 = VERTEX_POINT ( 'NONE', #2072 ) ;
#2509 = ORIENTED_EDGE ( 'NONE', *, *, #1515, .T. ) ;
#2510 = ADVANCED_FACE ( 'NONE', ( #1872 ), #1478, .T. ) ;
#2511 = CARTESIAN_POINT ( 'NONE',  ( -31.00000000000000000, 72.50000000000001421, -60.00000000000000000 ) ) ;
#2512 = CARTESIAN_POINT ( 'NONE',  ( 58.91605797951588386, 72.50000000000001421, 29.20471275118482879 ) ) ;
#2513 = VECTOR ( 'NONE', #2111, 1000.000000000000114 ) ;
#2514 = FACE_OUTER_BOUND ( 'NONE', #917, .T. ) ;
#2515 = DIRECTION ( 'NONE',  ( 0.000000000000000000, 0.000000000000000000, 1.000000000000000000 ) ) ;
#2516 = DIRECTION ( 'NONE',  ( 0.000000000000000000, 1.000000000000000000, 0.000000000000000000 ) ) ;
#2517 = ORIENTED_EDGE ( 'NONE', *, *, #808, .F. ) ;
#2518 = CIRCLE ( 'NONE', #1410, 3.000000000000002665 ) ;
#2519 = ORIENTED_EDGE ( 'NONE', *, *, #117, .T. ) ;
#2520 = CARTESIAN_POINT ( 'NONE',  ( -0.01556443707464560261, 75.50000000000001421, 60.00000000000000000 ) ) ;
#2521 = AXIS2_PLACEMENT_3D ( 'NONE', #1520, #726, #953 ) ;
#2522 = ORIENTED_EDGE ( 'NONE', *, *, #1358, .F. ) ;
#2523 = ORIENTED_EDGE ( 'NONE', *, *, #326, .F. ) ;
#2524 = VERTEX_POINT ( 'NONE', #1710 ) ;
#2525 = EDGE_CURVE ( 'NONE', #1751, #403, #529, .T. ) ;
#2526 = LINE ( 'NONE', #541, #85 ) ;
#2527 = DIRECTION ( 'NONE',  ( 0.000000000000000000, 0.000000000000000000, 1.000000000000000000 ) ) ;
#2528 = CARTESIAN_POINT ( 'NONE',  ( 2.000000000000007994, 72.50000000000001421, 52.00000000000000000 ) ) ;
#2529 = DIRECTION ( 'NONE',  ( -0.000000000000000000, -1.000000000000000000, -0.000000000000000000 ) ) ;
#2530 = DIRECTION ( 'NONE',  ( 0.000000000000000000, 1.000000000000000000, -0.000000000000000000 ) ) ;
#2531 = EDGE_CURVE ( 'NONE', #2458, #126, #107, .T. ) ;
#2532 = FACE_OUTER_BOUND ( 'NONE', #1035, .T. ) ;
#2533 = ORIENTED_EDGE ( 'NONE', *, *, #650, .F. ) ;
#2534 = CARTESIAN_POINT ( 'NONE',  ( -26.49893412826832062, 72.50000000000001421, -50.52345567334693754 ) ) ;
#2535 = EDGE_LOOP ( 'NONE', ( #706, #2137, #1877, #2168 ) ) ;
#2536 = VECTOR ( 'NONE', #2529, 1000.000000000000000 ) ;
#2537 = CIRCLE ( 'NONE', #318, 6.500000000000002665 ) ;
#2538 = DIRECTION ( 'NONE',  ( 0.000000000000000000, 1.000000000000000000, 0.000000000000000000 ) ) ;
#2539 = CARTESIAN_POINT ( 'NONE',  ( -3.891354565493832851, 72.50000000000001421, 57.77533041337332520 ) ) ;
#2540 = LINE ( 'NONE', #573, #655 ) ;
#2541 = CARTESIAN_POINT ( 'NONE',  ( -30.00000000000000355, 72.50000000000001421, -55.99999999999997868 ) ) ;
#2542 = DIRECTION ( 'NONE',  ( 0.000000000000000000, 0.000000000000000000, 1.000000000000000000 ) ) ;
#2543 = ADVANCED_FACE ( 'NONE', ( #2476 ), #2307, .T. ) ;
#2544 = CARTESIAN_POINT ( 'NONE',  ( -26.49893412826833838, 75.50000000000001421, 50.52345567334693754 ) ) ;
#2545 = ORIENTED_EDGE ( 'NONE', *, *, #206, .T. ) ;
#2546 = CARTESIAN_POINT ( 'NONE',  ( 58.91605797951588386, 72.50000000000001421, 29.20471275118482879 ) ) ;
#2547 = ORIENTED_EDGE ( 'NONE', *, *, #101, .T. ) ;
#2548 = CIRCLE ( 'NONE', #2130, 3.000000000000002665 ) ;
#2549 = EDGE_LOOP ( 'NONE', ( #1559, #1486 ) ) ;
#2550 = CARTESIAN_POINT ( 'NONE',  ( -30.00000000000000355, 72.50000000000001421, 55.99999999999999289 ) ) ;
#2551 = DIRECTION ( 'NONE',  ( 0.000000000000000000, 0.000000000000000000, 1.000000000000000000 ) ) ;
ENDSEC;
END-ISO-10303-21;
