ISO-10303-21;
HEADER;
FILE_DESCRIPTION (( 'STEP AP214' ),
    '1' );
FILE_NAME ('poly_6mm_1pc_front axel support.STEP',
    '2026-06-09T08:45:01',
    ( '' ),
    ( '' ),
    'SwSTEP 2.0',
    'SolidWorks 2024',
    '' );
FILE_SCHEMA (( 'AUTOMOTIVE_DESIGN' ));
ENDSEC;

DATA;
#1 = ORIENTED_EDGE ( 'NONE', *, *, #181, .F. ) ;
#2 = LINE ( 'NONE', #552, #710 ) ;
#3 = CARTESIAN_POINT ( 'NONE',  ( -2.499838491220988049E-16, 3.000000000000000000, -9.500000000000000000 ) ) ;
#4 = CARTESIAN_POINT ( 'NONE',  ( -9.500000000000008882, 3.000000000000000000, -25.99999999999999645 ) ) ;
#5 = ADVANCED_FACE ( 'NONE', ( #1306 ), #343, .F. ) ;
#6 = VERTEX_POINT ( 'NONE', #50 ) ;
#7 = LINE ( 'NONE', #1812, #738 ) ;
#8 = CYLINDRICAL_SURFACE ( 'NONE', #1134, 1.500000000000011768 ) ;
#9 = EDGE_CURVE ( 'NONE', #774, #1426, #920, .T. ) ;
#10 = AXIS2_PLACEMENT_3D ( 'NONE', #1690, #1569, #156 ) ;
#11 = AXIS2_PLACEMENT_3D ( 'NONE', #1450, #1243, #1248 ) ;
#12 = FACE_OUTER_BOUND ( 'NONE', #625, .T. ) ;
#13 = CIRCLE ( 'NONE', #1061, 1.500000000000011768 ) ;
#14 = ORIENTED_EDGE ( 'NONE', *, *, #115, .T. ) ;
#15 = FILL_AREA_STYLE_COLOUR ( '', #178 ) ;
#16 = ORIENTED_EDGE ( 'NONE', *, *, #1571, .F. ) ;
#17 = CARTESIAN_POINT ( 'NONE',  ( -28.50000000000001421, 3.000000000000000000, -10.00000000000000000 ) ) ;
#18 = DIRECTION ( 'NONE',  ( 0.000000000000000000, 0.000000000000000000, -1.000000000000000000 ) ) ;
#19 = DIRECTION ( 'NONE',  ( 0.000000000000000000, -1.000000000000000000, 0.000000000000000000 ) ) ;
#20 = ADVANCED_FACE ( 'NONE', ( #355 ), #931, .F. ) ;
#21 = CARTESIAN_POINT ( 'NONE',  ( 0.000000000000000000, 3.000000000000000000, -21.99999999999999289 ) ) ;
#22 = ORIENTED_EDGE ( 'NONE', *, *, #1470, .T. ) ;
#23 = VERTEX_POINT ( 'NONE', #1741 ) ;
#24 = DIRECTION ( 'NONE',  ( 0.000000000000000000, 0.000000000000000000, -1.000000000000000000 ) ) ;
#25 = DIRECTION ( 'NONE',  ( 0.000000000000000000, -1.000000000000000000, 0.000000000000000000 ) ) ;
#26 = ORIENTED_EDGE ( 'NONE', *, *, #295, .F. ) ;
#27 = EDGE_CURVE ( 'NONE', #153, #1487, #469, .T. ) ;
#28 = LINE ( 'NONE', #1139, #1012 ) ;
#29 = AXIS2_PLACEMENT_3D ( 'NONE', #1261, #128, #1412 ) ;
#30 = ORIENTED_EDGE ( 'NONE', *, *, #1416, .T. ) ;
#31 = AXIS2_PLACEMENT_3D ( 'NONE', #1733, #1178, #1299 ) ;
#32 = AXIS2_PLACEMENT_3D ( 'NONE', #883, #1628, #1372 ) ;
#33 = EDGE_LOOP ( 'NONE', ( #1196, #1247, #1086, #1091 ) ) ;
#34 = DIRECTION ( 'NONE',  ( 0.000000000000000000, 1.000000000000000000, -0.000000000000000000 ) ) ;
#35 = VECTOR ( 'NONE', #1641, 1000.000000000000000 ) ;
#36 = DIRECTION ( 'NONE',  ( 0.000000000000000000, 0.000000000000000000, -1.000000000000000000 ) ) ;
#37 = VECTOR ( 'NONE', #291, 1000.000000000000000 ) ;
#38 = LINE ( 'NONE', #180, #420 ) ;
#39 = DIRECTION ( 'NONE',  ( -0.000000000000000000, 1.000000000000000000, -0.000000000000000000 ) ) ;
#40 = DIRECTION ( 'NONE',  ( 0.000000000000000000, 0.000000000000000000, -1.000000000000000000 ) ) ;
#41 = ORIENTED_EDGE ( 'NONE', *, *, #1203, .T. ) ;
#42 = VERTEX_POINT ( 'NONE', #381 ) ;
#43 = DIRECTION ( 'NONE',  ( -1.000000000000000000, 0.000000000000000000, -0.000000000000000000 ) ) ;
#44 = EDGE_CURVE ( 'NONE', #1082, #313, #1034, .T. ) ;
#45 = VERTEX_POINT ( 'NONE', #655 ) ;
#46 = ORIENTED_EDGE ( 'NONE', *, *, #9, .T. ) ;
#47 = LINE ( 'NONE', #903, #1451 ) ;
#48 = EDGE_LOOP ( 'NONE', ( #464, #1024 ) ) ;
#49 = EDGE_CURVE ( 'NONE', #758, #954, #1816, .T. ) ;
#50 = CARTESIAN_POINT ( 'NONE',  ( -26.00000000000001421, -3.000000000000000000, -21.99999999999999289 ) ) ;
#51 = CARTESIAN_POINT ( 'NONE',  ( 31.00000000000001421, 3.000000000000000000, 12.50000000000000000 ) ) ;
#52 = AXIS2_PLACEMENT_3D ( 'NONE', #1324, #647, #1617 ) ;
#53 = VECTOR ( 'NONE', #19, 1000.000000000000000 ) ;
#54 = EDGE_LOOP ( 'NONE', ( #727, #605 ) ) ;
#55 = ADVANCED_FACE ( 'NONE', ( #809 ), #109, .F. ) ;
#56 = DIRECTION ( 'NONE',  ( 0.000000000000000000, -1.000000000000000000, 0.000000000000000000 ) ) ;
#57 = AXIS2_PLACEMENT_3D ( 'NONE', #543, #1097, #1672 ) ;
#58 = PLANE ( 'NONE',  #86 ) ;
#59 = ORIENTED_EDGE ( 'NONE', *, *, #596, .T. ) ;
#60 = ORIENTED_EDGE ( 'NONE', *, *, #347, .F. ) ;
#61 = EDGE_CURVE ( 'NONE', #451, #1677, #1748, .T. ) ;
#62 = LINE ( 'NONE', #645, #1346 ) ;
#63 = ORIENTED_EDGE ( 'NONE', *, *, #551, .F. ) ;
#64 = DIRECTION ( 'NONE',  ( 0.000000000000000000, 0.000000000000000000, -1.000000000000000000 ) ) ;
#65 = VERTEX_POINT ( 'NONE', #1347 ) ;
#66 = DIRECTION ( 'NONE',  ( 0.000000000000000000, -0.000000000000000000, -1.000000000000000000 ) ) ;
#67 = FACE_OUTER_BOUND ( 'NONE', #1052, .T. ) ;
#68 = CARTESIAN_POINT ( 'NONE',  ( -12.00000000000002842, -3.000000000000000000, 9.999999999999991118 ) ) ;
#69 = EDGE_LOOP ( 'NONE', ( #1359, #442, #494, #1566 ) ) ;
#70 = ORIENTED_EDGE ( 'NONE', *, *, #745, .F. ) ;
#71 = ORIENTED_EDGE ( 'NONE', *, *, #1714, .F. ) ;
#72 = CARTESIAN_POINT ( 'NONE',  ( -9.500000000000008882, -3.000000000000000000, -12.50000000000000000 ) ) ;
#73 = EDGE_CURVE ( 'NONE', #1610, #1712, #1205, .T. ) ;
#74 = FACE_OUTER_BOUND ( 'NONE', #89, .T. ) ;
#75 = ADVANCED_FACE ( 'NONE', ( #1555 ), #240, .T. ) ;
#76 = EDGE_LOOP ( 'NONE', ( #207, #1332, #1051, #590 ) ) ;
#77 = APPLICATION_CONTEXT ( 'automotive_design' ) ;
#78 = LINE ( 'NONE', #1528, #1197 ) ;
#79 = CARTESIAN_POINT ( 'NONE',  ( -14.50000000000001243, -3.000000000000000000, 21.99999999999999289 ) ) ;
#80 = FACE_OUTER_BOUND ( 'NONE', #813, .T. ) ;
#81 = VECTOR ( 'NONE', #574, 1000.000000000000000 ) ;
#82 = CARTESIAN_POINT ( 'NONE',  ( -14.50000000000000888, 3.000000000000000000, -20.99999999999999289 ) ) ;
#83 = LINE ( 'NONE', #1200, #586 ) ;
#84 = DIRECTION ( 'NONE',  ( -1.000000000000000000, 0.000000000000000000, 0.000000000000000000 ) ) ;
#85 = ORIENTED_EDGE ( 'NONE', *, *, #419, .F. ) ;
#86 = AXIS2_PLACEMENT_3D ( 'NONE', #619, #1172, #84 ) ;
#87 = FACE_OUTER_BOUND ( 'NONE', #500, .T. ) ;
#88 = AXIS2_PLACEMENT_3D ( 'NONE', #780, #1508, #800 ) ;
#89 = EDGE_LOOP ( 'NONE', ( #1404, #1491, #634, #338 ) ) ;
#90 = CYLINDRICAL_SURFACE ( 'NONE', #1038, 1.500000000000011768 ) ;
#91 = LINE ( 'NONE', #1369, #990 ) ;
#92 = EDGE_CURVE ( 'NONE', #787, #1118, #1730, .T. ) ;
#93 = LINE ( 'NONE', #1050, #761 ) ;
#94 = DIRECTION ( 'NONE',  ( -1.613696256722610912E-16, 0.000000000000000000, -1.000000000000000000 ) ) ;
#95 = ORIENTED_EDGE ( 'NONE', *, *, #1203, .F. ) ;
#96 = DIRECTION ( 'NONE',  ( -0.000000000000000000, -1.000000000000000000, -0.000000000000000000 ) ) ;
#97 = ORIENTED_EDGE ( 'NONE', *, *, #1587, .T. ) ;
#98 = LINE ( 'NONE', #678, #339 ) ;
#99 = DIRECTION ( 'NONE',  ( 0.000000000000000000, -1.000000000000000000, 0.000000000000000000 ) ) ;
#100 = ORIENTED_EDGE ( 'NONE', *, *, #379, .T. ) ;
#102 = EDGE_CURVE ( 'NONE', #441, #1121, #98, .T. ) ;
#101 = CARTESIAN_POINT ( 'NONE',  ( 0.000000000000000000, -3.000000000000000000, 0.000000000000000000 ) ) ;
#103 = CARTESIAN_POINT ( 'NONE',  ( -25.99999999999998579, 3.000000000000000000, -20.99999999999999289 ) ) ;
#104 = ORIENTED_EDGE ( 'NONE', *, *, #1210, .T. ) ;
#105 = FACE_BOUND ( 'NONE', #769, .T. ) ;
#106 = VERTEX_POINT ( 'NONE', #126 ) ;
#107 = CYLINDRICAL_SURFACE ( 'NONE', #1380, 5.000000000000000888 ) ;
#108 = ORIENTED_EDGE ( 'NONE', *, *, #999, .T. ) ;
#109 = PLANE ( 'NONE',  #735 ) ;
#110 = ORIENTED_EDGE ( 'NONE', *, *, #535, .T. ) ;
#111 = DIRECTION ( 'NONE',  ( 0.000000000000000000, 0.000000000000000000, 1.000000000000000000 ) ) ;
#112 = VECTOR ( 'NONE', #927, 1000.000000000000000 ) ;
#113 = VECTOR ( 'NONE', #1736, 1000.000000000000000 ) ;
#114 = ORIENTED_EDGE ( 'NONE', *, *, #491, .T. ) ;
#115 = EDGE_CURVE ( 'NONE', #1786, #962, #1729, .T. ) ;
#116 = LINE ( 'NONE', #1256, #559 ) ;
#117 = EDGE_LOOP ( 'NONE', ( #1686, #225 ) ) ;
#118 = VECTOR ( 'NONE', #1540, 1000.000000000000000 ) ;
#119 = LINE ( 'NONE', #265, #474 ) ;
#120 = DIRECTION ( 'NONE',  ( 0.000000000000000000, -1.000000000000000000, 0.000000000000000000 ) ) ;
#121 = ORIENTED_EDGE ( 'NONE', *, *, #1511, .F. ) ;
#122 = DIRECTION ( 'NONE',  ( -2.759787348144921408E-16, 0.000000000000000000, 1.000000000000000000 ) ) ;
#123 = EDGE_LOOP ( 'NONE', ( #235, #179, #1365, #1817 ) ) ;
#124 = VERTEX_POINT ( 'NONE', #1391 ) ;
#125 = ADVANCED_FACE ( 'NONE', ( #1806 ), #822, .F. ) ;
#126 = CARTESIAN_POINT ( 'NONE',  ( -14.50000000000000000, 3.000000000000000000, -21.99999999999999289 ) ) ;
#127 = CARTESIAN_POINT ( 'NONE',  ( -25.99999999999998579, 3.000000000000000000, 26.00000000000000000 ) ) ;
#128 = DIRECTION ( 'NONE',  ( 0.000000000000000000, -1.000000000000000000, 0.000000000000000000 ) ) ;
#129 = ORIENTED_EDGE ( 'NONE', *, *, #304, .T. ) ;
#130 = EDGE_CURVE ( 'NONE', #1118, #787, #607, .T. ) ;
#131 = LINE ( 'NONE', #1438, #560 ) ;
#132 = DIRECTION ( 'NONE',  ( 0.000000000000000000, 1.000000000000000000, 0.000000000000000000 ) ) ;
#133 = CARTESIAN_POINT ( 'NONE',  ( 14.50000000000001243, -3.000000000000000000, 21.99999999999999289 ) ) ;
#134 = LINE ( 'NONE', #875, #1574 ) ;
#135 = ORIENTED_EDGE ( 'NONE', *, *, #483, .F. ) ;
#136 = AXIS2_PLACEMENT_3D ( 'NONE', #1064, #765, #1488 ) ;
#137 = DIRECTION ( 'NONE',  ( 0.000000000000000000, -1.000000000000000000, 0.000000000000000000 ) ) ;
#138 = ORIENTED_EDGE ( 'NONE', *, *, #1083, .T. ) ;
#139 = CARTESIAN_POINT ( 'NONE',  ( 12.00000000000001421, 3.000000000000000000, -10.00000000000000000 ) ) ;
#140 = VECTOR ( 'NONE', #1267, 1000.000000000000000 ) ;
#141 = DIRECTION ( 'NONE',  ( -0.000000000000000000, 1.000000000000000000, -0.000000000000000000 ) ) ;
#142 =( NAMED_UNIT ( * ) PLANE_ANGLE_UNIT ( ) SI_UNIT ( $, .RADIAN. ) );
#143 = AXIS2_PLACEMENT_3D ( 'NONE', #101, #673, #1794 ) ;
#144 = PLANE ( 'NONE',  #1701 ) ;
#145 = ORIENTED_EDGE ( 'NONE', *, *, #1468, .T. ) ;
#146 = AXIS2_PLACEMENT_3D ( 'NONE', #1538, #1198, #682 ) ;
#147 = ADVANCED_FACE ( 'NONE', ( #892 ), #670, .F. ) ;
#148 = VERTEX_POINT ( 'NONE', #538 ) ;
#149 = CARTESIAN_POINT ( 'NONE',  ( -12.00000000000002842, 3.000000000000000000, 9.999999999999991118 ) ) ;
#150 = VERTEX_POINT ( 'NONE', #546 ) ;
#151 = LINE ( 'NONE', #162, #1059 ) ;
#152 = EDGE_LOOP ( 'NONE', ( #1273, #1716, #457, #879 ) ) ;
#153 = VERTEX_POINT ( 'NONE', #1695 ) ;
#154 = EDGE_CURVE ( 'NONE', #465, #1439, #414, .T. ) ;
#155 = CYLINDRICAL_SURFACE ( 'NONE', #1130, 5.000000000000000888 ) ;
#156 = DIRECTION ( 'NONE',  ( 0.000000000000000000, 0.000000000000000000, 1.000000000000000000 ) ) ;
#157 = ORIENTED_EDGE ( 'NONE', *, *, #1275, .T. ) ;
#158 = EDGE_CURVE ( 'NONE', #1610, #148, #1260, .T. ) ;
#159 = CARTESIAN_POINT ( 'NONE',  ( -14.50000000000000888, 3.000000000000000000, 20.99999999999998934 ) ) ;
#160 = ORIENTED_EDGE ( 'NONE', *, *, #1272, .F. ) ;
#161 = ORIENTED_EDGE ( 'NONE', *, *, #1499, .T. ) ;
#162 = CARTESIAN_POINT ( 'NONE',  ( 9.500000000000008882, 3.000000000000000000, 12.50000000000000000 ) ) ;
#163 = ORIENTED_EDGE ( 'NONE', *, *, #1007, .T. ) ;
#164 = APPLICATION_PROTOCOL_DEFINITION ( 'draft international standard', 'automotive_design', 1998, #77 ) ;
#165 = DIRECTION ( 'NONE',  ( 0.000000000000000000, -1.000000000000000000, 0.000000000000000000 ) ) ;
#166 = ORIENTED_EDGE ( 'NONE', *, *, #1160, .T. ) ;
#167 = DIRECTION ( 'NONE',  ( 0.000000000000000000, -1.000000000000000000, 0.000000000000000000 ) ) ;
#168 = ORIENTED_EDGE ( 'NONE', *, *, #1676, .T. ) ;
#169 = CARTESIAN_POINT ( 'NONE',  ( -9.500000000000008882, -3.000000000000000000, -25.99999999999999645 ) ) ;
#170 = ORIENTED_EDGE ( 'NONE', *, *, #706, .T. ) ;
#171 = EDGE_CURVE ( 'NONE', #148, #1610, #679, .T. ) ;
#172 = CLOSED_SHELL ( 'NONE', ( #1671, #1036, #810, #1047, #801, #1444, #1461, #726, #996, #1126, #658, #1556, #652, #274, #669, #1805, #55, #20, #760, #587, #1585, #844, #937, #147, #192, #928, #371, #1005, #1156, #1758, #1554, #1057, #777, #5, #1545, #245, #1288, #604, #271, #512, #1002, #869, #876, #125, #218, #704, #1682, #1053, #75, #1373, #1222, #342 ) ) ;
#173 = DIRECTION ( 'NONE',  ( 0.000000000000000000, 1.000000000000000000, 0.000000000000000000 ) ) ;
#174 = AXIS2_PLACEMENT_3D ( 'NONE', #816, #1079, #1244 ) ;
#175 = VECTOR ( 'NONE', #1718, 1000.000000000000000 ) ;
#176 = DIRECTION ( 'NONE',  ( 1.000000000000000000, 0.000000000000000000, -1.613696256722610912E-16 ) ) ;
#177 = AXIS2_PLACEMENT_3D ( 'NONE', #234, #94, #1649 ) ;
#178 = COLOUR_RGB ( '',0.7921568627450980005, 0.8196078431372548767, 0.9333333333333333481 ) ;
#179 = ORIENTED_EDGE ( 'NONE', *, *, #1693, .T. ) ;
#180 = CARTESIAN_POINT ( 'NONE',  ( 0.000000000000000000, 3.000000000000000000, 21.99999999999999289 ) ) ;
#181 = EDGE_CURVE ( 'NONE', #1121, #575, #1645, .T. ) ;
#182 = FACE_OUTER_BOUND ( 'NONE', #1711, .T. ) ;
#183 = EDGE_CURVE ( 'NONE', #1082, #1363, #1042, .T. ) ;
#184 = VERTEX_POINT ( 'NONE', #898 ) ;
#185 = EDGE_LOOP ( 'NONE', ( #806, #1281, #46, #1504 ) ) ;
#186 = ORIENTED_EDGE ( 'NONE', *, *, #419, .T. ) ;
#187 = EDGE_CURVE ( 'NONE', #1322, #663, #891, .T. ) ;
#188 = EDGE_LOOP ( 'NONE', ( #70, #216, #1055, #324 ) ) ;
#189 = DIRECTION ( 'NONE',  ( 0.000000000000000000, -1.000000000000000000, 0.000000000000000000 ) ) ;
#190 = DIRECTION ( 'NONE',  ( 0.000000000000000000, -1.000000000000000000, 0.000000000000000000 ) ) ;
#191 = EDGE_LOOP ( 'NONE', ( #302, #1813, #913, #941 ) ) ;
#192 = ADVANCED_FACE ( 'NONE', ( #1775 ), #654, .F. ) ;
#193 = DIRECTION ( 'NONE',  ( -1.000000000000000000, -0.000000000000000000, -1.613696256722610912E-16 ) ) ;
#194 = DIRECTION ( 'NONE',  ( 0.000000000000000000, 0.000000000000000000, -1.000000000000000000 ) ) ;
#195 = FACE_OUTER_BOUND ( 'NONE', #1035, .T. ) ;
#196 = ORIENTED_EDGE ( 'NONE', *, *, #1062, .T. ) ;
#197 = FACE_OUTER_BOUND ( 'NONE', #1457, .T. ) ;
#198 = CARTESIAN_POINT ( 'NONE',  ( -12.00000000000004263, 3.000000000000000000, -11.50000000000001421 ) ) ;
#199 = CARTESIAN_POINT ( 'NONE',  ( 14.50000000000000888, 3.000000000000000000, 20.99999999999999289 ) ) ;
#200 = DIRECTION ( 'NONE',  ( 0.000000000000000000, 0.000000000000000000, -1.000000000000000000 ) ) ;
#201 = DIRECTION ( 'NONE',  ( -0.000000000000000000, -1.000000000000000000, -0.000000000000000000 ) ) ;
#202 = LINE ( 'NONE', #1746, #112 ) ;
#203 = AXIS2_PLACEMENT_3D ( 'NONE', #717, #833, #858 ) ;
#204 = EDGE_CURVE ( 'NONE', #1712, #814, #556, .T. ) ;
#205 = AXIS2_PLACEMENT_3D ( 'NONE', #1643, #1523, #513 ) ;
#206 = CARTESIAN_POINT ( 'NONE',  ( 26.00000000000001421, 3.000000000000000000, 21.99999999999999289 ) ) ;
#207 = ORIENTED_EDGE ( 'NONE', *, *, #815, .F. ) ;
#208 = CIRCLE ( 'NONE', #1231, 2.500000000000000000 ) ;
#209 = LINE ( 'NONE', #1751, #175 ) ;
#210 = EDGE_LOOP ( 'NONE', ( #1696, #1396, #493, #386 ) ) ;
#211 = CARTESIAN_POINT ( 'NONE',  ( 14.50000000000000533, 3.000000000000000000, -4.001691654810137201E-15 ) ) ;
#212 = EDGE_LOOP ( 'NONE', ( #1375, #943, #1664, #1058 ) ) ;
#213 = EDGE_CURVE ( 'NONE', #1131, #884, #825, .T. ) ;
#214 = ORIENTED_EDGE ( 'NONE', *, *, #933, .F. ) ;
#215 = DIRECTION ( 'NONE',  ( -0.000000000000000000, -1.000000000000000000, -0.000000000000000000 ) ) ;
#216 = ORIENTED_EDGE ( 'NONE', *, *, #740, .F. ) ;
#217 = DIRECTION ( 'NONE',  ( 0.000000000000000000, -1.000000000000000000, 0.000000000000000000 ) ) ;
#218 = ADVANCED_FACE ( 'NONE', ( #823 ), #144, .T. ) ;
#219 = CARTESIAN_POINT ( 'NONE',  ( -14.50000000000000888, -3.000000000000000000, -25.99999999999999645 ) ) ;
#220 = DIRECTION ( 'NONE',  ( -0.000000000000000000, 1.000000000000000000, -0.000000000000000000 ) ) ;
#221 = CARTESIAN_POINT ( 'NONE',  ( 26.00000000000001421, -3.000000000000000000, -21.99999999999999289 ) ) ;
#222 = DIRECTION ( 'NONE',  ( 0.000000000000000000, 0.000000000000000000, -1.000000000000000000 ) ) ;
#223 = CARTESIAN_POINT ( 'NONE',  ( -14.50000000000000000, -3.000000000000000000, -21.99999999999999289 ) ) ;
#224 = DIRECTION ( 'NONE',  ( 0.000000000000000000, 0.000000000000000000, 1.000000000000000000 ) ) ;
#225 = ORIENTED_EDGE ( 'NONE', *, *, #767, .F. ) ;
#226 = CARTESIAN_POINT ( 'NONE',  ( 9.500000000000008882, 3.000000000000000000, 25.99999999999999645 ) ) ;
#227 = ORIENTED_EDGE ( 'NONE', *, *, #618, .T. ) ;
#228 = DIRECTION ( 'NONE',  ( -0.000000000000000000, 1.000000000000000000, -0.000000000000000000 ) ) ;
#229 = CYLINDRICAL_SURFACE ( 'NONE', #143, 2.500000000000000000 ) ;
#230 = VECTOR ( 'NONE', #1770, 1000.000000000000000 ) ;
#231 = DIRECTION ( 'NONE',  ( 0.000000000000000000, 0.000000000000000000, -1.000000000000000000 ) ) ;
#232 = AXIS2_PLACEMENT_3D ( 'NONE', #149, #298, #842 ) ;
#233 = CARTESIAN_POINT ( 'NONE',  ( 12.00000000000001421, 3.000000000000000000, -10.00000000000000000 ) ) ;
#234 = CARTESIAN_POINT ( 'NONE',  ( 9.500000000000008882, 3.000000000000000000, -25.99999999999999645 ) ) ;
#235 = ORIENTED_EDGE ( 'NONE', *, *, #1520, .F. ) ;
#236 = VECTOR ( 'NONE', #1489, 1000.000000000000000 ) ;
#237 = CARTESIAN_POINT ( 'NONE',  ( -12.00000000000002842, -3.000000000000000000, 8.499999999999992895 ) ) ;
#238 = AXIS2_PLACEMENT_3D ( 'NONE', #1781, #1478, #633 ) ;
#239 = PRODUCT_RELATED_PRODUCT_CATEGORY ( 'part', '', ( #456 ) ) ;
#240 = CYLINDRICAL_SURFACE ( 'NONE', #947, 5.000000000000000888 ) ;
#241 = CARTESIAN_POINT ( 'NONE',  ( -4.336808689942017736E-16, 3.000000000000000000, -8.000000000000000000 ) ) ;
#242 = CARTESIAN_POINT ( 'NONE',  ( -30.99999999999998579, -3.000000000000000000, 12.50000000000000000 ) ) ;
#243 = DIRECTION ( 'NONE',  ( -0.000000000000000000, 1.000000000000000000, -0.000000000000000000 ) ) ;
#244 = EDGE_LOOP ( 'NONE', ( #1626, #1140, #1218, #1159 ) ) ;
#245 = ADVANCED_FACE ( 'NONE', ( #1240 ), #413, .F. ) ;
#246 = EDGE_LOOP ( 'NONE', ( #628, #1013, #1077, #448 ) ) ;
#247 = LINE ( 'NONE', #778, #1263 ) ;
#248 = PLANE ( 'NONE',  #88 ) ;
#249 = EDGE_LOOP ( 'NONE', ( #340, #1441 ) ) ;
#250 = DIRECTION ( 'NONE',  ( 0.000000000000000000, -1.000000000000000000, 0.000000000000000000 ) ) ;
#251 = EDGE_LOOP ( 'NONE', ( #462, #829, #707, #26 ) ) ;
#252 = CARTESIAN_POINT ( 'NONE',  ( -14.50000000000001243, -3.000000000000000000, 21.99999999999999289 ) ) ;
#253 = CARTESIAN_POINT ( 'NONE',  ( 0.000000000000000000, 3.000000000000000000, 2.500000000000000000 ) ) ;
#254 = FACE_BOUND ( 'NONE', #1257, .T. ) ;
#255 = ORIENTED_EDGE ( 'NONE', *, *, #517, .F. ) ;
#256 = DIRECTION ( 'NONE',  ( -0.000000000000000000, -1.000000000000000000, -0.000000000000000000 ) ) ;
#257 = VECTOR ( 'NONE', #938, 1000.000000000000000 ) ;
#258 = AXIS2_PLACEMENT_3D ( 'NONE', #233, #974, #259 ) ;
#259 = DIRECTION ( 'NONE',  ( 0.000000000000000000, 0.000000000000000000, -1.000000000000000000 ) ) ;
#260 = DIRECTION ( 'NONE',  ( -0.000000000000000000, -0.000000000000000000, -1.000000000000000000 ) ) ;
#261 = VERTEX_POINT ( 'NONE', #1567 ) ;
#262 = AXIS2_PLACEMENT_3D ( 'NONE', #103, #849, #1403 ) ;
#263 = CIRCLE ( 'NONE', #889, 1.500000000000004885 ) ;
#264 = CARTESIAN_POINT ( 'NONE',  ( 12.00000000000001421, -3.000000000000000000, 8.499999999999989342 ) ) ;
#265 = CARTESIAN_POINT ( 'NONE',  ( -30.99999999999998579, 3.000000000000000000, 12.50000000000000000 ) ) ;
#266 = DIRECTION ( 'NONE',  ( 0.000000000000000000, 0.000000000000000000, -1.000000000000000000 ) ) ;
#267 = VECTOR ( 'NONE', #641, 1000.000000000000000 ) ;
#268 = CARTESIAN_POINT ( 'NONE',  ( 26.00000000000001421, -3.000000000000000000, -21.99999999999999289 ) ) ;
#269 = ORIENTED_EDGE ( 'NONE', *, *, #1025, .F. ) ;
#270 = PRESENTATION_STYLE_ASSIGNMENT (( #972 ) ) ;
#271 = ADVANCED_FACE ( 'NONE', ( #1016 ), #155, .T. ) ;
#272 = DIRECTION ( 'NONE',  ( -0.000000000000000000, 1.000000000000000000, -0.000000000000000000 ) ) ;
#273 = CARTESIAN_POINT ( 'NONE',  ( 28.50000000000001421, -3.000000000000000000, -10.00000000000000000 ) ) ;
#274 = ADVANCED_FACE ( 'NONE', ( #182 ), #1030, .F. ) ;
#275 = EDGE_CURVE ( 'NONE', #729, #261, #202, .T. ) ;
#276 = DIRECTION ( 'NONE',  ( 0.000000000000000000, 0.000000000000000000, -1.000000000000000000 ) ) ;
#277 = ORIENTED_EDGE ( 'NONE', *, *, #92, .F. ) ;
#278 = CARTESIAN_POINT ( 'NONE',  ( 1.301042606982605321E-15, 3.000000000000000000, 9.500000000000000000 ) ) ;
#279 = ORIENTED_EDGE ( 'NONE', *, *, #638, .F. ) ;
#280 = DIRECTION ( 'NONE',  ( -1.000000000000000000, 0.000000000000000000, 0.000000000000000000 ) ) ;
#281 = VERTEX_POINT ( 'NONE', #219 ) ;
#282 = ORIENTED_EDGE ( 'NONE', *, *, #1152, .T. ) ;
#283 = ORIENTED_EDGE ( 'NONE', *, *, #1174, .F. ) ;
#284 =( NAMED_UNIT ( * ) SI_UNIT ( $, .STERADIAN. ) SOLID_ANGLE_UNIT ( ) );
#285 = ORIENTED_EDGE ( 'NONE', *, *, #1787, .T. ) ;
#286 = DIRECTION ( 'NONE',  ( -1.000000000000000000, 0.000000000000000000, 1.613696256722610912E-16 ) ) ;
#287 = ORIENTED_EDGE ( 'NONE', *, *, #853, .F. ) ;
#288 = VECTOR ( 'NONE', #1146, 1000.000000000000000 ) ;
#289 = ORIENTED_EDGE ( 'NONE', *, *, #706, .F. ) ;
#290 = CIRCLE ( 'NONE', #642, 1.500000000000011768 ) ;
#291 = DIRECTION ( 'NONE',  ( -1.000000000000000000, 0.000000000000000000, 0.000000000000000000 ) ) ;
#292 = SHAPE_DEFINITION_REPRESENTATION ( #310, #321 ) ;
#293 = VECTOR ( 'NONE', #1570, 1000.000000000000000 ) ;
#294 = DIRECTION ( 'NONE',  ( -0.000000000000000000, 1.000000000000000000, -0.000000000000000000 ) ) ;
#295 = EDGE_CURVE ( 'NONE', #1153, #301, #1484, .T. ) ;
#296 = VECTOR ( 'NONE', #840, 1000.000000000000000 ) ;
#297 = ORIENTED_EDGE ( 'NONE', *, *, #1015, .F. ) ;
#298 = DIRECTION ( 'NONE',  ( -0.000000000000000000, -1.000000000000000000, -0.000000000000000000 ) ) ;
#299 = ORIENTED_EDGE ( 'NONE', *, *, #417, .T. ) ;
#300 = DIRECTION ( 'NONE',  ( 0.000000000000000000, 0.000000000000000000, 1.000000000000000000 ) ) ;
#301 = VERTEX_POINT ( 'NONE', #837 ) ;
#302 = ORIENTED_EDGE ( 'NONE', *, *, #402, .T. ) ;
#303 = EDGE_CURVE ( 'NONE', #1066, #1285, #523, .T. ) ;
#304 = EDGE_CURVE ( 'NONE', #843, #970, #409, .T. ) ;
#305 = DIRECTION ( 'NONE',  ( -0.000000000000000000, -1.000000000000000000, -0.000000000000000000 ) ) ;
#306 = ORIENTED_EDGE ( 'NONE', *, *, #902, .T. ) ;
#307 = ORIENTED_EDGE ( 'NONE', *, *, #572, .T. ) ;
#308 = ORIENTED_EDGE ( 'NONE', *, *, #347, .T. ) ;
#309 = LINE ( 'NONE', #1442, #1009 ) ;
#310 = PRODUCT_DEFINITION_SHAPE ( 'NONE', 'NONE',  #1150 ) ;
#311 = ORIENTED_EDGE ( 'NONE', *, *, #1693, .F. ) ;
#312 = DIRECTION ( 'NONE',  ( 0.000000000000000000, 0.000000000000000000, 1.000000000000000000 ) ) ;
#313 = VERTEX_POINT ( 'NONE', #1397 ) ;
#314 = ORIENTED_EDGE ( 'NONE', *, *, #638, .T. ) ;
#315 = CIRCLE ( 'NONE', #1037, 5.000000000000000888 ) ;
#316 = EDGE_CURVE ( 'NONE', #301, #997, #1116, .T. ) ;
#317 = AXIS2_PLACEMENT_3D ( 'NONE', #519, #1076, #399 ) ;
#318 = CARTESIAN_POINT ( 'NONE',  ( 9.500000000000008882, -3.000000000000000000, -25.99999999999999645 ) ) ;
#319 = EDGE_CURVE ( 'NONE', #597, #42, #1427, .T. ) ;
#320 = DIRECTION ( 'NONE',  ( 2.759787348144921408E-16, -0.000000000000000000, 1.000000000000000000 ) ) ;
#321 = ADVANCED_BREP_SHAPE_REPRESENTATION ( 'poly_6mm_1pc_front axel support', ( #1402, #1234 ), #617 ) ;
#322 = EDGE_LOOP ( 'NONE', ( #1562, #476 ) ) ;
#323 = CARTESIAN_POINT ( 'NONE',  ( 12.00000000000001421, 3.000000000000000000, 10.00000000000000000 ) ) ;
#324 = ORIENTED_EDGE ( 'NONE', *, *, #1676, .F. ) ;
#325 = EDGE_CURVE ( 'NONE', #1054, #672, #151, .T. ) ;
#326 = CARTESIAN_POINT ( 'NONE',  ( -28.50000000000001421, 3.000000000000000000, -11.50000000000001243 ) ) ;
#327 = DIRECTION ( 'NONE',  ( 0.000000000000000000, -1.000000000000000000, 0.000000000000000000 ) ) ;
#328 = CYLINDRICAL_SURFACE ( 'NONE', #786, 5.000000000000000888 ) ;
#329 = FACE_OUTER_BOUND ( 'NONE', #1132, .T. ) ;
#330 = VERTEX_POINT ( 'NONE', #731 ) ;
#331 = DIRECTION ( 'NONE',  ( 0.000000000000000000, 0.000000000000000000, 1.000000000000000000 ) ) ;
#332 = ORIENTED_EDGE ( 'NONE', *, *, #720, .T. ) ;
#333 = DIRECTION ( 'NONE',  ( 0.000000000000000000, 0.000000000000000000, -1.000000000000000000 ) ) ;
#334 = LINE ( 'NONE', #79, #37 ) ;
#335 = DIRECTION ( 'NONE',  ( 1.000000000000000000, 0.000000000000000000, 0.000000000000000000 ) ) ;
#336 = FACE_OUTER_BOUND ( 'NONE', #591, .T. ) ;
#337 = VERTEX_POINT ( 'NONE', #566 ) ;
#338 = ORIENTED_EDGE ( 'NONE', *, *, #1602, .F. ) ;
#339 = VECTOR ( 'NONE', #1216, 1000.000000000000000 ) ;
#340 = ORIENTED_EDGE ( 'NONE', *, *, #1143, .F. ) ;
#341 = CYLINDRICAL_SURFACE ( 'NONE', #1732, 1.499999999999999556 ) ;
#342 = ADVANCED_FACE ( 'NONE', ( #1630 ), #328, .T. ) ;
#343 = PLANE ( 'NONE',  #136 ) ;
#344 = VECTOR ( 'NONE', #305, 1000.000000000000000 ) ;
#345 = EDGE_LOOP ( 'NONE', ( #1575, #1147 ) ) ;
#346 = AXIS2_PLACEMENT_3D ( 'NONE', #733, #595, #630 ) ;
#347 = EDGE_CURVE ( 'NONE', #834, #441, #1161, .T. ) ;
#348 = CARTESIAN_POINT ( 'NONE',  ( -9.500000000000008882, 3.000000000000000000, -25.99999999999999645 ) ) ;
#349 = EDGE_LOOP ( 'NONE', ( #511, #1739, #289, #362 ) ) ;
#350 = STYLED_ITEM ( 'NONE', ( #270 ), #1402 ) ;
#351 = LINE ( 'NONE', #318, #477 ) ;
#352 = LINE ( 'NONE', #505, #764 ) ;
#353 = ORIENTED_EDGE ( 'NONE', *, *, #303, .F. ) ;
#354 = DIRECTION ( 'NONE',  ( 0.000000000000000000, 1.000000000000000000, 0.000000000000000000 ) ) ;
#355 = FACE_OUTER_BOUND ( 'NONE', #1810, .T. ) ;
#356 = DIRECTION ( 'NONE',  ( -0.000000000000000000, 1.000000000000000000, -0.000000000000000000 ) ) ;
#357 = DIRECTION ( 'NONE',  ( 0.000000000000000000, 0.000000000000000000, -1.000000000000000000 ) ) ;
#358 = LINE ( 'NONE', #1177, #987 ) ;
#359 = ORIENTED_EDGE ( 'NONE', *, *, #618, .F. ) ;
#360 = DIRECTION ( 'NONE',  ( -0.000000000000000000, 1.000000000000000000, -0.000000000000000000 ) ) ;
#361 = DIRECTION ( 'NONE',  ( -0.000000000000000000, -1.000000000000000000, -0.000000000000000000 ) ) ;
#362 = ORIENTED_EDGE ( 'NONE', *, *, #1210, .F. ) ;
#363 = CARTESIAN_POINT ( 'NONE',  ( 9.500000000000008882, 3.000000000000000000, -20.99999999999999289 ) ) ;
#364 = DIRECTION ( 'NONE',  ( 0.000000000000000000, -1.000000000000000000, 0.000000000000000000 ) ) ;
#365 = DIRECTION ( 'NONE',  ( -0.000000000000000000, -0.000000000000000000, 1.000000000000000000 ) ) ;
#366 = CARTESIAN_POINT ( 'NONE',  ( -4.336808689942017736E-16, -3.000000000000000000, -8.000000000000000000 ) ) ;
#367 = CARTESIAN_POINT ( 'NONE',  ( 14.50000000000000888, 3.000000000000000000, -20.99999999999999289 ) ) ;
#368 = DIRECTION ( 'NONE',  ( 0.000000000000000000, -1.000000000000000000, 0.000000000000000000 ) ) ;
#369 = CARTESIAN_POINT ( 'NONE',  ( -14.50000000000000888, -3.000000000000000000, -20.99999999999999289 ) ) ;
#370 = CARTESIAN_POINT ( 'NONE',  ( -12.00000000000002842, 3.000000000000000000, 9.999999999999991118 ) ) ;
#371 = ADVANCED_FACE ( 'NONE', ( #488 ), #768, .F. ) ;
#372 = DIRECTION ( 'NONE',  ( 0.000000000000000000, 0.000000000000000000, -1.000000000000000000 ) ) ;
#373 = FACE_OUTER_BOUND ( 'NONE', #803, .T. ) ;
#374 = EDGE_LOOP ( 'NONE', ( #580, #496, #100, #1446 ) ) ;
#375 = EDGE_CURVE ( 'NONE', #1117, #407, #1224, .T. ) ;
#376 = FACE_OUTER_BOUND ( 'NONE', #1422, .T. ) ;
#377 = CYLINDRICAL_SURFACE ( 'NONE', #1658, 1.500000000000004885 ) ;
#378 = DIRECTION ( 'NONE',  ( 0.000000000000000000, -1.000000000000000000, 0.000000000000000000 ) ) ;
#379 = EDGE_CURVE ( 'NONE', #1144, #455, #708, .T. ) ;
#380 = AXIS2_PLACEMENT_3D ( 'NONE', #1381, #908, #1075 ) ;
#381 = CARTESIAN_POINT ( 'NONE',  ( -14.50000000000001243, 3.000000000000000000, 21.99999999999999289 ) ) ;
#382 = CARTESIAN_POINT ( 'NONE',  ( 14.50000000000000888, -3.000000000000000000, -20.99999999999999289 ) ) ;
#383 = DIRECTION ( 'NONE',  ( 0.000000000000000000, 0.000000000000000000, -1.000000000000000000 ) ) ;
#384 = AXIS2_PLACEMENT_3D ( 'NONE', #1505, #794, #1526 ) ;
#385 = CIRCLE ( 'NONE', #742, 1.499999999999999556 ) ;
#386 = ORIENTED_EDGE ( 'NONE', *, *, #537, .T. ) ;
#387 = AXIS2_PLACEMENT_3D ( 'NONE', #1328, #545, #357 ) ;
#388 = LINE ( 'NONE', #1190, #759 ) ;
#389 = AXIS2_PLACEMENT_3D ( 'NONE', #1522, #228, #498 ) ;
#390 = DIRECTION ( 'NONE',  ( 0.000000000000000000, -1.000000000000000000, 0.000000000000000000 ) ) ;
#391 = EDGE_CURVE ( 'NONE', #657, #743, #309, .T. ) ;
#392 = CARTESIAN_POINT ( 'NONE',  ( -30.99999999999998579, 3.000000000000000000, 12.50000000000000000 ) ) ;
#393 = LINE ( 'NONE', #221, #919 ) ;
#394 = LINE ( 'NONE', #1477, #113 ) ;
#395 = ORIENTED_EDGE ( 'NONE', *, *, #1468, .F. ) ;
#396 = CARTESIAN_POINT ( 'NONE',  ( 9.500000000000008882, 3.000000000000000000, -25.99999999999999645 ) ) ;
#397 = CARTESIAN_POINT ( 'NONE',  ( -28.50000000000001421, -3.000000000000000000, 10.00000000000000000 ) ) ;
#398 = DIRECTION ( 'NONE',  ( 0.000000000000000000, 0.000000000000000000, 1.000000000000000000 ) ) ;
#399 = DIRECTION ( 'NONE',  ( 0.000000000000000000, 0.000000000000000000, 1.000000000000000000 ) ) ;
#400 = ORIENTED_EDGE ( 'NONE', *, *, #1025, .T. ) ;
#401 = CARTESIAN_POINT ( 'NONE',  ( -28.50000000000001421, 3.000000000000000000, 11.50000000000000533 ) ) ;
#402 = EDGE_CURVE ( 'NONE', #851, #597, #593, .T. ) ;
#403 = ORIENTED_EDGE ( 'NONE', *, *, #541, .T. ) ;
#404 = CARTESIAN_POINT ( 'NONE',  ( -2.499838491220988049E-16, -3.000000000000000000, -9.500000000000000000 ) ) ;
#405 = CARTESIAN_POINT ( 'NONE',  ( 9.500000000000008882, -3.000000000000000000, -25.99999999999999645 ) ) ;
#406 = CARTESIAN_POINT ( 'NONE',  ( 9.500000000000008882, -3.000000000000000000, 12.50000000000000000 ) ) ;
#407 = VERTEX_POINT ( 'NONE', #1481 ) ;
#408 = EDGE_CURVE ( 'NONE', #884, #1131, #1308, .T. ) ;
#409 = LINE ( 'NONE', #1250, #1731 ) ;
#410 = EDGE_LOOP ( 'NONE', ( #60, #766, #1, #1179 ) ) ;
#411 = CARTESIAN_POINT ( 'NONE',  ( 12.00000000000001421, 3.000000000000000000, 10.00000000000000000 ) ) ;
#412 = CYLINDRICAL_SURFACE ( 'NONE', #1619, 1.500000000000011768 ) ;
#413 = PLANE ( 'NONE',  #911 ) ;
#414 = LINE ( 'NONE', #4, #1797 ) ;
#415 = DIRECTION ( 'NONE',  ( 1.000000000000000000, -0.000000000000000000, 0.000000000000000000 ) ) ;
#416 =( LENGTH_UNIT ( ) NAMED_UNIT ( * ) SI_UNIT ( .MILLI., .METRE. ) );
#417 = EDGE_CURVE ( 'NONE', #1811, #1113, #926, .T. ) ;
#418 = AXIS2_PLACEMENT_3D ( 'NONE', #1615, #354, #1259 ) ;
#419 = EDGE_CURVE ( 'NONE', #436, #1439, #247, .T. ) ;
#420 = VECTOR ( 'NONE', #1591, 1000.000000000000000 ) ;
#421 = ORIENTED_EDGE ( 'NONE', *, *, #1015, .T. ) ;
#422 = VECTOR ( 'NONE', #598, 1000.000000000000000 ) ;
#423 = DIRECTION ( 'NONE',  ( -0.000000000000000000, 1.000000000000000000, -0.000000000000000000 ) ) ;
#424 = AXIS2_PLACEMENT_3D ( 'NONE', #68, #1638, #668 ) ;
#425 = CARTESIAN_POINT ( 'NONE',  ( -30.99999999999998579, 3.000000000000000000, 20.99999999999999645 ) ) ;
#426 = CARTESIAN_POINT ( 'NONE',  ( -12.00000000000004263, -3.000000000000000000, -11.50000000000001421 ) ) ;
#427 = AXIS2_PLACEMENT_3D ( 'NONE', #1208, #1092, #1785 ) ;
#428 = CARTESIAN_POINT ( 'NONE',  ( -12.00000000000004263, 3.000000000000000000, -10.00000000000001243 ) ) ;
#429 = CARTESIAN_POINT ( 'NONE',  ( 9.500000000000008882, 3.000000000000000000, -12.50000000000000000 ) ) ;
#430 = LINE ( 'NONE', #242, #1279 ) ;
#431 = LINE ( 'NONE', #900, #344 ) ;
#432 = ORIENTED_EDGE ( 'NONE', *, *, #49, .F. ) ;
#433 = EDGE_CURVE ( 'NONE', #337, #42, #1202, .T. ) ;
#434 = FACE_OUTER_BOUND ( 'NONE', #1705, .T. ) ;
#435 = ORIENTED_EDGE ( 'NONE', *, *, #1702, .T. ) ;
#436 = VERTEX_POINT ( 'NONE', #1074 ) ;
#437 = ORIENTED_EDGE ( 'NONE', *, *, #537, .F. ) ;
#438 = DIRECTION ( 'NONE',  ( -0.000000000000000000, 1.000000000000000000, -0.000000000000000000 ) ) ;
#439 = CARTESIAN_POINT ( 'NONE',  ( 28.50000000000001421, 3.000000000000000000, 8.499999999999994671 ) ) ;
#440 = FACE_OUTER_BOUND ( 'NONE', #210, .T. ) ;
#441 = VERTEX_POINT ( 'NONE', #1515 ) ;
#442 = ORIENTED_EDGE ( 'NONE', *, *, #1275, .F. ) ;
#443 = EDGE_CURVE ( 'NONE', #843, #954, #315, .T. ) ;
#444 = ORIENTED_EDGE ( 'NONE', *, *, #1767, .T. ) ;
#445 = CIRCLE ( 'NONE', #557, 1.499999999999996225 ) ;
#446 = ORIENTED_EDGE ( 'NONE', *, *, #894, .F. ) ;
#447 = CIRCLE ( 'NONE', #1476, 1.500000000000011768 ) ;
#448 = ORIENTED_EDGE ( 'NONE', *, *, #92, .T. ) ;
#449 = DIRECTION ( 'NONE',  ( 0.000000000000000000, 0.000000000000000000, 1.000000000000000000 ) ) ;
#450 = CIRCLE ( 'NONE', #1164, 1.500000000000001332 ) ;
#451 = VERTEX_POINT ( 'NONE', #1330 ) ;
#452 = MECHANICAL_DESIGN_GEOMETRIC_PRESENTATION_REPRESENTATION (  '', ( #350 ), #1088 ) ;
#453 = EDGE_LOOP ( 'NONE', ( #555, #719 ) ) ;
#454 = DIRECTION ( 'NONE',  ( -0.000000000000000000, 1.000000000000000000, -0.000000000000000000 ) ) ;
#455 = VERTEX_POINT ( 'NONE', #237 ) ;
#456 = PRODUCT ( 'poly_6mm_1pc_front axel support', 'poly_6mm_1pc_front axel support', '', ( #1410 ) ) ;
#457 = ORIENTED_EDGE ( 'NONE', *, *, #959, .T. ) ;
#458 = ORIENTED_EDGE ( 'NONE', *, *, #443, .F. ) ;
#459 = EDGE_CURVE ( 'NONE', #313, #616, #957, .T. ) ;
#460 = VERTEX_POINT ( 'NONE', #72 ) ;
#461 = CARTESIAN_POINT ( 'NONE',  ( -12.00000000000004263, 3.000000000000000000, -10.00000000000001243 ) ) ;
#462 = ORIENTED_EDGE ( 'NONE', *, *, #568, .F. ) ;
#463 = DIRECTION ( 'NONE',  ( 0.000000000000000000, 0.000000000000000000, 1.000000000000000000 ) ) ;
#464 = ORIENTED_EDGE ( 'NONE', *, *, #1090, .F. ) ;
#465 = VERTEX_POINT ( 'NONE', #635 ) ;
#466 = CARTESIAN_POINT ( 'NONE',  ( 1.301042606982605321E-15, -3.000000000000000000, 8.000000000000000000 ) ) ;
#467 = CARTESIAN_POINT ( 'NONE',  ( -14.50000000000000888, 3.000000000000000000, 25.99999999999999645 ) ) ;
#468 = VERTEX_POINT ( 'NONE', #1637 ) ;
#469 = CIRCLE ( 'NONE', #636, 1.500000000000011768 ) ;
#470 = VECTOR ( 'NONE', #1724, 1000.000000000000000 ) ;
#471 = CYLINDRICAL_SURFACE ( 'NONE', #831, 5.000000000000000888 ) ;
#472 = AXIS2_PLACEMENT_3D ( 'NONE', #1808, #1614, #1331 ) ;
#473 = VECTOR ( 'NONE', #921, 1000.000000000000000 ) ;
#474 = VECTOR ( 'NONE', #365, 1000.000000000000000 ) ;
#475 = LINE ( 'NONE', #1588, #584 ) ;
#476 = ORIENTED_EDGE ( 'NONE', *, *, #1689, .F. ) ;
#477 = VECTOR ( 'NONE', #895, 1000.000000000000000 ) ;
#478 = CARTESIAN_POINT ( 'NONE',  ( -25.99999999999998579, -3.000000000000000000, -26.00000000000000000 ) ) ;
#479 = ORIENTED_EDGE ( 'NONE', *, *, #295, .T. ) ;
#480 = EDGE_CURVE ( 'NONE', #184, #657, #856, .T. ) ;
#481 = CARTESIAN_POINT ( 'NONE',  ( 12.00000000000001421, -3.000000000000000000, 10.00000000000000000 ) ) ;
#482 = CARTESIAN_POINT ( 'NONE',  ( -25.99999999999998579, 3.000000000000000000, -20.99999999999999289 ) ) ;
#483 = EDGE_CURVE ( 'NONE', #802, #676, #388, .T. ) ;
#484 = ORIENTED_EDGE ( 'NONE', *, *, #995, .F. ) ;
#485 = DIRECTION ( 'NONE',  ( 0.000000000000000000, 0.000000000000000000, 1.000000000000000000 ) ) ;
#486 = ORIENTED_EDGE ( 'NONE', *, *, #1662, .F. ) ;
#487 = CARTESIAN_POINT ( 'NONE',  ( 9.500000000000008882, -3.000000000000000000, -20.99999999999999289 ) ) ;
#488 = FACE_OUTER_BOUND ( 'NONE', #244, .T. ) ;
#489 = ORIENTED_EDGE ( 'NONE', *, *, #601, .T. ) ;
#490 = LINE ( 'NONE', #1482, #890 ) ;
#491 = EDGE_CURVE ( 'NONE', #1355, #925, #1221, .T. ) ;
#492 = CARTESIAN_POINT ( 'NONE',  ( 9.500000000000008882, 3.000000000000000000, -25.99999999999999645 ) ) ;
#493 = ORIENTED_EDGE ( 'NONE', *, *, #1662, .T. ) ;
#494 = ORIENTED_EDGE ( 'NONE', *, *, #551, .T. ) ;
#495 = FACE_BOUND ( 'NONE', #345, .T. ) ;
#496 = ORIENTED_EDGE ( 'NONE', *, *, #1067, .T. ) ;
#497 = EDGE_CURVE ( 'NONE', #962, #1786, #445, .T. ) ;
#498 = DIRECTION ( 'NONE',  ( 0.000000000000000000, 0.000000000000000000, -1.000000000000000000 ) ) ;
#499 = EDGE_CURVE ( 'NONE', #834, #672, #521, .T. ) ;
#500 = EDGE_LOOP ( 'NONE', ( #1128, #1168, #1722, #71 ) ) ;
#501 = CIRCLE ( 'NONE', #387, 5.000000000000000888 ) ;
#502 = CARTESIAN_POINT ( 'NONE',  ( -28.50000000000001421, -3.000000000000000000, 10.00000000000000000 ) ) ;
#503 = ORIENTED_EDGE ( 'NONE', *, *, #853, .T. ) ;
#504 = VECTOR ( 'NONE', #948, 1000.000000000000000 ) ;
#505 = CARTESIAN_POINT ( 'NONE',  ( 12.00000000000001421, 3.000000000000000000, 8.499999999999989342 ) ) ;
#506 = ORIENTED_EDGE ( 'NONE', *, *, #1360, .T. ) ;
#507 = CARTESIAN_POINT ( 'NONE',  ( -14.50000000000000888, -3.000000000000000000, 20.99999999999998934 ) ) ;
#508 = LINE ( 'NONE', #1506, #1265 ) ;
#509 = CARTESIAN_POINT ( 'NONE',  ( 28.50000000000001421, 3.000000000000000000, -10.00000000000000000 ) ) ;
#510 = FACE_BOUND ( 'NONE', #1501, .T. ) ;
#511 = ORIENTED_EDGE ( 'NONE', *, *, #517, .T. ) ;
#512 = ADVANCED_FACE ( 'NONE', ( #376 ), #107, .T. ) ;
#513 = DIRECTION ( 'NONE',  ( 0.000000000000000000, 0.000000000000000000, 1.000000000000000000 ) ) ;
#514 = FACE_BOUND ( 'NONE', #1029, .T. ) ;
#515 = CARTESIAN_POINT ( 'NONE',  ( 0.000000000000000000, -3.000000000000000000, 2.500000000000000000 ) ) ;
#516 = EDGE_LOOP ( 'NONE', ( #1607, #1006 ) ) ;
#517 = EDGE_CURVE ( 'NONE', #1429, #313, #677, .T. ) ;
#518 = DIRECTION ( 'NONE',  ( -0.000000000000000000, -0.000000000000000000, -1.000000000000000000 ) ) ;
#519 = CARTESIAN_POINT ( 'NONE',  ( -28.50000000000001421, 3.000000000000000000, 10.00000000000000000 ) ) ;
#520 = CARTESIAN_POINT ( 'NONE',  ( 1.301042606982605321E-15, -3.000000000000000000, 9.500000000000000000 ) ) ;
#521 = LINE ( 'NONE', #1344, #639 ) ;
#522 = EDGE_CURVE ( 'NONE', #1497, #1082, #964, .T. ) ;
#523 = LINE ( 'NONE', #1814, #1133 ) ;
#524 = AXIS2_PLACEMENT_3D ( 'NONE', #367, #1384, #695 ) ;
#525 = DIRECTION ( 'NONE',  ( 0.000000000000000000, -0.000000000000000000, -1.000000000000000000 ) ) ;
#526 = VECTOR ( 'NONE', #1789, 1000.000000000000000 ) ;
#527 = AXIS2_PLACEMENT_3D ( 'NONE', #1796, #1530, #111 ) ;
#528 = FACE_BOUND ( 'NONE', #249, .T. ) ;
#529 = CARTESIAN_POINT ( 'NONE',  ( 12.00000000000001421, -3.000000000000000000, 10.00000000000000000 ) ) ;
#530 = DIRECTION ( 'NONE',  ( 1.000000000000000000, 0.000000000000000000, -0.000000000000000000 ) ) ;
#531 = LINE ( 'NONE', #1362, #689 ) ;
#532 = ORIENTED_EDGE ( 'NONE', *, *, #1160, .F. ) ;
#533 = AXIS2_PLACEMENT_3D ( 'NONE', #411, #976, #697 ) ;
#534 = CARTESIAN_POINT ( 'NONE',  ( -9.500000000000008882, 3.000000000000000000, -25.99999999999999645 ) ) ;
#535 = EDGE_CURVE ( 'NONE', #970, #1054, #430, .T. ) ;
#536 = CYLINDRICAL_SURFACE ( 'NONE', #52, 1.500000000000004885 ) ;
#537 = EDGE_CURVE ( 'NONE', #1487, #153, #581, .T. ) ;
#538 = CARTESIAN_POINT ( 'NONE',  ( -12.00000000000004263, 3.000000000000000000, -8.500000000000010658 ) ) ;
#539 = DIRECTION ( 'NONE',  ( 0.000000000000000000, 0.000000000000000000, -1.000000000000000000 ) ) ;
#540 = VERTEX_POINT ( 'NONE', #1236 ) ;
#541 = EDGE_CURVE ( 'NONE', #42, #106, #7, .T. ) ;
#542 = EDGE_LOOP ( 'NONE', ( #1270, #905 ) ) ;
#543 = CARTESIAN_POINT ( 'NONE',  ( 12.00000000000001421, -3.000000000000000000, -10.00000000000000000 ) ) ;
#544 = EDGE_CURVE ( 'NONE', #1429, #465, #1434, .T. ) ;
#545 = DIRECTION ( 'NONE',  ( 0.000000000000000000, -1.000000000000000000, 0.000000000000000000 ) ) ;
#546 = CARTESIAN_POINT ( 'NONE',  ( 28.50000000000001421, -3.000000000000000000, 8.499999999999994671 ) ) ;
#547 = CARTESIAN_POINT ( 'NONE',  ( 14.50000000000000888, 3.000000000000000000, -25.99999999999999645 ) ) ;
#548 = EDGE_CURVE ( 'NONE', #451, #1066, #985, .T. ) ;
#549 = DIRECTION ( 'NONE',  ( 1.000000000000000000, 0.000000000000000000, 0.000000000000000000 ) ) ;
#550 = ORIENTED_EDGE ( 'NONE', *, *, #1787, .F. ) ;
#551 = EDGE_CURVE ( 'NONE', #1683, #150, #721, .T. ) ;
#552 = CARTESIAN_POINT ( 'NONE',  ( 14.50000000000000000, -3.000000000000000000, -21.99999999999999289 ) ) ;
#553 = CARTESIAN_POINT ( 'NONE',  ( 14.50000000000000888, -3.000000000000000000, 25.99999999999999645 ) ) ;
#554 = CARTESIAN_POINT ( 'NONE',  ( 14.50000000000000888, -3.000000000000000000, 20.99999999999999289 ) ) ;
#555 = ORIENTED_EDGE ( 'NONE', *, *, #1354, .T. ) ;
#556 = CIRCLE ( 'NONE', #1008, 1.500000000000001332 ) ;
#557 = AXIS2_PLACEMENT_3D ( 'NONE', #936, #819, #784 ) ;
#558 = ORIENTED_EDGE ( 'NONE', *, *, #572, .F. ) ;
#559 = VECTOR ( 'NONE', #1249, 1000.000000000000000 ) ;
#560 = VECTOR ( 'NONE', #703, 1000.000000000000000 ) ;
#561 = DIRECTION ( 'NONE',  ( -1.000000000000000000, -0.000000000000000000, -1.613696256722610912E-16 ) ) ;
#562 = ORIENTED_EDGE ( 'NONE', *, *, #275, .F. ) ;
#563 = AXIS2_PLACEMENT_3D ( 'NONE', #917, #762, #1333 ) ;
#564 = DIRECTION ( 'NONE',  ( 0.000000000000000000, 1.000000000000000000, 0.000000000000000000 ) ) ;
#565 = ORIENTED_EDGE ( 'NONE', *, *, #459, .F. ) ;
#566 = CARTESIAN_POINT ( 'NONE',  ( -14.50000000000001243, -3.000000000000000000, 21.99999999999999289 ) ) ;
#567 = CYLINDRICAL_SURFACE ( 'NONE', #1269, 5.000000000000000888 ) ;
#568 = EDGE_CURVE ( 'NONE', #653, #1153, #577, .T. ) ;
#569 = ORIENTED_EDGE ( 'NONE', *, *, #1590, .F. ) ;
#570 = DIRECTION ( 'NONE',  ( 0.000000000000000000, -1.000000000000000000, 0.000000000000000000 ) ) ;
#571 = ORIENTED_EDGE ( 'NONE', *, *, #187, .T. ) ;
#572 = EDGE_CURVE ( 'NONE', #1181, #150, #685, .T. ) ;
#573 = DIRECTION ( 'NONE',  ( 0.000000000000000000, 0.000000000000000000, -1.000000000000000000 ) ) ;
#574 = DIRECTION ( 'NONE',  ( -0.000000000000000000, -1.000000000000000000, -0.000000000000000000 ) ) ;
#575 = VERTEX_POINT ( 'NONE', #1339 ) ;
#576 = CARTESIAN_POINT ( 'NONE',  ( -30.99999999999998579, 3.000000000000000000, 20.99999999999999645 ) ) ;
#577 = LINE ( 'NONE', #1135, #1646 ) ;
#578 = AXIS2_PLACEMENT_3D ( 'NONE', #602, #1755, #666 ) ;
#579 = CARTESIAN_POINT ( 'NONE',  ( -28.50000000000001421, 3.000000000000000000, -10.00000000000000000 ) ) ;
#580 = ORIENTED_EDGE ( 'NONE', *, *, #1183, .F. ) ;
#581 = CIRCLE ( 'NONE', #949, 1.500000000000011768 ) ;
#582 = ORIENTED_EDGE ( 'NONE', *, *, #745, .T. ) ;
#583 = ORIENTED_EDGE ( 'NONE', *, *, #391, .T. ) ;
#584 = VECTOR ( 'NONE', #1606, 1000.000000000000000 ) ;
#585 = ORIENTED_EDGE ( 'NONE', *, *, #1123, .F. ) ;
#586 = VECTOR ( 'NONE', #912, 1000.000000000000000 ) ;
#587 = ADVANCED_FACE ( 'NONE', ( #80 ), #1307, .F. ) ;
#588 = ORIENTED_EDGE ( 'NONE', *, *, #1542, .F. ) ;
#589 = EDGE_CURVE ( 'NONE', #884, #1118, #394, .T. ) ;
#590 = ORIENTED_EDGE ( 'NONE', *, *, #316, .F. ) ;
#591 = EDGE_LOOP ( 'NONE', ( #1393, #899, #129, #723 ) ) ;
#592 = EDGE_CURVE ( 'NONE', #729, #1613, #1447, .T. ) ;
#593 = LINE ( 'NONE', #868, #470 ) ;
#594 = EDGE_CURVE ( 'NONE', #945, #1153, #38, .T. ) ;
#595 = DIRECTION ( 'NONE',  ( 0.000000000000000000, -1.000000000000000000, 0.000000000000000000 ) ) ;
#596 = EDGE_CURVE ( 'NONE', #743, #1707, #1345, .T. ) ;
#597 = VERTEX_POINT ( 'NONE', #1180 ) ;
#598 = DIRECTION ( 'NONE',  ( -0.000000000000000000, -1.000000000000000000, -0.000000000000000000 ) ) ;
#599 = ORIENTED_EDGE ( 'NONE', *, *, #1090, .T. ) ;
#600 = DIRECTION ( 'NONE',  ( 0.000000000000000000, 0.000000000000000000, 1.000000000000000000 ) ) ;
#601 = EDGE_CURVE ( 'NONE', #1428, #455, #209, .T. ) ;
#602 = CARTESIAN_POINT ( 'NONE',  ( -30.99999999999998579, 3.000000000000000000, -12.50000000000000000 ) ) ;
#603 = CARTESIAN_POINT ( 'NONE',  ( 9.500000000000008882, 3.000000000000000000, -12.50000000000000000 ) ) ;
#604 = ADVANCED_FACE ( 'NONE', ( #1301 ), #1600, .T. ) ;
#605 = ORIENTED_EDGE ( 'NONE', *, *, #1062, .F. ) ;
#606 = LINE ( 'NONE', #1162, #792 ) ;
#607 = CIRCLE ( 'NONE', #1342, 1.499999999999999556 ) ;
#608 = LINE ( 'NONE', #1170, #1115 ) ;
#609 = DIRECTION ( 'NONE',  ( -0.000000000000000000, 1.000000000000000000, -0.000000000000000000 ) ) ;
#610 = VECTOR ( 'NONE', #1793, 1000.000000000000000 ) ;
#611 = DIRECTION ( 'NONE',  ( 0.000000000000000000, 0.000000000000000000, -1.000000000000000000 ) ) ;
#612 = CIRCLE ( 'NONE', #424, 1.499999999999997780 ) ;
#613 = AXIS2_PLACEMENT_3D ( 'NONE', #1239, #1549, #846 ) ;
#614 = CIRCLE ( 'NONE', #746, 1.500000000000011768 ) ;
#615 = CYLINDRICAL_SURFACE ( 'NONE', #31, 1.500000000000011768 ) ;
#616 = VERTEX_POINT ( 'NONE', #487 ) ;
#617 =( GEOMETRIC_REPRESENTATION_CONTEXT ( 3 ) GLOBAL_UNCERTAINTY_ASSIGNED_CONTEXT ( ( #860 ) ) GLOBAL_UNIT_ASSIGNED_CONTEXT ( ( #1584, #142, #1455 ) ) REPRESENTATION_CONTEXT ( 'NONE', 'WORKASPACE' ) );
#618 = EDGE_CURVE ( 'NONE', #1329, #1117, #1283, .T. ) ;
#619 = CARTESIAN_POINT ( 'NONE',  ( -14.50000000000001243, -3.000000000000000000, 21.99999999999999289 ) ) ;
#620 = CARTESIAN_POINT ( 'NONE',  ( 31.00000000000001421, -3.000000000000000000, -21.00000000000000000 ) ) ;
#621 = FACE_OUTER_BOUND ( 'NONE', #152, .T. ) ;
#622 = CARTESIAN_POINT ( 'NONE',  ( -12.00000000000002842, -3.000000000000000000, 11.49999999999998934 ) ) ;
#623 = ORIENTED_EDGE ( 'NONE', *, *, #499, .F. ) ;
#624 = EDGE_LOOP ( 'NONE', ( #1303, #558 ) ) ;
#625 = EDGE_LOOP ( 'NONE', ( #1343, #571, #421, #1670 ) ) ;
#626 = CARTESIAN_POINT ( 'NONE',  ( 1.301042606982605321E-15, 3.000000000000000000, 8.000000000000000000 ) ) ;
#627 = CARTESIAN_POINT ( 'NONE',  ( 28.50000000000001421, 3.000000000000000000, 8.499999999999994671 ) ) ;
#628 = ORIENTED_EDGE ( 'NONE', *, *, #589, .F. ) ;
#629 = EDGE_CURVE ( 'NONE', #281, #1613, #1155, .T. ) ;
#630 = DIRECTION ( 'NONE',  ( 0.000000000000000000, 0.000000000000000000, -1.000000000000000000 ) ) ;
#631 = CARTESIAN_POINT ( 'NONE',  ( -28.50000000000001421, 3.000000000000000000, 8.499999999999994671 ) ) ;
#632 = ORIENTED_EDGE ( 'NONE', *, *, #433, .F. ) ;
#633 = DIRECTION ( 'NONE',  ( 0.000000000000000000, 0.000000000000000000, -1.000000000000000000 ) ) ;
#634 = ORIENTED_EDGE ( 'NONE', *, *, #130, .T. ) ;
#635 = CARTESIAN_POINT ( 'NONE',  ( -9.500000000000008882, 3.000000000000000000, -12.50000000000000000 ) ) ;
#636 = AXIS2_PLACEMENT_3D ( 'NONE', #481, #1640, #1109 ) ;
#637 = CARTESIAN_POINT ( 'NONE',  ( 9.500000000000008882, -3.000000000000000000, -25.99999999999999645 ) ) ;
#638 = EDGE_CURVE ( 'NONE', #728, #1677, #789, .T. ) ;
#639 = VECTOR ( 'NONE', #1364, 1000.000000000000000 ) ;
#640 = DIRECTION ( 'NONE',  ( 0.000000000000000000, 0.000000000000000000, 1.000000000000000000 ) ) ;
#641 = DIRECTION ( 'NONE',  ( 0.000000000000000000, -1.000000000000000000, 0.000000000000000000 ) ) ;
#642 = AXIS2_PLACEMENT_3D ( 'NONE', #1031, #716, #18 ) ;
#643 = ORIENTED_EDGE ( 'NONE', *, *, #1143, .T. ) ;
#644 = AXIS2_PLACEMENT_3D ( 'NONE', #370, #1512, #231 ) ;
#645 = CARTESIAN_POINT ( 'NONE',  ( 9.500000000000008882, 3.000000000000000000, 25.99999999999999645 ) ) ;
#646 = CARTESIAN_POINT ( 'NONE',  ( -9.500000000000008882, 3.000000000000000000, 12.50000000000000000 ) ) ;
#647 = DIRECTION ( 'NONE',  ( -0.000000000000000000, -1.000000000000000000, -0.000000000000000000 ) ) ;
#648 = VECTOR ( 'NONE', #1175, 1000.000000000000000 ) ;
#649 = DIRECTION ( 'NONE',  ( 0.000000000000000000, -1.000000000000000000, 0.000000000000000000 ) ) ;
#650 = PRODUCT_DEFINITION_FORMATION_WITH_SPECIFIED_SOURCE ( 'ANY', '', #456, .NOT_KNOWN. ) ;
#651 = LINE ( 'NONE', #515, #1738 ) ;
#652 = ADVANCED_FACE ( 'NONE', ( #197, #1169, #659, #805, #528, #1766, #1531, #514, #1374, #1187, #1235, #495, #1056, #105 ), #1513, .T. ) ;
#653 = VERTEX_POINT ( 'NONE', #1353 ) ;
#654 = CYLINDRICAL_SURFACE ( 'NONE', #1188, 1.500000000000001332 ) ;
#655 = CARTESIAN_POINT ( 'NONE',  ( 28.50000000000001421, 3.000000000000000000, -11.50000000000001243 ) ) ;
#656 = FACE_BOUND ( 'NONE', #1725, .T. ) ;
#657 = VERTEX_POINT ( 'NONE', #520 ) ;
#658 = ADVANCED_FACE ( 'NONE', ( #1326 ), #229, .F. ) ;
#659 = FACE_BOUND ( 'NONE', #117, .T. ) ;
#660 = DIRECTION ( 'NONE',  ( -1.000000000000000000, 0.000000000000000000, -2.759787348144921408E-16 ) ) ;
#661 = LINE ( 'NONE', #405, #1280 ) ;
#662 = CARTESIAN_POINT ( 'NONE',  ( -12.00000000000004263, -3.000000000000000000, -10.00000000000001243 ) ) ;
#663 = VERTEX_POINT ( 'NONE', #1400 ) ;
#664 = CARTESIAN_POINT ( 'NONE',  ( 14.50000000000000888, 3.000000000000000000, -20.99999999999999289 ) ) ;
#665 = CARTESIAN_POINT ( 'NONE',  ( 28.50000000000001421, 3.000000000000000000, 10.00000000000000000 ) ) ;
#666 = DIRECTION ( 'NONE',  ( 1.000000000000000000, 0.000000000000000000, -0.000000000000000000 ) ) ;
#667 = EDGE_LOOP ( 'NONE', ( #299, #1529, #163, #1318 ) ) ;
#668 = DIRECTION ( 'NONE',  ( 0.000000000000000000, 0.000000000000000000, -1.000000000000000000 ) ) ;
#669 = ADVANCED_FACE ( 'NONE', ( #1791 ), #705, .F. ) ;
#670 = CYLINDRICAL_SURFACE ( 'NONE', #1761, 1.500000000000011768 ) ;
#671 = FACE_OUTER_BOUND ( 'NONE', #349, .T. ) ;
#672 = VERTEX_POINT ( 'NONE', #981 ) ;
#673 = DIRECTION ( 'NONE',  ( -0.000000000000000000, 1.000000000000000000, -0.000000000000000000 ) ) ;
#674 = SURFACE_SIDE_STYLE ('',( #1361 ) ) ;
#675 = EDGE_CURVE ( 'NONE', #802, #45, #290, .T. ) ;
#676 = VERTEX_POINT ( 'NONE', #1287 ) ;
#677 = LINE ( 'NONE', #396, #526 ) ;
#678 = CARTESIAN_POINT ( 'NONE',  ( 14.50000000000000888, 3.000000000000000000, 25.99999999999999645 ) ) ;
#679 = CIRCLE ( 'NONE', #1408, 1.500000000000001332 ) ;
#680 = DIRECTION ( 'NONE',  ( -0.000000000000000000, -1.000000000000000000, -0.000000000000000000 ) ) ;
#681 = CARTESIAN_POINT ( 'NONE',  ( -30.99999999999998579, 3.000000000000000000, 12.50000000000000000 ) ) ;
#682 = DIRECTION ( 'NONE',  ( 0.000000000000000000, 0.000000000000000000, 1.000000000000000000 ) ) ;
#683 = ORIENTED_EDGE ( 'NONE', *, *, #720, .F. ) ;
#684 = CARTESIAN_POINT ( 'NONE',  ( -30.99999999999998579, 3.000000000000000000, -20.99999999999999289 ) ) ;
#685 = CIRCLE ( 'NONE', #914, 1.500000000000004885 ) ;
#686 = ORIENTED_EDGE ( 'NONE', *, *, #1611, .F. ) ;
#687 = CIRCLE ( 'NONE', #916, 1.500000000000011768 ) ;
#688 = LINE ( 'NONE', #646, #473 ) ;
#689 = VECTOR ( 'NONE', #215, 1000.000000000000000 ) ;
#690 = EDGE_LOOP ( 'NONE', ( #269, #1219, #1603, #359 ) ) ;
#691 = EDGE_CURVE ( 'NONE', #1786, #1620, #1149, .T. ) ;
#692 = AXIS2_PLACEMENT_3D ( 'NONE', #969, #368, #525 ) ;
#693 = EDGE_CURVE ( 'NONE', #465, #460, #508, .T. ) ;
#694 = DIRECTION ( 'NONE',  ( -0.000000000000000000, -1.000000000000000000, -0.000000000000000000 ) ) ;
#695 = DIRECTION ( 'NONE',  ( 0.000000000000000000, 0.000000000000000000, -1.000000000000000000 ) ) ;
#696 = LINE ( 'NONE', #1675, #1137 ) ;
#697 = DIRECTION ( 'NONE',  ( 0.000000000000000000, 0.000000000000000000, -1.000000000000000000 ) ) ;
#698 = CARTESIAN_POINT ( 'NONE',  ( -14.50000000000000888, 3.000000000000000000, 25.99999999999999645 ) ) ;
#699 = DIRECTION ( 'NONE',  ( 1.000000000000000000, 0.000000000000000000, 1.613696256722610912E-16 ) ) ;
#700 = DIRECTION ( 'NONE',  ( 0.000000000000000000, 0.000000000000000000, -1.000000000000000000 ) ) ;
#701 = ORIENTED_EDGE ( 'NONE', *, *, #61, .F. ) ;
#702 = DIRECTION ( 'NONE',  ( -0.000000000000000000, 1.000000000000000000, -0.000000000000000000 ) ) ;
#703 = DIRECTION ( 'NONE',  ( -0.000000000000000000, -1.000000000000000000, -0.000000000000000000 ) ) ;
#704 = ADVANCED_FACE ( 'NONE', ( #621 ), #770, .T. ) ;
#705 = PLANE ( 'NONE',  #952 ) ;
#706 = EDGE_CURVE ( 'NONE', #1311, #616, #661, .T. ) ;
#707 = ORIENTED_EDGE ( 'NONE', *, *, #815, .T. ) ;
#708 = CIRCLE ( 'NONE', #1703, 1.499999999999997780 ) ;
#709 = ORIENTED_EDGE ( 'NONE', *, *, #907, .T. ) ;
#710 = VECTOR ( 'NONE', #1105, 1000.000000000000000 ) ;
#711 = EDGE_CURVE ( 'NONE', #1707, #743, #385, .T. ) ;
#712 = AXIS2_PLACEMENT_3D ( 'NONE', #1253, #1382, #979 ) ;
#713 = DIRECTION ( 'NONE',  ( -0.000000000000000000, -1.000000000000000000, -0.000000000000000000 ) ) ;
#714 = CIRCLE ( 'NONE', #1386, 5.000000000000000888 ) ;
#715 = APPLICATION_PROTOCOL_DEFINITION ( 'draft international standard', 'automotive_design', 1998, #1719 ) ;
#716 = DIRECTION ( 'NONE',  ( 0.000000000000000000, -1.000000000000000000, 0.000000000000000000 ) ) ;
#717 = CARTESIAN_POINT ( 'NONE',  ( -14.50000000000000888, 3.000000000000000000, -20.99999999999999289 ) ) ;
#718 = FACE_OUTER_BOUND ( 'NONE', #690, .T. ) ;
#719 = ORIENTED_EDGE ( 'NONE', *, *, #675, .T. ) ;
#720 = EDGE_CURVE ( 'NONE', #1311, #460, #1245, .T. ) ;
#721 = LINE ( 'NONE', #439, #1800 ) ;
#722 = DIRECTION ( 'NONE',  ( 0.000000000000000000, 0.000000000000000000, -1.000000000000000000 ) ) ;
#723 = ORIENTED_EDGE ( 'NONE', *, *, #995, .T. ) ;
#724 = DIRECTION ( 'NONE',  ( -0.000000000000000000, -1.000000000000000000, -0.000000000000000000 ) ) ;
#725 = EDGE_LOOP ( 'NONE', ( #1598, #1023, #307, #63 ) ) ;
#726 = ADVANCED_FACE ( 'NONE', ( #1752 ), #1493, .F. ) ;
#727 = ORIENTED_EDGE ( 'NONE', *, *, #204, .F. ) ;
#728 = VERTEX_POINT ( 'NONE', #1078 ) ;
#729 = VERTEX_POINT ( 'NONE', #1338 ) ;
#730 = EDGE_CURVE ( 'NONE', #1285, #441, #62, .T. ) ;
#731 = CARTESIAN_POINT ( 'NONE',  ( -14.50000000000000888, 3.000000000000000000, -25.99999999999999645 ) ) ;
#732 = LINE ( 'NONE', #1594, #857 ) ;
#733 = CARTESIAN_POINT ( 'NONE',  ( 28.50000000000001421, 3.000000000000000000, 10.00000000000000000 ) ) ;
#734 = EDGE_CURVE ( 'NONE', #925, #672, #93, .T. ) ;
#735 = AXIS2_PLACEMENT_3D ( 'NONE', #681, #415, #1551 ) ;
#736 = CARTESIAN_POINT ( 'NONE',  ( 12.00000000000001421, 3.000000000000000000, -11.49999999999999645 ) ) ;
#737 = ORIENTED_EDGE ( 'NONE', *, *, #734, .F. ) ;
#738 = VECTOR ( 'NONE', #973, 1000.000000000000000 ) ;
#739 = DIRECTION ( 'NONE',  ( -1.000000000000000000, 0.000000000000000000, -1.613696256722610912E-16 ) ) ;
#740 = EDGE_CURVE ( 'NONE', #1613, #1229, #358, .T. ) ;
#741 = ORIENTED_EDGE ( 'NONE', *, *, #375, .T. ) ;
#742 = AXIS2_PLACEMENT_3D ( 'NONE', #832, #1213, #1648 ) ;
#743 = VERTEX_POINT ( 'NONE', #278 ) ;
#744 = VECTOR ( 'NONE', #320, 1000.000000000000000 ) ;
#745 = EDGE_CURVE ( 'NONE', #1229, #1316, #1704, .T. ) ;
#746 = AXIS2_PLACEMENT_3D ( 'NONE', #509, #1783, #1225 ) ;
#747 = CARTESIAN_POINT ( 'NONE',  ( -28.50000000000001421, 3.000000000000000000, 11.50000000000000533 ) ) ;
#748 = DIRECTION ( 'NONE',  ( 0.000000000000000000, 1.000000000000000000, 0.000000000000000000 ) ) ;
#749 = ORIENTED_EDGE ( 'NONE', *, *, #568, .T. ) ;
#750 = ORIENTED_EDGE ( 'NONE', *, *, #1389, .F. ) ;
#751 = ORIENTED_EDGE ( 'NONE', *, *, #629, .T. ) ;
#752 = CARTESIAN_POINT ( 'NONE',  ( 14.50000000000000000, -3.000000000000000000, -21.99999999999999289 ) ) ;
#753 = EDGE_CURVE ( 'NONE', #468, #337, #1371, .T. ) ;
#754 = VERTEX_POINT ( 'NONE', #1666 ) ;
#755 = DIRECTION ( 'NONE',  ( -0.000000000000000000, 1.000000000000000000, -0.000000000000000000 ) ) ;
#756 = DIRECTION ( 'NONE',  ( 0.000000000000000000, 1.000000000000000000, 0.000000000000000000 ) ) ;
#757 = FACE_OUTER_BOUND ( 'NONE', #1081, .T. ) ;
#758 = VERTEX_POINT ( 'NONE', #855 ) ;
#759 = VECTOR ( 'NONE', #96, 1000.000000000000000 ) ;
#760 = ADVANCED_FACE ( 'NONE', ( #1043 ), #341, .F. ) ;
#761 = VECTOR ( 'NONE', #335, 1000.000000000000000 ) ;
#762 = DIRECTION ( 'NONE',  ( 0.000000000000000000, -1.000000000000000000, 0.000000000000000000 ) ) ;
#763 = VECTOR ( 'NONE', #1496, 1000.000000000000000 ) ;
#764 = VECTOR ( 'NONE', #361, 1000.000000000000000 ) ;
#765 = DIRECTION ( 'NONE',  ( -0.000000000000000000, 0.000000000000000000, 1.000000000000000000 ) ) ;
#766 = ORIENTED_EDGE ( 'NONE', *, *, #1466, .F. ) ;
#767 = EDGE_CURVE ( 'NONE', #407, #1117, #1414, .T. ) ;
#768 = CYLINDRICAL_SURFACE ( 'NONE', #258, 1.499999999999996225 ) ;
#769 = EDGE_LOOP ( 'NONE', ( #1048, #588, #1710, #1209 ) ) ;
#770 = PLANE ( 'NONE',  #1548 ) ;
#771 = CARTESIAN_POINT ( 'NONE',  ( -12.00000000000004263, -3.000000000000000000, -10.00000000000001243 ) ) ;
#772 = ORIENTED_EDGE ( 'NONE', *, *, #544, .T. ) ;
#773 = CARTESIAN_POINT ( 'NONE',  ( 28.50000000000001421, -3.000000000000000000, 10.00000000000000000 ) ) ;
#774 = VERTEX_POINT ( 'NONE', #1192 ) ;
#775 = CARTESIAN_POINT ( 'NONE',  ( 14.50000000000000888, 3.000000000000000000, -25.99999999999999645 ) ) ;
#776 = EDGE_LOOP ( 'NONE', ( #532, #1000, #279, #287 ) ) ;
#777 = ADVANCED_FACE ( 'NONE', ( #87 ), #836, .F. ) ;
#778 = CARTESIAN_POINT ( 'NONE',  ( -9.500000000000008882, 3.000000000000000000, -20.99999999999999289 ) ) ;
#779 = EDGE_CURVE ( 'NONE', #6, #851, #116, .T. ) ;
#780 = CARTESIAN_POINT ( 'NONE',  ( 14.50000000000001243, -3.000000000000000000, 21.99999999999999289 ) ) ;
#781 = EDGE_LOOP ( 'NONE', ( #16, #353, #1452, #311 ) ) ;
#782 = EDGE_CURVE ( 'NONE', #1467, #65, #1110, .T. ) ;
#783 = ORIENTED_EDGE ( 'NONE', *, *, #535, .F. ) ;
#784 = DIRECTION ( 'NONE',  ( 0.000000000000000000, 0.000000000000000000, -1.000000000000000000 ) ) ;
#785 = VECTOR ( 'NONE', #1624, 1000.000000000000000 ) ;
#786 = AXIS2_PLACEMENT_3D ( 'NONE', #82, #649, #372 ) ;
#787 = VERTEX_POINT ( 'NONE', #998 ) ;
#788 = FACE_OUTER_BOUND ( 'NONE', #1323, .T. ) ;
#789 = CIRCLE ( 'NONE', #1084, 5.000000000000000888 ) ;
#790 = ORIENTED_EDGE ( 'NONE', *, *, #183, .T. ) ;
#791 = AXIS2_PLACEMENT_3D ( 'NONE', #369, #570, #1405 ) ;
#792 = VECTOR ( 'NONE', #1737, 1000.000000000000000 ) ;
#793 = CARTESIAN_POINT ( 'NONE',  ( -14.50000000000001243, -3.000000000000000000, 21.99999999999999289 ) ) ;
#794 = DIRECTION ( 'NONE',  ( 0.000000000000000000, 1.000000000000000000, 0.000000000000000000 ) ) ;
#795 = CARTESIAN_POINT ( 'NONE',  ( -14.50000000000000888, 3.000000000000000000, 20.99999999999998934 ) ) ;
#796 = CARTESIAN_POINT ( 'NONE',  ( 28.50000000000001421, 3.000000000000000000, 11.50000000000000533 ) ) ;
#797 = DIRECTION ( 'NONE',  ( -0.000000000000000000, 1.000000000000000000, -0.000000000000000000 ) ) ;
#798 = DIRECTION ( 'NONE',  ( 0.000000000000000000, 1.000000000000000000, 0.000000000000000000 ) ) ;
#799 = DIRECTION ( 'NONE',  ( 0.000000000000000000, 0.000000000000000000, -1.000000000000000000 ) ) ;
#800 = DIRECTION ( 'NONE',  ( 2.759787348144921408E-16, 0.000000000000000000, 1.000000000000000000 ) ) ;
#801 = ADVANCED_FACE ( 'NONE', ( #820 ), #90, .F. ) ;
#802 = VERTEX_POINT ( 'NONE', #1014 ) ;
#803 = EDGE_LOOP ( 'NONE', ( #790, #503, #550, #1189 ) ) ;
#804 = FACE_OUTER_BOUND ( 'NONE', #1151, .T. ) ;
#805 = FACE_BOUND ( 'NONE', #1618, .T. ) ;
#806 = ORIENTED_EDGE ( 'NONE', *, *, #187, .F. ) ;
#807 = DIRECTION ( 'NONE',  ( 0.000000000000000000, -1.000000000000000000, 0.000000000000000000 ) ) ;
#808 = CARTESIAN_POINT ( 'NONE',  ( 0.000000000000000000, -3.000000000000000000, 0.000000000000000000 ) ) ;
#809 = FACE_OUTER_BOUND ( 'NONE', #1242, .T. ) ;
#810 = ADVANCED_FACE ( 'NONE', ( #1258 ), #412, .F. ) ;
#811 = FACE_BOUND ( 'NONE', #1802, .T. ) ;
#812 = ORIENTED_EDGE ( 'NONE', *, *, #1183, .T. ) ;
#813 = EDGE_LOOP ( 'NONE', ( #1089, #1564, #583, #59 ) ) ;
#814 = VERTEX_POINT ( 'NONE', #1390 ) ;
#815 = EDGE_CURVE ( 'NONE', #1379, #301, #2, .T. ) ;
#816 = CARTESIAN_POINT ( 'NONE',  ( -28.50000000000001421, -3.000000000000000000, -10.00000000000000000 ) ) ;
#817 = EDGE_LOOP ( 'NONE', ( #1583, #85, #1550, #121 ) ) ;
#818 = PRODUCT_DEFINITION_CONTEXT ( 'detailed design', #77, 'design' ) ;
#819 = DIRECTION ( 'NONE',  ( 0.000000000000000000, -1.000000000000000000, 0.000000000000000000 ) ) ;
#820 = FACE_OUTER_BOUND ( 'NONE', #212, .T. ) ;
#821 = DIRECTION ( 'NONE',  ( 1.000000000000000000, 0.000000000000000000, 0.000000000000000000 ) ) ;
#822 = PLANE ( 'NONE',  #380 ) ;
#823 = FACE_OUTER_BOUND ( 'NONE', #191, .T. ) ;
#824 = DIRECTION ( 'NONE',  ( -1.000000000000000000, 0.000000000000000000, -0.000000000000000000 ) ) ;
#825 = CIRCLE ( 'NONE', #418, 1.499999999999999556 ) ;
#826 = CARTESIAN_POINT ( 'NONE',  ( -4.336808689942017736E-16, -3.000000000000000000, -8.000000000000000000 ) ) ;
#827 = FACE_BOUND ( 'NONE', #542, .T. ) ;
#828 = VERTEX_POINT ( 'NONE', #425 ) ;
#829 = ORIENTED_EDGE ( 'NONE', *, *, #1007, .F. ) ;
#830 = CIRCLE ( 'NONE', #1803, 1.499999999999999556 ) ;
#831 = AXIS2_PLACEMENT_3D ( 'NONE', #897, #190, #611 ) ;
#832 = CARTESIAN_POINT ( 'NONE',  ( 1.301042606982605321E-15, 3.000000000000000000, 8.000000000000000000 ) ) ;
#833 = DIRECTION ( 'NONE',  ( -0.000000000000000000, 1.000000000000000000, -0.000000000000000000 ) ) ;
#834 = VERTEX_POINT ( 'NONE', #1398 ) ;
#835 = AXIS2_PLACEMENT_3D ( 'NONE', #793, #660, #1171 ) ;
#836 = PLANE ( 'NONE',  #1415 ) ;
#837 = CARTESIAN_POINT ( 'NONE',  ( 14.50000000000000000, 3.000000000000000000, -21.99999999999999289 ) ) ;
#838 = CARTESIAN_POINT ( 'NONE',  ( -28.50000000000001421, -3.000000000000000000, -11.50000000000001243 ) ) ;
#839 = DIRECTION ( 'NONE',  ( 0.000000000000000000, -0.000000000000000000, -1.000000000000000000 ) ) ;
#840 = DIRECTION ( 'NONE',  ( -0.000000000000000000, 1.000000000000000000, -0.000000000000000000 ) ) ;
#841 = ORIENTED_EDGE ( 'NONE', *, *, #27, .F. ) ;
#842 = DIRECTION ( 'NONE',  ( 0.000000000000000000, 0.000000000000000000, -1.000000000000000000 ) ) ;
#843 = VERTEX_POINT ( 'NONE', #1771 ) ;
#844 = ADVANCED_FACE ( 'NONE', ( #1747 ), #536, .F. ) ;
#845 = DIRECTION ( 'NONE',  ( -0.000000000000000000, -1.000000000000000000, -0.000000000000000000 ) ) ;
#846 = DIRECTION ( 'NONE',  ( 0.000000000000000000, 0.000000000000000000, -1.000000000000000000 ) ) ;
#847 = CYLINDRICAL_SURFACE ( 'NONE', #1601, 1.500000000000011768 ) ;
#848 = CARTESIAN_POINT ( 'NONE',  ( 12.00000000000001421, 3.000000000000000000, -11.49999999999999645 ) ) ;
#849 = DIRECTION ( 'NONE',  ( -0.000000000000000000, 1.000000000000000000, -0.000000000000000000 ) ) ;
#850 = EDGE_CURVE ( 'NONE', #1426, #663, #1227, .T. ) ;
#851 = VERTEX_POINT ( 'NONE', #1440 ) ;
#852 = CARTESIAN_POINT ( 'NONE',  ( -28.50000000000001421, -3.000000000000000000, 8.499999999999994671 ) ) ;
#853 = EDGE_CURVE ( 'NONE', #1363, #728, #732, .T. ) ;
#854 = VECTOR ( 'NONE', #176, 1000.000000000000000 ) ;
#855 = CARTESIAN_POINT ( 'NONE',  ( -25.99999999999998579, -3.000000000000000000, 26.00000000000000000 ) ) ;
#856 = CIRCLE ( 'NONE', #384, 1.499999999999999556 ) ;
#857 = VECTOR ( 'NONE', #1286, 1000.000000000000000 ) ;
#858 = DIRECTION ( 'NONE',  ( 0.000000000000000000, 0.000000000000000000, -1.000000000000000000 ) ) ;
#859 = ORIENTED_EDGE ( 'NONE', *, *, #1714, .T. ) ;
#860 = UNCERTAINTY_MEASURE_WITH_UNIT (LENGTH_MEASURE( 1.000000000000000082E-05 ), #1584, 'distance_accuracy_value', 'NONE');
#861 = AXIS2_PLACEMENT_3D ( 'NONE', #226, #871, #699 ) ;
#862 = AXIS2_PLACEMENT_3D ( 'NONE', #1498, #356, #942 ) ;
#863 = ORIENTED_EDGE ( 'NONE', *, *, #1511, .T. ) ;
#864 = CARTESIAN_POINT ( 'NONE',  ( 28.50000000000001421, 3.000000000000000000, -10.00000000000000000 ) ) ;
#865 = DIRECTION ( 'NONE',  ( 0.000000000000000000, -1.000000000000000000, 0.000000000000000000 ) ) ;
#866 = PRESENTATION_LAYER_ASSIGNMENT (  '', '', ( #350 ) ) ;
#867 = CARTESIAN_POINT ( 'NONE',  ( -28.50000000000001421, 3.000000000000000000, 10.00000000000000000 ) ) ;
#868 = CARTESIAN_POINT ( 'NONE',  ( -26.00000000000001421, 3.000000000000000000, 0.000000000000000000 ) ) ;
#869 = ADVANCED_FACE ( 'NONE', ( #336 ), #909, .F. ) ;
#870 = ORIENTED_EDGE ( 'NONE', *, *, #1627, .T. ) ;
#871 = DIRECTION ( 'NONE',  ( -1.613696256722610912E-16, 0.000000000000000000, 1.000000000000000000 ) ) ;
#872 = ORIENTED_EDGE ( 'NONE', *, *, #1520, .T. ) ;
#873 = ORIENTED_EDGE ( 'NONE', *, *, #1577, .T. ) ;
#874 = CARTESIAN_POINT ( 'NONE',  ( 0.000000000000000000, 0.000000000000000000, 0.000000000000000000 ) ) ;
#875 = CARTESIAN_POINT ( 'NONE',  ( -26.00000000000001421, -3.000000000000000000, 21.99999999999999289 ) ) ;
#876 = ADVANCED_FACE ( 'NONE', ( #1644 ), #1524, .F. ) ;
#877 = ORIENTED_EDGE ( 'NONE', *, *, #592, .T. ) ;
#878 = CARTESIAN_POINT ( 'NONE',  ( -14.50000000000000888, -3.000000000000000000, 25.99999999999999645 ) ) ;
#879 = ORIENTED_EDGE ( 'NONE', *, *, #1238, .T. ) ;
#880 = EDGE_LOOP ( 'NONE', ( #277, #893 ) ) ;
#881 = DIRECTION ( 'NONE',  ( 0.000000000000000000, 0.000000000000000000, 1.000000000000000000 ) ) ;
#882 = ORIENTED_EDGE ( 'NONE', *, *, #1466, .T. ) ;
#883 = CARTESIAN_POINT ( 'NONE',  ( 0.000000000000000000, -3.000000000000000000, 0.000000000000000000 ) ) ;
#884 = VERTEX_POINT ( 'NONE', #404 ) ;
#885 = AXIS2_PLACEMENT_3D ( 'NONE', #199, #1744, #1503 ) ;
#886 = CYLINDRICAL_SURFACE ( 'NONE', #1654, 1.500000000000001332 ) ;
#887 = AXIS2_PLACEMENT_3D ( 'NONE', #1212, #924, #1492 ) ;
#888 = VERTEX_POINT ( 'NONE', #971 ) ;
#889 = AXIS2_PLACEMENT_3D ( 'NONE', #1099, #1399, #1536 ) ;
#890 = VECTOR ( 'NONE', #66, 1000.000000000000000 ) ;
#891 = LINE ( 'NONE', #747, #982 ) ;
#892 = FACE_OUTER_BOUND ( 'NONE', #1756, .T. ) ;
#893 = ORIENTED_EDGE ( 'NONE', *, *, #130, .F. ) ;
#894 = EDGE_CURVE ( 'NONE', #261, #828, #1713, .T. ) ;
#895 = DIRECTION ( 'NONE',  ( 1.000000000000000000, 0.000000000000000000, -1.613696256722610912E-16 ) ) ;
#896 = EDGE_CURVE ( 'NONE', #657, #184, #830, .T. ) ;
#897 = CARTESIAN_POINT ( 'NONE',  ( 14.50000000000000888, 3.000000000000000000, 20.99999999999999289 ) ) ;
#898 = CARTESIAN_POINT ( 'NONE',  ( 1.484739626854708240E-15, -3.000000000000000000, 6.500000000000000888 ) ) ;
#899 = ORIENTED_EDGE ( 'NONE', *, *, #1388, .T. ) ;
#900 = CARTESIAN_POINT ( 'NONE',  ( -28.50000000000001421, 3.000000000000000000, -8.499999999999989342 ) ) ;
#901 = ORIENTED_EDGE ( 'NONE', *, *, #1571, .T. ) ;
#902 = EDGE_CURVE ( 'NONE', #1439, #330, #1010, .T. ) ;
#903 = CARTESIAN_POINT ( 'NONE',  ( -4.336808689942017736E-16, -3.000000000000000000, -6.500000000000000888 ) ) ;
#904 = DIRECTION ( 'NONE',  ( 0.000000000000000000, 0.000000000000000000, 1.000000000000000000 ) ) ;
#905 = ORIENTED_EDGE ( 'NONE', *, *, #171, .T. ) ;
#906 = LINE ( 'NONE', #1749, #1621 ) ;
#907 = EDGE_CURVE ( 'NONE', #1329, #124, #447, .T. ) ;
#908 = DIRECTION ( 'NONE',  ( -1.613696256722610912E-16, 0.000000000000000000, 1.000000000000000000 ) ) ;
#909 = PLANE ( 'NONE',  #1310 ) ;
#910 = ORIENTED_EDGE ( 'NONE', *, *, #319, .T. ) ;
#911 = AXIS2_PLACEMENT_3D ( 'NONE', #980, #1392, #43 ) ;
#912 = DIRECTION ( 'NONE',  ( -0.000000000000000000, -1.000000000000000000, -0.000000000000000000 ) ) ;
#913 = ORIENTED_EDGE ( 'NONE', *, *, #1542, .T. ) ;
#914 = AXIS2_PLACEMENT_3D ( 'NONE', #773, #1762, #222 ) ;
#915 = EDGE_CURVE ( 'NONE', #676, #1325, #687, .T. ) ;
#916 = AXIS2_PLACEMENT_3D ( 'NONE', #273, #1246, #1419 ) ;
#917 = CARTESIAN_POINT ( 'NONE',  ( 28.50000000000001421, -3.000000000000000000, 10.00000000000000000 ) ) ;
#918 = VECTOR ( 'NONE', #549, 1000.000000000000000 ) ;
#919 = VECTOR ( 'NONE', #1065, 1000.000000000000000 ) ;
#920 = LINE ( 'NONE', #631, #785 ) ;
#921 = DIRECTION ( 'NONE',  ( 0.000000000000000000, 1.000000000000000000, 0.000000000000000000 ) ) ;
#922 = DIRECTION ( 'NONE',  ( -1.000000000000000000, -0.000000000000000000, 0.000000000000000000 ) ) ;
#923 = ORIENTED_EDGE ( 'NONE', *, *, #73, .F. ) ;
#924 = DIRECTION ( 'NONE',  ( 0.000000000000000000, -1.000000000000000000, 0.000000000000000000 ) ) ;
#925 = VERTEX_POINT ( 'NONE', #1395 ) ;
#926 = LINE ( 'NONE', #1651, #1763 ) ;
#927 = DIRECTION ( 'NONE',  ( -0.000000000000000000, -0.000000000000000000, 1.000000000000000000 ) ) ;
#928 = ADVANCED_FACE ( 'NONE', ( #440 ), #8, .F. ) ;
#929 = DIRECTION ( 'NONE',  ( 0.000000000000000000, -1.000000000000000000, 0.000000000000000000 ) ) ;
#930 = ORIENTED_EDGE ( 'NONE', *, *, #44, .F. ) ;
#931 = CYLINDRICAL_SURFACE ( 'NONE', #1278, 2.500000000000000000 ) ;
#932 = CARTESIAN_POINT ( 'NONE',  ( 31.00000000000001421, 3.000000000000000000, 12.50000000000000000 ) ) ;
#933 = EDGE_CURVE ( 'NONE', #124, #407, #431, .T. ) ;
#934 = CARTESIAN_POINT ( 'NONE',  ( 0.000000000000000000, 3.000000000000000000, 0.000000000000000000 ) ) ;
#935 = ORIENTED_EDGE ( 'NONE', *, *, #629, .F. ) ;
#936 = CARTESIAN_POINT ( 'NONE',  ( 12.00000000000001421, 3.000000000000000000, -10.00000000000000000 ) ) ;
#937 = ADVANCED_FACE ( 'NONE', ( #195 ), #615, .F. ) ;
#938 = DIRECTION ( 'NONE',  ( -2.759787348144921408E-16, 0.000000000000000000, -1.000000000000000000 ) ) ;
#939 = PLANE ( 'NONE',  #861 ) ;
#940 = DIRECTION ( 'NONE',  ( 0.000000000000000000, 0.000000000000000000, 1.000000000000000000 ) ) ;
#941 = ORIENTED_EDGE ( 'NONE', *, *, #779, .T. ) ;
#942 = DIRECTION ( 'NONE',  ( 0.000000000000000000, 0.000000000000000000, -1.000000000000000000 ) ) ;
#943 = ORIENTED_EDGE ( 'NONE', *, *, #483, .T. ) ;
#944 = ORIENTED_EDGE ( 'NONE', *, *, #693, .T. ) ;
#945 = VERTEX_POINT ( 'NONE', #206 ) ;
#946 = AXIS2_PLACEMENT_3D ( 'NONE', #1534, #390, #1226 ) ;
#947 = AXIS2_PLACEMENT_3D ( 'NONE', #795, #978, #276 ) ;
#948 = DIRECTION ( 'NONE',  ( -0.000000000000000000, 0.000000000000000000, 1.000000000000000000 ) ) ;
#949 = AXIS2_PLACEMENT_3D ( 'NONE', #529, #250, #700 ) ;
#950 = DIRECTION ( 'NONE',  ( -0.000000000000000000, -1.000000000000000000, -0.000000000000000000 ) ) ;
#951 = FACE_OUTER_BOUND ( 'NONE', #251, .T. ) ;
#952 = AXIS2_PLACEMENT_3D ( 'NONE', #392, #1367, #824 ) ;
#953 = AXIS2_PLACEMENT_3D ( 'NONE', #397, #364, #300 ) ;
#954 = VERTEX_POINT ( 'NONE', #878 ) ;
#955 = DIRECTION ( 'NONE',  ( 0.000000000000000000, -1.000000000000000000, 0.000000000000000000 ) ) ;
#956 = ORIENTED_EDGE ( 'NONE', *, *, #1665, .F. ) ;
#957 = LINE ( 'NONE', #363, #1568 ) ;
#958 = LINE ( 'NONE', #1657, #504 ) ;
#959 = EDGE_CURVE ( 'NONE', #6, #468, #475, .T. ) ;
#960 = ORIENTED_EDGE ( 'NONE', *, *, #275, .T. ) ;
#961 = LINE ( 'NONE', #932, #35 ) ;
#962 = VERTEX_POINT ( 'NONE', #736 ) ;
#963 = DIRECTION ( 'NONE',  ( 6.938893903907227392E-16, 0.000000000000000000, -1.000000000000000000 ) ) ;
#964 = LINE ( 'NONE', #547, #610 ) ;
#965 = LINE ( 'NONE', #1815, #1314 ) ;
#966 = CARTESIAN_POINT ( 'NONE',  ( -9.500000000000008882, 3.000000000000000000, 20.99999999999998934 ) ) ;
#967 = ORIENTED_EDGE ( 'NONE', *, *, #480, .F. ) ;
#968 = LINE ( 'NONE', #133, #744 ) ;
#969 = CARTESIAN_POINT ( 'NONE',  ( 0.000000000000000000, 3.000000000000000000, 0.000000000000000000 ) ) ;
#970 = VERTEX_POINT ( 'NONE', #1715 ) ;
#971 = CARTESIAN_POINT ( 'NONE',  ( 12.00000000000001421, -3.000000000000000000, -11.49999999999999645 ) ) ;
#972 = SURFACE_STYLE_USAGE ( .BOTH. , #674 ) ;
#973 = DIRECTION ( 'NONE',  ( 2.759787348144921408E-16, 0.000000000000000000, -1.000000000000000000 ) ) ;
#974 = DIRECTION ( 'NONE',  ( -0.000000000000000000, -1.000000000000000000, -0.000000000000000000 ) ) ;
#975 = DIRECTION ( 'NONE',  ( 0.000000000000000000, -0.000000000000000000, -1.000000000000000000 ) ) ;
#976 = DIRECTION ( 'NONE',  ( 0.000000000000000000, -1.000000000000000000, 0.000000000000000000 ) ) ;
#977 = CARTESIAN_POINT ( 'NONE',  ( 12.00000000000001421, 3.000000000000000000, 10.00000000000000000 ) ) ;
#978 = DIRECTION ( 'NONE',  ( 0.000000000000000000, -1.000000000000000000, 0.000000000000000000 ) ) ;
#979 = DIRECTION ( 'NONE',  ( 0.000000000000000000, 0.000000000000000000, -1.000000000000000000 ) ) ;
#980 = CARTESIAN_POINT ( 'NONE',  ( 14.50000000000000000, -3.000000000000000000, -21.99999999999999289 ) ) ;
#981 = CARTESIAN_POINT ( 'NONE',  ( 9.500000000000008882, 3.000000000000000000, 12.50000000000000000 ) ) ;
#982 = VECTOR ( 'NONE', #1289, 1000.000000000000000 ) ;
#983 =( NAMED_UNIT ( * ) PLANE_ANGLE_UNIT ( ) SI_UNIT ( $, .RADIAN. ) );
#984 = LINE ( 'NONE', #1125, #293 ) ;
#985 = CIRCLE ( 'NONE', #1473, 5.000000000000000888 ) ;
#986 = ORIENTED_EDGE ( 'NONE', *, *, #1049, .F. ) ;
#987 = VECTOR ( 'NONE', #272, 1000.000000000000000 ) ;
#988 = AXIS2_PLACEMENT_3D ( 'NONE', #1558, #438, #963 ) ;
#989 = ORIENTED_EDGE ( 'NONE', *, *, #497, .T. ) ;
#990 = VECTOR ( 'NONE', #1792, 1000.000000000000000 ) ;
#991 = EDGE_CURVE ( 'NONE', #1764, #1777, #1060, .T. ) ;
#992 = AXIS2_PLACEMENT_3D ( 'NONE', #808, #798, #398 ) ;
#993 = LINE ( 'NONE', #1124, #1553 ) ;
#994 = CARTESIAN_POINT ( 'NONE',  ( -9.500000000000008882, 3.000000000000000000, -20.99999999999999289 ) ) ;
#995 = EDGE_CURVE ( 'NONE', #970, #925, #688, .T. ) ;
#996 = ADVANCED_FACE ( 'NONE', ( #804 ), #1199, .F. ) ;
#997 = VERTEX_POINT ( 'NONE', #1634 ) ;
#998 = CARTESIAN_POINT ( 'NONE',  ( -4.336808689942017736E-16, 3.000000000000000000, -6.500000000000000888 ) ) ;
#999 = EDGE_CURVE ( 'NONE', #281, #436, #1449, .T. ) ;
#1000 = ORIENTED_EDGE ( 'NONE', *, *, #1425, .F. ) ;
#1001 = DIRECTION ( 'NONE',  ( -1.613696256722610912E-16, 0.000000000000000000, -1.000000000000000000 ) ) ;
#1002 = ADVANCED_FACE ( 'NONE', ( #1032 ), #1094, .F. ) ;
#1003 = CARTESIAN_POINT ( 'NONE',  ( 12.00000000000001421, 3.000000000000000000, 10.00000000000000000 ) ) ;
#1004 = EDGE_LOOP ( 'NONE', ( #1759, #395 ) ) ;
#1005 = ADVANCED_FACE ( 'NONE', ( #1456 ), #1233, .F. ) ;
#1006 = ORIENTED_EDGE ( 'NONE', *, *, #408, .T. ) ;
#1007 = EDGE_CURVE ( 'NONE', #1379, #653, #968, .T. ) ;
#1008 = AXIS2_PLACEMENT_3D ( 'NONE', #771, #929, #1176 ) ;
#1009 = VECTOR ( 'NONE', #39, 1000.000000000000000 ) ;
#1010 = CIRCLE ( 'NONE', #203, 5.000000000000000888 ) ;
#1011 = ORIENTED_EDGE ( 'NONE', *, *, #158, .F. ) ;
#1012 = VECTOR ( 'NONE', #1581, 1000.000000000000000 ) ;
#1013 = ORIENTED_EDGE ( 'NONE', *, *, #213, .F. ) ;
#1014 = CARTESIAN_POINT ( 'NONE',  ( 28.50000000000001421, 3.000000000000000000, -8.499999999999989342 ) ) ;
#1015 = EDGE_CURVE ( 'NONE', #663, #1426, #1656, .T. ) ;
#1016 = FACE_OUTER_BOUND ( 'NONE', #776, .T. ) ;
#1017 = DIRECTION ( 'NONE',  ( 0.000000000000000000, 0.000000000000000000, -1.000000000000000000 ) ) ;
#1018 = CARTESIAN_POINT ( 'NONE',  ( -28.50000000000001421, 3.000000000000000000, -11.50000000000001243 ) ) ;
#1019 = EDGE_CURVE ( 'NONE', #1113, #1379, #28, .T. ) ;
#1020 = EDGE_CURVE ( 'NONE', #1300, #1181, #131, .T. ) ;
#1021 = EDGE_LOOP ( 'NONE', ( #1296, #186, #1290, #944 ) ) ;
#1022 = LINE ( 'NONE', #1445, #1807 ) ;
#1023 = ORIENTED_EDGE ( 'NONE', *, *, #1020, .T. ) ;
#1024 = ORIENTED_EDGE ( 'NONE', *, *, #915, .F. ) ;
#1025 = EDGE_CURVE ( 'NONE', #124, #1329, #13, .T. ) ;
#1026 = ORIENTED_EDGE ( 'NONE', *, *, #753, .T. ) ;
#1027 = ORIENTED_EDGE ( 'NONE', *, *, #1354, .F. ) ;
#1028 = CARTESIAN_POINT ( 'NONE',  ( 0.000000000000000000, 3.000000000000000000, 21.99999999999999289 ) ) ;
#1029 = EDGE_LOOP ( 'NONE', ( #437, #841 ) ) ;
#1030 = PLANE ( 'NONE',  #578 ) ;
#1031 = CARTESIAN_POINT ( 'NONE',  ( 28.50000000000001421, 3.000000000000000000, -10.00000000000000000 ) ) ;
#1032 = FACE_OUTER_BOUND ( 'NONE', #33, .T. ) ;
#1033 = EDGE_CURVE ( 'NONE', #1066, #1121, #993, .T. ) ;
#1034 = CIRCLE ( 'NONE', #524, 5.000000000000000888 ) ;
#1035 = EDGE_LOOP ( 'NONE', ( #214, #1692, #227, #741 ) ) ;
#1036 = ADVANCED_FACE ( 'NONE', ( #434 ), #1685, .F. ) ;
#1037 = AXIS2_PLACEMENT_3D ( 'NONE', #507, #217, #1533 ) ;
#1038 = AXIS2_PLACEMENT_3D ( 'NONE', #864, #724, #573 ) ;
#1039 = CIRCLE ( 'NONE', #1085, 1.500000000000011768 ) ;
#1040 = CIRCLE ( 'NONE', #238, 1.499999999999996225 ) ;
#1041 = CARTESIAN_POINT ( 'NONE',  ( 3.061616997868383141E-16, -3.000000000000000000, -2.500000000000000000 ) ) ;
#1042 = LINE ( 'NONE', #1576, #854 ) ;
#1043 = FACE_OUTER_BOUND ( 'NONE', #246, .T. ) ;
#1044 = ORIENTED_EDGE ( 'NONE', *, *, #734, .T. ) ;
#1045 = DIRECTION ( 'NONE',  ( 0.000000000000000000, 1.000000000000000000, 0.000000000000000000 ) ) ;
#1046 = CARTESIAN_POINT ( 'NONE',  ( 12.00000000000001421, -3.000000000000000000, -8.500000000000001776 ) ) ;
#1047 = ADVANCED_FACE ( 'NONE', ( #329 ), #886, .F. ) ;
#1048 = ORIENTED_EDGE ( 'NONE', *, *, #959, .F. ) ;
#1049 = EDGE_CURVE ( 'NONE', #954, #1420, #1592, .T. ) ;
#1050 = CARTESIAN_POINT ( 'NONE',  ( -30.99999999999998579, 3.000000000000000000, 12.50000000000000000 ) ) ;
#1051 = ORIENTED_EDGE ( 'NONE', *, *, #1502, .T. ) ;
#1052 = EDGE_LOOP ( 'NONE', ( #403, #1578, #1026, #1586 ) ) ;
#1053 = ADVANCED_FACE ( 'NONE', ( #757 ), #58, .T. ) ;
#1054 = VERTEX_POINT ( 'NONE', #406 ) ;
#1055 = ORIENTED_EDGE ( 'NONE', *, *, #592, .F. ) ;
#1056 = FACE_BOUND ( 'NONE', #667, .T. ) ;
#1057 = ADVANCED_FACE ( 'NONE', ( #373 ), #1080, .T. ) ;
#1058 = ORIENTED_EDGE ( 'NONE', *, *, #1632, .F. ) ;
#1059 = VECTOR ( 'NONE', #1295, 1000.000000000000000 ) ;
#1060 = CIRCLE ( 'NONE', #32, 2.500000000000000000 ) ;
#1061 = AXIS2_PLACEMENT_3D ( 'NONE', #17, #1407, #1251 ) ;
#1062 = EDGE_CURVE ( 'NONE', #814, #1712, #450, .T. ) ;
#1063 = VECTOR ( 'NONE', #865, 1000.000000000000000 ) ;
#1064 = CARTESIAN_POINT ( 'NONE',  ( 14.50000000000001243, -3.000000000000000000, 21.99999999999999289 ) ) ;
#1065 = DIRECTION ( 'NONE',  ( -0.000000000000000000, 1.000000000000000000, -0.000000000000000000 ) ) ;
#1066 = VERTEX_POINT ( 'NONE', #1801 ) ;
#1067 = EDGE_CURVE ( 'NONE', #1479, #1144, #531, .T. ) ;
#1068 = ORIENTED_EDGE ( 'NONE', *, *, #181, .T. ) ;
#1069 = EDGE_LOOP ( 'NONE', ( #709, #400 ) ) ;
#1070 = FACE_OUTER_BOUND ( 'NONE', #123, .T. ) ;
#1071 = FACE_BOUND ( 'NONE', #1370, .T. ) ;
#1072 = CARTESIAN_POINT ( 'NONE',  ( 12.00000000000001421, 3.000000000000000000, -8.500000000000001776 ) ) ;
#1073 = EDGE_LOOP ( 'NONE', ( #1255, #446, #1595, #1720 ) ) ;
#1074 = CARTESIAN_POINT ( 'NONE',  ( -9.500000000000008882, -3.000000000000000000, -20.99999999999999289 ) ) ;
#1075 = DIRECTION ( 'NONE',  ( 1.000000000000000000, 0.000000000000000000, 1.613696256722610912E-16 ) ) ;
#1076 = DIRECTION ( 'NONE',  ( 0.000000000000000000, -1.000000000000000000, 0.000000000000000000 ) ) ;
#1077 = ORIENTED_EDGE ( 'NONE', *, *, #1602, .T. ) ;
#1078 = CARTESIAN_POINT ( 'NONE',  ( 26.00000000000001421, -3.000000000000000000, -26.00000000000000000 ) ) ;
#1079 = DIRECTION ( 'NONE',  ( 0.000000000000000000, -1.000000000000000000, 0.000000000000000000 ) ) ;
#1080 = PLANE ( 'NONE',  #177 ) ;
#1081 = EDGE_LOOP ( 'NONE', ( #910, #632, #444, #30 ) ) ;
#1082 = VERTEX_POINT ( 'NONE', #775 ) ;
#1083 = EDGE_CURVE ( 'NONE', #758, #261, #501, .T. ) ;
#1084 = AXIS2_PLACEMENT_3D ( 'NONE', #1726, #56, #1464 ) ;
#1085 = AXIS2_PLACEMENT_3D ( 'NONE', #323, #1462, #383 ) ;
#1086 = ORIENTED_EDGE ( 'NONE', *, *, #1297, .F. ) ;
#1087 = EDGE_CURVE ( 'NONE', #1322, #774, #263, .T. ) ;
#1088 =( GEOMETRIC_REPRESENTATION_CONTEXT ( 3 ) GLOBAL_UNCERTAINTY_ASSIGNED_CONTEXT ( ( #1122 ) ) GLOBAL_UNIT_ASSIGNED_CONTEXT ( ( #416, #983, #284 ) ) REPRESENTATION_CONTEXT ( 'NONE', 'WORKASPACE' ) );
#1089 = ORIENTED_EDGE ( 'NONE', *, *, #1274, .F. ) ;
#1090 = EDGE_CURVE ( 'NONE', #1325, #676, #1266, .T. ) ;
#1091 = ORIENTED_EDGE ( 'NONE', *, *, #1100, .T. ) ;
#1092 = DIRECTION ( 'NONE',  ( -0.000000000000000000, -1.000000000000000000, -0.000000000000000000 ) ) ;
#1093 = VERTEX_POINT ( 'NONE', #1561 ) ;
#1094 = PLANE ( 'NONE',  #1681 ) ;
#1095 = PLANE ( 'NONE',  #835 ) ;
#1096 = EDGE_LOOP ( 'NONE', ( #751, #1320, #585, #863 ) ) ;
#1097 = DIRECTION ( 'NONE',  ( 0.000000000000000000, -1.000000000000000000, 0.000000000000000000 ) ) ;
#1098 = CARTESIAN_POINT ( 'NONE',  ( -12.00000000000004263, 3.000000000000000000, -11.50000000000001421 ) ) ;
#1099 = CARTESIAN_POINT ( 'NONE',  ( -28.50000000000001421, 3.000000000000000000, 10.00000000000000000 ) ) ;
#1100 = EDGE_CURVE ( 'NONE', #1337, #758, #1673, .T. ) ;
#1101 = ORIENTED_EDGE ( 'NONE', *, *, #541, .F. ) ;
#1102 = CARTESIAN_POINT ( 'NONE',  ( -12.00000000000002842, -3.000000000000000000, 9.999999999999991118 ) ) ;
#1103 = ORIENTED_EDGE ( 'NONE', *, *, #1252, .T. ) ;
#1104 = EDGE_CURVE ( 'NONE', #1428, #1479, #1417, .T. ) ;
#1105 = DIRECTION ( 'NONE',  ( -0.000000000000000000, 1.000000000000000000, -0.000000000000000000 ) ) ;
#1106 = LINE ( 'NONE', #1717, #1284 ) ;
#1107 = ORIENTED_EDGE ( 'NONE', *, *, #115, .F. ) ;
#1108 = AXIS2_PLACEMENT_3D ( 'NONE', #554, #167, #24 ) ;
#1109 = DIRECTION ( 'NONE',  ( 0.000000000000000000, 0.000000000000000000, -1.000000000000000000 ) ) ;
#1110 = CIRCLE ( 'NONE', #11, 2.500000000000000000 ) ;
#1111 = CIRCLE ( 'NONE', #988, 5.000000000000000888 ) ;
#1112 = DIRECTION ( 'NONE',  ( -0.000000000000000000, -1.000000000000000000, -0.000000000000000000 ) ) ;
#1113 = VERTEX_POINT ( 'NONE', #268 ) ;
#1114 = CIRCLE ( 'NONE', #317, 1.500000000000004885 ) ;
#1115 = VECTOR ( 'NONE', #280, 1000.000000000000000 ) ;
#1116 = LINE ( 'NONE', #21, #288 ) ;
#1117 = VERTEX_POINT ( 'NONE', #838 ) ;
#1118 = VERTEX_POINT ( 'NONE', #3 ) ;
#1119 = CARTESIAN_POINT ( 'NONE',  ( -9.500000000000008882, 3.000000000000000000, 25.99999999999999645 ) ) ;
#1120 = DIRECTION ( 'NONE',  ( 0.000000000000000000, 0.000000000000000000, 1.000000000000000000 ) ) ;
#1121 = VERTEX_POINT ( 'NONE', #553 ) ;
#1122 = UNCERTAINTY_MEASURE_WITH_UNIT (LENGTH_MEASURE( 1.000000000000000082E-05 ), #416, 'distance_accuracy_value', 'NONE');
#1123 = EDGE_CURVE ( 'NONE', #330, #1229, #1687, .T. ) ;
#1124 = CARTESIAN_POINT ( 'NONE',  ( 9.500000000000008882, -3.000000000000000000, 25.99999999999999645 ) ) ;
#1125 = CARTESIAN_POINT ( 'NONE',  ( 1.484739626854708240E-15, -3.000000000000000000, 6.500000000000000888 ) ) ;
#1126 = ADVANCED_FACE ( 'NONE', ( #74 ), #1319, .F. ) ;
#1127 = EDGE_LOOP ( 'NONE', ( #95, #986, #458, #1424 ) ) ;
#1128 = ORIENTED_EDGE ( 'NONE', *, *, #1502, .F. ) ;
#1129 = CARTESIAN_POINT ( 'NONE',  ( 28.50000000000001421, -3.000000000000000000, -11.50000000000001243 ) ) ;
#1130 = AXIS2_PLACEMENT_3D ( 'NONE', #1431, #173, #881 ) ;
#1131 = VERTEX_POINT ( 'NONE', #1206 ) ;
#1132 = EDGE_LOOP ( 'NONE', ( #1734, #1589, #196, #923 ) ) ;
#1133 = VECTOR ( 'NONE', #423, 1000.000000000000000 ) ;
#1134 = AXIS2_PLACEMENT_3D ( 'NONE', #1003, #1112, #722 ) ;
#1135 = CARTESIAN_POINT ( 'NONE',  ( 14.50000000000001243, -3.000000000000000000, 21.99999999999999289 ) ) ;
#1136 = ORIENTED_EDGE ( 'NONE', *, *, #102, .T. ) ;
#1137 = VECTOR ( 'NONE', #243, 1000.000000000000000 ) ;
#1138 = CIRCLE ( 'NONE', #389, 5.000000000000000888 ) ;
#1139 = CARTESIAN_POINT ( 'NONE',  ( 14.50000000000000000, -3.000000000000000000, -21.99999999999999289 ) ) ;
#1140 = ORIENTED_EDGE ( 'NONE', *, *, #497, .F. ) ;
#1141 = ORIENTED_EDGE ( 'NONE', *, *, #1689, .T. ) ;
#1142 = ORIENTED_EDGE ( 'NONE', *, *, #548, .T. ) ;
#1143 = EDGE_CURVE ( 'NONE', #455, #1144, #612, .T. ) ;
#1144 = VERTEX_POINT ( 'NONE', #622 ) ;
#1145 = CARTESIAN_POINT ( 'NONE',  ( -25.99999999999998579, -3.000000000000000000, -20.99999999999999289 ) ) ;
#1146 = DIRECTION ( 'NONE',  ( 1.000000000000000000, 0.000000000000000000, 0.000000000000000000 ) ) ;
#1147 = ORIENTED_EDGE ( 'NONE', *, *, #480, .T. ) ;
#1148 = ORIENTED_EDGE ( 'NONE', *, *, #711, .T. ) ;
#1149 = LINE ( 'NONE', #1723, #81 ) ;
#1150 = PRODUCT_DEFINITION ( 'UNKNOWN', '', #650, #818 ) ;
#1151 = EDGE_LOOP ( 'NONE', ( #967, #1220, #1148, #1277 ) ) ;
#1152 = EDGE_CURVE ( 'NONE', #575, #1054, #1757, .T. ) ;
#1153 = VERTEX_POINT ( 'NONE', #1348 ) ;
#1154 = ORIENTED_EDGE ( 'NONE', *, *, #1087, .T. ) ;
#1155 = LINE ( 'NONE', #169, #1448 ) ;
#1156 = ADVANCED_FACE ( 'NONE', ( #1194 ), #939, .T. ) ;
#1157 = CARTESIAN_POINT ( 'NONE',  ( -25.99999999999998579, 3.000000000000000000, 26.00000000000000000 ) ) ;
#1158 = VECTOR ( 'NONE', #1507, 1000.000000000000000 ) ;
#1159 = ORIENTED_EDGE ( 'NONE', *, *, #1642, .T. ) ;
#1160 = EDGE_CURVE ( 'NONE', #1184, #1363, #1111, .T. ) ;
#1161 = CIRCLE ( 'NONE', #885, 5.000000000000000888 ) ;
#1162 = CARTESIAN_POINT ( 'NONE',  ( -12.00000000000004263, 3.000000000000000000, -8.500000000000010658 ) ) ;
#1163 = ORIENTED_EDGE ( 'NONE', *, *, #1152, .F. ) ;
#1164 = AXIS2_PLACEMENT_3D ( 'NONE', #662, #955, #1494 ) ;
#1165 = AXIS2_PLACEMENT_3D ( 'NONE', #867, #694, #1700 ) ;
#1166 = PLANE ( 'NONE',  #1421 ) ;
#1167 = CARTESIAN_POINT ( 'NONE',  ( 0.000000000000000000, -3.000000000000000000, 0.000000000000000000 ) ) ;
#1168 = ORIENTED_EDGE ( 'NONE', *, *, #417, .F. ) ;
#1169 = FACE_BOUND ( 'NONE', #54, .T. ) ;
#1170 = CARTESIAN_POINT ( 'NONE',  ( 0.000000000000000000, 3.000000000000000000, -21.99999999999999289 ) ) ;
#1171 = DIRECTION ( 'NONE',  ( -2.759787348144921408E-16, 0.000000000000000000, 1.000000000000000000 ) ) ;
#1172 = DIRECTION ( 'NONE',  ( -0.000000000000000000, 0.000000000000000000, -1.000000000000000000 ) ) ;
#1173 = ORIENTED_EDGE ( 'NONE', *, *, #850, .F. ) ;
#1174 = EDGE_CURVE ( 'NONE', #653, #1811, #1340, .T. ) ;
#1175 = DIRECTION ( 'NONE',  ( 0.000000000000000000, -1.000000000000000000, 0.000000000000000000 ) ) ;
#1176 = DIRECTION ( 'NONE',  ( 0.000000000000000000, 0.000000000000000000, -1.000000000000000000 ) ) ;
#1177 = CARTESIAN_POINT ( 'NONE',  ( -25.99999999999998579, 3.000000000000000000, -26.00000000000000000 ) ) ;
#1178 = DIRECTION ( 'NONE',  ( -0.000000000000000000, -1.000000000000000000, -0.000000000000000000 ) ) ;
#1179 = ORIENTED_EDGE ( 'NONE', *, *, #102, .F. ) ;
#1180 = CARTESIAN_POINT ( 'NONE',  ( -26.00000000000001421, 3.000000000000000000, 21.99999999999999289 ) ) ;
#1181 = VERTEX_POINT ( 'NONE', #1635 ) ;
#1182 = DIRECTION ( 'NONE',  ( -0.000000000000000000, 1.000000000000000000, -0.000000000000000000 ) ) ;
#1183 = EDGE_CURVE ( 'NONE', #1479, #1428, #1350, .T. ) ;
#1184 = VERTEX_POINT ( 'NONE', #1579 ) ;
#1185 = FACE_BOUND ( 'NONE', #880, .T. ) ;
#1186 = ORIENTED_EDGE ( 'NONE', *, *, #499, .T. ) ;
#1187 = FACE_BOUND ( 'NONE', #1268, .T. ) ;
#1188 = AXIS2_PLACEMENT_3D ( 'NONE', #1315, #950, #799 ) ;
#1189 = ORIENTED_EDGE ( 'NONE', *, *, #522, .T. ) ;
#1190 = CARTESIAN_POINT ( 'NONE',  ( 28.50000000000001421, 3.000000000000000000, -8.499999999999989342 ) ) ;
#1191 = AXIS2_PLACEMENT_3D ( 'NONE', #1145, #1317, #64 ) ;
#1192 = CARTESIAN_POINT ( 'NONE',  ( -28.50000000000001421, 3.000000000000000000, 8.499999999999994671 ) ) ;
#1193 = AXIS2_PLACEMENT_3D ( 'NONE', #1437, #1045, #1294 ) ;
#1194 = FACE_OUTER_BOUND ( 'NONE', #1460, .T. ) ;
#1195 = AXIS2_PLACEMENT_3D ( 'NONE', #159, #1573, #40 ) ;
#1196 = ORIENTED_EDGE ( 'NONE', *, *, #49, .T. ) ;
#1197 = VECTOR ( 'NONE', #539, 1000.000000000000000 ) ;
#1198 = DIRECTION ( 'NONE',  ( -1.000000000000000000, 0.000000000000000000, 0.000000000000000000 ) ) ;
#1199 = CYLINDRICAL_SURFACE ( 'NONE', #205, 1.499999999999999556 ) ;
#1200 = CARTESIAN_POINT ( 'NONE',  ( 28.50000000000001421, 3.000000000000000000, -11.50000000000001243 ) ) ;
#1201 = ORIENTED_EDGE ( 'NONE', *, *, #991, .T. ) ;
#1202 = LINE ( 'NONE', #252, #1411 ) ;
#1203 = EDGE_CURVE ( 'NONE', #1420, #1355, #1282, .T. ) ;
#1204 = ORIENTED_EDGE ( 'NONE', *, *, #594, .T. ) ;
#1205 = LINE ( 'NONE', #1098, #1596 ) ;
#1206 = CARTESIAN_POINT ( 'NONE',  ( -4.336808689942017736E-16, -3.000000000000000000, -6.500000000000000888 ) ) ;
#1207 = DIRECTION ( 'NONE',  ( 1.000000000000000000, -0.000000000000000000, -1.613696256722610912E-16 ) ) ;
#1208 = CARTESIAN_POINT ( 'NONE',  ( -12.00000000000002842, 3.000000000000000000, 9.999999999999991118 ) ) ;
#1209 = ORIENTED_EDGE ( 'NONE', *, *, #753, .F. ) ;
#1210 = EDGE_CURVE ( 'NONE', #1429, #1311, #1458, .T. ) ;
#1211 = ORIENTED_EDGE ( 'NONE', *, *, #711, .F. ) ;
#1212 = CARTESIAN_POINT ( 'NONE',  ( 0.000000000000000000, -3.000000000000000000, 0.000000000000000000 ) ) ;
#1213 = DIRECTION ( 'NONE',  ( 0.000000000000000000, 1.000000000000000000, 0.000000000000000000 ) ) ;
#1214 = ORIENTED_EDGE ( 'NONE', *, *, #27, .T. ) ;
#1215 = DIRECTION ( 'NONE',  ( 0.000000000000000000, 0.000000000000000000, -1.000000000000000000 ) ) ;
#1216 = DIRECTION ( 'NONE',  ( 0.000000000000000000, -1.000000000000000000, 0.000000000000000000 ) ) ;
#1217 = FACE_BOUND ( 'NONE', #1609, .T. ) ;
#1218 = ORIENTED_EDGE ( 'NONE', *, *, #1264, .T. ) ;
#1219 = ORIENTED_EDGE ( 'NONE', *, *, #933, .T. ) ;
#1220 = ORIENTED_EDGE ( 'NONE', *, *, #1274, .T. ) ;
#1221 = LINE ( 'NONE', #534, #230 ) ;
#1222 = ADVANCED_FACE ( 'NONE', ( #1697 ), #1433, .T. ) ;
#1223 = VECTOR ( 'NONE', #1207, 1000.000000000000000 ) ;
#1224 = CIRCLE ( 'NONE', #174, 1.500000000000011768 ) ;
#1225 = DIRECTION ( 'NONE',  ( 0.000000000000000000, 0.000000000000000000, -1.000000000000000000 ) ) ;
#1226 = DIRECTION ( 'NONE',  ( 0.000000000000000000, 0.000000000000000000, -1.000000000000000000 ) ) ;
#1227 = CIRCLE ( 'NONE', #1652, 1.500000000000004885 ) ;
#1228 = DIRECTION ( 'NONE',  ( 0.000000000000000000, 0.000000000000000000, -1.000000000000000000 ) ) ;
#1229 = VERTEX_POINT ( 'NONE', #1509 ) ;
#1230 = LINE ( 'NONE', #848, #118 ) ;
#1231 = AXIS2_PLACEMENT_3D ( 'NONE', #934, #756, #224 ) ;
#1232 = CARTESIAN_POINT ( 'NONE',  ( -14.50000000000001243, -3.000000000000000000, 21.99999999999999289 ) ) ;
#1233 = CYLINDRICAL_SURFACE ( 'NONE', #1804, 1.500000000000004885 ) ;
#1234 = AXIS2_PLACEMENT_3D ( 'NONE', #874, #449, #1430 ) ;
#1235 = FACE_BOUND ( 'NONE', #516, .T. ) ;
#1236 = CARTESIAN_POINT ( 'NONE',  ( 31.00000000000001421, 3.000000000000000000, 20.99999999999999645 ) ) ;
#1237 = ORIENTED_EDGE ( 'NONE', *, *, #693, .F. ) ;
#1238 = EDGE_CURVE ( 'NONE', #468, #106, #1500, .T. ) ;
#1239 = CARTESIAN_POINT ( 'NONE',  ( -12.00000000000002842, 3.000000000000000000, 9.999999999999991118 ) ) ;
#1240 = FACE_OUTER_BOUND ( 'NONE', #76, .T. ) ;
#1241 = ORIENTED_EDGE ( 'NONE', *, *, #204, .T. ) ;
#1242 = EDGE_LOOP ( 'NONE', ( #960, #1525, #1745, #168 ) ) ;
#1243 = DIRECTION ( 'NONE',  ( 0.000000000000000000, 1.000000000000000000, 0.000000000000000000 ) ) ;
#1244 = DIRECTION ( 'NONE',  ( 0.000000000000000000, 0.000000000000000000, 1.000000000000000000 ) ) ;
#1245 = LINE ( 'NONE', #1799, #1516 ) ;
#1246 = DIRECTION ( 'NONE',  ( 0.000000000000000000, -1.000000000000000000, 0.000000000000000000 ) ) ;
#1247 = ORIENTED_EDGE ( 'NONE', *, *, #1049, .T. ) ;
#1248 = DIRECTION ( 'NONE',  ( 0.000000000000000000, 0.000000000000000000, 1.000000000000000000 ) ) ;
#1249 = DIRECTION ( 'NONE',  ( -0.000000000000000000, 1.000000000000000000, -0.000000000000000000 ) ) ;
#1250 = CARTESIAN_POINT ( 'NONE',  ( -9.500000000000008882, -3.000000000000000000, -25.99999999999999645 ) ) ;
#1251 = DIRECTION ( 'NONE',  ( 0.000000000000000000, 0.000000000000000000, 1.000000000000000000 ) ) ;
#1252 = EDGE_CURVE ( 'NONE', #1093, #754, #1039, .T. ) ;
#1253 = CARTESIAN_POINT ( 'NONE',  ( 28.50000000000001421, -3.000000000000000000, -10.00000000000000000 ) ) ;
#1254 = CARTESIAN_POINT ( 'NONE',  ( -12.00000000000002842, 3.000000000000000000, 8.499999999999992895 ) ) ;
#1255 = ORIENTED_EDGE ( 'NONE', *, *, #1499, .F. ) ;
#1256 = CARTESIAN_POINT ( 'NONE',  ( -26.00000000000001421, -3.000000000000000000, -21.99999999999999289 ) ) ;
#1257 = EDGE_LOOP ( 'NONE', ( #1406, #859, #1204, #479 ) ) ;
#1258 = FACE_OUTER_BOUND ( 'NONE', #1436, .T. ) ;
#1259 = DIRECTION ( 'NONE',  ( 0.000000000000000000, 0.000000000000000000, 1.000000000000000000 ) ) ;
#1260 = CIRCLE ( 'NONE', #29, 1.500000000000001332 ) ;
#1261 = CARTESIAN_POINT ( 'NONE',  ( -12.00000000000004263, 3.000000000000000000, -10.00000000000001243 ) ) ;
#1262 = DIRECTION ( 'NONE',  ( -0.000000000000000000, -1.000000000000000000, -0.000000000000000000 ) ) ;
#1263 = VECTOR ( 'NONE', #1661, 1000.000000000000000 ) ;
#1264 = EDGE_CURVE ( 'NONE', #962, #888, #1230, .T. ) ;
#1265 = VECTOR ( 'NONE', #378, 1000.000000000000000 ) ;
#1266 = CIRCLE ( 'NONE', #712, 1.500000000000011768 ) ;
#1267 = DIRECTION ( 'NONE',  ( -1.000000000000000000, -0.000000000000000000, -0.000000000000000000 ) ) ;
#1268 = EDGE_LOOP ( 'NONE', ( #1514, #1201 ) ) ;
#1269 = AXIS2_PLACEMENT_3D ( 'NONE', #1453, #189, #1728 ) ;
#1270 = ORIENTED_EDGE ( 'NONE', *, *, #158, .T. ) ;
#1271 = FACE_OUTER_BOUND ( 'NONE', #1073, .T. ) ;
#1272 = EDGE_CURVE ( 'NONE', #1811, #945, #696, .T. ) ;
#1273 = ORIENTED_EDGE ( 'NONE', *, *, #1798, .T. ) ;
#1274 = EDGE_CURVE ( 'NONE', #184, #1707, #984, .T. ) ;
#1275 = EDGE_CURVE ( 'NONE', #1683, #1300, #1312, .T. ) ;
#1276 = EDGE_LOOP ( 'NONE', ( #160, #283, #749, #1560 ) ) ;
#1277 = ORIENTED_EDGE ( 'NONE', *, *, #391, .F. ) ;
#1278 = AXIS2_PLACEMENT_3D ( 'NONE', #1167, #220, #640 ) ;
#1279 = VECTOR ( 'NONE', #1647, 1000.000000000000000 ) ;
#1280 = VECTOR ( 'NONE', #260, 1000.000000000000000 ) ;
#1281 = ORIENTED_EDGE ( 'NONE', *, *, #1587, .F. ) ;
#1282 = CIRCLE ( 'NONE', #1195, 5.000000000000000888 ) ;
#1283 = LINE ( 'NONE', #326, #422 ) ;
#1284 = VECTOR ( 'NONE', #360, 1000.000000000000000 ) ;
#1285 = VERTEX_POINT ( 'NONE', #1335 ) ;
#1286 = DIRECTION ( 'NONE',  ( 0.000000000000000000, -1.000000000000000000, 0.000000000000000000 ) ) ;
#1287 = CARTESIAN_POINT ( 'NONE',  ( 28.50000000000001421, -3.000000000000000000, -8.499999999999989342 ) ) ;
#1288 = ADVANCED_FACE ( 'NONE', ( #1773 ), #471, .T. ) ;
#1289 = DIRECTION ( 'NONE',  ( -0.000000000000000000, -1.000000000000000000, -0.000000000000000000 ) ) ;
#1290 = ORIENTED_EDGE ( 'NONE', *, *, #154, .F. ) ;
#1291 = CARTESIAN_POINT ( 'NONE',  ( 9.500000000000008882, -3.000000000000000000, -12.50000000000000000 ) ) ;
#1292 = CARTESIAN_POINT ( 'NONE',  ( 26.00000000000001421, -3.000000000000000000, 20.99999999999999645 ) ) ;
#1293 = ORIENTED_EDGE ( 'NONE', *, *, #73, .T. ) ;
#1294 = DIRECTION ( 'NONE',  ( 0.000000000000000000, 0.000000000000000000, 1.000000000000000000 ) ) ;
#1295 = DIRECTION ( 'NONE',  ( 0.000000000000000000, 1.000000000000000000, 0.000000000000000000 ) ) ;
#1296 = ORIENTED_EDGE ( 'NONE', *, *, #1389, .T. ) ;
#1297 = EDGE_CURVE ( 'NONE', #1337, #1420, #906, .T. ) ;
#1298 = ORIENTED_EDGE ( 'NONE', *, *, #183, .F. ) ;
#1299 = DIRECTION ( 'NONE',  ( 0.000000000000000000, 0.000000000000000000, -1.000000000000000000 ) ) ;
#1300 = VERTEX_POINT ( 'NONE', #796 ) ;
#1301 = FACE_OUTER_BOUND ( 'NONE', #781, .T. ) ;
#1302 = DIRECTION ( 'NONE',  ( 0.000000000000000000, 0.000000000000000000, -1.000000000000000000 ) ) ;
#1303 = ORIENTED_EDGE ( 'NONE', *, *, #1349, .F. ) ;
#1304 = LINE ( 'NONE', #1313, #648 ) ;
#1305 = DIRECTION ( 'NONE',  ( -1.000000000000000000, 0.000000000000000000, 0.000000000000000000 ) ) ;
#1306 = FACE_OUTER_BOUND ( 'NONE', #1276, .T. ) ;
#1307 = CYLINDRICAL_SURFACE ( 'NONE', #1616, 1.499999999999999556 ) ;
#1308 = CIRCLE ( 'NONE', #10, 1.499999999999999556 ) ;
#1309 = ORIENTED_EDGE ( 'NONE', *, *, #522, .F. ) ;
#1310 = AXIS2_PLACEMENT_3D ( 'NONE', #348, #922, #1490 ) ;
#1311 = VERTEX_POINT ( 'NONE', #1291 ) ;
#1312 = CIRCLE ( 'NONE', #346, 1.500000000000004885 ) ;
#1313 = CARTESIAN_POINT ( 'NONE',  ( -9.500000000000008882, 3.000000000000000000, 20.99999999999998934 ) ) ;
#1314 = VECTOR ( 'NONE', #141, 1000.000000000000000 ) ;
#1315 = CARTESIAN_POINT ( 'NONE',  ( -12.00000000000004263, 3.000000000000000000, -10.00000000000001243 ) ) ;
#1316 = VERTEX_POINT ( 'NONE', #684 ) ;
#1317 = DIRECTION ( 'NONE',  ( 0.000000000000000000, -1.000000000000000000, 0.000000000000000000 ) ) ;
#1318 = ORIENTED_EDGE ( 'NONE', *, *, #1174, .T. ) ;
#1319 = CYLINDRICAL_SURFACE ( 'NONE', #1599, 1.499999999999999556 ) ;
#1320 = ORIENTED_EDGE ( 'NONE', *, *, #740, .T. ) ;
#1321 = DIRECTION ( 'NONE',  ( 0.000000000000000000, -1.000000000000000000, 0.000000000000000000 ) ) ;
#1322 = VERTEX_POINT ( 'NONE', #401 ) ;
#1323 = EDGE_LOOP ( 'NONE', ( #1776, #1387, #489, #643 ) ) ;
#1324 = CARTESIAN_POINT ( 'NONE',  ( -28.50000000000001421, 3.000000000000000000, 10.00000000000000000 ) ) ;
#1325 = VERTEX_POINT ( 'NONE', #1129 ) ;
#1326 = FACE_OUTER_BOUND ( 'NONE', #1443, .T. ) ;
#1327 = LINE ( 'NONE', #1612, #1063 ) ;
#1328 = CARTESIAN_POINT ( 'NONE',  ( -25.99999999999998579, -3.000000000000000000, 20.99999999999999645 ) ) ;
#1329 = VERTEX_POINT ( 'NONE', #1018 ) ;
#1330 = CARTESIAN_POINT ( 'NONE',  ( 31.00000000000001421, -3.000000000000000000, 20.99999999999999645 ) ) ;
#1331 = DIRECTION ( 'NONE',  ( 0.000000000000000000, 0.000000000000000000, 1.000000000000000000 ) ) ;
#1332 = ORIENTED_EDGE ( 'NONE', *, *, #1019, .F. ) ;
#1333 = DIRECTION ( 'NONE',  ( 0.000000000000000000, 0.000000000000000000, -1.000000000000000000 ) ) ;
#1334 = CARTESIAN_POINT ( 'NONE',  ( 31.00000000000001421, -3.000000000000000000, 12.50000000000000000 ) ) ;
#1335 = CARTESIAN_POINT ( 'NONE',  ( 26.00000000000001421, 3.000000000000000000, 26.00000000000000000 ) ) ;
#1336 = LINE ( 'NONE', #1659, #267 ) ;
#1337 = VERTEX_POINT ( 'NONE', #1157 ) ;
#1338 = CARTESIAN_POINT ( 'NONE',  ( -30.99999999999998579, -3.000000000000000000, -20.99999999999999289 ) ) ;
#1339 = CARTESIAN_POINT ( 'NONE',  ( 9.500000000000008882, -3.000000000000000000, 20.99999999999998934 ) ) ;
#1340 = LINE ( 'NONE', #1544, #918 ) ;
#1341 = DIRECTION ( 'NONE',  ( -1.000000000000000000, -0.000000000000000000, -0.000000000000000000 ) ) ;
#1342 = AXIS2_PLACEMENT_3D ( 'NONE', #241, #1357, #1605 ) ;
#1343 = ORIENTED_EDGE ( 'NONE', *, *, #1087, .F. ) ;
#1344 = CARTESIAN_POINT ( 'NONE',  ( 9.500000000000008882, 3.000000000000000000, -25.99999999999999645 ) ) ;
#1345 = CIRCLE ( 'NONE', #1597, 1.499999999999999556 ) ;
#1346 = VECTOR ( 'NONE', #193, 1000.000000000000000 ) ;
#1347 = CARTESIAN_POINT ( 'NONE',  ( 3.061616997868383141E-16, 3.000000000000000000, -2.500000000000000000 ) ) ;
#1348 = CARTESIAN_POINT ( 'NONE',  ( 14.50000000000001243, 3.000000000000000000, 21.99999999999999289 ) ) ;
#1349 = EDGE_CURVE ( 'NONE', #150, #1181, #1708, .T. ) ;
#1350 = CIRCLE ( 'NONE', #644, 1.499999999999997780 ) ;
#1351 = CIRCLE ( 'NONE', #1521, 1.500000000000004885 ) ;
#1352 = CYLINDRICAL_SURFACE ( 'NONE', #427, 1.499999999999997780 ) ;
#1353 = CARTESIAN_POINT ( 'NONE',  ( 14.50000000000001243, -3.000000000000000000, 21.99999999999999289 ) ) ;
#1354 = EDGE_CURVE ( 'NONE', #45, #802, #614, .T. ) ;
#1355 = VERTEX_POINT ( 'NONE', #966 ) ;
#1356 = DIRECTION ( 'NONE',  ( 0.000000000000000000, 0.000000000000000000, 1.000000000000000000 ) ) ;
#1357 = DIRECTION ( 'NONE',  ( 0.000000000000000000, 1.000000000000000000, 0.000000000000000000 ) ) ;
#1358 = FACE_BOUND ( 'NONE', #1699, .T. ) ;
#1359 = ORIENTED_EDGE ( 'NONE', *, *, #1020, .F. ) ;
#1360 = EDGE_CURVE ( 'NONE', #1316, #828, #119, .T. ) ;
#1361 = SURFACE_STYLE_FILL_AREA ( #1667 ) ;
#1362 = CARTESIAN_POINT ( 'NONE',  ( -12.00000000000002842, 3.000000000000000000, 11.49999999999998934 ) ) ;
#1363 = VERTEX_POINT ( 'NONE', #1517 ) ;
#1364 = DIRECTION ( 'NONE',  ( -0.000000000000000000, -0.000000000000000000, -1.000000000000000000 ) ) ;
#1365 = ORIENTED_EDGE ( 'NONE', *, *, #61, .T. ) ;
#1366 = DIRECTION ( 'NONE',  ( 1.000000000000000000, 0.000000000000000000, 0.000000000000000000 ) ) ;
#1367 = DIRECTION ( 'NONE',  ( 0.000000000000000000, 0.000000000000000000, -1.000000000000000000 ) ) ;
#1368 = DIRECTION ( 'NONE',  ( 0.000000000000000000, 0.000000000000000000, -1.000000000000000000 ) ) ;
#1369 = CARTESIAN_POINT ( 'NONE',  ( 12.00000000000001421, 3.000000000000000000, 11.50000000000001243 ) ) ;
#1370 = EDGE_LOOP ( 'NONE', ( #157, #870 ) ) ;
#1371 = LINE ( 'NONE', #1232, #1765 ) ;
#1372 = DIRECTION ( 'NONE',  ( 0.000000000000000000, 0.000000000000000000, 1.000000000000000000 ) ) ;
#1373 = ADVANCED_FACE ( 'NONE', ( #1271 ), #567, .T. ) ;
#1374 = FACE_BOUND ( 'NONE', #48, .T. ) ;
#1375 = ORIENTED_EDGE ( 'NONE', *, *, #675, .F. ) ;
#1376 = DIRECTION ( 'NONE',  ( 0.000000000000000000, -1.000000000000000000, 0.000000000000000000 ) ) ;
#1377 = DIRECTION ( 'NONE',  ( 0.000000000000000000, 0.000000000000000000, -1.000000000000000000 ) ) ;
#1378 = FACE_OUTER_BOUND ( 'NONE', #725, .T. ) ;
#1379 = VERTEX_POINT ( 'NONE', #752 ) ;
#1380 = AXIS2_PLACEMENT_3D ( 'NONE', #664, #1376, #1215 ) ;
#1381 = CARTESIAN_POINT ( 'NONE',  ( -9.500000000000008882, 3.000000000000000000, -25.99999999999999645 ) ) ;
#1382 = DIRECTION ( 'NONE',  ( 0.000000000000000000, -1.000000000000000000, 0.000000000000000000 ) ) ;
#1383 = DIRECTION ( 'NONE',  ( -0.000000000000000000, 1.000000000000000000, -0.000000000000000000 ) ) ;
#1384 = DIRECTION ( 'NONE',  ( -0.000000000000000000, 1.000000000000000000, -0.000000000000000000 ) ) ;
#1385 = FACE_BOUND ( 'NONE', #1559, .T. ) ;
#1386 = AXIS2_PLACEMENT_3D ( 'NONE', #382, #99, #1465 ) ;
#1387 = ORIENTED_EDGE ( 'NONE', *, *, #1104, .F. ) ;
#1388 = EDGE_CURVE ( 'NONE', #1355, #843, #1304, .T. ) ;
#1389 = EDGE_CURVE ( 'NONE', #460, #436, #490, .T. ) ;
#1390 = CARTESIAN_POINT ( 'NONE',  ( -12.00000000000004263, -3.000000000000000000, -8.500000000000010658 ) ) ;
#1391 = CARTESIAN_POINT ( 'NONE',  ( -28.50000000000001421, 3.000000000000000000, -8.499999999999989342 ) ) ;
#1392 = DIRECTION ( 'NONE',  ( 0.000000000000000000, 0.000000000000000000, -1.000000000000000000 ) ) ;
#1393 = ORIENTED_EDGE ( 'NONE', *, *, #491, .F. ) ;
#1394 = DIRECTION ( 'NONE',  ( 0.000000000000000000, -1.000000000000000000, 0.000000000000000000 ) ) ;
#1395 = CARTESIAN_POINT ( 'NONE',  ( -9.500000000000008882, 3.000000000000000000, 12.49999999999999645 ) ) ;
#1396 = ORIENTED_EDGE ( 'NONE', *, *, #1470, .F. ) ;
#1397 = CARTESIAN_POINT ( 'NONE',  ( 9.500000000000008882, 3.000000000000000000, -20.99999999999999289 ) ) ;
#1398 = CARTESIAN_POINT ( 'NONE',  ( 9.500000000000008882, 3.000000000000000000, 20.99999999999998934 ) ) ;
#1399 = DIRECTION ( 'NONE',  ( 0.000000000000000000, -1.000000000000000000, 0.000000000000000000 ) ) ;
#1400 = CARTESIAN_POINT ( 'NONE',  ( -28.50000000000001421, -3.000000000000000000, 11.50000000000000533 ) ) ;
#1401 = CARTESIAN_POINT ( 'NONE',  ( -28.50000000000001421, 3.000000000000000000, -10.00000000000000000 ) ) ;
#1402 = MANIFOLD_SOLID_BREP ( 'Mirror1', #172 ) ;
#1403 = DIRECTION ( 'NONE',  ( 0.000000000000000000, 0.000000000000000000, -1.000000000000000000 ) ) ;
#1404 = ORIENTED_EDGE ( 'NONE', *, *, #408, .F. ) ;
#1405 = DIRECTION ( 'NONE',  ( 0.000000000000000000, 0.000000000000000000, -1.000000000000000000 ) ) ;
#1406 = ORIENTED_EDGE ( 'NONE', *, *, #316, .T. ) ;
#1407 = DIRECTION ( 'NONE',  ( 0.000000000000000000, -1.000000000000000000, 0.000000000000000000 ) ) ;
#1408 = AXIS2_PLACEMENT_3D ( 'NONE', #428, #165, #1017 ) ;
#1409 = ORIENTED_EDGE ( 'NONE', *, *, #44, .T. ) ;
#1410 = PRODUCT_CONTEXT ( 'NONE', #1719, 'mechanical' ) ;
#1411 = VECTOR ( 'NONE', #1182, 1000.000000000000000 ) ;
#1412 = DIRECTION ( 'NONE',  ( 0.000000000000000000, 0.000000000000000000, -1.000000000000000000 ) ) ;
#1413 = CYLINDRICAL_SURFACE ( 'NONE', #1165, 1.500000000000004885 ) ;
#1414 = CIRCLE ( 'NONE', #472, 1.500000000000011768 ) ;
#1415 = AXIS2_PLACEMENT_3D ( 'NONE', #1684, #821, #1377 ) ;
#1416 = EDGE_CURVE ( 'NONE', #23, #597, #134, .T. ) ;
#1417 = CIRCLE ( 'NONE', #613, 1.499999999999997780 ) ;
#1418 = DIRECTION ( 'NONE',  ( -0.000000000000000000, -1.000000000000000000, -0.000000000000000000 ) ) ;
#1419 = DIRECTION ( 'NONE',  ( 0.000000000000000000, 0.000000000000000000, -1.000000000000000000 ) ) ;
#1420 = VERTEX_POINT ( 'NONE', #698 ) ;
#1421 = AXIS2_PLACEMENT_3D ( 'NONE', #492, #1305, #331 ) ;
#1422 = EDGE_LOOP ( 'NONE', ( #930, #1309, #569, #565 ) ) ;
#1423 = ORIENTED_EDGE ( 'NONE', *, *, #325, .F. ) ;
#1424 = ORIENTED_EDGE ( 'NONE', *, *, #1388, .F. ) ;
#1425 = EDGE_CURVE ( 'NONE', #1677, #1184, #1432, .T. ) ;
#1426 = VERTEX_POINT ( 'NONE', #852 ) ;
#1427 = LINE ( 'NONE', #1028, #1678 ) ;
#1428 = VERTEX_POINT ( 'NONE', #1254 ) ;
#1429 = VERTEX_POINT ( 'NONE', #429 ) ;
#1430 = DIRECTION ( 'NONE',  ( 1.000000000000000000, 0.000000000000000000, 0.000000000000000000 ) ) ;
#1431 = CARTESIAN_POINT ( 'NONE',  ( 26.00000000000001421, 3.000000000000000000, -20.99999999999999645 ) ) ;
#1432 = LINE ( 'NONE', #1552, #296 ) ;
#1433 = CYLINDRICAL_SURFACE ( 'NONE', #1706, 5.000000000000000888 ) ;
#1434 = LINE ( 'NONE', #1698, #140 ) ;
#1435 = DIRECTION ( 'NONE',  ( 0.000000000000000000, 0.000000000000000000, -1.000000000000000000 ) ) ;
#1436 = EDGE_LOOP ( 'NONE', ( #1639, #873, #1214, #486 ) ) ;
#1437 = CARTESIAN_POINT ( 'NONE',  ( 26.00000000000001421, 3.000000000000000000, 20.99999999999999645 ) ) ;
#1438 = CARTESIAN_POINT ( 'NONE',  ( 28.50000000000001421, 3.000000000000000000, 11.50000000000000533 ) ) ;
#1439 = VERTEX_POINT ( 'NONE', #994 ) ;
#1440 = CARTESIAN_POINT ( 'NONE',  ( -26.00000000000001421, 3.000000000000000000, -21.99999999999999289 ) ) ;
#1441 = ORIENTED_EDGE ( 'NONE', *, *, #379, .F. ) ;
#1442 = CARTESIAN_POINT ( 'NONE',  ( 1.301042606982605321E-15, -3.000000000000000000, 9.500000000000000000 ) ) ;
#1443 = EDGE_LOOP ( 'NONE', ( #1474, #435, #1141, #956 ) ) ;
#1444 = ADVANCED_FACE ( 'NONE', ( #718 ), #847, .F. ) ;
#1445 = CARTESIAN_POINT ( 'NONE',  ( -30.99999999999998579, 3.000000000000000000, -20.99999999999999289 ) ) ;
#1446 = ORIENTED_EDGE ( 'NONE', *, *, #601, .F. ) ;
#1447 = CIRCLE ( 'NONE', #1191, 5.000000000000000888 ) ;
#1448 = VECTOR ( 'NONE', #739, 1000.000000000000000 ) ;
#1449 = CIRCLE ( 'NONE', #791, 5.000000000000000888 ) ;
#1450 = CARTESIAN_POINT ( 'NONE',  ( 0.000000000000000000, 3.000000000000000000, 0.000000000000000000 ) ) ;
#1451 = VECTOR ( 'NONE', #755, 1000.000000000000000 ) ;
#1452 = ORIENTED_EDGE ( 'NONE', *, *, #548, .F. ) ;
#1453 = CARTESIAN_POINT ( 'NONE',  ( -25.99999999999998579, 3.000000000000000000, 20.99999999999999645 ) ) ;
#1454 = AXIS2_PLACEMENT_3D ( 'NONE', #51, #1563, #600 ) ;
#1455 =( NAMED_UNIT ( * ) SI_UNIT ( $, .STERADIAN. ) SOLID_ANGLE_UNIT ( ) );
#1456 = FACE_OUTER_BOUND ( 'NONE', #69, .T. ) ;
#1457 = EDGE_LOOP ( 'NONE', ( #1795, #1636, #432, #138, #562, #877, #935, #108, #750, #683, #170, #1743, #285, #314, #701, #1142, #1691, #1068, #282, #783 ) ) ;
#1458 = LINE ( 'NONE', #603, #53 ) ;
#1459 = CARTESIAN_POINT ( 'NONE',  ( 28.50000000000001421, 3.000000000000000000, -10.00000000000000000 ) ) ;
#1460 = EDGE_LOOP ( 'NONE', ( #1727, #1136, #1780, #1541 ) ) ;
#1461 = ADVANCED_FACE ( 'NONE', ( #12 ), #1413, .F. ) ;
#1462 = DIRECTION ( 'NONE',  ( 0.000000000000000000, -1.000000000000000000, 0.000000000000000000 ) ) ;
#1463 = ORIENTED_EDGE ( 'NONE', *, *, #1740, .F. ) ;
#1464 = DIRECTION ( 'NONE',  ( 0.000000000000000000, 0.000000000000000000, -1.000000000000000000 ) ) ;
#1465 = DIRECTION ( 'NONE',  ( 0.000000000000000000, 0.000000000000000000, -1.000000000000000000 ) ) ;
#1466 = EDGE_CURVE ( 'NONE', #575, #834, #965, .T. ) ;
#1467 = VERTEX_POINT ( 'NONE', #253 ) ;
#1468 = EDGE_CURVE ( 'NONE', #1620, #888, #1772, .T. ) ;
#1469 = DIRECTION ( 'NONE',  ( -0.000000000000000000, -1.000000000000000000, 0.000000000000000000 ) ) ;
#1470 = EDGE_CURVE ( 'NONE', #754, #1093, #1623, .T. ) ;
#1471 = AXIS2_PLACEMENT_3D ( 'NONE', #1527, #132, #1356 ) ;
#1472 = CARTESIAN_POINT ( 'NONE',  ( 1.484739626854708240E-15, 3.000000000000000000, 6.500000000000000888 ) ) ;
#1473 = AXIS2_PLACEMENT_3D ( 'NONE', #1292, #25, #36 ) ;
#1474 = ORIENTED_EDGE ( 'NONE', *, *, #991, .F. ) ;
#1475 = CARTESIAN_POINT ( 'NONE',  ( 0.000000000000000000, -3.000000000000000000, 2.500000000000000000 ) ) ;
#1476 = AXIS2_PLACEMENT_3D ( 'NONE', #579, #137, #1120 ) ;
#1477 = CARTESIAN_POINT ( 'NONE',  ( -2.499838491220988049E-16, -3.000000000000000000, -9.500000000000000000 ) ) ;
#1478 = DIRECTION ( 'NONE',  ( 0.000000000000000000, -1.000000000000000000, 0.000000000000000000 ) ) ;
#1479 = VERTEX_POINT ( 'NONE', #1547 ) ;
#1480 = AXIS2_PLACEMENT_3D ( 'NONE', #139, #713, #1753 ) ;
#1481 = CARTESIAN_POINT ( 'NONE',  ( -28.50000000000001421, -3.000000000000000000, -8.499999999999989342 ) ) ;
#1482 = CARTESIAN_POINT ( 'NONE',  ( -9.500000000000008882, -3.000000000000000000, -25.99999999999999645 ) ) ;
#1483 = CIRCLE ( 'NONE', #862, 5.000000000000000888 ) ;
#1484 = LINE ( 'NONE', #211, #257 ) ;
#1485 = CIRCLE ( 'NONE', #992, 2.500000000000000000 ) ;
#1486 = DIRECTION ( 'NONE',  ( 0.000000000000000000, 0.000000000000000000, 1.000000000000000000 ) ) ;
#1487 = VERTEX_POINT ( 'NONE', #264 ) ;
#1488 = DIRECTION ( 'NONE',  ( 1.000000000000000000, 0.000000000000000000, 0.000000000000000000 ) ) ;
#1489 = DIRECTION ( 'NONE',  ( -0.000000000000000000, 1.000000000000000000, -0.000000000000000000 ) ) ;
#1490 = DIRECTION ( 'NONE',  ( 0.000000000000000000, 0.000000000000000000, 1.000000000000000000 ) ) ;
#1491 = ORIENTED_EDGE ( 'NONE', *, *, #589, .T. ) ;
#1492 = DIRECTION ( 'NONE',  ( 0.000000000000000000, -0.000000000000000000, -1.000000000000000000 ) ) ;
#1493 = CYLINDRICAL_SURFACE ( 'NONE', #232, 1.499999999999997780 ) ;
#1494 = DIRECTION ( 'NONE',  ( 0.000000000000000000, 0.000000000000000000, -1.000000000000000000 ) ) ;
#1495 = ORIENTED_EDGE ( 'NONE', *, *, #325, .T. ) ;
#1496 = DIRECTION ( 'NONE',  ( -1.000000000000000000, 0.000000000000000000, -1.613696256722610912E-16 ) ) ;
#1497 = VERTEX_POINT ( 'NONE', #1679 ) ;
#1498 = CARTESIAN_POINT ( 'NONE',  ( -25.99999999999998579, 3.000000000000000000, 20.99999999999999645 ) ) ;
#1499 = EDGE_CURVE ( 'NONE', #828, #1337, #1483, .T. ) ;
#1500 = LINE ( 'NONE', #1779, #236 ) ;
#1501 = EDGE_LOOP ( 'NONE', ( #989, #14 ) ) ;
#1502 = EDGE_CURVE ( 'NONE', #1113, #997, #393, .T. ) ;
#1503 = DIRECTION ( 'NONE',  ( 0.000000000000000000, 0.000000000000000000, -1.000000000000000000 ) ) ;
#1504 = ORIENTED_EDGE ( 'NONE', *, *, #850, .T. ) ;
#1505 = CARTESIAN_POINT ( 'NONE',  ( 1.301042606982605321E-15, -3.000000000000000000, 8.000000000000000000 ) ) ;
#1506 = CARTESIAN_POINT ( 'NONE',  ( -9.500000000000008882, 3.000000000000000000, -12.50000000000000000 ) ) ;
#1507 = DIRECTION ( 'NONE',  ( 0.000000000000000000, 0.000000000000000000, -1.000000000000000000 ) ) ;
#1508 = DIRECTION ( 'NONE',  ( -1.000000000000000000, 0.000000000000000000, 2.759787348144921408E-16 ) ) ;
#1509 = CARTESIAN_POINT ( 'NONE',  ( -25.99999999999998579, 3.000000000000000000, -26.00000000000000000 ) ) ;
#1510 = ORIENTED_EDGE ( 'NONE', *, *, #1702, .F. ) ;
#1511 = EDGE_CURVE ( 'NONE', #330, #281, #1336, .T. ) ;
#1512 = DIRECTION ( 'NONE',  ( 0.000000000000000000, -1.000000000000000000, 0.000000000000000000 ) ) ;
#1513 = PLANE ( 'NONE',  #887 ) ;
#1514 = ORIENTED_EDGE ( 'NONE', *, *, #1740, .T. ) ;
#1515 = CARTESIAN_POINT ( 'NONE',  ( 14.50000000000000888, 3.000000000000000000, 25.99999999999999645 ) ) ;
#1516 = VECTOR ( 'NONE', #1341, 1000.000000000000000 ) ;
#1517 = CARTESIAN_POINT ( 'NONE',  ( 26.00000000000001421, 3.000000000000000000, -26.00000000000000000 ) ) ;
#1518 = DIRECTION ( 'NONE',  ( 1.000000000000000000, -0.000000000000000000, -1.613696256722610912E-16 ) ) ;
#1519 = VECTOR ( 'NONE', #609, 1000.000000000000000 ) ;
#1520 = EDGE_CURVE ( 'NONE', #540, #1184, #961, .T. ) ;
#1521 = AXIS2_PLACEMENT_3D ( 'NONE', #1608, #327, #200 ) ;
#1522 = CARTESIAN_POINT ( 'NONE',  ( 26.00000000000001421, 3.000000000000000000, 20.99999999999999645 ) ) ;
#1523 = DIRECTION ( 'NONE',  ( -0.000000000000000000, 1.000000000000000000, -0.000000000000000000 ) ) ;
#1524 = PLANE ( 'NONE',  #527 ) ;
#1525 = ORIENTED_EDGE ( 'NONE', *, *, #894, .T. ) ;
#1526 = DIRECTION ( 'NONE',  ( 0.000000000000000000, 0.000000000000000000, 1.000000000000000000 ) ) ;
#1527 = CARTESIAN_POINT ( 'NONE',  ( -4.336808689942017736E-16, 3.000000000000000000, -8.000000000000000000 ) ) ;
#1528 = CARTESIAN_POINT ( 'NONE',  ( -26.00000000000001421, -3.000000000000000000, 21.99999999999999289 ) ) ;
#1529 = ORIENTED_EDGE ( 'NONE', *, *, #1019, .T. ) ;
#1530 = DIRECTION ( 'NONE',  ( -1.000000000000000000, -0.000000000000000000, 0.000000000000000000 ) ) ;
#1531 = FACE_BOUND ( 'NONE', #1004, .T. ) ;
#1532 = ORIENTED_EDGE ( 'NONE', *, *, #319, .F. ) ;
#1533 = DIRECTION ( 'NONE',  ( 0.000000000000000000, 0.000000000000000000, -1.000000000000000000 ) ) ;
#1534 = CARTESIAN_POINT ( 'NONE',  ( 12.00000000000001421, 3.000000000000000000, -10.00000000000000000 ) ) ;
#1535 = FACE_OUTER_BOUND ( 'NONE', #1539, .T. ) ;
#1536 = DIRECTION ( 'NONE',  ( 0.000000000000000000, 0.000000000000000000, 1.000000000000000000 ) ) ;
#1537 = ORIENTED_EDGE ( 'NONE', *, *, #402, .F. ) ;
#1538 = CARTESIAN_POINT ( 'NONE',  ( 9.500000000000008882, 3.000000000000000000, -25.99999999999999645 ) ) ;
#1539 = EDGE_LOOP ( 'NONE', ( #1163, #882, #1186, #1423 ) ) ;
#1540 = DIRECTION ( 'NONE',  ( -0.000000000000000000, -1.000000000000000000, -0.000000000000000000 ) ) ;
#1541 = ORIENTED_EDGE ( 'NONE', *, *, #303, .T. ) ;
#1542 = EDGE_CURVE ( 'NONE', #23, #6, #78, .T. ) ;
#1543 = CARTESIAN_POINT ( 'NONE',  ( 28.50000000000001421, 3.000000000000000000, 10.00000000000000000 ) ) ;
#1544 = CARTESIAN_POINT ( 'NONE',  ( 14.50000000000001243, -3.000000000000000000, 21.99999999999999289 ) ) ;
#1545 = ADVANCED_FACE ( 'NONE', ( #951 ), #248, .F. ) ;
#1546 = ORIENTED_EDGE ( 'NONE', *, *, #1297, .T. ) ;
#1547 = CARTESIAN_POINT ( 'NONE',  ( -12.00000000000002842, 3.000000000000000000, 11.49999999999998934 ) ) ;
#1548 = AXIS2_PLACEMENT_3D ( 'NONE', #223, #1668, #530 ) ;
#1549 = DIRECTION ( 'NONE',  ( 0.000000000000000000, -1.000000000000000000, 0.000000000000000000 ) ) ;
#1550 = ORIENTED_EDGE ( 'NONE', *, *, #999, .F. ) ;
#1551 = DIRECTION ( 'NONE',  ( 0.000000000000000000, 0.000000000000000000, -1.000000000000000000 ) ) ;
#1552 = CARTESIAN_POINT ( 'NONE',  ( 31.00000000000001421, 3.000000000000000000, -20.99999999999999645 ) ) ;
#1553 = VECTOR ( 'NONE', #561, 1000.000000000000000 ) ;
#1554 = ADVANCED_FACE ( 'NONE', ( #671 ), #1663, .T. ) ;
#1555 = FACE_OUTER_BOUND ( 'NONE', #1127, .T. ) ;
#1556 = ADVANCED_FACE ( 'NONE', ( #254, #1385, #1185, #1625, #1778, #1358, #510, #1071, #1760, #811, #656, #1809, #827, #1217 ), #1633, .F. ) ;
#1557 = CARTESIAN_POINT ( 'NONE',  ( 1.301042606982605321E-15, -3.000000000000000000, 8.000000000000000000 ) ) ;
#1558 = CARTESIAN_POINT ( 'NONE',  ( 26.00000000000001421, 3.000000000000000000, -20.99999999999999645 ) ) ;
#1559 = EDGE_LOOP ( 'NONE', ( #1754, #1211 ) ) ;
#1560 = ORIENTED_EDGE ( 'NONE', *, *, #594, .F. ) ;
#1561 = CARTESIAN_POINT ( 'NONE',  ( 12.00000000000001421, 3.000000000000000000, 11.50000000000001243 ) ) ;
#1562 = ORIENTED_EDGE ( 'NONE', *, *, #782, .F. ) ;
#1563 = DIRECTION ( 'NONE',  ( -1.000000000000000000, 0.000000000000000000, 0.000000000000000000 ) ) ;
#1564 = ORIENTED_EDGE ( 'NONE', *, *, #896, .F. ) ;
#1565 = DIRECTION ( 'NONE',  ( 1.000000000000000000, 0.000000000000000000, 0.000000000000000000 ) ) ;
#1566 = ORIENTED_EDGE ( 'NONE', *, *, #1349, .T. ) ;
#1567 = CARTESIAN_POINT ( 'NONE',  ( -30.99999999999998579, -3.000000000000000000, 20.99999999999999645 ) ) ;
#1568 = VECTOR ( 'NONE', #807, 1000.000000000000000 ) ;
#1569 = DIRECTION ( 'NONE',  ( 0.000000000000000000, 1.000000000000000000, 0.000000000000000000 ) ) ;
#1570 = DIRECTION ( 'NONE',  ( -0.000000000000000000, 1.000000000000000000, -0.000000000000000000 ) ) ;
#1571 = EDGE_CURVE ( 'NONE', #1285, #540, #1138, .T. ) ;
#1572 = VECTOR ( 'NONE', #34, 1000.000000000000000 ) ;
#1573 = DIRECTION ( 'NONE',  ( -0.000000000000000000, 1.000000000000000000, -0.000000000000000000 ) ) ;
#1574 = VECTOR ( 'NONE', #294, 1000.000000000000000 ) ;
#1575 = ORIENTED_EDGE ( 'NONE', *, *, #896, .T. ) ;
#1576 = CARTESIAN_POINT ( 'NONE',  ( 9.500000000000008882, 3.000000000000000000, -25.99999999999999645 ) ) ;
#1577 = EDGE_CURVE ( 'NONE', #1093, #153, #91, .T. ) ;
#1578 = ORIENTED_EDGE ( 'NONE', *, *, #1238, .F. ) ;
#1579 = CARTESIAN_POINT ( 'NONE',  ( 31.00000000000001421, 3.000000000000000000, -21.00000000000000000 ) ) ;
#1580 = ORIENTED_EDGE ( 'NONE', *, *, #1665, .T. ) ;
#1581 = DIRECTION ( 'NONE',  ( -1.000000000000000000, -0.000000000000000000, -0.000000000000000000 ) ) ;
#1582 = DIRECTION ( 'NONE',  ( 0.000000000000000000, -1.000000000000000000, 0.000000000000000000 ) ) ;
#1583 = ORIENTED_EDGE ( 'NONE', *, *, #902, .F. ) ;
#1584 =( LENGTH_UNIT ( ) NAMED_UNIT ( * ) SI_UNIT ( .MILLI., .METRE. ) );
#1585 = ADVANCED_FACE ( 'NONE', ( #788 ), #1352, .F. ) ;
#1586 = ORIENTED_EDGE ( 'NONE', *, *, #433, .T. ) ;
#1587 = EDGE_CURVE ( 'NONE', #774, #1322, #1114, .T. ) ;
#1588 = CARTESIAN_POINT ( 'NONE',  ( -14.50000000000000000, -3.000000000000000000, -21.99999999999999289 ) ) ;
#1589 = ORIENTED_EDGE ( 'NONE', *, *, #1611, .T. ) ;
#1590 = EDGE_CURVE ( 'NONE', #616, #1497, #714, .T. ) ;
#1591 = DIRECTION ( 'NONE',  ( -1.000000000000000000, 0.000000000000000000, 0.000000000000000000 ) ) ;
#1592 = LINE ( 'NONE', #467, #1519 ) ;
#1593 = ORIENTED_EDGE ( 'NONE', *, *, #1798, .F. ) ;
#1594 = CARTESIAN_POINT ( 'NONE',  ( 26.00000000000001421, -3.000000000000000000, -26.00000000000000000 ) ) ;
#1595 = ORIENTED_EDGE ( 'NONE', *, *, #1083, .F. ) ;
#1596 = VECTOR ( 'NONE', #1655, 1000.000000000000000 ) ;
#1597 = AXIS2_PLACEMENT_3D ( 'NONE', #626, #748, #312 ) ;
#1598 = ORIENTED_EDGE ( 'NONE', *, *, #1627, .F. ) ;
#1599 = AXIS2_PLACEMENT_3D ( 'NONE', #366, #797, #1486 ) ;
#1600 = CYLINDRICAL_SURFACE ( 'NONE', #1193, 5.000000000000000888 ) ;
#1601 = AXIS2_PLACEMENT_3D ( 'NONE', #1401, #1262, #1688 ) ;
#1602 = EDGE_CURVE ( 'NONE', #1131, #787, #47, .T. ) ;
#1603 = ORIENTED_EDGE ( 'NONE', *, *, #767, .T. ) ;
#1604 = ORIENTED_EDGE ( 'NONE', *, *, #1104, .T. ) ;
#1605 = DIRECTION ( 'NONE',  ( 0.000000000000000000, 0.000000000000000000, 1.000000000000000000 ) ) ;
#1606 = DIRECTION ( 'NONE',  ( 1.000000000000000000, -0.000000000000000000, -0.000000000000000000 ) ) ;
#1607 = ORIENTED_EDGE ( 'NONE', *, *, #213, .T. ) ;
#1608 = CARTESIAN_POINT ( 'NONE',  ( 28.50000000000001421, 3.000000000000000000, 10.00000000000000000 ) ) ;
#1609 = EDGE_LOOP ( 'NONE', ( #1537, #1593, #1101, #1532 ) ) ;
#1610 = VERTEX_POINT ( 'NONE', #198 ) ;
#1611 = EDGE_CURVE ( 'NONE', #148, #814, #606, .T. ) ;
#1612 = CARTESIAN_POINT ( 'NONE',  ( 31.00000000000001421, -3.000000000000000000, 20.99999999999999645 ) ) ;
#1613 = VERTEX_POINT ( 'NONE', #478 ) ;
#1614 = DIRECTION ( 'NONE',  ( 0.000000000000000000, -1.000000000000000000, 0.000000000000000000 ) ) ;
#1615 = CARTESIAN_POINT ( 'NONE',  ( -4.336808689942017736E-16, -3.000000000000000000, -8.000000000000000000 ) ) ;
#1616 = AXIS2_PLACEMENT_3D ( 'NONE', #466, #1742, #485 ) ;
#1617 = DIRECTION ( 'NONE',  ( 0.000000000000000000, 0.000000000000000000, -1.000000000000000000 ) ) ;
#1618 = EDGE_LOOP ( 'NONE', ( #1173, #297 ) ) ;
#1619 = AXIS2_PLACEMENT_3D ( 'NONE', #977, #845, #266 ) ;
#1620 = VERTEX_POINT ( 'NONE', #1046 ) ;
#1621 = VECTOR ( 'NONE', #1518, 1000.000000000000000 ) ;
#1622 = DIRECTION ( 'NONE',  ( 0.000000000000000000, 0.000000000000000000, -1.000000000000000000 ) ) ;
#1623 = CIRCLE ( 'NONE', #533, 1.500000000000011768 ) ;
#1624 = DIRECTION ( 'NONE',  ( -0.000000000000000000, -1.000000000000000000, -0.000000000000000000 ) ) ;
#1625 = FACE_BOUND ( 'NONE', #322, .T. ) ;
#1626 = ORIENTED_EDGE ( 'NONE', *, *, #691, .F. ) ;
#1627 = EDGE_CURVE ( 'NONE', #1300, #1683, #1351, .T. ) ;
#1628 = DIRECTION ( 'NONE',  ( 0.000000000000000000, 1.000000000000000000, 0.000000000000000000 ) ) ;
#1629 = ORIENTED_EDGE ( 'NONE', *, *, #691, .T. ) ;
#1630 = FACE_OUTER_BOUND ( 'NONE', #817, .T. ) ;
#1631 = EDGE_LOOP ( 'NONE', ( #484, #110, #1495, #737 ) ) ;
#1632 = EDGE_CURVE ( 'NONE', #45, #1325, #83, .T. ) ;
#1633 = PLANE ( 'NONE',  #692 ) ;
#1634 = CARTESIAN_POINT ( 'NONE',  ( 26.00000000000001421, 3.000000000000000000, -21.99999999999999289 ) ) ;
#1635 = CARTESIAN_POINT ( 'NONE',  ( 28.50000000000001421, -3.000000000000000000, 11.50000000000000533 ) ) ;
#1636 = ORIENTED_EDGE ( 'NONE', *, *, #443, .T. ) ;
#1637 = CARTESIAN_POINT ( 'NONE',  ( -14.50000000000000000, -3.000000000000000000, -21.99999999999999289 ) ) ;
#1638 = DIRECTION ( 'NONE',  ( 0.000000000000000000, -1.000000000000000000, 0.000000000000000000 ) ) ;
#1639 = ORIENTED_EDGE ( 'NONE', *, *, #1252, .F. ) ;
#1640 = DIRECTION ( 'NONE',  ( 0.000000000000000000, -1.000000000000000000, 0.000000000000000000 ) ) ;
#1641 = DIRECTION ( 'NONE',  ( 0.000000000000000000, 0.000000000000000000, -1.000000000000000000 ) ) ;
#1642 = EDGE_CURVE ( 'NONE', #888, #1620, #1040, .T. ) ;
#1643 = CARTESIAN_POINT ( 'NONE',  ( 1.301042606982605321E-15, -3.000000000000000000, 8.000000000000000000 ) ) ;
#1644 = FACE_OUTER_BOUND ( 'NONE', #1021, .T. ) ;
#1645 = CIRCLE ( 'NONE', #1108, 5.000000000000000888 ) ;
#1646 = VECTOR ( 'NONE', #454, 1000.000000000000000 ) ;
#1647 = DIRECTION ( 'NONE',  ( 1.000000000000000000, 0.000000000000000000, 0.000000000000000000 ) ) ;
#1648 = DIRECTION ( 'NONE',  ( 0.000000000000000000, 0.000000000000000000, 1.000000000000000000 ) ) ;
#1649 = DIRECTION ( 'NONE',  ( -1.000000000000000000, 0.000000000000000000, 1.613696256722610912E-16 ) ) ;
#1650 = EDGE_LOOP ( 'NONE', ( #1546, #41, #114, #1044, #623, #308, #1788, #901, #872, #166, #1298, #1409, #255, #772, #1669, #306, #1750, #582, #506, #161 ) ) ;
#1651 = CARTESIAN_POINT ( 'NONE',  ( 26.00000000000001421, -3.000000000000000000, 21.99999999999999289 ) ) ;
#1652 = AXIS2_PLACEMENT_3D ( 'NONE', #502, #1582, #463 ) ;
#1653 = DIRECTION ( 'NONE',  ( 0.000000000000000000, 0.000000000000000000, -1.000000000000000000 ) ) ;
#1654 = AXIS2_PLACEMENT_3D ( 'NONE', #461, #201, #1302 ) ;
#1655 = DIRECTION ( 'NONE',  ( -0.000000000000000000, -1.000000000000000000, -0.000000000000000000 ) ) ;
#1656 = CIRCLE ( 'NONE', #953, 1.500000000000004885 ) ;
#1657 = CARTESIAN_POINT ( 'NONE',  ( 26.00000000000001421, 3.000000000000000000, 0.000000000000000000 ) ) ;
#1658 = AXIS2_PLACEMENT_3D ( 'NONE', #665, #1790, #1653 ) ;
#1659 = CARTESIAN_POINT ( 'NONE',  ( -14.50000000000000888, 3.000000000000000000, -25.99999999999999645 ) ) ;
#1660 = ORIENTED_EDGE ( 'NONE', *, *, #1264, .F. ) ;
#1661 = DIRECTION ( 'NONE',  ( -0.000000000000000000, 1.000000000000000000, -0.000000000000000000 ) ) ;
#1662 = EDGE_CURVE ( 'NONE', #754, #1487, #352, .T. ) ;
#1663 = PLANE ( 'NONE',  #146 ) ;
#1664 = ORIENTED_EDGE ( 'NONE', *, *, #915, .T. ) ;
#1665 = EDGE_CURVE ( 'NONE', #1777, #1467, #651, .T. ) ;
#1666 = CARTESIAN_POINT ( 'NONE',  ( 12.00000000000001421, 3.000000000000000000, 8.499999999999989342 ) ) ;
#1667 = FILL_AREA_STYLE ('',( #15 ) ) ;
#1668 = DIRECTION ( 'NONE',  ( 0.000000000000000000, 0.000000000000000000, 1.000000000000000000 ) ) ;
#1669 = ORIENTED_EDGE ( 'NONE', *, *, #154, .T. ) ;
#1670 = ORIENTED_EDGE ( 'NONE', *, *, #9, .F. ) ;
#1671 = ADVANCED_FACE ( 'NONE', ( #1378 ), #377, .F. ) ;
#1672 = DIRECTION ( 'NONE',  ( 0.000000000000000000, 0.000000000000000000, -1.000000000000000000 ) ) ;
#1673 = LINE ( 'NONE', #127, #1735 ) ;
#1674 = CARTESIAN_POINT ( 'NONE',  ( -9.500000000000008882, -3.000000000000000000, 25.99999999999999645 ) ) ;
#1675 = CARTESIAN_POINT ( 'NONE',  ( 26.00000000000001421, -3.000000000000000000, 21.99999999999999289 ) ) ;
#1676 = EDGE_CURVE ( 'NONE', #1316, #729, #1022, .T. ) ;
#1677 = VERTEX_POINT ( 'NONE', #620 ) ;
#1678 = VECTOR ( 'NONE', #1565, 1000.000000000000000 ) ;
#1679 = CARTESIAN_POINT ( 'NONE',  ( 14.50000000000000888, -3.000000000000000000, -25.99999999999999645 ) ) ;
#1680 = PLANE ( 'NONE',  #1454 ) ;
#1681 = AXIS2_PLACEMENT_3D ( 'NONE', #1119, #1001, #286 ) ;
#1682 = ADVANCED_FACE ( 'NONE', ( #67 ), #1095, .T. ) ;
#1683 = VERTEX_POINT ( 'NONE', #627 ) ;
#1684 = CARTESIAN_POINT ( 'NONE',  ( 26.00000000000001421, -3.000000000000000000, 21.99999999999999289 ) ) ;
#1685 = CYLINDRICAL_SURFACE ( 'NONE', #1480, 1.499999999999996225 ) ;
#1686 = ORIENTED_EDGE ( 'NONE', *, *, #375, .F. ) ;
#1687 = LINE ( 'NONE', #1774, #763 ) ;
#1688 = DIRECTION ( 'NONE',  ( 0.000000000000000000, 0.000000000000000000, -1.000000000000000000 ) ) ;
#1689 = EDGE_CURVE ( 'NONE', #65, #1467, #208, .T. ) ;
#1690 = CARTESIAN_POINT ( 'NONE',  ( -4.336808689942017736E-16, -3.000000000000000000, -8.000000000000000000 ) ) ;
#1691 = ORIENTED_EDGE ( 'NONE', *, *, #1033, .T. ) ;
#1692 = ORIENTED_EDGE ( 'NONE', *, *, #907, .F. ) ;
#1693 = EDGE_CURVE ( 'NONE', #540, #451, #1327, .T. ) ;
#1694 = CARTESIAN_POINT ( 'NONE',  ( -26.00000000000001421, -3.000000000000000000, 21.99999999999999289 ) ) ;
#1695 = CARTESIAN_POINT ( 'NONE',  ( 12.00000000000001421, -3.000000000000000000, 11.50000000000001243 ) ) ;
#1696 = ORIENTED_EDGE ( 'NONE', *, *, #1577, .F. ) ;
#1697 = FACE_OUTER_BOUND ( 'NONE', #188, .T. ) ;
#1698 = CARTESIAN_POINT ( 'NONE',  ( -30.99999999999998579, 3.000000000000000000, -12.50000000000000000 ) ) ;
#1699 = EDGE_LOOP ( 'NONE', ( #22, #1103 ) ) ;
#1700 = DIRECTION ( 'NONE',  ( 0.000000000000000000, 0.000000000000000000, -1.000000000000000000 ) ) ;
#1701 = AXIS2_PLACEMENT_3D ( 'NONE', #1694, #1366, #1228 ) ;
#1702 = EDGE_CURVE ( 'NONE', #1764, #65, #1106, .T. ) ;
#1703 = AXIS2_PLACEMENT_3D ( 'NONE', #1102, #1394, #1435 ) ;
#1704 = CIRCLE ( 'NONE', #262, 5.000000000000000888 ) ;
#1705 = EDGE_LOOP ( 'NONE', ( #1107, #1629, #145, #1660 ) ) ;
#1706 = AXIS2_PLACEMENT_3D ( 'NONE', #482, #1321, #333 ) ;
#1707 = VERTEX_POINT ( 'NONE', #1472 ) ;
#1708 = CIRCLE ( 'NONE', #563, 1.500000000000004885 ) ;
#1709 = ORIENTED_EDGE ( 'NONE', *, *, #782, .T. ) ;
#1710 = ORIENTED_EDGE ( 'NONE', *, *, #1767, .F. ) ;
#1711 = EDGE_LOOP ( 'NONE', ( #1237, #1768, #104, #332 ) ) ;
#1712 = VERTEX_POINT ( 'NONE', #426 ) ;
#1713 = LINE ( 'NONE', #576, #1572 ) ;
#1714 = EDGE_CURVE ( 'NONE', #997, #945, #958, .T. ) ;
#1715 = CARTESIAN_POINT ( 'NONE',  ( -9.500000000000008882, -3.000000000000000000, 12.50000000000000000 ) ) ;
#1716 = ORIENTED_EDGE ( 'NONE', *, *, #779, .F. ) ;
#1717 = CARTESIAN_POINT ( 'NONE',  ( 3.061616997868383141E-16, -3.000000000000000000, -2.500000000000000000 ) ) ;
#1718 = DIRECTION ( 'NONE',  ( -0.000000000000000000, -1.000000000000000000, -0.000000000000000000 ) ) ;
#1719 = APPLICATION_CONTEXT ( 'automotive_design' ) ;
#1720 = ORIENTED_EDGE ( 'NONE', *, *, #1100, .F. ) ;
#1721 = CARTESIAN_POINT ( 'NONE',  ( 26.00000000000001421, -3.000000000000000000, 21.99999999999999289 ) ) ;
#1722 = ORIENTED_EDGE ( 'NONE', *, *, #1272, .T. ) ;
#1723 = CARTESIAN_POINT ( 'NONE',  ( 12.00000000000001421, 3.000000000000000000, -8.500000000000003553 ) ) ;
#1724 = DIRECTION ( 'NONE',  ( -0.000000000000000000, 0.000000000000000000, 1.000000000000000000 ) ) ;
#1725 = EDGE_LOOP ( 'NONE', ( #97, #1154 ) ) ;
#1726 = CARTESIAN_POINT ( 'NONE',  ( 26.00000000000001421, -3.000000000000000000, -20.99999999999999645 ) ) ;
#1727 = ORIENTED_EDGE ( 'NONE', *, *, #730, .T. ) ;
#1728 = DIRECTION ( 'NONE',  ( 0.000000000000000000, 0.000000000000000000, -1.000000000000000000 ) ) ;
#1729 = CIRCLE ( 'NONE', #946, 1.499999999999996225 ) ;
#1730 = CIRCLE ( 'NONE', #1471, 1.499999999999999556 ) ;
#1731 = VECTOR ( 'NONE', #975, 1000.000000000000000 ) ;
#1732 = AXIS2_PLACEMENT_3D ( 'NONE', #826, #1383, #940 ) ;
#1733 = CARTESIAN_POINT ( 'NONE',  ( -28.50000000000001421, 3.000000000000000000, -10.00000000000000000 ) ) ;
#1734 = ORIENTED_EDGE ( 'NONE', *, *, #171, .F. ) ;
#1735 = VECTOR ( 'NONE', #120, 1000.000000000000000 ) ;
#1736 = DIRECTION ( 'NONE',  ( -0.000000000000000000, 1.000000000000000000, -0.000000000000000000 ) ) ;
#1737 = DIRECTION ( 'NONE',  ( -0.000000000000000000, -1.000000000000000000, -0.000000000000000000 ) ) ;
#1738 = VECTOR ( 'NONE', #702, 1000.000000000000000 ) ;
#1739 = ORIENTED_EDGE ( 'NONE', *, *, #459, .T. ) ;
#1740 = EDGE_CURVE ( 'NONE', #1777, #1764, #1485, .T. ) ;
#1741 = CARTESIAN_POINT ( 'NONE',  ( -26.00000000000001421, -3.000000000000000000, 21.99999999999999289 ) ) ;
#1742 = DIRECTION ( 'NONE',  ( -0.000000000000000000, 1.000000000000000000, -0.000000000000000000 ) ) ;
#1743 = ORIENTED_EDGE ( 'NONE', *, *, #1590, .T. ) ;
#1744 = DIRECTION ( 'NONE',  ( -0.000000000000000000, 1.000000000000000000, -0.000000000000000000 ) ) ;
#1745 = ORIENTED_EDGE ( 'NONE', *, *, #1360, .F. ) ;
#1746 = CARTESIAN_POINT ( 'NONE',  ( -30.99999999999998579, -3.000000000000000000, 12.50000000000000000 ) ) ;
#1747 = FACE_OUTER_BOUND ( 'NONE', #185, .T. ) ;
#1748 = LINE ( 'NONE', #1334, #1158 ) ;
#1749 = CARTESIAN_POINT ( 'NONE',  ( -9.500000000000008882, 3.000000000000000000, 25.99999999999999645 ) ) ;
#1750 = ORIENTED_EDGE ( 'NONE', *, *, #1123, .T. ) ;
#1751 = CARTESIAN_POINT ( 'NONE',  ( -12.00000000000002842, 3.000000000000000000, 8.499999999999992895 ) ) ;
#1752 = FACE_OUTER_BOUND ( 'NONE', #374, .T. ) ;
#1753 = DIRECTION ( 'NONE',  ( 0.000000000000000000, 0.000000000000000000, -1.000000000000000000 ) ) ;
#1754 = ORIENTED_EDGE ( 'NONE', *, *, #596, .F. ) ;
#1755 = DIRECTION ( 'NONE',  ( 0.000000000000000000, 0.000000000000000000, 1.000000000000000000 ) ) ;
#1756 = EDGE_LOOP ( 'NONE', ( #135, #1027, #1784, #599 ) ) ;
#1757 = LINE ( 'NONE', #637, #1769 ) ;
#1758 = ADVANCED_FACE ( 'NONE', ( #1535 ), #1166, .T. ) ;
#1759 = ORIENTED_EDGE ( 'NONE', *, *, #1642, .F. ) ;
#1760 = FACE_OUTER_BOUND ( 'NONE', #1650, .T. ) ;
#1761 = AXIS2_PLACEMENT_3D ( 'NONE', #1459, #680, #194 ) ;
#1762 = DIRECTION ( 'NONE',  ( 0.000000000000000000, -1.000000000000000000, 0.000000000000000000 ) ) ;
#1763 = VECTOR ( 'NONE', #1622, 1000.000000000000000 ) ;
#1764 = VERTEX_POINT ( 'NONE', #1041 ) ;
#1765 = VECTOR ( 'NONE', #122, 1000.000000000000000 ) ;
#1766 = FACE_BOUND ( 'NONE', #624, .T. ) ;
#1767 = EDGE_CURVE ( 'NONE', #337, #23, #334, .T. ) ;
#1768 = ORIENTED_EDGE ( 'NONE', *, *, #544, .F. ) ;
#1769 = VECTOR ( 'NONE', #518, 1000.000000000000000 ) ;
#1770 = DIRECTION ( 'NONE',  ( 0.000000000000000000, -0.000000000000000000, -1.000000000000000000 ) ) ;
#1771 = CARTESIAN_POINT ( 'NONE',  ( -9.500000000000008882, -3.000000000000000000, 20.99999999999998934 ) ) ;
#1772 = CIRCLE ( 'NONE', #57, 1.499999999999996225 ) ;
#1773 = FACE_OUTER_BOUND ( 'NONE', #410, .T. ) ;
#1774 = CARTESIAN_POINT ( 'NONE',  ( -9.500000000000008882, 3.000000000000000000, -25.99999999999999645 ) ) ;
#1775 = FACE_OUTER_BOUND ( 'NONE', #1782, .T. ) ;
#1776 = ORIENTED_EDGE ( 'NONE', *, *, #1067, .F. ) ;
#1777 = VERTEX_POINT ( 'NONE', #1475 ) ;
#1778 = FACE_BOUND ( 'NONE', #453, .T. ) ;
#1779 = CARTESIAN_POINT ( 'NONE',  ( -14.50000000000000000, -3.000000000000000000, -21.99999999999999289 ) ) ;
#1780 = ORIENTED_EDGE ( 'NONE', *, *, #1033, .F. ) ;
#1781 = CARTESIAN_POINT ( 'NONE',  ( 12.00000000000001421, -3.000000000000000000, -10.00000000000000000 ) ) ;
#1782 = EDGE_LOOP ( 'NONE', ( #686, #1011, #1293, #1241 ) ) ;
#1783 = DIRECTION ( 'NONE',  ( 0.000000000000000000, -1.000000000000000000, 0.000000000000000000 ) ) ;
#1784 = ORIENTED_EDGE ( 'NONE', *, *, #1632, .T. ) ;
#1785 = DIRECTION ( 'NONE',  ( 0.000000000000000000, 0.000000000000000000, -1.000000000000000000 ) ) ;
#1786 = VERTEX_POINT ( 'NONE', #1072 ) ;
#1787 = EDGE_CURVE ( 'NONE', #1497, #728, #351, .T. ) ;
#1788 = ORIENTED_EDGE ( 'NONE', *, *, #730, .F. ) ;
#1789 = DIRECTION ( 'NONE',  ( -0.000000000000000000, -0.000000000000000000, -1.000000000000000000 ) ) ;
#1790 = DIRECTION ( 'NONE',  ( -0.000000000000000000, -1.000000000000000000, -0.000000000000000000 ) ) ;
#1791 = FACE_OUTER_BOUND ( 'NONE', #1631, .T. ) ;
#1792 = DIRECTION ( 'NONE',  ( -0.000000000000000000, -1.000000000000000000, -0.000000000000000000 ) ) ;
#1793 = DIRECTION ( 'NONE',  ( -0.000000000000000000, 1.000000000000000000, -0.000000000000000000 ) ) ;
#1794 = DIRECTION ( 'NONE',  ( 0.000000000000000000, 0.000000000000000000, 1.000000000000000000 ) ) ;
#1795 = ORIENTED_EDGE ( 'NONE', *, *, #304, .F. ) ;
#1796 = CARTESIAN_POINT ( 'NONE',  ( -9.500000000000008882, 3.000000000000000000, -25.99999999999999645 ) ) ;
#1797 = VECTOR ( 'NONE', #839, 1000.000000000000000 ) ;
#1798 = EDGE_CURVE ( 'NONE', #106, #851, #608, .T. ) ;
#1799 = CARTESIAN_POINT ( 'NONE',  ( -30.99999999999998579, -3.000000000000000000, -12.50000000000000000 ) ) ;
#1800 = VECTOR ( 'NONE', #1418, 1000.000000000000000 ) ;
#1801 = CARTESIAN_POINT ( 'NONE',  ( 26.00000000000001421, -3.000000000000000000, 26.00000000000000000 ) ) ;
#1802 = EDGE_LOOP ( 'NONE', ( #1604, #812 ) ) ;
#1803 = AXIS2_PLACEMENT_3D ( 'NONE', #1557, #564, #904 ) ;
#1804 = AXIS2_PLACEMENT_3D ( 'NONE', #1543, #256, #1368 ) ;
#1805 = ADVANCED_FACE ( 'NONE', ( #1070 ), #1680, .F. ) ;
#1806 = FACE_OUTER_BOUND ( 'NONE', #1096, .T. ) ;
#1807 = VECTOR ( 'NONE', #1469, 1000.000000000000000 ) ;
#1808 = CARTESIAN_POINT ( 'NONE',  ( -28.50000000000001421, -3.000000000000000000, -10.00000000000000000 ) ) ;
#1809 = FACE_BOUND ( 'NONE', #1069, .T. ) ;
#1810 = EDGE_LOOP ( 'NONE', ( #1510, #1463, #1580, #1709 ) ) ;
#1811 = VERTEX_POINT ( 'NONE', #1721 ) ;
#1812 = CARTESIAN_POINT ( 'NONE',  ( -14.50000000000000533, 3.000000000000000000, -4.001691654810137201E-15 ) ) ;
#1813 = ORIENTED_EDGE ( 'NONE', *, *, #1416, .F. ) ;
#1814 = CARTESIAN_POINT ( 'NONE',  ( 26.00000000000001421, 3.000000000000000000, 26.00000000000000000 ) ) ;
#1815 = CARTESIAN_POINT ( 'NONE',  ( 9.500000000000008882, 3.000000000000000000, 20.99999999999998934 ) ) ;
#1816 = LINE ( 'NONE', #1674, #1223 ) ;
#1817 = ORIENTED_EDGE ( 'NONE', *, *, #1425, .T. ) ;
ENDSEC;
END-ISO-10303-21;
