ISO-10303-21;
HEADER;
FILE_DESCRIPTION (( 'STEP AP214' ),
    '1' );
FILE_NAME ('side bearing mount_ 3mm AL_ 2pc.STEP',
    '2026-08-07T04:29:01',
    ( '' ),
    ( '' ),
    'SwSTEP 2.0',
    'SolidWorks 2025',
    '' );
FILE_SCHEMA (( 'AUTOMOTIVE_DESIGN' ));
ENDSEC;

DATA;
#1 = CARTESIAN_POINT ( 'NONE',  ( 35.38333333333336128, 4.410000000000011688, -12.60000000000000320 ) ) ;
#2 = VECTOR ( 'NONE', #1307, 1000.000000000000000 ) ;
#3 = DIRECTION ( 'NONE',  ( 0.000000000000000000, 1.000000000000000000, -0.000000000000000000 ) ) ;
#4 = DIRECTION ( 'NONE',  ( -0.000000000000000000, -1.000000000000000000, -0.000000000000000000 ) ) ;
#5 = CIRCLE ( 'NONE', #520, 1.250000000000001110 ) ;
#6 = UNCERTAINTY_MEASURE_WITH_UNIT (LENGTH_MEASURE( 1.000000000000000082E-05 ), #1508, 'distance_accuracy_value', 'NONE');
#7 = VECTOR ( 'NONE', #1437, 1000.000000000000000 ) ;
#8 = EDGE_CURVE ( 'NONE', #489, #1436, #508, .T. ) ;
#9 = LINE ( 'NONE', #531, #472 ) ;
#10 = ORIENTED_EDGE ( 'NONE', *, *, #1399, .F. ) ;
#11 = EDGE_CURVE ( 'NONE', #1231, #1287, #643, .T. ) ;
#12 = LINE ( 'NONE', #1256, #1315 ) ;
#13 = ORIENTED_EDGE ( 'NONE', *, *, #430, .T. ) ;
#14 = CARTESIAN_POINT ( 'NONE',  ( 35.38333333333336128, 4.410000000000011688, -12.60000000000000320 ) ) ;
#15 = EDGE_LOOP ( 'NONE', ( #420, #885, #488, #1322 ) ) ;
#16 = CARTESIAN_POINT ( 'NONE',  ( 15.25000000000005151, 1.410000000000011688, -2.250000000000039968 ) ) ;
#17 = FACE_OUTER_BOUND ( 'NONE', #1358, .T. ) ;
#18 = CARTESIAN_POINT ( 'NONE',  ( 40.28333333333336697, 4.410000000000011688, -9.500000000000003553 ) ) ;
#19 = EDGE_CURVE ( 'NONE', #280, #1087, #88, .T. ) ;
#20 = FACE_OUTER_BOUND ( 'NONE', #1053, .T. ) ;
#21 = ORIENTED_EDGE ( 'NONE', *, *, #727, .T. ) ;
#22 = CARTESIAN_POINT ( 'NONE',  ( 40.28333333333376487, 4.410000000000011688, -21.24999999999998934 ) ) ;
#23 = ORIENTED_EDGE ( 'NONE', *, *, #292, .T. ) ;
#24 = MANIFOLD_SOLID_BREP ( 'Fillet2', #1235 ) ;
#25 = PLANE ( 'NONE',  #522 ) ;
#26 = DIRECTION ( 'NONE',  ( 0.000000000000000000, 0.000000000000000000, -1.000000000000000000 ) ) ;
#27 = DIRECTION ( 'NONE',  ( 0.000000000000000000, 0.000000000000000000, -1.000000000000000000 ) ) ;
#28 = ORIENTED_EDGE ( 'NONE', *, *, #430, .F. ) ;
#29 = CARTESIAN_POINT ( 'NONE',  ( 27.74999999999999645, 4.410000000000011688, 20.70000000000000639 ) ) ;
#30 = AXIS2_PLACEMENT_3D ( 'NONE', #657, #308, #1543 ) ;
#31 = ORIENTED_EDGE ( 'NONE', *, *, #1352, .F. ) ;
#32 = EDGE_CURVE ( 'NONE', #190, #373, #40, .T. ) ;
#33 = CARTESIAN_POINT ( 'NONE',  ( 27.74999999999999645, 4.410000000000011688, 20.70000000000000639 ) ) ;
#34 = VECTOR ( 'NONE', #1140, 1000.000000000000000 ) ;
#35 = LINE ( 'NONE', #1014, #34 ) ;
#36 = VECTOR ( 'NONE', #1578, 1000.000000000000000 ) ;
#37 = CYLINDRICAL_SURFACE ( 'NONE', #927, 1.499999999999996225 ) ;
#38 = ORIENTED_EDGE ( 'NONE', *, *, #32, .F. ) ;
#39 = CARTESIAN_POINT ( 'NONE',  ( 18.04949111239537984, 4.410000000000011688, 23.12901776887360938 ) ) ;
#40 = LINE ( 'NONE', #1417, #234 ) ;
#41 = ADVANCED_FACE ( 'NONE', ( #797 ), #664, .F. ) ;
#42 = LINE ( 'NONE', #659, #802 ) ;
#43 = VERTEX_POINT ( 'NONE', #417 ) ;
#44 = CARTESIAN_POINT ( 'NONE',  ( 24.28333333333335631, 4.410000000000011688, -11.00000000000000533 ) ) ;
#45 = DIRECTION ( 'NONE',  ( 0.000000000000000000, 0.000000000000000000, 1.000000000000000000 ) ) ;
#46 = ORIENTED_EDGE ( 'NONE', *, *, #1510, .F. ) ;
#47 = FACE_OUTER_BOUND ( 'NONE', #752, .T. ) ;
#48 = DIRECTION ( 'NONE',  ( 0.000000000000000000, 1.000000000000000000, -0.000000000000000000 ) ) ;
#49 = VERTEX_POINT ( 'NONE', #318 ) ;
#50 = CARTESIAN_POINT ( 'NONE',  ( 44.28333333333335275, 1.410000000000011688, 1.911824049270861803 ) ) ;
#51 = CARTESIAN_POINT ( 'NONE',  ( 41.68333333333335133, 1.410000000000011688, 20.70000000000000639 ) ) ;
#52 = VERTEX_POINT ( 'NONE', #182 ) ;
#53 = PLANE ( 'NONE',  #1473 ) ;
#54 = AXIS2_PLACEMENT_3D ( 'NONE', #1125, #865, #168 ) ;
#55 = AXIS2_PLACEMENT_3D ( 'NONE', #398, #1265, #378 ) ;
#56 = CARTESIAN_POINT ( 'NONE',  ( 37.28333333333335275, 4.410000000000011688, -62.49999999999997158 ) ) ;
#57 = ORIENTED_EDGE ( 'NONE', *, *, #250, .F. ) ;
#58 = DIRECTION ( 'NONE',  ( -0.000000000000000000, -1.000000000000000000, -0.000000000000000000 ) ) ;
#59 = VECTOR ( 'NONE', #1357, 1000.000000000000000 ) ;
#60 = EDGE_CURVE ( 'NONE', #525, #43, #869, .T. ) ;
#61 = CIRCLE ( 'NONE', #1401, 6.000000000000001776 ) ;
#62 = DIRECTION ( 'NONE',  ( 0.000000000000000000, 0.000000000000000000, -1.000000000000000000 ) ) ;
#63 = EDGE_CURVE ( 'NONE', #499, #811, #67, .T. ) ;
#64 = ORIENTED_EDGE ( 'NONE', *, *, #486, .F. ) ;
#65 = AXIS2_PLACEMENT_3D ( 'NONE', #940, #1593, #101 ) ;
#66 = VECTOR ( 'NONE', #447, 1000.000000000000000 ) ;
#67 = LINE ( 'NONE', #1151, #1030 ) ;
#68 = DIRECTION ( 'NONE',  ( 1.000000000000000000, -0.000000000000000000, 4.098575889945408244E-16 ) ) ;
#69 = ORIENTED_EDGE ( 'NONE', *, *, #1080, .T. ) ;
#70 = LINE ( 'NONE', #50, #421 ) ;
#71 = FACE_OUTER_BOUND ( 'NONE', #652, .T. ) ;
#72 = ADVANCED_FACE ( 'NONE', ( #1403 ), #1045, .T. ) ;
#73 = ORIENTED_EDGE ( 'NONE', *, *, #1352, .T. ) ;
#74 = CARTESIAN_POINT ( 'NONE',  ( 44.28333333333335275, 1.410000000000011688, 1.755263607840839679 ) ) ;
#75 = DIRECTION ( 'NONE',  ( 0.000000000000000000, 1.000000000000000000, 0.000000000000000000 ) ) ;
#76 = FACE_BOUND ( 'NONE', #766, .T. ) ;
#77 = ORIENTED_EDGE ( 'NONE', *, *, #818, .T. ) ;
#78 = CARTESIAN_POINT ( 'NONE',  ( 29.18333333333335489, 4.410000000000011688, -6.400000000000003020 ) ) ;
#79 = FACE_OUTER_BOUND ( 'NONE', #735, .T. ) ;
#80 = ORIENTED_EDGE ( 'NONE', *, *, #630, .F. ) ;
#81 = LINE ( 'NONE', #465, #1135 ) ;
#82 = PLANE ( 'NONE',  #396 ) ;
#83 = ORIENTED_EDGE ( 'NONE', *, *, #1098, .F. ) ;
#84 = ADVANCED_FACE ( 'NONE', ( #47 ), #53, .T. ) ;
#85 = CIRCLE ( 'NONE', #1601, 6.000000000000001776 ) ;
#86 = CARTESIAN_POINT ( 'NONE',  ( 36.28333333333335275, 4.410000000000011688, -28.49999999999997158 ) ) ;
#87 = CARTESIAN_POINT ( 'NONE',  ( 41.68333333333335133, -5.589999999999988312, -18.50000000000000355 ) ) ;
#88 = CIRCLE ( 'NONE', #1129, 1.250000000000001110 ) ;
#89 = CARTESIAN_POINT ( 'NONE',  ( 40.25000000000004974, 1.410000000000011688, -2.250000000000043521 ) ) ;
#90 = ORIENTED_EDGE ( 'NONE', *, *, #1199, .F. ) ;
#91 = AXIS2_PLACEMENT_3D ( 'NONE', #95, #815, #231 ) ;
#92 = DIRECTION ( 'NONE',  ( 0.000000000000000000, 0.000000000000000000, 1.000000000000000000 ) ) ;
#93 = ORIENTED_EDGE ( 'NONE', *, *, #594, .F. ) ;
#94 = EDGE_CURVE ( 'NONE', #964, #432, #1293, .T. ) ;
#95 = CARTESIAN_POINT ( 'NONE',  ( 43.28333333333335275, 4.410000000000011688, 1.755263607840839679 ) ) ;
#96 = CARTESIAN_POINT ( 'NONE',  ( 13.75000000000000000, 4.410000000000011688, -6.500000000000008882 ) ) ;
#97 = ORIENTED_EDGE ( 'NONE', *, *, #1098, .T. ) ;
#98 = EDGE_CURVE ( 'NONE', #1251, #1185, #1285, .T. ) ;
#99 = CYLINDRICAL_SURFACE ( 'NONE', #983, 1.000000000000000888 ) ;
#100 = ORIENTED_EDGE ( 'NONE', *, *, #226, .T. ) ;
#101 = DIRECTION ( 'NONE',  ( 1.000000000000000000, 0.000000000000000000, -5.799828488958592861E-15 ) ) ;
#102 = DIRECTION ( 'NONE',  ( -0.000000000000000000, -1.000000000000000000, -0.000000000000000000 ) ) ;
#103 = CARTESIAN_POINT ( 'NONE',  ( 41.68333333333335133, 4.410000000000011688, -18.50000000000000355 ) ) ;
#104 = ORIENTED_EDGE ( 'NONE', *, *, #1420, .F. ) ;
#105 = DIRECTION ( 'NONE',  ( 0.000000000000000000, 0.000000000000000000, -1.000000000000000000 ) ) ;
#106 = ORIENTED_EDGE ( 'NONE', *, *, #1282, .F. ) ;
#107 = CARTESIAN_POINT ( 'NONE',  ( 40.28333333333364408, 4.410000000000011688, -33.24999999999998579 ) ) ;
#108 = FACE_OUTER_BOUND ( 'NONE', #655, .T. ) ;
#109 = VERTEX_POINT ( 'NONE', #682 ) ;
#110 = EDGE_CURVE ( 'NONE', #525, #1244, #1275, .T. ) ;
#111 = PRODUCT ( 'side bearing mount_ 3mm AL_ 2pc', 'side bearing mount_ 3mm AL_ 2pc', '', ( #1143 ) ) ;
#112 = AXIS2_PLACEMENT_3D ( 'NONE', #1540, #540, #943 ) ;
#113 = VECTOR ( 'NONE', #1222, 1000.000000000000000 ) ;
#114 = DIRECTION ( 'NONE',  ( 0.000000000000000000, 1.000000000000000000, -0.000000000000000000 ) ) ;
#115 = VERTEX_POINT ( 'NONE', #74 ) ;
#116 = CIRCLE ( 'NONE', #339, 1.250000000000001110 ) ;
#117 = CARTESIAN_POINT ( 'NONE',  ( 15.25000000000005151, 4.410000000000011688, -4.750000000000042633 ) ) ;
#118 = CARTESIAN_POINT ( 'NONE',  ( 24.28333333333335631, 4.410000000000011688, -9.500000000000003553 ) ) ;
#119 = ORIENTED_EDGE ( 'NONE', *, *, #1155, .F. ) ;
#120 = ORIENTED_EDGE ( 'NONE', *, *, #155, .F. ) ;
#121 = ORIENTED_EDGE ( 'NONE', *, *, #709, .F. ) ;
#122 = CARTESIAN_POINT ( 'NONE',  ( 40.28333333333351618, 4.410000000000011688, -45.24999999999999289 ) ) ;
#123 = CARTESIAN_POINT ( 'NONE',  ( 12.75000000000000178, 4.410000000000011688, 1.965006004804816353 ) ) ;
#124 = ORIENTED_EDGE ( 'NONE', *, *, #913, .F. ) ;
#125 = VERTEX_POINT ( 'NONE', #200 ) ;
#126 = EDGE_LOOP ( 'NONE', ( #596, #581, #1491, #202 ) ) ;
#127 = FACE_OUTER_BOUND ( 'NONE', #676, .T. ) ;
#128 = EDGE_CURVE ( 'NONE', #258, #109, #819, .T. ) ;
#129 = DIRECTION ( 'NONE',  ( -0.000000000000000000, 1.000000000000000000, -0.000000000000000000 ) ) ;
#130 = ORIENTED_EDGE ( 'NONE', *, *, #594, .T. ) ;
#131 = ORIENTED_EDGE ( 'NONE', *, *, #812, .F. ) ;
#132 = DIRECTION ( 'NONE',  ( 1.000000000000000000, 0.000000000000000000, 0.000000000000000000 ) ) ;
#133 = DIRECTION ( 'NONE',  ( 0.000000000000000000, -0.000000000000000000, 1.000000000000000000 ) ) ;
#134 = ORIENTED_EDGE ( 'NONE', *, *, #1574, .F. ) ;
#135 = VECTOR ( 'NONE', #1431, 1000.000000000000000 ) ;
#136 = CYLINDRICAL_SURFACE ( 'NONE', #1349, 1.000000000000000888 ) ;
#137 = EDGE_CURVE ( 'NONE', #1551, #542, #597, .T. ) ;
#138 = VECTOR ( 'NONE', #114, 1000.000000000000000 ) ;
#139 = CIRCLE ( 'NONE', #1165, 9.999999999999998224 ) ;
#140 = DIRECTION ( 'NONE',  ( -0.000000000000000000, -1.000000000000000000, -0.000000000000000000 ) ) ;
#141 = CARTESIAN_POINT ( 'NONE',  ( 13.75000000000000533, 4.410000000000011688, -5.500000000000008882 ) ) ;
#142 = EDGE_CURVE ( 'NONE', #1139, #1486, #428, .T. ) ;
#143 = ADVANCED_FACE ( 'NONE', ( #20 ), #1122, .T. ) ;
#144 = ORIENTED_EDGE ( 'NONE', *, *, #1032, .T. ) ;
#145 = DIRECTION ( 'NONE',  ( 0.000000000000000000, 1.000000000000000000, 0.000000000000000000 ) ) ;
#146 = FACE_BOUND ( 'NONE', #1225, .T. ) ;
#147 = CARTESIAN_POINT ( 'NONE',  ( 52.68333333333335133, 4.410000000000011688, -18.50000000000000355 ) ) ;
#148 = CARTESIAN_POINT ( 'NONE',  ( 12.75000000000000178, 1.410000000000011688, 1.965006004804816353 ) ) ;
#149 = EDGE_LOOP ( 'NONE', ( #900, #134 ) ) ;
#150 = FILL_AREA_STYLE_COLOUR ( '', #572 ) ;
#151 = DIRECTION ( 'NONE',  ( -0.000000000000000000, -1.000000000000000000, -0.000000000000000000 ) ) ;
#152 = LINE ( 'NONE', #1503, #749 ) ;
#153 = ADVANCED_FACE ( 'NONE', ( #639 ), #37, .F. ) ;
#154 = DIRECTION ( 'NONE',  ( 0.000000000000000000, 0.000000000000000000, -1.000000000000000000 ) ) ;
#155 = EDGE_CURVE ( 'NONE', #992, #489, #897, .T. ) ;
#156 = EDGE_LOOP ( 'NONE', ( #571, #974, #1008, #1341 ) ) ;
#157 = VECTOR ( 'NONE', #388, 1000.000000000000000 ) ;
#158 = ADVANCED_FACE ( 'NONE', ( #273 ), #764, .F. ) ;
#159 = EDGE_LOOP ( 'NONE', ( #245, #427, #1460, #519 ) ) ;
#160 = PLANE ( 'NONE',  #958 ) ;
#161 = ORIENTED_EDGE ( 'NONE', *, *, #1220, .T. ) ;
#162 = CIRCLE ( 'NONE', #978, 1.000000000000000888 ) ;
#163 = VECTOR ( 'NONE', #224, 1000.000000000000000 ) ;
#164 = LINE ( 'NONE', #147, #1425 ) ;
#165 = CIRCLE ( 'NONE', #1326, 1.000000000000000888 ) ;
#166 = DIRECTION ( 'NONE',  ( 0.000000000000000000, 0.000000000000000000, -1.000000000000000000 ) ) ;
#167 = EDGE_LOOP ( 'NONE', ( #1584, #939 ) ) ;
#168 = DIRECTION ( 'NONE',  ( 0.000000000000000000, 0.000000000000000000, -1.000000000000000000 ) ) ;
#169 = CARTESIAN_POINT ( 'NONE',  ( 44.28333333333335275, 4.410000000000011688, 1.755263607840839679 ) ) ;
#170 = ORIENTED_EDGE ( 'NONE', *, *, #1469, .F. ) ;
#171 = LINE ( 'NONE', #787, #1107 ) ;
#172 = CARTESIAN_POINT ( 'NONE',  ( 43.28333333333335275, 1.410000000000011910, -19.50000000000000355 ) ) ;
#173 = EDGE_LOOP ( 'NONE', ( #1364, #726, #1103, #1513 ) ) ;
#174 = DIRECTION ( 'NONE',  ( -4.098575889945408244E-16, 0.000000000000000000, 1.000000000000000000 ) ) ;
#175 = DIRECTION ( 'NONE',  ( -0.000000000000000000, -1.000000000000000000, -0.000000000000000000 ) ) ;
#176 = EDGE_LOOP ( 'NONE', ( #331, #1467, #399, #181 ) ) ;
#177 = EDGE_CURVE ( 'NONE', #115, #623, #782, .T. ) ;
#178 = EDGE_CURVE ( 'NONE', #1378, #1279, #12, .T. ) ;
#179 = CARTESIAN_POINT ( 'NONE',  ( 40.28333333333339539, 4.410000000000011688, -58.50000000000000000 ) ) ;
#180 = DIRECTION ( 'NONE',  ( -0.000000000000000000, -1.000000000000000000, -0.000000000000000000 ) ) ;
#181 = ORIENTED_EDGE ( 'NONE', *, *, #1519, .F. ) ;
#182 = CARTESIAN_POINT ( 'NONE',  ( 44.23548383691994701, 4.410000000000011688, 2.060893152420205876 ) ) ;
#183 = CARTESIAN_POINT ( 'NONE',  ( 35.38333333333336128, 1.410000000000011688, -12.60000000000000320 ) ) ;
#184 = VERTEX_POINT ( 'NONE', #1250 ) ;
#185 = EDGE_CURVE ( 'NONE', #1068, #952, #1526, .T. ) ;
#186 = DIRECTION ( 'NONE',  ( -0.000000000000000000, -1.000000000000000000, -0.000000000000000000 ) ) ;
#187 = AXIS2_PLACEMENT_3D ( 'NONE', #1300, #1056, #1555 ) ;
#188 = CIRCLE ( 'NONE', #1110, 1.250000000000001110 ) ;
#189 = DIRECTION ( 'NONE',  ( 0.000000000000000000, 1.000000000000000000, 0.000000000000000000 ) ) ;
#190 = VERTEX_POINT ( 'NONE', #1007 ) ;
#191 = AXIS2_PLACEMENT_3D ( 'NONE', #1337, #105, #595 ) ;
#192 = EDGE_CURVE ( 'NONE', #1279, #1002, #1368, .T. ) ;
#193 = CARTESIAN_POINT ( 'NONE',  ( 40.25000000000004974, 4.410000000000011688, -3.500000000000041300 ) ) ;
#194 = CARTESIAN_POINT ( 'NONE',  ( 24.28333333333335631, 1.410000000000011688, -11.00000000000000533 ) ) ;
#195 = ORIENTED_EDGE ( 'NONE', *, *, #1012, .T. ) ;
#196 = DIRECTION ( 'NONE',  ( -1.000000000000000000, 0.000000000000000000, 0.000000000000000000 ) ) ;
#197 = CARTESIAN_POINT ( 'NONE',  ( 12.75000000000000355, 4.410000000000011688, -5.500000000000008882 ) ) ;
#198 = ORIENTED_EDGE ( 'NONE', *, *, #1519, .T. ) ;
#199 = EDGE_CURVE ( 'NONE', #808, #184, #898, .T. ) ;
#200 = CARTESIAN_POINT ( 'NONE',  ( 41.68333333333335133, 1.410000000000011910, -18.50000000000000355 ) ) ;
#201 = DIRECTION ( 'NONE',  ( 1.000000000000000000, 0.000000000000000000, 8.673617379884035472E-16 ) ) ;
#202 = ORIENTED_EDGE ( 'NONE', *, *, #1323, .F. ) ;
#203 = CARTESIAN_POINT ( 'NONE',  ( 27.74999999999999645, 4.410000000000011688, 20.70000000000000639 ) ) ;
#204 = CARTESIAN_POINT ( 'NONE',  ( 40.28333333333376487, 1.410000000000011688, -22.49999999999998579 ) ) ;
#205 = VERTEX_POINT ( 'NONE', #290 ) ;
#206 = ADVANCED_FACE ( 'NONE', ( #532 ), #1141, .F. ) ;
#207 = CARTESIAN_POINT ( 'NONE',  ( 40.28333333333351618, 1.410000000000011688, -47.74999999999999289 ) ) ;
#208 = ORIENTED_EDGE ( 'NONE', *, *, #793, .T. ) ;
#209 = AXIS2_PLACEMENT_3D ( 'NONE', #1365, #413, #27 ) ;
#210 = CARTESIAN_POINT ( 'NONE',  ( 18.04949111239537984, 1.410000000000011688, 23.12901776887360938 ) ) ;
#211 = VECTOR ( 'NONE', #725, 1000.000000000000000 ) ;
#212 = CARTESIAN_POINT ( 'NONE',  ( 40.28333333333376487, 4.410000000000011688, -22.49999999999998579 ) ) ;
#213 = ORIENTED_EDGE ( 'NONE', *, *, #1342, .F. ) ;
#214 = AXIS2_PLACEMENT_3D ( 'NONE', #723, #847, #1071 ) ;
#215 = AXIS2_PLACEMENT_3D ( 'NONE', #516, #397, #376 ) ;
#216 = AXIS2_PLACEMENT_3D ( 'NONE', #1247, #768, #1013 ) ;
#217 = LINE ( 'NONE', #707, #850 ) ;
#218 = ORIENTED_EDGE ( 'NONE', *, *, #63, .F. ) ;
#219 = DIRECTION ( 'NONE',  ( 0.000000000000000000, 0.000000000000000000, 1.000000000000000000 ) ) ;
#220 = DIRECTION ( 'NONE',  ( 0.000000000000000000, 0.000000000000000000, -1.000000000000000000 ) ) ;
#221 = ORIENTED_EDGE ( 'NONE', *, *, #478, .T. ) ;
#222 = CARTESIAN_POINT ( 'NONE',  ( 40.28333333333351618, 4.410000000000011688, -47.74999999999999289 ) ) ;
#223 = ORIENTED_EDGE ( 'NONE', *, *, #818, .F. ) ;
#224 = DIRECTION ( 'NONE',  ( -0.000000000000000000, -1.000000000000000000, -0.000000000000000000 ) ) ;
#225 = CARTESIAN_POINT ( 'NONE',  ( 40.28333333333376487, 4.410000000000011688, -22.49999999999998579 ) ) ;
#226 = EDGE_CURVE ( 'NONE', #712, #1589, #1317, .T. ) ;
#227 = CARTESIAN_POINT ( 'NONE',  ( 40.28333333333364408, 4.410000000000011688, -34.49999999999998579 ) ) ;
#228 = VERTEX_POINT ( 'NONE', #405 ) ;
#229 = DIRECTION ( 'NONE',  ( 1.000000000000000000, 0.000000000000000000, 0.000000000000000000 ) ) ;
#230 = VERTEX_POINT ( 'NONE', #1505 ) ;
#231 = DIRECTION ( 'NONE',  ( 0.000000000000000000, 0.000000000000000000, -1.000000000000000000 ) ) ;
#232 = EDGE_CURVE ( 'NONE', #373, #321, #1186, .T. ) ;
#233 = DIRECTION ( 'NONE',  ( 0.000000000000000000, 1.000000000000000000, 0.000000000000000000 ) ) ;
#234 = VECTOR ( 'NONE', #557, 1000.000000000000000 ) ;
#235 = ORIENTED_EDGE ( 'NONE', *, *, #946, .T. ) ;
#236 = VECTOR ( 'NONE', #58, 1000.000000000000000 ) ;
#237 = DIRECTION ( 'NONE',  ( -0.000000000000000000, -1.000000000000000000, -0.000000000000000000 ) ) ;
#238 = ORIENTED_EDGE ( 'NONE', *, *, #1564, .T. ) ;
#239 = VECTOR ( 'NONE', #1188, 1000.000000000000000 ) ;
#240 = LINE ( 'NONE', #345, #287 ) ;
#241 = DIRECTION ( 'NONE',  ( 0.000000000000000000, 0.000000000000000000, 1.000000000000000000 ) ) ;
#242 = VERTEX_POINT ( 'NONE', #1132 ) ;
#243 = ORIENTED_EDGE ( 'NONE', *, *, #993, .T. ) ;
#244 = EDGE_CURVE ( 'NONE', #1185, #1124, #757, .T. ) ;
#245 = ORIENTED_EDGE ( 'NONE', *, *, #544, .T. ) ;
#246 = DIRECTION ( 'NONE',  ( 0.000000000000000000, 0.000000000000000000, -1.000000000000000000 ) ) ;
#247 = DIRECTION ( 'NONE',  ( 0.000000000000000000, 0.000000000000000000, 1.000000000000000000 ) ) ;
#248 = VERTEX_POINT ( 'NONE', #257 ) ;
#249 = ORIENTED_EDGE ( 'NONE', *, *, #110, .F. ) ;
#250 = EDGE_CURVE ( 'NONE', #1244, #992, #511, .T. ) ;
#251 = LINE ( 'NONE', #999, #1452 ) ;
#252 = EDGE_CURVE ( 'NONE', #1219, #1197, #1475, .T. ) ;
#253 = EDGE_CURVE ( 'NONE', #949, #878, #386, .T. ) ;
#254 = CARTESIAN_POINT ( 'NONE',  ( 43.28333333333335275, 1.410000000000011688, -62.49999999999996447 ) ) ;
#255 = DIRECTION ( 'NONE',  ( -0.000000000000000000, -1.000000000000000000, -0.000000000000000000 ) ) ;
#256 = ORIENTED_EDGE ( 'NONE', *, *, #1590, .F. ) ;
#257 = CARTESIAN_POINT ( 'NONE',  ( 41.68333333333335133, 1.410000000000011910, -12.50000000000000178 ) ) ;
#258 = VERTEX_POINT ( 'NONE', #874 ) ;
#259 = VECTOR ( 'NONE', #615, 1000.000000000000000 ) ;
#260 = EDGE_LOOP ( 'NONE', ( #930, #77, #663, #21 ) ) ;
#261 = AXIS2_PLACEMENT_3D ( 'NONE', #278, #631, #510 ) ;
#262 = DIRECTION ( 'NONE',  ( 0.9700508887604625263, 0.000000000000000000, -0.2429017768873603933 ) ) ;
#263 = LINE ( 'NONE', #491, #877 ) ;
#264 = VECTOR ( 'NONE', #1137, 1000.000000000000000 ) ;
#265 = AXIS2_PLACEMENT_3D ( 'NONE', #1261, #277, #1278 ) ;
#266 = DIRECTION ( 'NONE',  ( 0.000000000000000000, 1.000000000000000000, 0.000000000000000000 ) ) ;
#267 = DIRECTION ( 'NONE',  ( -0.000000000000000000, -1.000000000000000000, -0.000000000000000000 ) ) ;
#268 = VERTEX_POINT ( 'NONE', #1398 ) ;
#269 = VERTEX_POINT ( 'NONE', #788 ) ;
#270 = CARTESIAN_POINT ( 'NONE',  ( 40.28333333333339539, 4.410000000000011688, -59.75000000000000000 ) ) ;
#271 = ADVANCED_FACE ( 'NONE', ( #71 ), #1157, .F. ) ;
#272 = DIRECTION ( 'NONE',  ( 0.000000000000000000, 1.000000000000000000, 0.000000000000000000 ) ) ;
#273 = FACE_OUTER_BOUND ( 'NONE', #1169, .T. ) ;
#274 = ORIENTED_EDGE ( 'NONE', *, *, #584, .F. ) ;
#275 = ORIENTED_EDGE ( 'NONE', *, *, #414, .F. ) ;
#276 = DIRECTION ( 'NONE',  ( -0.000000000000000000, -1.000000000000000000, -0.000000000000000000 ) ) ;
#277 = DIRECTION ( 'NONE',  ( 1.000000000000000000, 0.000000000000000000, 0.000000000000000000 ) ) ;
#278 = CARTESIAN_POINT ( 'NONE',  ( 43.28333333333335275, 4.410000000000011688, -19.50000000000000355 ) ) ;
#279 = DIRECTION ( 'NONE',  ( -0.000000000000000000, 1.000000000000000000, -0.000000000000000000 ) ) ;
#280 = VERTEX_POINT ( 'NONE', #330 ) ;
#281 = CIRCLE ( 'NONE', #54, 1.000000000000000888 ) ;
#282 = VECTOR ( 'NONE', #1171, 1000.000000000000000 ) ;
#283 = VERTEX_POINT ( 'NONE', #669 ) ;
#284 = DIRECTION ( 'NONE',  ( 0.000000000000000000, 0.000000000000000000, -1.000000000000000000 ) ) ;
#285 = DIRECTION ( 'NONE',  ( 0.000000000000000000, 0.000000000000000000, 1.000000000000000000 ) ) ;
#286 = ORIENTED_EDGE ( 'NONE', *, *, #1564, .F. ) ;
#287 = VECTOR ( 'NONE', #1215, 1000.000000000000000 ) ;
#288 = DIRECTION ( 'NONE',  ( -0.000000000000000000, -1.000000000000000000, -0.000000000000000000 ) ) ;
#289 = VECTOR ( 'NONE', #92, 1000.000000000000000 ) ;
#290 = CARTESIAN_POINT ( 'NONE',  ( 40.28333333333364408, 1.410000000000011688, -33.24999999999998579 ) ) ;
#291 = ORIENTED_EDGE ( 'NONE', *, *, #755, .T. ) ;
#292 = EDGE_CURVE ( 'NONE', #1139, #1366, #298, .T. ) ;
#293 = ADVANCED_FACE ( 'NONE', ( #680 ), #909, .T. ) ;
#294 = DIRECTION ( 'NONE',  ( 0.000000000000000000, 0.000000000000000000, 1.000000000000000000 ) ) ;
#295 = PLANE ( 'NONE',  #265 ) ;
#296 = ORIENTED_EDGE ( 'NONE', *, *, #244, .F. ) ;
#297 = DIRECTION ( 'NONE',  ( 0.000000000000000000, 0.000000000000000000, 1.000000000000000000 ) ) ;
#298 = LINE ( 'NONE', #1532, #902 ) ;
#299 = ORIENTED_EDGE ( 'NONE', *, *, #292, .F. ) ;
#300 = CARTESIAN_POINT ( 'NONE',  ( 40.25000000000004974, 4.410000000000011688, -2.250000000000043521 ) ) ;
#301 = EDGE_CURVE ( 'NONE', #1423, #248, #925, .T. ) ;
#302 = CARTESIAN_POINT ( 'NONE',  ( 40.28333333333339539, 1.410000000000011688, -57.24999999999999289 ) ) ;
#303 = ORIENTED_EDGE ( 'NONE', *, *, #494, .T. ) ;
#304 = CYLINDRICAL_SURFACE ( 'NONE', #551, 1.249999999999997558 ) ;
#305 = EDGE_CURVE ( 'NONE', #1551, #992, #816, .T. ) ;
#306 = CARTESIAN_POINT ( 'NONE',  ( 27.74999999999999645, 4.410000000000011688, 20.70000000000000639 ) ) ;
#307 = ORIENTED_EDGE ( 'NONE', *, *, #1032, .F. ) ;
#308 = DIRECTION ( 'NONE',  ( 1.000000000000000000, 0.000000000000000000, 0.000000000000000000 ) ) ;
#309 = DIRECTION ( 'NONE',  ( 0.000000000000000000, 0.000000000000000000, 1.000000000000000000 ) ) ;
#310 = ORIENTED_EDGE ( 'NONE', *, *, #744, .F. ) ;
#311 = FACE_OUTER_BOUND ( 'NONE', #1434, .T. ) ;
#312 = AXIS2_PLACEMENT_3D ( 'NONE', #212, #1033, #694 ) ;
#313 = EDGE_CURVE ( 'NONE', #556, #354, #1238, .T. ) ;
#314 = CIRCLE ( 'NONE', #261, 1.000000000000000888 ) ;
#315 = CARTESIAN_POINT ( 'NONE',  ( 18.04949111239537984, 4.410000000000011688, 23.12901776887360938 ) ) ;
#316 = EDGE_LOOP ( 'NONE', ( #1073, #13, #97, #1569 ) ) ;
#317 = VECTOR ( 'NONE', #482, 1000.000000000000000 ) ;
#318 = CARTESIAN_POINT ( 'NONE',  ( 27.74999999999999645, 1.410000000000011688, 14.70000000000000284 ) ) ;
#319 = DIRECTION ( 'NONE',  ( 0.000000000000000000, 0.000000000000000000, 1.000000000000000000 ) ) ;
#320 = FACE_BOUND ( 'NONE', #1308, .T. ) ;
#321 = VERTEX_POINT ( 'NONE', #1183 ) ;
#322 = CARTESIAN_POINT ( 'NONE',  ( 40.28333333333376487, 4.410000000000011688, -22.49999999999998579 ) ) ;
#323 = DIRECTION ( 'NONE',  ( -0.000000000000000000, -1.000000000000000000, -0.000000000000000000 ) ) ;
#324 = EDGE_CURVE ( 'NONE', #1589, #712, #702, .T. ) ;
#325 = CARTESIAN_POINT ( 'NONE',  ( 24.28333333333335631, 4.410000000000011688, -9.500000000000003553 ) ) ;
#326 = ORIENTED_EDGE ( 'NONE', *, *, #935, .F. ) ;
#327 = DIRECTION ( 'NONE',  ( -4.098575889945408244E-16, 0.000000000000000000, 1.000000000000000000 ) ) ;
#328 = ORIENTED_EDGE ( 'NONE', *, *, #591, .F. ) ;
#329 = CARTESIAN_POINT ( 'NONE',  ( 43.28333333333335275, -5.589999999999988312, -18.50000000000000355 ) ) ;
#330 = CARTESIAN_POINT ( 'NONE',  ( 15.25000000000005151, 1.410000000000011688, -4.750000000000042633 ) ) ;
#331 = ORIENTED_EDGE ( 'NONE', *, *, #857, .T. ) ;
#332 = LINE ( 'NONE', #1196, #317 ) ;
#333 = EDGE_LOOP ( 'NONE', ( #681, #1050, #69, #684 ) ) ;
#334 = DIRECTION ( 'NONE',  ( -0.000000000000000000, 0.000000000000000000, -1.000000000000000000 ) ) ;
#335 = AXIS2_PLACEMENT_3D ( 'NONE', #227, #233, #733 ) ;
#336 = FACE_OUTER_BOUND ( 'NONE', #1573, .T. ) ;
#337 = ORIENTED_EDGE ( 'NONE', *, *, #630, .T. ) ;
#338 = AXIS2_PLACEMENT_3D ( 'NONE', #1000, #861, #1485 ) ;
#339 = AXIS2_PLACEMENT_3D ( 'NONE', #1295, #1550, #1144 ) ;
#340 = VECTOR ( 'NONE', #237, 1000.000000000000000 ) ;
#341 = EDGE_CURVE ( 'NONE', #1287, #1197, #1409, .T. ) ;
#342 = CARTESIAN_POINT ( 'NONE',  ( 19.28333333333334565, 4.410000000000011688, -18.49999999999997513 ) ) ;
#343 = VERTEX_POINT ( 'NONE', #434 ) ;
#344 = EDGE_CURVE ( 'NONE', #228, #49, #389, .T. ) ;
#345 = CARTESIAN_POINT ( 'NONE',  ( 35.38333333333336128, 4.410000000000011688, -6.400000000000003020 ) ) ;
#346 = CARTESIAN_POINT ( 'NONE',  ( 40.28333333333336697, 1.410000000000011688, -9.500000000000003553 ) ) ;
#347 = CARTESIAN_POINT ( 'NONE',  ( 37.27150503586595676, 4.410000000000011688, 23.75629544579370034 ) ) ;
#348 = EDGE_LOOP ( 'NONE', ( #1095, #967 ) ) ;
#349 = DIRECTION ( 'NONE',  ( -0.000000000000000000, 1.000000000000000000, 0.000000000000000000 ) ) ;
#350 = EDGE_LOOP ( 'NONE', ( #1359, #326 ) ) ;
#351 = EDGE_CURVE ( 'NONE', #248, #125, #918, .T. ) ;
#352 = CARTESIAN_POINT ( 'NONE',  ( 40.28333333333351618, 1.410000000000011688, -45.24999999999999289 ) ) ;
#353 = CARTESIAN_POINT ( 'NONE',  ( 15.25000000000005151, 4.410000000000011688, -3.500000000000041300 ) ) ;
#354 = VERTEX_POINT ( 'NONE', #197 ) ;
#355 = CARTESIAN_POINT ( 'NONE',  ( 40.28333333333364408, 4.410000000000011688, -33.24999999999998579 ) ) ;
#356 = EDGE_LOOP ( 'NONE', ( #1142, #28 ) ) ;
#357 = CARTESIAN_POINT ( 'NONE',  ( 44.28333333333335275, 1.410000000000011688, -62.49999999999996447 ) ) ;
#358 = CARTESIAN_POINT ( 'NONE',  ( 37.27150503586595676, 1.410000000000011688, 23.75629544579370034 ) ) ;
#359 = ORIENTED_EDGE ( 'NONE', *, *, #855, .T. ) ;
#360 = ADVANCED_FACE ( 'NONE', ( #79 ), #1439, .T. ) ;
#361 = AXIS2_PLACEMENT_3D ( 'NONE', #1022, #863, #1521 ) ;
#362 = ORIENTED_EDGE ( 'NONE', *, *, #758, .T. ) ;
#363 = VECTOR ( 'NONE', #279, 1000.000000000000000 ) ;
#364 = CIRCLE ( 'NONE', #392, 1.000000000000000888 ) ;
#365 = ORIENTED_EDGE ( 'NONE', *, *, #1325, .F. ) ;
#366 = AXIS2_PLACEMENT_3D ( 'NONE', #840, #834, #219 ) ;
#367 = FACE_BOUND ( 'NONE', #1440, .T. ) ;
#368 = CARTESIAN_POINT ( 'NONE',  ( 52.68333333333335133, 4.410000000000011688, -12.50000000000000178 ) ) ;
#369 = ORIENTED_EDGE ( 'NONE', *, *, #612, .F. ) ;
#370 = EDGE_CURVE ( 'NONE', #796, #964, #1006, .T. ) ;
#371 = ORIENTED_EDGE ( 'NONE', *, *, #700, .T. ) ;
#372 = DIRECTION ( 'NONE',  ( -1.040834085586084454E-15, 0.000000000000000000, -1.000000000000000000 ) ) ;
#373 = VERTEX_POINT ( 'NONE', #561 ) ;
#374 = LINE ( 'NONE', #484, #554 ) ;
#375 = LINE ( 'NONE', #650, #264 ) ;
#376 = DIRECTION ( 'NONE',  ( 0.000000000000000000, 0.000000000000000000, 1.000000000000000000 ) ) ;
#377 = ORIENTED_EDGE ( 'NONE', *, *, #1089, .T. ) ;
#378 = DIRECTION ( 'NONE',  ( 0.000000000000000000, 0.000000000000000000, -1.000000000000000000 ) ) ;
#379 = ORIENTED_EDGE ( 'NONE', *, *, #110, .T. ) ;
#380 = CARTESIAN_POINT ( 'NONE',  ( 37.27150503586595676, 1.410000000000011688, 23.75629544579370034 ) ) ;
#381 = DIRECTION ( 'NONE',  ( -0.2429017768873603933, 0.000000000000000000, -0.9700508887604625263 ) ) ;
#382 = FACE_BOUND ( 'NONE', #350, .T. ) ;
#383 = DIRECTION ( 'NONE',  ( -0.000000000000000000, -1.000000000000000000, -0.000000000000000000 ) ) ;
#384 = AXIS2_PLACEMENT_3D ( 'NONE', #1494, #871, #507 ) ;
#385 = STYLED_ITEM ( 'NONE', ( #1011 ), #24 ) ;
#386 = LINE ( 'NONE', #899, #363 ) ;
#387 = ORIENTED_EDGE ( 'NONE', *, *, #177, .T. ) ;
#388 = DIRECTION ( 'NONE',  ( -0.000000000000000000, -1.000000000000000000, -0.000000000000000000 ) ) ;
#389 = CIRCLE ( 'NONE', #112, 6.000000000000001776 ) ;
#390 = VERTEX_POINT ( 'NONE', #440 ) ;
#391 = EDGE_CURVE ( 'NONE', #529, #390, #162, .T. ) ;
#392 = AXIS2_PLACEMENT_3D ( 'NONE', #809, #781, #1552 ) ;
#393 = DIRECTION ( 'NONE',  ( 0.000000000000000000, -1.000000000000000000, 0.000000000000000000 ) ) ;
#394 = CIRCLE ( 'NONE', #729, 1.500000000000001332 ) ;
#395 = PRODUCT_DEFINITION_CONTEXT ( 'detailed design', #1031, 'design' ) ;
#396 = AXIS2_PLACEMENT_3D ( 'NONE', #1061, #1189, #1568 ) ;
#397 = DIRECTION ( 'NONE',  ( 0.000000000000000000, 1.000000000000000000, 0.000000000000000000 ) ) ;
#398 = CARTESIAN_POINT ( 'NONE',  ( 27.74999999999999645, 1.410000000000011688, 20.70000000000000639 ) ) ;
#399 = ORIENTED_EDGE ( 'NONE', *, *, #699, .T. ) ;
#400 = DIRECTION ( 'NONE',  ( 0.000000000000000000, 0.000000000000000000, -1.000000000000000000 ) ) ;
#401 = ORIENTED_EDGE ( 'NONE', *, *, #1248, .T. ) ;
#402 = DIRECTION ( 'NONE',  ( 0.000000000000000000, 0.000000000000000000, 1.000000000000000000 ) ) ;
#403 = LINE ( 'NONE', #881, #678 ) ;
#404 = CARTESIAN_POINT ( 'NONE',  ( 15.25000000000005151, 4.410000000000011688, -3.500000000000041300 ) ) ;
#405 = CARTESIAN_POINT ( 'NONE',  ( 27.74999999999999645, 1.410000000000011688, 26.70000000000000995 ) ) ;
#406 = ORIENTED_EDGE ( 'NONE', *, *, #545, .T. ) ;
#407 =( NAMED_UNIT ( * ) PLANE_ANGLE_UNIT ( ) SI_UNIT ( $, .RADIAN. ) );
#408 = SURFACE_STYLE_FILL_AREA ( #1018 ) ;
#409 = FACE_OUTER_BOUND ( 'NONE', #1577, .T. ) ;
#410 = CARTESIAN_POINT ( 'NONE',  ( 52.68333333333335133, -5.589999999999988312, -12.50000000000000178 ) ) ;
#411 = ORIENTED_EDGE ( 'NONE', *, *, #545, .F. ) ;
#412 = CARTESIAN_POINT ( 'NONE',  ( 24.28333333333335631, 1.410000000000011688, -9.500000000000003553 ) ) ;
#413 = DIRECTION ( 'NONE',  ( -0.000000000000000000, -1.000000000000000000, -0.000000000000000000 ) ) ;
#414 = EDGE_CURVE ( 'NONE', #1070, #1266, #599, .T. ) ;
#415 = ORIENTED_EDGE ( 'NONE', *, *, #1178, .T. ) ;
#416 = VECTOR ( 'NONE', #505, 1000.000000000000000 ) ;
#417 = CARTESIAN_POINT ( 'NONE',  ( 13.75000000000000000, 1.410000000000011688, -6.500000000000008882 ) ) ;
#418 = AXIS2_PLACEMENT_3D ( 'NONE', #966, #1599, #220 ) ;
#419 = DIRECTION ( 'NONE',  ( 0.000000000000000000, 0.000000000000000000, -1.000000000000000000 ) ) ;
#420 = ORIENTED_EDGE ( 'NONE', *, *, #870, .T. ) ;
#421 = VECTOR ( 'NONE', #423, 1000.000000000000000 ) ;
#422 = VECTOR ( 'NONE', #954, 1000.000000000000000 ) ;
#423 = DIRECTION ( 'NONE',  ( 0.000000000000000000, 0.000000000000000000, -1.000000000000000000 ) ) ;
#424 = AXIS2_PLACEMENT_3D ( 'NONE', #778, #1527, #1418 ) ;
#425 = DIRECTION ( 'NONE',  ( -0.000000000000000000, -1.000000000000000000, -0.000000000000000000 ) ) ;
#426 = EDGE_CURVE ( 'NONE', #719, #878, #1433, .T. ) ;
#427 = ORIENTED_EDGE ( 'NONE', *, *, #1399, .T. ) ;
#428 = LINE ( 'NONE', #673, #1289 ) ;
#429 = DIRECTION ( 'NONE',  ( 0.000000000000000000, 1.000000000000000000, 0.000000000000000000 ) ) ;
#430 = EDGE_CURVE ( 'NONE', #1597, #1047, #1159, .T. ) ;
#431 = FACE_OUTER_BOUND ( 'NONE', #260, .T. ) ;
#432 = VERTEX_POINT ( 'NONE', #89 ) ;
#433 = CARTESIAN_POINT ( 'NONE',  ( 40.28333333333336697, 4.410000000000011688, -11.00000000000000000 ) ) ;
#434 = CARTESIAN_POINT ( 'NONE',  ( 40.28333333333364408, 1.410000000000011688, -35.74999999999999289 ) ) ;
#435 = ORIENTED_EDGE ( 'NONE', *, *, #1325, .T. ) ;
#436 = DIRECTION ( 'NONE',  ( -0.000000000000000000, -1.000000000000000000, -0.000000000000000000 ) ) ;
#437 = FACE_OUTER_BOUND ( 'NONE', #459, .T. ) ;
#438 = EDGE_LOOP ( 'NONE', ( #100, #1150 ) ) ;
#439 = CYLINDRICAL_SURFACE ( 'NONE', #1582, 1.250000000000001110 ) ;
#440 = CARTESIAN_POINT ( 'NONE',  ( 43.28333333333335275, 4.410000000000011688, -62.49999999999996447 ) ) ;
#441 = VERTEX_POINT ( 'NONE', #1067 ) ;
#442 = DIRECTION ( 'NONE',  ( -0.000000000000000000, -1.000000000000000000, 0.000000000000000000 ) ) ;
#443 = DIRECTION ( 'NONE',  ( -1.000000000000000000, 0.000000000000000000, 0.000000000000000000 ) ) ;
#444 = ORIENTED_EDGE ( 'NONE', *, *, #741, .T. ) ;
#445 = ADVANCED_FACE ( 'NONE', ( #336 ), #493, .T. ) ;
#446 = CARTESIAN_POINT ( 'NONE',  ( 15.25000000000005151, 4.410000000000011688, -3.500000000000041300 ) ) ;
#447 = DIRECTION ( 'NONE',  ( -0.000000000000000000, 1.000000000000000000, -0.000000000000000000 ) ) ;
#448 = AXIS2_PLACEMENT_3D ( 'NONE', #1376, #1496, #891 ) ;
#449 = CIRCLE ( 'NONE', #1085, 6.000000000000001776 ) ;
#450 = DIRECTION ( 'NONE',  ( -1.000000000000000000, 0.000000000000000000, 1.927470528863118062E-16 ) ) ;
#451 = ORIENTED_EDGE ( 'NONE', *, *, #998, .F. ) ;
#452 = AXIS2_PLACEMENT_3D ( 'NONE', #1544, #75, #294 ) ;
#453 = DIRECTION ( 'NONE',  ( 0.000000000000000000, 0.000000000000000000, -1.000000000000000000 ) ) ;
#454 = EDGE_LOOP ( 'NONE', ( #1136, #1506, #411, #824 ) ) ;
#455 = DIRECTION ( 'NONE',  ( 0.000000000000000000, 0.000000000000000000, -1.000000000000000000 ) ) ;
#456 = CARTESIAN_POINT ( 'NONE',  ( 40.25000000000004974, 4.410000000000011688, -3.500000000000041300 ) ) ;
#457 = ORIENTED_EDGE ( 'NONE', *, *, #1319, .T. ) ;
#458 = FACE_OUTER_BOUND ( 'NONE', #759, .T. ) ;
#459 = EDGE_LOOP ( 'NONE', ( #1096, #198, #73, #814 ) ) ;
#460 = DIRECTION ( 'NONE',  ( 0.000000000000000000, 1.000000000000000000, 0.000000000000000000 ) ) ;
#461 = DIRECTION ( 'NONE',  ( -0.000000000000000000, -1.000000000000000000, -0.000000000000000000 ) ) ;
#462 = ORIENTED_EDGE ( 'NONE', *, *, #1590, .T. ) ;
#463 = ADVANCED_FACE ( 'NONE', ( #1093 ), #1334, .F. ) ;
#464 = ADVANCED_FACE ( 'NONE', ( #1588 ), #1579, .F. ) ;
#465 = CARTESIAN_POINT ( 'NONE',  ( 12.75000000000000355, 4.410000000000011688, -6.500000000000003553 ) ) ;
#466 = VERTEX_POINT ( 'NONE', #1078 ) ;
#467 = CARTESIAN_POINT ( 'NONE',  ( 40.28333333333351618, 4.410000000000011688, -46.49999999999999289 ) ) ;
#468 = PLANE ( 'NONE',  #475 ) ;
#469 = AXIS2_PLACEMENT_3D ( 'NONE', #1149, #1565, #1049 ) ;
#470 = LINE ( 'NONE', #368, #211 ) ;
#471 = ORIENTED_EDGE ( 'NONE', *, *, #94, .T. ) ;
#472 = VECTOR ( 'NONE', #883, 1000.000000000000000 ) ;
#473 = EDGE_CURVE ( 'NONE', #1124, #1271, #835, .T. ) ;
#474 = AXIS2_PLACEMENT_3D ( 'NONE', #860, #1476, #1356 ) ;
#475 = AXIS2_PLACEMENT_3D ( 'NONE', #1, #133, #498 ) ;
#476 = CARTESIAN_POINT ( 'NONE',  ( 36.28333333333335275, 1.410000000000011688, -62.49999999999997158 ) ) ;
#477 = EDGE_LOOP ( 'NONE', ( #919, #1173, #975, #462 ) ) ;
#478 = EDGE_CURVE ( 'NONE', #808, #769, #1457, .T. ) ;
#479 = CARTESIAN_POINT ( 'NONE',  ( 40.28333333333336697, 4.410000000000011688, -8.000000000000007105 ) ) ;
#480 = DIRECTION ( 'NONE',  ( 0.000000000000000000, 0.000000000000000000, 1.000000000000000000 ) ) ;
#481 = ORIENTED_EDGE ( 'NONE', *, *, #301, .F. ) ;
#482 = DIRECTION ( 'NONE',  ( -0.000000000000000000, -1.000000000000000000, -0.000000000000000000 ) ) ;
#483 = ORIENTED_EDGE ( 'NONE', *, *, #1319, .F. ) ;
#484 = CARTESIAN_POINT ( 'NONE',  ( 44.28333333333335275, 4.410000000000011688, -62.49999999999996447 ) ) ;
#485 = CYLINDRICAL_SURFACE ( 'NONE', #552, 1.250000000000001110 ) ;
#486 = EDGE_CURVE ( 'NONE', #1566, #109, #470, .T. ) ;
#487 = FACE_OUTER_BOUND ( 'NONE', #1446, .T. ) ;
#488 = ORIENTED_EDGE ( 'NONE', *, *, #755, .F. ) ;
#489 = VERTEX_POINT ( 'NONE', #358 ) ;
#490 = ORIENTED_EDGE ( 'NONE', *, *, #492, .F. ) ;
#491 = CARTESIAN_POINT ( 'NONE',  ( 18.28333333333334565, 1.410000000000011688, -6.500000000000035527 ) ) ;
#492 = EDGE_CURVE ( 'NONE', #184, #808, #1214, .T. ) ;
#493 = CYLINDRICAL_SURFACE ( 'NONE', #418, 1.000000000000000888 ) ;
#494 = EDGE_CURVE ( 'NONE', #390, #1548, #1201, .T. ) ;
#495 = ORIENTED_EDGE ( 'NONE', *, *, #1123, .F. ) ;
#496 = VECTOR ( 'NONE', #425, 1000.000000000000000 ) ;
#497 = CIRCLE ( 'NONE', #338, 1.000000000000000000 ) ;
#498 = DIRECTION ( 'NONE',  ( 1.000000000000000000, 0.000000000000000000, -0.000000000000000000 ) ) ;
#499 = VERTEX_POINT ( 'NONE', #1340 ) ;
#500 = CIRCLE ( 'NONE', #366, 1.249999999999997558 ) ;
#501 = DIRECTION ( 'NONE',  ( 0.000000000000000000, 0.000000000000000000, -1.000000000000000000 ) ) ;
#502 = CARTESIAN_POINT ( 'NONE',  ( 40.28333333333336697, 1.410000000000011688, -9.500000000000003553 ) ) ;
#503 = DIRECTION ( 'NONE',  ( 0.000000000000000000, -1.000000000000000000, -0.000000000000000000 ) ) ;
#504 = EDGE_LOOP ( 'NONE', ( #371, #1353 ) ) ;
#505 = DIRECTION ( 'NONE',  ( 0.000000000000000000, 0.000000000000000000, -1.000000000000000000 ) ) ;
#506 = ORIENTED_EDGE ( 'NONE', *, *, #866, .T. ) ;
#507 = DIRECTION ( 'NONE',  ( 0.000000000000000000, 0.000000000000000000, -1.000000000000000000 ) ) ;
#508 = LINE ( 'NONE', #380, #1210 ) ;
#509 = LINE ( 'NONE', #737, #1064 ) ;
#510 = DIRECTION ( 'NONE',  ( 0.000000000000000000, 0.000000000000000000, -1.000000000000000000 ) ) ;
#511 = LINE ( 'NONE', #148, #1106 ) ;
#512 = EDGE_CURVE ( 'NONE', #980, #269, #873, .T. ) ;
#513 = ORIENTED_EDGE ( 'NONE', *, *, #1282, .T. ) ;
#514 = ORIENTED_EDGE ( 'NONE', *, *, #60, .F. ) ;
#515 = CARTESIAN_POINT ( 'NONE',  ( 40.28333333333339539, 1.410000000000011688, -59.75000000000000000 ) ) ;
#516 = CARTESIAN_POINT ( 'NONE',  ( 40.28333333333364408, 1.410000000000011688, -34.49999999999998579 ) ) ;
#517 = DIRECTION ( 'NONE',  ( 0.000000000000000000, 0.000000000000000000, 1.000000000000000000 ) ) ;
#518 = CARTESIAN_POINT ( 'NONE',  ( 37.27150503586595676, 4.410000000000011688, 23.75629544579370034 ) ) ;
#519 = ORIENTED_EDGE ( 'NONE', *, *, #1372, .F. ) ;
#520 = AXIS2_PLACEMENT_3D ( 'NONE', #872, #1108, #1254 ) ;
#521 = LINE ( 'NONE', #637, #1038 ) ;
#522 = AXIS2_PLACEMENT_3D ( 'NONE', #754, #1509, #402 ) ;
#523 = CARTESIAN_POINT ( 'NONE',  ( 29.18333333333335489, 4.410000000000011688, -6.400000000000003020 ) ) ;
#524 = DIRECTION ( 'NONE',  ( 1.000000000000000000, 0.000000000000000000, 0.000000000000000000 ) ) ;
#525 = VERTEX_POINT ( 'NONE', #609 ) ;
#526 = FACE_OUTER_BOUND ( 'NONE', #15, .T. ) ;
#527 = ORIENTED_EDGE ( 'NONE', *, *, #32, .T. ) ;
#528 = CARTESIAN_POINT ( 'NONE',  ( 41.68333333333335133, -5.589999999999988312, -18.50000000000000355 ) ) ;
#529 = VERTEX_POINT ( 'NONE', #1445 ) ;
#530 = ADVANCED_FACE ( 'NONE', ( #704 ), #959, .F. ) ;
#531 = CARTESIAN_POINT ( 'NONE',  ( 18.28333333333334565, 4.410000000000011688, -6.500000000000035527 ) ) ;
#532 = FACE_OUTER_BOUND ( 'NONE', #955, .T. ) ;
#533 = EDGE_LOOP ( 'NONE', ( #708, #1354, #593, #601 ) ) ;
#534 = LINE ( 'NONE', #14, #1028 ) ;
#535 = DIRECTION ( 'NONE',  ( -1.000000000000000000, 0.000000000000000000, 0.000000000000000000 ) ) ;
#536 = DIRECTION ( 'NONE',  ( -1.000000000000000000, 0.000000000000000000, 1.927470528863118062E-16 ) ) ;
#537 = ORIENTED_EDGE ( 'NONE', *, *, #648, .T. ) ;
#538 = ADVANCED_FACE ( 'NONE', ( #108 ), #1099, .F. ) ;
#539 = DIRECTION ( 'NONE',  ( -0.000000000000000000, -1.000000000000000000, 0.000000000000000000 ) ) ;
#540 = DIRECTION ( 'NONE',  ( 0.000000000000000000, 1.000000000000000000, 0.000000000000000000 ) ) ;
#541 = AXIS2_PLACEMENT_3D ( 'NONE', #760, #750, #132 ) ;
#542 = VERTEX_POINT ( 'NONE', #347 ) ;
#543 = AXIS2_PLACEMENT_3D ( 'NONE', #1025, #1524, #1536 ) ;
#544 = EDGE_CURVE ( 'NONE', #269, #980, #1373, .T. ) ;
#545 = EDGE_CURVE ( 'NONE', #466, #1551, #1218, .T. ) ;
#546 = CARTESIAN_POINT ( 'NONE',  ( 35.38333333333336128, 4.410000000000011688, -6.400000000000003020 ) ) ;
#547 = AXIS2_PLACEMENT_3D ( 'NONE', #456, #189, #1168 ) ;
#548 = FACE_OUTER_BOUND ( 'NONE', #1016, .T. ) ;
#549 = FACE_OUTER_BOUND ( 'NONE', #1592, .T. ) ;
#550 = ORIENTED_EDGE ( 'NONE', *, *, #857, .F. ) ;
#551 = AXIS2_PLACEMENT_3D ( 'NONE', #569, #186, #1148 ) ;
#552 = AXIS2_PLACEMENT_3D ( 'NONE', #1333, #1493, #246 ) ;
#553 = DIRECTION ( 'NONE',  ( 1.927470528863118062E-16, -0.000000000000000000, 1.000000000000000000 ) ) ;
#554 = VECTOR ( 'NONE', #1346, 1000.000000000000000 ) ;
#555 = CARTESIAN_POINT ( 'NONE',  ( 27.74999999999999645, 1.410000000000011688, -12.50000000000000000 ) ) ;
#556 = VERTEX_POINT ( 'NONE', #96 ) ;
#557 = DIRECTION ( 'NONE',  ( 0.000000000000000000, -1.000000000000000000, 0.000000000000000000 ) ) ;
#558 = CARTESIAN_POINT ( 'NONE',  ( 40.28333333333339539, 4.410000000000011688, -58.50000000000000000 ) ) ;
#559 = ORIENTED_EDGE ( 'NONE', *, *, #812, .T. ) ;
#560 = PLANE ( 'NONE',  #1477 ) ;
#561 = CARTESIAN_POINT ( 'NONE',  ( 44.28333333333335275, 1.410000000000011688, -19.49999999999999645 ) ) ;
#562 = ORIENTED_EDGE ( 'NONE', *, *, #1123, .T. ) ;
#563 = APPLICATION_CONTEXT ( 'automotive_design' ) ;
#564 = ADVANCED_FACE ( 'NONE', ( #1572 ), #1223, .F. ) ;
#565 = CARTESIAN_POINT ( 'NONE',  ( 43.28333333333335275, 4.410000000000011688, -11.50000000000000355 ) ) ;
#566 = CARTESIAN_POINT ( 'NONE',  ( 40.28333333333351618, 4.410000000000011688, -46.49999999999999289 ) ) ;
#567 = FACE_BOUND ( 'NONE', #1101, .T. ) ;
#568 = VERTEX_POINT ( 'NONE', #103 ) ;
#569 = CARTESIAN_POINT ( 'NONE',  ( 40.25000000000004974, 4.410000000000011688, -3.500000000000041300 ) ) ;
#570 = CARTESIAN_POINT ( 'NONE',  ( 24.28333333333335631, 4.410000000000011688, -8.000000000000001776 ) ) ;
#571 = ORIENTED_EDGE ( 'NONE', *, *, #1089, .F. ) ;
#572 = COLOUR_RGB ( '',0.7921568627450980005, 0.8196078431372548767, 0.9333333333333333481 ) ;
#573 = FACE_OUTER_BOUND ( 'NONE', #923, .T. ) ;
#574 = EDGE_LOOP ( 'NONE', ( #1301, #1400 ) ) ;
#575 = LINE ( 'NONE', #1065, #1348 ) ;
#576 = AXIS2_PLACEMENT_3D ( 'NONE', #404, #266, #1116 ) ;
#577 = DIRECTION ( 'NONE',  ( 0.000000000000000000, -1.000000000000000000, 0.000000000000000000 ) ) ;
#578 = ORIENTED_EDGE ( 'NONE', *, *, #1332, .F. ) ;
#579 = AXIS2_PLACEMENT_3D ( 'NONE', #502, #987, #1362 ) ;
#580 = CARTESIAN_POINT ( 'NONE',  ( 35.38333333333336128, 4.410000000000011688, -12.60000000000000320 ) ) ;
#581 = ORIENTED_EDGE ( 'NONE', *, *, #687, .T. ) ;
#582 = CYLINDRICAL_SURFACE ( 'NONE', #91, 1.000000000000000000 ) ;
#583 = ADVANCED_FACE ( 'NONE', ( #487 ), #1470, .F. ) ;
#584 = EDGE_CURVE ( 'NONE', #1075, #1124, #1121, .T. ) ;
#585 = CARTESIAN_POINT ( 'NONE',  ( 40.28333333333364408, 4.410000000000011688, -34.49999999999998579 ) ) ;
#586 = ORIENTED_EDGE ( 'NONE', *, *, #426, .T. ) ;
#587 = DIRECTION ( 'NONE',  ( 0.000000000000000000, 1.000000000000000000, -0.000000000000000000 ) ) ;
#588 = ORIENTED_EDGE ( 'NONE', *, *, #253, .T. ) ;
#589 = LINE ( 'NONE', #1198, #163 ) ;
#590 = CARTESIAN_POINT ( 'NONE',  ( 26.28333333333335631, 1.410000000000011688, -18.49999999999997513 ) ) ;
#591 = EDGE_CURVE ( 'NONE', #115, #1436, #497, .T. ) ;
#592 = CARTESIAN_POINT ( 'NONE',  ( 40.28333333333336697, 4.410000000000011688, -9.500000000000003553 ) ) ;
#593 = ORIENTED_EDGE ( 'NONE', *, *, #244, .T. ) ;
#594 = EDGE_CURVE ( 'NONE', #1231, #1219, #1363, .T. ) ;
#595 = DIRECTION ( 'NONE',  ( -1.000000000000000000, 0.000000000000000000, -0.000000000000000000 ) ) ;
#596 = ORIENTED_EDGE ( 'NONE', *, *, #1281, .F. ) ;
#597 = CIRCLE ( 'NONE', #543, 10.00000000000000178 ) ;
#598 = CARTESIAN_POINT ( 'NONE',  ( 15.25000000000005151, 4.410000000000011688, -2.250000000000039968 ) ) ;
#599 = CIRCLE ( 'NONE', #187, 1.250000000000001110 ) ;
#600 = DIRECTION ( 'NONE',  ( 0.2429017768873603933, 0.000000000000000000, 0.9700508887604625263 ) ) ;
#601 = ORIENTED_EDGE ( 'NONE', *, *, #473, .T. ) ;
#602 = VECTOR ( 'NONE', #1174, 1000.000000000000114 ) ;
#603 = AXIS2_PLACEMENT_3D ( 'NONE', #1164, #68, #1081 ) ;
#604 = AXIS2_PLACEMENT_3D ( 'NONE', #346, #3, #501 ) ;
#605 = ADVANCED_FACE ( 'NONE', ( #1495 ), #1263, .F. ) ;
#606 = DIRECTION ( 'NONE',  ( 0.000000000000000000, -1.000000000000000000, 0.000000000000000000 ) ) ;
#607 = EDGE_LOOP ( 'NONE', ( #774, #359, #616, #736 ) ) ;
#608 = LINE ( 'NONE', #1076, #36 ) ;
#609 = CARTESIAN_POINT ( 'NONE',  ( 12.75000000000000355, 1.410000000000011688, -5.500000000000008882 ) ) ;
#610 = ORIENTED_EDGE ( 'NONE', *, *, #882, .F. ) ;
#611 = EDGE_LOOP ( 'NONE', ( #1416, #1166, #1176, #588 ) ) ;
#612 = EDGE_CURVE ( 'NONE', #1002, #1279, #931, .T. ) ;
#613 = ORIENTED_EDGE ( 'NONE', *, *, #962, .F. ) ;
#614 = LINE ( 'NONE', #479, #1241 ) ;
#615 = DIRECTION ( 'NONE',  ( 0.000000000000000000, 0.000000000000000000, -1.000000000000000000 ) ) ;
#616 = ORIENTED_EDGE ( 'NONE', *, *, #1469, .T. ) ;
#617 = ORIENTED_EDGE ( 'NONE', *, *, #855, .F. ) ;
#618 = AXIS2_PLACEMENT_3D ( 'NONE', #1024, #1367, #400 ) ;
#619 = CYLINDRICAL_SURFACE ( 'NONE', #1559, 6.000000000000001776 ) ;
#620 = CARTESIAN_POINT ( 'NONE',  ( 40.28333333333376487, 1.410000000000011688, -23.74999999999998224 ) ) ;
#621 = ORIENTED_EDGE ( 'NONE', *, *, #60, .T. ) ;
#622 = AXIS2_PLACEMENT_3D ( 'NONE', #1464, #848, #1086 ) ;
#623 = VERTEX_POINT ( 'NONE', #1511 ) ;
#624 = AXIS2_PLACEMENT_3D ( 'NONE', #890, #383, #26 ) ;
#625 = VECTOR ( 'NONE', #1587, 1000.000000000000000 ) ;
#626 = ORIENTED_EDGE ( 'NONE', *, *, #962, .T. ) ;
#627 = AXIS2_PLACEMENT_3D ( 'NONE', #628, #262, #381 ) ;
#628 = CARTESIAN_POINT ( 'NONE',  ( 12.75000000000000178, 4.410000000000011688, 1.965006004804816353 ) ) ;
#629 = DIRECTION ( 'NONE',  ( 0.000000000000000000, 0.000000000000000000, -1.000000000000000000 ) ) ;
#630 = EDGE_CURVE ( 'NONE', #283, #190, #314, .T. ) ;
#631 = DIRECTION ( 'NONE',  ( 0.000000000000000000, 1.000000000000000000, -0.000000000000000000 ) ) ;
#632 = EDGE_CURVE ( 'NONE', #1114, #1522, #876, .T. ) ;
#633 = CARTESIAN_POINT ( 'NONE',  ( 37.28333333333335275, 1.410000000000011910, -61.49999999999997158 ) ) ;
#634 = ORIENTED_EDGE ( 'NONE', *, *, #981, .F. ) ;
#635 = SHAPE_DEFINITION_REPRESENTATION ( #1463, #1426 ) ;
#636 = EDGE_LOOP ( 'NONE', ( #789, #1027, #1556, #1259 ) ) ;
#637 = CARTESIAN_POINT ( 'NONE',  ( 29.18333333333335489, 4.410000000000011688, -12.60000000000000320 ) ) ;
#638 = DIRECTION ( 'NONE',  ( -1.000000000000000000, 0.000000000000000000, 0.000000000000000000 ) ) ;
#639 = FACE_OUTER_BOUND ( 'NONE', #817, .T. ) ;
#640 = SURFACE_SIDE_STYLE ('',( #408 ) ) ;
#641 = CARTESIAN_POINT ( 'NONE',  ( 40.28333333333351618, 4.410000000000011688, -45.24999999999999289 ) ) ;
#642 = DIRECTION ( 'NONE',  ( -0.000000000000000000, -1.000000000000000000, -0.000000000000000000 ) ) ;
#643 = CIRCLE ( 'NONE', #1058, 1.500000000000001332 ) ;
#644 = DIRECTION ( 'NONE',  ( -0.000000000000000000, -1.000000000000000000, 0.000000000000000000 ) ) ;
#645 = ORIENTED_EDGE ( 'NONE', *, *, #128, .T. ) ;
#646 = VECTOR ( 'NONE', #140, 1000.000000000000000 ) ;
#647 = ORIENTED_EDGE ( 'NONE', *, *, #178, .T. ) ;
#648 = EDGE_CURVE ( 'NONE', #792, #984, #1531, .T. ) ;
#649 = AXIS2_PLACEMENT_3D ( 'NONE', #18, #745, #1383 ) ;
#650 = CARTESIAN_POINT ( 'NONE',  ( 36.28333333333335275, 4.410000000000011688, -61.49999999999997158 ) ) ;
#651 = AXIS2_PLACEMENT_3D ( 'NONE', #1339, #334, #1598 ) ;
#652 = EDGE_LOOP ( 'NONE', ( #776, #692, #667, #93 ) ) ;
#653 = LINE ( 'NONE', #523, #703 ) ;
#654 = DIRECTION ( 'NONE',  ( 0.000000000000000000, 0.000000000000000000, -1.000000000000000000 ) ) ;
#655 = EDGE_LOOP ( 'NONE', ( #537, #377, #1204, #1213 ) ) ;
#656 = APPLICATION_PROTOCOL_DEFINITION ( 'draft international standard', 'automotive_design', 1998, #1031 ) ;
#657 = CARTESIAN_POINT ( 'NONE',  ( 29.18333333333335489, 4.410000000000011688, -12.60000000000000320 ) ) ;
#658 = EDGE_CURVE ( 'NONE', #1266, #1070, #5, .T. ) ;
#659 = CARTESIAN_POINT ( 'NONE',  ( 36.28333333333335275, 1.410000000000011688, -18.49999999999997868 ) ) ;
#660 = ORIENTED_EDGE ( 'NONE', *, *, #741, .F. ) ;
#661 = DIRECTION ( 'NONE',  ( 0.000000000000000000, 1.000000000000000000, 0.000000000000000000 ) ) ;
#662 = CARTESIAN_POINT ( 'NONE',  ( 29.18333333333335489, 1.410000000000011688, -6.400000000000003020 ) ) ;
#663 = ORIENTED_EDGE ( 'NONE', *, *, #301, .T. ) ;
#664 = CYLINDRICAL_SURFACE ( 'NONE', #1580, 1.249999999999997558 ) ;
#665 = LINE ( 'NONE', #1152, #906 ) ;
#666 = DIRECTION ( 'NONE',  ( 0.000000000000000000, -1.000000000000000000, 0.000000000000000000 ) ) ;
#667 = ORIENTED_EDGE ( 'NONE', *, *, #252, .F. ) ;
#668 = LINE ( 'NONE', #933, #135 ) ;
#669 = CARTESIAN_POINT ( 'NONE',  ( 43.28333333333335275, 4.410000000000011688, -18.50000000000000355 ) ) ;
#670 = VERTEX_POINT ( 'NONE', #770 ) ;
#671 = AXIS2_PLACEMENT_3D ( 'NONE', #1015, #1273, #45 ) ;
#672 = AXIS2_PLACEMENT_3D ( 'NONE', #172, #644, #1389 ) ;
#673 = CARTESIAN_POINT ( 'NONE',  ( 26.28333333333335631, 1.410000000000011910, -18.49999999999997513 ) ) ;
#674 = VECTOR ( 'NONE', #600, 999.9999999999998863 ) ;
#675 = PLANE ( 'NONE',  #603 ) ;
#676 = EDGE_LOOP ( 'NONE', ( #695, #1533, #1581, #1538 ) ) ;
#677 = CARTESIAN_POINT ( 'NONE',  ( 40.28333333333376487, 4.410000000000011688, -21.24999999999998934 ) ) ;
#678 = VECTOR ( 'NONE', #666, 1000.000000000000000 ) ;
#679 = EDGE_CURVE ( 'NONE', #964, #796, #1162, .T. ) ;
#680 = FACE_OUTER_BOUND ( 'NONE', #1351, .T. ) ;
#681 = ORIENTED_EDGE ( 'NONE', *, *, #98, .F. ) ;
#682 = CARTESIAN_POINT ( 'NONE',  ( 43.28333333333335275, 4.410000000000011688, -12.50000000000000178 ) ) ;
#683 = DIRECTION ( 'NONE',  ( -0.000000000000000000, -1.000000000000000000, 0.000000000000000000 ) ) ;
#684 = ORIENTED_EDGE ( 'NONE', *, *, #713, .T. ) ;
#685 = DIRECTION ( 'NONE',  ( 0.000000000000000000, 0.000000000000000000, 1.000000000000000000 ) ) ;
#686 = CARTESIAN_POINT ( 'NONE',  ( 43.28333333333335275, 4.410000000000011688, -61.49999999999996447 ) ) ;
#687 = EDGE_CURVE ( 'NONE', #670, #499, #152, .T. ) ;
#688 = ORIENTED_EDGE ( 'NONE', *, *, #1080, .F. ) ;
#689 =( NAMED_UNIT ( * ) PLANE_ANGLE_UNIT ( ) SI_UNIT ( $, .RADIAN. ) );
#690 = DIRECTION ( 'NONE',  ( 0.000000000000000000, 1.000000000000000000, 0.000000000000000000 ) ) ;
#691 = FACE_BOUND ( 'NONE', #438, .T. ) ;
#692 = ORIENTED_EDGE ( 'NONE', *, *, #341, .T. ) ;
#693 = DIRECTION ( 'NONE',  ( 0.000000000000000000, 1.000000000000000000, 0.000000000000000000 ) ) ;
#694 = DIRECTION ( 'NONE',  ( 0.000000000000000000, 0.000000000000000000, 1.000000000000000000 ) ) ;
#695 = ORIENTED_EDGE ( 'NONE', *, *, #1355, .F. ) ;
#696 = LINE ( 'NONE', #968, #239 ) ;
#697 = FACE_BOUND ( 'NONE', #348, .T. ) ;
#698 = ORIENTED_EDGE ( 'NONE', *, *, #199, .T. ) ;
#699 = EDGE_CURVE ( 'NONE', #283, #568, #164, .T. ) ;
#700 = EDGE_CURVE ( 'NONE', #343, #205, #904, .T. ) ;
#701 = DIRECTION ( 'NONE',  ( -0.000000000000000000, -1.000000000000000000, -0.000000000000000000 ) ) ;
#702 = CIRCLE ( 'NONE', #1318, 1.249999999999997558 ) ;
#703 = VECTOR ( 'NONE', #642, 1000.000000000000000 ) ;
#704 = FACE_OUTER_BOUND ( 'NONE', #173, .T. ) ;
#705 = EDGE_LOOP ( 'NONE', ( #1515, #223, #1257, #365 ) ) ;
#706 = VECTOR ( 'NONE', #950, 1000.000000000000000 ) ;
#707 = CARTESIAN_POINT ( 'NONE',  ( 29.18333333333335489, 4.410000000000011688, -6.400000000000003020 ) ) ;
#708 = ORIENTED_EDGE ( 'NONE', *, *, #841, .T. ) ;
#709 = EDGE_CURVE ( 'NONE', #230, #556, #9, .T. ) ;
#710 = FACE_OUTER_BOUND ( 'NONE', #1545, .T. ) ;
#711 = DIRECTION ( 'NONE',  ( 0.000000000000000000, 1.000000000000000000, -0.000000000000000000 ) ) ;
#712 = VERTEX_POINT ( 'NONE', #620 ) ;
#713 = EDGE_CURVE ( 'NONE', #846, #1185, #653, .T. ) ;
#714 = CARTESIAN_POINT ( 'NONE',  ( 44.28333333333335275, 4.410000000000011688, -11.50000000000000355 ) ) ;
#715 = EDGE_LOOP ( 'NONE', ( #1413, #513, #559, #645, #64, #31, #1386, #337, #1498, #734, #1291, #1262, #586, #1430, #23, #1202, #1040, #1443, #989, #457, #406, #1410 ) ) ;
#716 = DIRECTION ( 'NONE',  ( 0.000000000000000000, 0.000000000000000000, 1.000000000000000000 ) ) ;
#717 = DIRECTION ( 'NONE',  ( -0.000000000000000000, -1.000000000000000000, -0.000000000000000000 ) ) ;
#718 = CARTESIAN_POINT ( 'NONE',  ( 40.28333333333336697, 4.410000000000011688, -11.00000000000000000 ) ) ;
#719 = VERTEX_POINT ( 'NONE', #1130 ) ;
#720 = LINE ( 'NONE', #822, #422 ) ;
#721 = ORIENTED_EDGE ( 'NONE', *, *, #19, .T. ) ;
#722 = AXIS2_PLACEMENT_3D ( 'NONE', #903, #442, #912 ) ;
#723 = CARTESIAN_POINT ( 'NONE',  ( 40.28333333333351618, 4.410000000000011688, -46.49999999999999289 ) ) ;
#724 = AXIS2_PLACEMENT_3D ( 'NONE', #585, #1350, #241 ) ;
#725 = DIRECTION ( 'NONE',  ( 1.000000000000000000, -0.000000000000000000, -0.000000000000000000 ) ) ;
#726 = ORIENTED_EDGE ( 'NONE', *, *, #253, .F. ) ;
#727 = EDGE_CURVE ( 'NONE', #248, #1566, #35, .T. ) ;
#728 = AXIS2_PLACEMENT_3D ( 'NONE', #1375, #756, #1005 ) ;
#729 = AXIS2_PLACEMENT_3D ( 'NONE', #1516, #429, #798 ) ;
#730 = PRODUCT_DEFINITION ( 'UNKNOWN', '', #1313, #395 ) ;
#731 = ORIENTED_EDGE ( 'NONE', *, *, #1497, .F. ) ;
#732 = CARTESIAN_POINT ( 'NONE',  ( 37.28333333333335275, 1.410000000000011688, -62.49999999999997158 ) ) ;
#733 = DIRECTION ( 'NONE',  ( 0.000000000000000000, 0.000000000000000000, 1.000000000000000000 ) ) ;
#734 = ORIENTED_EDGE ( 'NONE', *, *, #391, .T. ) ;
#735 = EDGE_LOOP ( 'NONE', ( #1471, #256, #1596, #1112 ) ) ;
#736 = ORIENTED_EDGE ( 'NONE', *, *, #658, .F. ) ;
#737 = CARTESIAN_POINT ( 'NONE',  ( 40.28333333333376487, 4.410000000000011688, -23.74999999999998224 ) ) ;
#738 = CARTESIAN_POINT ( 'NONE',  ( 27.74999999999999645, 1.410000000000011688, 20.70000000000000639 ) ) ;
#739 = ORIENTED_EDGE ( 'NONE', *, *, #512, .T. ) ;
#740 = DIRECTION ( 'NONE',  ( 0.000000000000000000, 0.000000000000000000, 1.000000000000000000 ) ) ;
#741 = EDGE_CURVE ( 'NONE', #43, #556, #1021, .T. ) ;
#742 = PLANE ( 'NONE',  #627 ) ;
#743 = FACE_OUTER_BOUND ( 'NONE', #705, .T. ) ;
#744 = EDGE_CURVE ( 'NONE', #1197, #1219, #1374, .T. ) ;
#745 = DIRECTION ( 'NONE',  ( -0.000000000000000000, -1.000000000000000000, -0.000000000000000000 ) ) ;
#746 = VECTOR ( 'NONE', #1042, 1000.000000000000000 ) ;
#747 = DIRECTION ( 'NONE',  ( 0.000000000000000000, 1.000000000000000000, -0.000000000000000000 ) ) ;
#748 = ORIENTED_EDGE ( 'NONE', *, *, #793, .F. ) ;
#749 = VECTOR ( 'NONE', #503, 1000.000000000000000 ) ;
#750 = DIRECTION ( 'NONE',  ( 0.000000000000000000, 0.000000000000000000, 1.000000000000000000 ) ) ;
#751 = AXIS2_PLACEMENT_3D ( 'NONE', #558, #905, #284 ) ;
#752 = EDGE_LOOP ( 'NONE', ( #1145, #274, #1227, #238 ) ) ;
#753 = VECTOR ( 'NONE', #323, 1000.000000000000000 ) ;
#754 = CARTESIAN_POINT ( 'NONE',  ( 44.28333333333335275, 4.410000000000011688, 1.911824049270861803 ) ) ;
#755 = EDGE_CURVE ( 'NONE', #49, #228, #61, .T. ) ;
#756 = DIRECTION ( 'NONE',  ( 0.000000000000000000, 1.000000000000000000, 0.000000000000000000 ) ) ;
#757 = LINE ( 'NONE', #662, #821 ) ;
#758 = EDGE_CURVE ( 'NONE', #1597, #1589, #1396, .T. ) ;
#759 = EDGE_LOOP ( 'NONE', ( #296, #1003, #1023, #969 ) ) ;
#760 = CARTESIAN_POINT ( 'NONE',  ( 0.000000000000000000, 0.000000000000000000, 0.000000000000000000 ) ) ;
#761 = ORIENTED_EDGE ( 'NONE', *, *, #942, .F. ) ;
#762 = CARTESIAN_POINT ( 'NONE',  ( 35.38333333333336128, 1.410000000000011688, -6.400000000000003020 ) ) ;
#763 = DIRECTION ( 'NONE',  ( 0.000000000000000000, 0.000000000000000000, 1.000000000000000000 ) ) ;
#764 = CYLINDRICAL_SURFACE ( 'NONE', #209, 1.249999999999997558 ) ;
#765 = ADVANCED_FACE ( 'NONE', ( #1041 ), #304, .F. ) ;
#766 = EDGE_LOOP ( 'NONE', ( #799, #1391 ) ) ;
#767 = VERTEX_POINT ( 'NONE', #1055 ) ;
#768 = DIRECTION ( 'NONE',  ( -0.000000000000000000, -1.000000000000000000, 0.000000000000000000 ) ) ;
#769 = VERTEX_POINT ( 'NONE', #1167 ) ;
#770 = CARTESIAN_POINT ( 'NONE',  ( 18.28333333333334565, 4.410000000000011688, -17.49999999999997513 ) ) ;
#771 = MECHANICAL_DESIGN_GEOMETRIC_PRESENTATION_REPRESENTATION (  '', ( #385 ), #976 ) ;
#772 = CARTESIAN_POINT ( 'NONE',  ( 40.28333333333336697, 4.410000000000011688, -9.500000000000003553 ) ) ;
#773 = EDGE_CURVE ( 'NONE', #373, #1361, #70, .T. ) ;
#774 = ORIENTED_EDGE ( 'NONE', *, *, #1299, .F. ) ;
#775 = AXIS2_PLACEMENT_3D ( 'NONE', #1117, #1242, #517 ) ;
#776 = ORIENTED_EDGE ( 'NONE', *, *, #11, .T. ) ;
#777 = AXIS2_PLACEMENT_3D ( 'NONE', #322, #1156, #1306 ) ;
#778 = CARTESIAN_POINT ( 'NONE',  ( 19.28333333333334565, 4.410000000000011688, -17.49999999999997513 ) ) ;
#779 = VECTOR ( 'NONE', #1052, 1000.000000000000000 ) ;
#780 = ORIENTED_EDGE ( 'NONE', *, *, #773, .T. ) ;
#781 = DIRECTION ( 'NONE',  ( -0.000000000000000000, -1.000000000000000000, 0.000000000000000000 ) ) ;
#782 = LINE ( 'NONE', #1487, #416 ) ;
#783 = ORIENTED_EDGE ( 'NONE', *, *, #1012, .F. ) ;
#784 = CARTESIAN_POINT ( 'NONE',  ( 29.18333333333335489, 1.410000000000011688, -12.60000000000000320 ) ) ;
#785 = CARTESIAN_POINT ( 'NONE',  ( 29.18333333333335489, 1.410000000000011688, -12.60000000000000320 ) ) ;
#786 = ORIENTED_EDGE ( 'NONE', *, *, #1420, .T. ) ;
#787 = CARTESIAN_POINT ( 'NONE',  ( 35.38333333333336128, 1.410000000000011688, -12.60000000000000320 ) ) ;
#788 = CARTESIAN_POINT ( 'NONE',  ( 40.28333333333364408, 4.410000000000011688, -35.74999999999999289 ) ) ;
#789 = ORIENTED_EDGE ( 'NONE', *, *, #94, .F. ) ;
#790 = DIRECTION ( 'NONE',  ( 0.000000000000000000, 0.000000000000000000, -1.000000000000000000 ) ) ;
#791 = DIRECTION ( 'NONE',  ( -0.000000000000000000, 1.000000000000000000, -0.000000000000000000 ) ) ;
#792 = VERTEX_POINT ( 'NONE', #1529 ) ;
#793 = EDGE_CURVE ( 'NONE', #1548, #1361, #364, .T. ) ;
#794 = LINE ( 'NONE', #1288, #1267 ) ;
#795 = DIRECTION ( 'NONE',  ( -0.000000000000000000, -1.000000000000000000, -0.000000000000000000 ) ) ;
#796 = VERTEX_POINT ( 'NONE', #1272 ) ;
#797 = FACE_OUTER_BOUND ( 'NONE', #1284, .T. ) ;
#798 = DIRECTION ( 'NONE',  ( 0.000000000000000000, 0.000000000000000000, 1.000000000000000000 ) ) ;
#799 = ORIENTED_EDGE ( 'NONE', *, *, #252, .T. ) ;
#800 = CIRCLE ( 'NONE', #982, 1.250000000000001110 ) ;
#801 = ADVANCED_FACE ( 'NONE', ( #908 ), #560, .F. ) ;
#802 = VECTOR ( 'NONE', #536, 1000.000000000000000 ) ;
#803 = LINE ( 'NONE', #1298, #602 ) ;
#804 = DIRECTION ( 'NONE',  ( 0.000000000000000000, 0.000000000000000000, -1.000000000000000000 ) ) ;
#805 = ORIENTED_EDGE ( 'NONE', *, *, #687, .F. ) ;
#806 = DIRECTION ( 'NONE',  ( 0.000000000000000000, 0.000000000000000000, 1.000000000000000000 ) ) ;
#807 = FACE_OUTER_BOUND ( 'NONE', #1181, .T. ) ;
#808 = VERTEX_POINT ( 'NONE', #433 ) ;
#809 = CARTESIAN_POINT ( 'NONE',  ( 43.28333333333335275, 1.410000000000011910, -61.49999999999996447 ) ) ;
#810 = CARTESIAN_POINT ( 'NONE',  ( 36.28333333333335275, 4.410000000000011688, -62.49999999999997158 ) ) ;
#811 = VERTEX_POINT ( 'NONE', #1048 ) ;
#812 = EDGE_CURVE ( 'NONE', #1209, #258, #1539, .T. ) ;
#813 = DIRECTION ( 'NONE',  ( 0.000000000000000000, 0.000000000000000000, -1.000000000000000000 ) ) ;
#814 = ORIENTED_EDGE ( 'NONE', *, *, #727, .F. ) ;
#815 = DIRECTION ( 'NONE',  ( 0.000000000000000000, -1.000000000000000000, 0.000000000000000000 ) ) ;
#816 = LINE ( 'NONE', #315, #496 ) ;
#817 = EDGE_LOOP ( 'NONE', ( #698, #243, #1035, #1094 ) ) ;
#818 = EDGE_CURVE ( 'NONE', #109, #1423, #794, .T. ) ;
#819 = CIRCLE ( 'NONE', #1393, 1.000000000000000888 ) ;
#820 = ADVANCED_FACE ( 'NONE', ( #311 ), #439, .F. ) ;
#821 = VECTOR ( 'NONE', #524, 1000.000000000000000 ) ;
#822 = CARTESIAN_POINT ( 'NONE',  ( 27.74999999999999645, 4.410000000000011688, 26.70000000000000995 ) ) ;
#823 = CARTESIAN_POINT ( 'NONE',  ( 27.74999999999999645, 4.410000000000011688, 14.70000000000000462 ) ) ;
#824 = ORIENTED_EDGE ( 'NONE', *, *, #1510, .T. ) ;
#825 = EDGE_CURVE ( 'NONE', #542, #52, #803, .T. ) ;
#826 = FACE_OUTER_BOUND ( 'NONE', #176, .T. ) ;
#827 = CIRCLE ( 'NONE', #214, 1.250000000000001110 ) ;
#828 = AXIS2_PLACEMENT_3D ( 'NONE', #528, #443, #309 ) ;
#829 = DIRECTION ( 'NONE',  ( -0.000000000000000000, -1.000000000000000000, -0.000000000000000000 ) ) ;
#830 = ORIENTED_EDGE ( 'NONE', *, *, #1161, .T. ) ;
#831 = VECTOR ( 'NONE', #1234, 1000.000000000000000 ) ;
#832 = LINE ( 'NONE', #1069, #1586 ) ;
#833 = ORIENTED_EDGE ( 'NONE', *, *, #512, .F. ) ;
#834 = DIRECTION ( 'NONE',  ( 0.000000000000000000, 1.000000000000000000, 0.000000000000000000 ) ) ;
#835 = LINE ( 'NONE', #979, #259 ) ;
#836 = EDGE_LOOP ( 'NONE', ( #864, #1595 ) ) ;
#837 = EDGE_CURVE ( 'NONE', #984, #792, #188, .T. ) ;
#838 = CARTESIAN_POINT ( 'NONE',  ( 43.28333333333335275, 4.410000000000011688, 1.755263607840839679 ) ) ;
#839 = ORIENTED_EDGE ( 'NONE', *, *, #1269, .F. ) ;
#840 = CARTESIAN_POINT ( 'NONE',  ( 40.25000000000004974, 1.410000000000011688, -3.500000000000041300 ) ) ;
#841 = EDGE_CURVE ( 'NONE', #1271, #1251, #171, .T. ) ;
#842 = UNCERTAINTY_MEASURE_WITH_UNIT (LENGTH_MEASURE( 1.000000000000000082E-05 ), #1523, 'distance_accuracy_value', 'NONE');
#843 = DIRECTION ( 'NONE',  ( 0.000000000000000000, 0.000000000000000000, -1.000000000000000000 ) ) ;
#844 = EDGE_LOOP ( 'NONE', ( #291, #973 ) ) ;
#845 = LINE ( 'NONE', #938, #1504 ) ;
#846 = VERTEX_POINT ( 'NONE', #78 ) ;
#847 = DIRECTION ( 'NONE',  ( 0.000000000000000000, 1.000000000000000000, 0.000000000000000000 ) ) ;
#848 = DIRECTION ( 'NONE',  ( -0.9521505035865956978, 0.000000000000000000, -0.3056295445793688059 ) ) ;
#849 = ORIENTED_EDGE ( 'NONE', *, *, #1370, .F. ) ;
#850 = VECTOR ( 'NONE', #229, 1000.000000000000000 ) ;
#851 = ORIENTED_EDGE ( 'NONE', *, *, #492, .T. ) ;
#852 = CARTESIAN_POINT ( 'NONE',  ( 26.28333333333335631, 4.410000000000011688, -18.49999999999997513 ) ) ;
#853 = CARTESIAN_POINT ( 'NONE',  ( 43.28333333333335275, 4.410000000000011688, -62.49999999999996447 ) ) ;
#854 = EDGE_LOOP ( 'NONE', ( #161, #1451, #299, #1118 ) ) ;
#855 = EDGE_CURVE ( 'NONE', #1522, #1114, #1239, .T. ) ;
#856 = DIRECTION ( 'NONE',  ( 0.000000000000000000, 1.000000000000000000, 0.000000000000000000 ) ) ;
#857 = EDGE_CURVE ( 'NONE', #125, #321, #668, .T. ) ;
#858 = LINE ( 'NONE', #1360, #1296 ) ;
#859 = ORIENTED_EDGE ( 'NONE', *, *, #232, .F. ) ;
#860 = CARTESIAN_POINT ( 'NONE',  ( 36.28333333333335275, 4.410000000000011688, -62.49999999999997158 ) ) ;
#861 = DIRECTION ( 'NONE',  ( -0.000000000000000000, -1.000000000000000000, 0.000000000000000000 ) ) ;
#862 = ORIENTED_EDGE ( 'NONE', *, *, #391, .F. ) ;
#863 = DIRECTION ( 'NONE',  ( -1.000000000000000000, 0.000000000000000000, 0.000000000000000000 ) ) ;
#864 = ORIENTED_EDGE ( 'NONE', *, *, #1490, .T. ) ;
#865 = DIRECTION ( 'NONE',  ( -0.000000000000000000, -1.000000000000000000, 0.000000000000000000 ) ) ;
#866 = EDGE_CURVE ( 'NONE', #1047, #1597, #1449, .T. ) ;
#867 = DIRECTION ( 'NONE',  ( 0.000000000000000000, 0.000000000000000000, 1.000000000000000000 ) ) ;
#868 = FACE_BOUND ( 'NONE', #149, .T. ) ;
#869 = CIRCLE ( 'NONE', #722, 1.000000000000000000 ) ;
#870 = EDGE_CURVE ( 'NONE', #1561, #242, #449, .T. ) ;
#871 = DIRECTION ( 'NONE',  ( 0.000000000000000000, -1.000000000000000000, 0.000000000000000000 ) ) ;
#872 = CARTESIAN_POINT ( 'NONE',  ( 40.28333333333339539, 1.410000000000011688, -58.50000000000000000 ) ) ;
#873 = CIRCLE ( 'NONE', #724, 1.250000000000001110 ) ;
#874 = CARTESIAN_POINT ( 'NONE',  ( 44.28333333333335275, 4.410000000000011688, -11.50000000000000000 ) ) ;
#875 = ORIENTED_EDGE ( 'NONE', *, *, #232, .T. ) ;
#876 = CIRCLE ( 'NONE', #1191, 1.250000000000001110 ) ;
#877 = VECTOR ( 'NONE', #1237, 1000.000000000000000 ) ;
#878 = VERTEX_POINT ( 'NONE', #86 ) ;
#879 = AXIS2_PLACEMENT_3D ( 'NONE', #410, #285, #1153 ) ;
#880 = FACE_BOUND ( 'NONE', #1100, .T. ) ;
#881 = CARTESIAN_POINT ( 'NONE',  ( 12.75000000000000355, 4.410000000000011688, -5.500000000000008882 ) ) ;
#882 = EDGE_CURVE ( 'NONE', #190, #529, #575, .T. ) ;
#883 = DIRECTION ( 'NONE',  ( -1.000000000000000000, 0.000000000000000000, 5.799828488958593650E-15 ) ) ;
#884 = DIRECTION ( 'NONE',  ( 0.000000000000000000, -1.000000000000000000, 0.000000000000000000 ) ) ;
#885 = ORIENTED_EDGE ( 'NONE', *, *, #1355, .T. ) ;
#886 = CARTESIAN_POINT ( 'NONE',  ( 40.28333333333376487, 1.410000000000011688, -21.24999999999998934 ) ) ;
#887 = CARTESIAN_POINT ( 'NONE',  ( 40.28333333333336697, 4.410000000000011688, -9.500000000000003553 ) ) ;
#888 = FACE_BOUND ( 'NONE', #356, .T. ) ;
#889 = EDGE_CURVE ( 'NONE', #1548, #952, #1444, .T. ) ;
#890 = CARTESIAN_POINT ( 'NONE',  ( 40.28333333333339539, 4.410000000000011688, -58.50000000000000000 ) ) ;
#891 = DIRECTION ( 'NONE',  ( 0.000000000000000000, 0.000000000000000000, 1.000000000000000000 ) ) ;
#892 = ORIENTED_EDGE ( 'NONE', *, *, #185, .T. ) ;
#893 = SURFACE_STYLE_USAGE ( .BOTH. , #640 ) ;
#894 = CARTESIAN_POINT ( 'NONE',  ( 12.75000000000000178, 1.410000000000011688, 1.965006004804816353 ) ) ;
#895 = ORIENTED_EDGE ( 'NONE', *, *, #970, .T. ) ;
#896 = DIRECTION ( 'NONE',  ( 0.000000000000000000, 1.000000000000000000, 0.000000000000000000 ) ) ;
#897 = CIRCLE ( 'NONE', #55, 10.00000000000000178 ) ;
#898 = CIRCLE ( 'NONE', #1499, 1.499999999999996225 ) ;
#899 = CARTESIAN_POINT ( 'NONE',  ( 36.28333333333335275, 4.410000000000011688, -28.49999999999997158 ) ) ;
#900 = ORIENTED_EDGE ( 'NONE', *, *, #870, .F. ) ;
#901 = VECTOR ( 'NONE', #180, 1000.000000000000000 ) ;
#902 = VECTOR ( 'NONE', #450, 1000.000000000000000 ) ;
#903 = CARTESIAN_POINT ( 'NONE',  ( 13.75000000000000533, 1.410000000000011910, -5.500000000000008882 ) ) ;
#904 = CIRCLE ( 'NONE', #215, 1.250000000000001110 ) ;
#905 = DIRECTION ( 'NONE',  ( -0.000000000000000000, -1.000000000000000000, -0.000000000000000000 ) ) ;
#906 = VECTOR ( 'NONE', #791, 1000.000000000000000 ) ;
#907 = ORIENTED_EDGE ( 'NONE', *, *, #837, .F. ) ;
#908 = FACE_OUTER_BOUND ( 'NONE', #854, .T. ) ;
#909 = CYLINDRICAL_SURFACE ( 'NONE', #1397, 1.000000000000000888 ) ;
#910 = ORIENTED_EDGE ( 'NONE', *, *, #178, .F. ) ;
#911 = ADVANCED_FACE ( 'NONE', ( #710 ), #582, .T. ) ;
#912 = DIRECTION ( 'NONE',  ( 0.000000000000000000, 0.000000000000000000, -1.000000000000000000 ) ) ;
#913 = EDGE_CURVE ( 'NONE', #796, #268, #589, .T. ) ;
#914 = CARTESIAN_POINT ( 'NONE',  ( 19.28333333333334565, 1.410000000000011910, -17.49999999999997513 ) ) ;
#915 = FACE_BOUND ( 'NONE', #504, .T. ) ;
#916 = ORIENTED_EDGE ( 'NONE', *, *, #1372, .T. ) ;
#917 = DIRECTION ( 'NONE',  ( 1.000000000000000000, 0.000000000000000000, -1.927470528863118062E-16 ) ) ;
#918 = LINE ( 'NONE', #51, #1264 ) ;
#919 = ORIENTED_EDGE ( 'NONE', *, *, #8, .T. ) ;
#920 =( NAMED_UNIT ( * ) SI_UNIT ( $, .STERADIAN. ) SOLID_ANGLE_UNIT ( ) );
#921 = EDGE_CURVE ( 'NONE', #792, #280, #1570, .T. ) ;
#922 = DIRECTION ( 'NONE',  ( 0.000000000000000000, 0.000000000000000000, 1.000000000000000000 ) ) ;
#923 = EDGE_LOOP ( 'NONE', ( #1109, #937, #647, #369 ) ) ;
#924 = CARTESIAN_POINT ( 'NONE',  ( 40.28333333333364408, 4.410000000000011688, -34.49999999999998579 ) ) ;
#925 = LINE ( 'NONE', #555, #746 ) ;
#926 = EDGE_LOOP ( 'NONE', ( #1221, #907 ) ) ;
#927 = AXIS2_PLACEMENT_3D ( 'NONE', #772, #991, #654 ) ;
#928 = DIRECTION ( 'NONE',  ( 0.000000000000000000, 0.000000000000000000, 1.000000000000000000 ) ) ;
#929 = CARTESIAN_POINT ( 'NONE',  ( 24.28333333333335631, 1.410000000000011688, -8.000000000000001776 ) ) ;
#930 = ORIENTED_EDGE ( 'NONE', *, *, #486, .T. ) ;
#931 = CIRCLE ( 'NONE', #1009, 1.250000000000001110 ) ;
#932 = CIRCLE ( 'NONE', #1010, 1.000000000000000000 ) ;
#933 = CARTESIAN_POINT ( 'NONE',  ( 27.74999999999999645, 1.410000000000011688, -18.50000000000000711 ) ) ;
#934 = CARTESIAN_POINT ( 'NONE',  ( 40.28333333333339539, 4.410000000000011688, -57.24999999999999289 ) ) ;
#935 = EDGE_CURVE ( 'NONE', #1133, #1378, #827, .T. ) ;
#936 = CARTESIAN_POINT ( 'NONE',  ( 37.28333333333335275, 4.410000000000011688, -61.49999999999997158 ) ) ;
#937 = ORIENTED_EDGE ( 'NONE', *, *, #935, .T. ) ;
#938 = CARTESIAN_POINT ( 'NONE',  ( 18.28333333333334565, 4.410000000000011688, -18.49999999999997513 ) ) ;
#939 = ORIENTED_EDGE ( 'NONE', *, *, #679, .F. ) ;
#940 = CARTESIAN_POINT ( 'NONE',  ( 18.28333333333334565, 4.410000000000011688, -6.500000000000035527 ) ) ;
#941 = LINE ( 'NONE', #87, #66 ) ;
#942 = EDGE_CURVE ( 'NONE', #1075, #1297, #240, .T. ) ;
#943 = DIRECTION ( 'NONE',  ( 0.000000000000000000, 0.000000000000000000, 1.000000000000000000 ) ) ;
#944 = ORIENTED_EDGE ( 'NONE', *, *, #841, .F. ) ;
#945 = PRODUCT_RELATED_PRODUCT_CATEGORY ( 'part', '', ( #111 ) ) ;
#946 = EDGE_CURVE ( 'NONE', #1378, #1133, #800, .T. ) ;
#947 = DIRECTION ( 'NONE',  ( 0.000000000000000000, 0.000000000000000000, 1.000000000000000000 ) ) ;
#948 = LINE ( 'NONE', #823, #831 ) ;
#949 = VERTEX_POINT ( 'NONE', #1461 ) ;
#950 = DIRECTION ( 'NONE',  ( -0.000000000000000000, 1.000000000000000000, -0.000000000000000000 ) ) ;
#951 = DIRECTION ( 'NONE',  ( 0.000000000000000000, 0.000000000000000000, -1.000000000000000000 ) ) ;
#952 = VERTEX_POINT ( 'NONE', #732 ) ;
#953 = AXIS2_PLACEMENT_3D ( 'NONE', #633, #1512, #166 ) ;
#954 = DIRECTION ( 'NONE',  ( -0.000000000000000000, -1.000000000000000000, -0.000000000000000000 ) ) ;
#955 = EDGE_LOOP ( 'NONE', ( #610, #527, #780, #1335 ) ) ;
#956 = CARTESIAN_POINT ( 'NONE',  ( 40.25000000000004974, 4.410000000000011688, -2.250000000000043521 ) ) ;
#957 = DIRECTION ( 'NONE',  ( 0.000000000000000000, 1.000000000000000000, -0.000000000000000000 ) ) ;
#958 = AXIS2_PLACEMENT_3D ( 'NONE', #33, #393, #1260 ) ;
#959 = CYLINDRICAL_SURFACE ( 'NONE', #1530, 9.999999999999998224 ) ;
#960 = ORIENTED_EDGE ( 'NONE', *, *, #1323, .T. ) ;
#961 = VECTOR ( 'NONE', #1432, 1000.000000000000000 ) ;
#962 = EDGE_CURVE ( 'NONE', #952, #1274, #1205, .T. ) ;
#963 = LINE ( 'NONE', #714, #138 ) ;
#964 = VERTEX_POINT ( 'NONE', #956 ) ;
#965 = DIRECTION ( 'NONE',  ( -1.000000000000000000, 0.000000000000000000, -8.673617379884035472E-16 ) ) ;
#966 = CARTESIAN_POINT ( 'NONE',  ( 19.28333333333334565, 4.410000000000011688, -17.49999999999997513 ) ) ;
#967 = ORIENTED_EDGE ( 'NONE', *, *, #612, .T. ) ;
#968 = CARTESIAN_POINT ( 'NONE',  ( 40.28333333333339539, 4.410000000000011688, -57.24999999999999289 ) ) ;
#969 = ORIENTED_EDGE ( 'NONE', *, *, #584, .T. ) ;
#970 = EDGE_CURVE ( 'NONE', #1133, #1002, #1455, .T. ) ;
#971 = FACE_OUTER_BOUND ( 'NONE', #1345, .T. ) ;
#972 = CARTESIAN_POINT ( 'NONE',  ( 26.28333333333335275, 4.410000000000011688, -28.49999999999997158 ) ) ;
#973 = ORIENTED_EDGE ( 'NONE', *, *, #344, .T. ) ;
#974 = ORIENTED_EDGE ( 'NONE', *, *, #837, .T. ) ;
#975 = ORIENTED_EDGE ( 'NONE', *, *, #825, .F. ) ;
#976 =( GEOMETRIC_REPRESENTATION_CONTEXT ( 3 ) GLOBAL_UNCERTAINTY_ASSIGNED_CONTEXT ( ( #6 ) ) GLOBAL_UNIT_ASSIGNED_CONTEXT ( ( #1508, #689, #920 ) ) REPRESENTATION_CONTEXT ( 'NONE', 'WORKASPACE' ) );
#977 = FACE_OUTER_BOUND ( 'NONE', #611, .T. ) ;
#978 = AXIS2_PLACEMENT_3D ( 'NONE', #686, #1547, #804 ) ;
#979 = CARTESIAN_POINT ( 'NONE',  ( 35.38333333333336128, 1.410000000000011688, -6.400000000000003020 ) ) ;
#980 = VERTEX_POINT ( 'NONE', #107 ) ;
#981 = EDGE_CURVE ( 'NONE', #1361, #529, #1312, .T. ) ;
#982 = AXIS2_PLACEMENT_3D ( 'NONE', #467, #460, #716 ) ;
#983 = AXIS2_PLACEMENT_3D ( 'NONE', #1459, #606, #813 ) ;
#984 = VERTEX_POINT ( 'NONE', #598 ) ;
#985 = FACE_OUTER_BOUND ( 'NONE', #1082, .T. ) ;
#986 = ORIENTED_EDGE ( 'NONE', *, *, #1542, .T. ) ;
#987 = DIRECTION ( 'NONE',  ( 0.000000000000000000, 1.000000000000000000, -0.000000000000000000 ) ) ;
#988 = CARTESIAN_POINT ( 'NONE',  ( 35.38333333333336128, 4.410000000000011688, -6.400000000000003020 ) ) ;
#989 = ORIENTED_EDGE ( 'NONE', *, *, #313, .T. ) ;
#990 = ADVANCED_FACE ( 'NONE', ( #971 ), #1084, .F. ) ;
#991 = DIRECTION ( 'NONE',  ( -0.000000000000000000, -1.000000000000000000, -0.000000000000000000 ) ) ;
#992 = VERTEX_POINT ( 'NONE', #210 ) ;
#993 = EDGE_CURVE ( 'NONE', #184, #441, #614, .T. ) ;
#994 = CARTESIAN_POINT ( 'NONE',  ( 27.74999999999999645, 4.410000000000011688, 14.70000000000000284 ) ) ;
#995 = FACE_OUTER_BOUND ( 'NONE', #126, .T. ) ;
#996 = ORIENTED_EDGE ( 'NONE', *, *, #199, .F. ) ;
#997 = ADVANCED_FACE ( 'NONE', ( #826 ), #1193, .F. ) ;
#998 = EDGE_CURVE ( 'NONE', #321, #283, #1097, .T. ) ;
#999 = CARTESIAN_POINT ( 'NONE',  ( 15.25000000000005151, 4.410000000000011688, -2.250000000000039968 ) ) ;
#1000 = CARTESIAN_POINT ( 'NONE',  ( 43.28333333333335275, 1.410000000000011910, 1.755263607840839679 ) ) ;
#1001 = DIRECTION ( 'NONE',  ( 0.2429017768873603933, 0.000000000000000000, 0.9700508887604625263 ) ) ;
#1002 = VERTEX_POINT ( 'NONE', #352 ) ;
#1003 = ORIENTED_EDGE ( 'NONE', *, *, #713, .F. ) ;
#1004 = CARTESIAN_POINT ( 'NONE',  ( 35.38333333333336128, 4.410000000000011688, -6.400000000000003020 ) ) ;
#1005 = DIRECTION ( 'NONE',  ( 0.000000000000000000, 0.000000000000000000, 1.000000000000000000 ) ) ;
#1006 = CIRCLE ( 'NONE', #547, 1.249999999999997558 ) ;
#1007 = CARTESIAN_POINT ( 'NONE',  ( 44.28333333333335275, 4.410000000000011688, -19.49999999999999645 ) ) ;
#1008 = ORIENTED_EDGE ( 'NONE', *, *, #921, .T. ) ;
#1009 = AXIS2_PLACEMENT_3D ( 'NONE', #1388, #272, #1230 ) ;
#1010 = AXIS2_PLACEMENT_3D ( 'NONE', #838, #587, #1435 ) ;
#1011 = PRESENTATION_STYLE_ASSIGNMENT (( #893 ) ) ;
#1012 = EDGE_CURVE ( 'NONE', #268, #432, #500, .T. ) ;
#1013 = DIRECTION ( 'NONE',  ( 0.000000000000000000, 0.000000000000000000, -1.000000000000000000 ) ) ;
#1014 = CARTESIAN_POINT ( 'NONE',  ( 41.68333333333335133, -5.589999999999988312, -12.50000000000000178 ) ) ;
#1015 = CARTESIAN_POINT ( 'NONE',  ( 40.28333333333351618, 1.410000000000011688, -46.49999999999999289 ) ) ;
#1016 = EDGE_LOOP ( 'NONE', ( #483, #786, #379, #46 ) ) ;
#1017 = CYLINDRICAL_SURFACE ( 'NONE', #618, 6.000000000000001776 ) ;
#1018 = FILL_AREA_STYLE ('',( #150 ) ) ;
#1019 = CARTESIAN_POINT ( 'NONE',  ( 24.28333333333335631, 4.410000000000011688, -11.00000000000000533 ) ) ;
#1020 = ORIENTED_EDGE ( 'NONE', *, *, #889, .F. ) ;
#1021 = LINE ( 'NONE', #1520, #1036 ) ;
#1022 = CARTESIAN_POINT ( 'NONE',  ( 44.28333333333335275, 4.410000000000011688, 1.911824049270861803 ) ) ;
#1023 = ORIENTED_EDGE ( 'NONE', *, *, #1332, .T. ) ;
#1024 = CARTESIAN_POINT ( 'NONE',  ( 27.74999999999999645, 4.410000000000011688, 20.70000000000000639 ) ) ;
#1025 = CARTESIAN_POINT ( 'NONE',  ( 27.74999999999999645, 4.410000000000011688, 20.70000000000000639 ) ) ;
#1026 = FACE_OUTER_BOUND ( 'NONE', #607, .T. ) ;
#1027 = ORIENTED_EDGE ( 'NONE', *, *, #679, .T. ) ;
#1028 = VECTOR ( 'NONE', #1379, 1000.000000000000000 ) ;
#1029 = DIRECTION ( 'NONE',  ( 0.000000000000000000, 1.000000000000000000, 0.000000000000000000 ) ) ;
#1030 = VECTOR ( 'NONE', #928, 1000.000000000000000 ) ;
#1031 = APPLICATION_CONTEXT ( 'automotive_design' ) ;
#1032 = EDGE_CURVE ( 'NONE', #1209, #115, #608, .T. ) ;
#1033 = DIRECTION ( 'NONE',  ( 0.000000000000000000, 1.000000000000000000, 0.000000000000000000 ) ) ;
#1034 = ADVANCED_FACE ( 'NONE', ( #1092 ), #485, .F. ) ;
#1035 = ORIENTED_EDGE ( 'NONE', *, *, #1490, .F. ) ;
#1036 = VECTOR ( 'NONE', #129, 1000.000000000000000 ) ;
#1037 = DIRECTION ( 'NONE',  ( 0.000000000000000000, 0.000000000000000000, 1.000000000000000000 ) ) ;
#1038 = VECTOR ( 'NONE', #1120, 1000.000000000000000 ) ;
#1039 = DIRECTION ( 'NONE',  ( 0.000000000000000000, 0.000000000000000000, -1.000000000000000000 ) ) ;
#1040 = ORIENTED_EDGE ( 'NONE', *, *, #1281, .T. ) ;
#1041 = FACE_OUTER_BOUND ( 'NONE', #636, .T. ) ;
#1042 = DIRECTION ( 'NONE',  ( -1.000000000000000000, 0.000000000000000000, 0.000000000000000000 ) ) ;
#1043 = EDGE_CURVE ( 'NONE', #878, #1139, #1402, .T. ) ;
#1044 = ORIENTED_EDGE ( 'NONE', *, *, #1211, .T. ) ;
#1045 = PLANE ( 'NONE',  #30 ) ;
#1046 = DIRECTION ( 'NONE',  ( -8.673617379884035472E-16, 0.000000000000000000, 1.000000000000000000 ) ) ;
#1047 = VERTEX_POINT ( 'NONE', #1381 ) ;
#1048 = CARTESIAN_POINT ( 'NONE',  ( 18.28333333333334565, 1.410000000000011688, -6.500000000000035527 ) ) ;
#1049 = DIRECTION ( 'NONE',  ( -5.204170427930421283E-15, 0.000000000000000000, -1.000000000000000000 ) ) ;
#1050 = ORIENTED_EDGE ( 'NONE', *, *, #1542, .F. ) ;
#1051 = DIRECTION ( 'NONE',  ( 0.000000000000000000, 1.000000000000000000, -0.000000000000000000 ) ) ;
#1052 = DIRECTION ( 'NONE',  ( -1.000000000000000000, 0.000000000000000000, 0.000000000000000000 ) ) ;
#1053 = EDGE_LOOP ( 'NONE', ( #1518, #660, #514, #104 ) ) ;
#1054 = ADVANCED_FACE ( 'NONE', ( #1115 ), #25, .F. ) ;
#1055 = CARTESIAN_POINT ( 'NONE',  ( 29.18333333333335489, 4.410000000000011688, -12.60000000000000320 ) ) ;
#1056 = DIRECTION ( 'NONE',  ( 0.000000000000000000, 1.000000000000000000, 0.000000000000000000 ) ) ;
#1057 = ORIENTED_EDGE ( 'NONE', *, *, #889, .T. ) ;
#1058 = AXIS2_PLACEMENT_3D ( 'NONE', #1252, #145, #867 ) ;
#1059 = AXIS2_PLACEMENT_3D ( 'NONE', #353, #1208, #951 ) ;
#1060 = CARTESIAN_POINT ( 'NONE',  ( 40.28333333333351618, 4.410000000000011688, -46.49999999999999289 ) ) ;
#1061 = CARTESIAN_POINT ( 'NONE',  ( 27.74999999999999645, 1.410000000000011688, 20.70000000000000639 ) ) ;
#1062 = ORIENTED_EDGE ( 'NONE', *, *, #185, .F. ) ;
#1063 = ADVANCED_FACE ( 'NONE', ( #888, #1253, #382, #880, #367, #1127, #1484, #1500, #868, #1371, #146 ), #160, .F. ) ;
#1064 = VECTOR ( 'NONE', #151, 1000.000000000000000 ) ;
#1065 = CARTESIAN_POINT ( 'NONE',  ( 44.28333333333335275, 4.410000000000011688, 1.911824049270861803 ) ) ;
#1066 = CARTESIAN_POINT ( 'NONE',  ( 19.28333333333334565, 1.410000000000011688, -18.49999999999997513 ) ) ;
#1067 = CARTESIAN_POINT ( 'NONE',  ( 40.28333333333336697, 1.410000000000011688, -8.000000000000007105 ) ) ;
#1068 = VERTEX_POINT ( 'NONE', #1387 ) ;
#1069 = CARTESIAN_POINT ( 'NONE',  ( 40.28333333333364408, 4.410000000000011688, -35.74999999999999289 ) ) ;
#1070 = VERTEX_POINT ( 'NONE', #515 ) ;
#1071 = DIRECTION ( 'NONE',  ( 0.000000000000000000, 0.000000000000000000, 1.000000000000000000 ) ) ;
#1072 = CARTESIAN_POINT ( 'NONE',  ( 40.28333333333364408, 4.410000000000011688, -34.49999999999998579 ) ) ;
#1073 = ORIENTED_EDGE ( 'NONE', *, *, #758, .F. ) ;
#1074 = DIRECTION ( 'NONE',  ( 0.000000000000000000, 0.000000000000000000, -1.000000000000000000 ) ) ;
#1075 = VERTEX_POINT ( 'NONE', #1004 ) ;
#1076 = CARTESIAN_POINT ( 'NONE',  ( 44.28333333333335275, 4.410000000000011688, 1.755263607840839679 ) ) ;
#1077 = FACE_OUTER_BOUND ( 'NONE', #316, .T. ) ;
#1078 = CARTESIAN_POINT ( 'NONE',  ( 12.75000000000000178, 4.410000000000011688, 1.965006004804816353 ) ) ;
#1079 = ORIENTED_EDGE ( 'NONE', *, *, #226, .F. ) ;
#1080 = EDGE_CURVE ( 'NONE', #767, #846, #521, .T. ) ;
#1081 = DIRECTION ( 'NONE',  ( 4.098575889945408244E-16, 0.000000000000000000, -1.000000000000000000 ) ) ;
#1082 = EDGE_LOOP ( 'NONE', ( #944, #286, #1311, #986 ) ) ;
#1083 = AXIS2_PLACEMENT_3D ( 'NONE', #1072, #829, #1328 ) ;
#1084 = PLANE ( 'NONE',  #65 ) ;
#1085 = AXIS2_PLACEMENT_3D ( 'NONE', #203, #693, #1182 ) ;
#1086 = DIRECTION ( 'NONE',  ( -0.3056295445793687504, 0.000000000000000000, 0.9521505035865955868 ) ) ;
#1087 = VERTEX_POINT ( 'NONE', #16 ) ;
#1088 = VECTOR ( 'NONE', #947, 1000.000000000000000 ) ;
#1089 = EDGE_CURVE ( 'NONE', #984, #1087, #251, .T. ) ;
#1090 = CARTESIAN_POINT ( 'NONE',  ( 37.28333333333335275, 4.410000000000011688, -61.49999999999997158 ) ) ;
#1091 = ORIENTED_EDGE ( 'NONE', *, *, #544, .F. ) ;
#1092 = FACE_OUTER_BOUND ( 'NONE', #156, .T. ) ;
#1093 = FACE_OUTER_BOUND ( 'NONE', #477, .T. ) ;
#1094 = ORIENTED_EDGE ( 'NONE', *, *, #478, .F. ) ;
#1095 = ORIENTED_EDGE ( 'NONE', *, *, #192, .T. ) ;
#1096 = ORIENTED_EDGE ( 'NONE', *, *, #351, .T. ) ;
#1097 = LINE ( 'NONE', #329, #7 ) ;
#1098 = EDGE_CURVE ( 'NONE', #1047, #712, #509, .T. ) ;
#1099 = CYLINDRICAL_SURFACE ( 'NONE', #1059, 1.250000000000001110 ) ;
#1100 = EDGE_LOOP ( 'NONE', ( #1395, #617 ) ) ;
#1101 = EDGE_LOOP ( 'NONE', ( #195, #401 ) ) ;
#1102 = PRESENTATION_LAYER_ASSIGNMENT (  '', '', ( #385 ) ) ;
#1103 = ORIENTED_EDGE ( 'NONE', *, *, #1462, .F. ) ;
#1104 = CARTESIAN_POINT ( 'NONE',  ( 27.74999999999999645, 4.410000000000011688, 20.70000000000000639 ) ) ;
#1105 = EDGE_CURVE ( 'NONE', #719, #1068, #375, .T. ) ;
#1106 = VECTOR ( 'NONE', #1001, 999.9999999999998863 ) ;
#1107 = VECTOR ( 'NONE', #196, 1000.000000000000000 ) ;
#1108 = DIRECTION ( 'NONE',  ( 0.000000000000000000, 1.000000000000000000, 0.000000000000000000 ) ) ;
#1109 = ORIENTED_EDGE ( 'NONE', *, *, #970, .F. ) ;
#1110 = AXIS2_PLACEMENT_3D ( 'NONE', #446, #1029, #1280 ) ;
#1111 = AXIS2_PLACEMENT_3D ( 'NONE', #566, #175, #1039 ) ;
#1112 = ORIENTED_EDGE ( 'NONE', *, *, #305, .T. ) ;
#1113 =( NAMED_UNIT ( * ) SI_UNIT ( $, .STERADIAN. ) SOLID_ANGLE_UNIT ( ) );
#1114 = VERTEX_POINT ( 'NONE', #270 ) ;
#1115 = FACE_OUTER_BOUND ( 'NONE', #1369, .T. ) ;
#1116 = DIRECTION ( 'NONE',  ( 0.000000000000000000, 0.000000000000000000, 1.000000000000000000 ) ) ;
#1117 = CARTESIAN_POINT ( 'NONE',  ( 40.28333333333376487, 1.410000000000011688, -22.49999999999998579 ) ) ;
#1118 = ORIENTED_EDGE ( 'NONE', *, *, #142, .T. ) ;
#1119 = ORIENTED_EDGE ( 'NONE', *, *, #341, .F. ) ;
#1120 = DIRECTION ( 'NONE',  ( 0.000000000000000000, 0.000000000000000000, 1.000000000000000000 ) ) ;
#1121 = LINE ( 'NONE', #988, #646 ) ;
#1122 = CYLINDRICAL_SURFACE ( 'NONE', #1343, 1.000000000000000000 ) ;
#1123 = EDGE_CURVE ( 'NONE', #811, #43, #263, .T. ) ;
#1124 = VERTEX_POINT ( 'NONE', #762 ) ;
#1125 = CARTESIAN_POINT ( 'NONE',  ( 43.28333333333335275, 1.410000000000011910, -11.50000000000000355 ) ) ;
#1126 = ORIENTED_EDGE ( 'NONE', *, *, #1220, .F. ) ;
#1127 = FACE_BOUND ( 'NONE', #574, .T. ) ;
#1128 = CARTESIAN_POINT ( 'NONE',  ( 43.28333333333335275, 1.410000000000011688, -12.50000000000000000 ) ) ;
#1129 = AXIS2_PLACEMENT_3D ( 'NONE', #1245, #1483, #740 ) ;
#1130 = CARTESIAN_POINT ( 'NONE',  ( 36.28333333333335275, 4.410000000000011688, -61.49999999999997158 ) ) ;
#1131 = AXIS2_PLACEMENT_3D ( 'NONE', #118, #461, #1594 ) ;
#1132 = CARTESIAN_POINT ( 'NONE',  ( 27.74999999999999645, 4.410000000000011688, 26.70000000000000995 ) ) ;
#1133 = VERTEX_POINT ( 'NONE', #641 ) ;
#1134 = VECTOR ( 'NONE', #1546, 1000.000000000000000 ) ;
#1135 = VECTOR ( 'NONE', #327, 1000.000000000000000 ) ;
#1136 = ORIENTED_EDGE ( 'NONE', *, *, #250, .T. ) ;
#1137 = DIRECTION ( 'NONE',  ( 0.000000000000000000, -1.000000000000000000, 0.000000000000000000 ) ) ;
#1138 = CARTESIAN_POINT ( 'NONE',  ( 44.23548383691994701, 1.410000000000011688, 2.060893152420205876 ) ) ;
#1139 = VERTEX_POINT ( 'NONE', #852 ) ;
#1140 = DIRECTION ( 'NONE',  ( -0.000000000000000000, 1.000000000000000000, -0.000000000000000000 ) ) ;
#1141 = PLANE ( 'NONE',  #361 ) ;
#1142 = ORIENTED_EDGE ( 'NONE', *, *, #866, .F. ) ;
#1143 = PRODUCT_CONTEXT ( 'NONE', #563, 'mechanical' ) ;
#1144 = DIRECTION ( 'NONE',  ( 0.000000000000000000, 0.000000000000000000, 1.000000000000000000 ) ) ;
#1145 = ORIENTED_EDGE ( 'NONE', *, *, #473, .F. ) ;
#1146 = ADVANCED_FACE ( 'NONE', ( #977 ), #1228, .F. ) ;
#1147 = ADVANCED_FACE ( 'NONE', ( #127 ), #619, .F. ) ;
#1148 = DIRECTION ( 'NONE',  ( 0.000000000000000000, 0.000000000000000000, -1.000000000000000000 ) ) ;
#1149 = CARTESIAN_POINT ( 'NONE',  ( 13.75000000000000533, 4.410000000000011688, -5.500000000000008882 ) ) ;
#1150 = ORIENTED_EDGE ( 'NONE', *, *, #324, .T. ) ;
#1151 = CARTESIAN_POINT ( 'NONE',  ( 18.28333333333334565, 1.410000000000011688, -18.49999999999997513 ) ) ;
#1152 = CARTESIAN_POINT ( 'NONE',  ( 44.23548383691994701, 4.410000000000011688, 2.060893152420209429 ) ) ;
#1153 = DIRECTION ( 'NONE',  ( 1.000000000000000000, 0.000000000000000000, -0.000000000000000000 ) ) ;
#1154 = ORIENTED_EDGE ( 'NONE', *, *, #773, .F. ) ;
#1155 = EDGE_CURVE ( 'NONE', #441, #769, #1268, .T. ) ;
#1156 = DIRECTION ( 'NONE',  ( 0.000000000000000000, 1.000000000000000000, 0.000000000000000000 ) ) ;
#1157 = CYLINDRICAL_SURFACE ( 'NONE', #1187, 1.500000000000001332 ) ;
#1158 = ORIENTED_EDGE ( 'NONE', *, *, #1177, .F. ) ;
#1159 = CIRCLE ( 'NONE', #312, 1.249999999999997558 ) ;
#1160 = ADVANCED_FACE ( 'NONE', ( #743 ), #136, .T. ) ;
#1161 = EDGE_CURVE ( 'NONE', #499, #1528, #1534, .T. ) ;
#1162 = CIRCLE ( 'NONE', #728, 1.249999999999997558 ) ;
#1163 = DIRECTION ( 'NONE',  ( 0.000000000000000000, 0.000000000000000000, -1.000000000000000000 ) ) ;
#1164 = CARTESIAN_POINT ( 'NONE',  ( 12.75000000000000355, 4.410000000000011688, -6.500000000000003553 ) ) ;
#1165 = AXIS2_PLACEMENT_3D ( 'NONE', #1482, #957, #372 ) ;
#1166 = ORIENTED_EDGE ( 'NONE', *, *, #1105, .T. ) ;
#1167 = CARTESIAN_POINT ( 'NONE',  ( 40.28333333333336697, 1.410000000000011688, -11.00000000000000000 ) ) ;
#1168 = DIRECTION ( 'NONE',  ( 0.000000000000000000, 0.000000000000000000, 1.000000000000000000 ) ) ;
#1169 = EDGE_LOOP ( 'NONE', ( #506, #362, #1079, #83 ) ) ;
#1170 = ADVANCED_FACE ( 'NONE', ( #807 ), #1270, .F. ) ;
#1171 = DIRECTION ( 'NONE',  ( -0.000000000000000000, -1.000000000000000000, -0.000000000000000000 ) ) ;
#1172 = CARTESIAN_POINT ( 'NONE',  ( 44.28333333333335275, 4.410000000000011688, -62.49999999999996447 ) ) ;
#1173 = ORIENTED_EDGE ( 'NONE', *, *, #1269, .T. ) ;
#1174 = DIRECTION ( 'NONE',  ( 0.3056295445793687504, 0.000000000000000000, -0.9521505035865955868 ) ) ;
#1175 = DIRECTION ( 'NONE',  ( 0.000000000000000000, 0.000000000000000000, -1.000000000000000000 ) ) ;
#1176 = ORIENTED_EDGE ( 'NONE', *, *, #1390, .T. ) ;
#1177 = EDGE_CURVE ( 'NONE', #1366, #670, #1478, .T. ) ;
#1178 = EDGE_CURVE ( 'NONE', #1287, #1231, #394, .T. ) ;
#1179 = DIRECTION ( 'NONE',  ( 0.000000000000000000, 0.000000000000000000, 1.000000000000000000 ) ) ;
#1180 = FACE_BOUND ( 'NONE', #533, .T. ) ;
#1181 = EDGE_LOOP ( 'NONE', ( #235, #895, #1232, #910 ) ) ;
#1182 = DIRECTION ( 'NONE',  ( 0.000000000000000000, 0.000000000000000000, 1.000000000000000000 ) ) ;
#1183 = CARTESIAN_POINT ( 'NONE',  ( 43.28333333333335275, 1.410000000000011688, -18.50000000000000711 ) ) ;
#1184 = VECTOR ( 'NONE', #174, 1000.000000000000000 ) ;
#1185 = VERTEX_POINT ( 'NONE', #1428 ) ;
#1186 = CIRCLE ( 'NONE', #672, 1.000000000000000888 ) ;
#1187 = AXIS2_PLACEMENT_3D ( 'NONE', #325, #1314, #62 ) ;
#1188 = DIRECTION ( 'NONE',  ( -0.000000000000000000, -1.000000000000000000, -0.000000000000000000 ) ) ;
#1189 = DIRECTION ( 'NONE',  ( 0.000000000000000000, -1.000000000000000000, 0.000000000000000000 ) ) ;
#1190 = ORIENTED_EDGE ( 'NONE', *, *, #993, .F. ) ;
#1191 = AXIS2_PLACEMENT_3D ( 'NONE', #1249, #1240, #763 ) ;
#1192 = CIRCLE ( 'NONE', #1217, 1.250000000000001110 ) ;
#1193 = PLANE ( 'NONE',  #651 ) ;
#1194 = DIRECTION ( 'NONE',  ( -0.000000000000000000, 1.000000000000000000, 0.000000000000000000 ) ) ;
#1195 = ORIENTED_EDGE ( 'NONE', *, *, #1161, .F. ) ;
#1196 = CARTESIAN_POINT ( 'NONE',  ( 18.28333333333334565, 4.410000000000011688, -6.500000000000035527 ) ) ;
#1197 = VERTEX_POINT ( 'NONE', #929 ) ;
#1198 = CARTESIAN_POINT ( 'NONE',  ( 40.25000000000004974, 4.410000000000011688, -4.750000000000039080 ) ) ;
#1199 = EDGE_CURVE ( 'NONE', #1297, #767, #1537, .T. ) ;
#1200 = ADVANCED_FACE ( 'NONE', ( #409 ), #1303, .F. ) ;
#1201 = LINE ( 'NONE', #853, #59 ) ;
#1202 = ORIENTED_EDGE ( 'NONE', *, *, #1177, .T. ) ;
#1203 = PLANE ( 'NONE',  #191 ) ;
#1204 = ORIENTED_EDGE ( 'NONE', *, *, #19, .F. ) ;
#1205 = LINE ( 'NONE', #1327, #1320 ) ;
#1206 = CYLINDRICAL_SURFACE ( 'NONE', #1243, 1.249999999999997558 ) ;
#1207 = EDGE_CURVE ( 'NONE', #205, #343, #116, .T. ) ;
#1208 = DIRECTION ( 'NONE',  ( -0.000000000000000000, -1.000000000000000000, -0.000000000000000000 ) ) ;
#1209 = VERTEX_POINT ( 'NONE', #169 ) ;
#1210 = VECTOR ( 'NONE', #1380, 1000.000000000000114 ) ;
#1211 = EDGE_CURVE ( 'NONE', #1087, #280, #1192, .T. ) ;
#1212 = LINE ( 'NONE', #355, #340 ) ;
#1213 = ORIENTED_EDGE ( 'NONE', *, *, #921, .F. ) ;
#1214 = CIRCLE ( 'NONE', #1424, 1.499999999999996225 ) ;
#1215 = DIRECTION ( 'NONE',  ( 0.000000000000000000, 0.000000000000000000, -1.000000000000000000 ) ) ;
#1216 = VECTOR ( 'NONE', #255, 1000.000000000000000 ) ;
#1217 = AXIS2_PLACEMENT_3D ( 'NONE', #1404, #690, #319 ) ;
#1218 = LINE ( 'NONE', #123, #674 ) ;
#1219 = VERTEX_POINT ( 'NONE', #194 ) ;
#1220 = EDGE_CURVE ( 'NONE', #1486, #1528, #42, .T. ) ;
#1221 = ORIENTED_EDGE ( 'NONE', *, *, #648, .F. ) ;
#1222 = DIRECTION ( 'NONE',  ( -0.000000000000000000, -1.000000000000000000, -0.000000000000000000 ) ) ;
#1223 = CYLINDRICAL_SURFACE ( 'NONE', #1131, 1.500000000000001332 ) ;
#1224 = ORIENTED_EDGE ( 'NONE', *, *, #1390, .F. ) ;
#1225 = EDGE_LOOP ( 'NONE', ( #688, #90, #761, #578 ) ) ;
#1226 = ADVANCED_FACE ( 'NONE', ( #1026 ), #1412, .F. ) ;
#1227 = ORIENTED_EDGE ( 'NONE', *, *, #942, .T. ) ;
#1228 = PLANE ( 'NONE',  #474 ) ;
#1229 = CYLINDRICAL_SURFACE ( 'NONE', #384, 1.000000000000000888 ) ;
#1230 = DIRECTION ( 'NONE',  ( 0.000000000000000000, 0.000000000000000000, 1.000000000000000000 ) ) ;
#1231 = VERTEX_POINT ( 'NONE', #1019 ) ;
#1232 = ORIENTED_EDGE ( 'NONE', *, *, #192, .F. ) ;
#1233 = CARTESIAN_POINT ( 'NONE',  ( 41.68333333333335133, 4.410000000000011688, -12.50000000000000178 ) ) ;
#1234 = DIRECTION ( 'NONE',  ( -0.000000000000000000, -1.000000000000000000, -0.000000000000000000 ) ) ;
#1235 = CLOSED_SHELL ( 'NONE', ( #158, #464, #1170, #605, #153, #271, #538, #41, #1571, #206, #1063, #1447, #360, #463, #1054, #1200, #1146, #801, #1406, #990, #1276, #1501, #1147, #765, #1034, #564, #583, #1226, #1405, #820, #1488, #72, #1382, #84, #1454, #1255, #997, #1441, #530, #911, #1160, #1549, #1336, #293, #445, #143 ) ) ;
#1236 = ORIENTED_EDGE ( 'NONE', *, *, #1105, .F. ) ;
#1237 = DIRECTION ( 'NONE',  ( -1.000000000000000000, 0.000000000000000000, 5.799828488958593650E-15 ) ) ;
#1238 = CIRCLE ( 'NONE', #469, 1.000000000000000000 ) ;
#1239 = CIRCLE ( 'NONE', #1558, 1.250000000000001110 ) ;
#1240 = DIRECTION ( 'NONE',  ( 0.000000000000000000, 1.000000000000000000, 0.000000000000000000 ) ) ;
#1241 = VECTOR ( 'NONE', #701, 1000.000000000000000 ) ;
#1242 = DIRECTION ( 'NONE',  ( 0.000000000000000000, 1.000000000000000000, 0.000000000000000000 ) ) ;
#1243 = AXIS2_PLACEMENT_3D ( 'NONE', #225, #717, #1456 ) ;
#1244 = VERTEX_POINT ( 'NONE', #894 ) ;
#1245 = CARTESIAN_POINT ( 'NONE',  ( 15.25000000000005151, 1.410000000000011688, -3.500000000000041300 ) ) ;
#1246 = LINE ( 'NONE', #1553, #753 ) ;
#1247 = CARTESIAN_POINT ( 'NONE',  ( 26.28333333333335275, 4.410000000000011688, -28.49999999999997158 ) ) ;
#1248 = EDGE_CURVE ( 'NONE', #432, #268, #1294, .T. ) ;
#1249 = CARTESIAN_POINT ( 'NONE',  ( 40.28333333333339539, 4.410000000000011688, -58.50000000000000000 ) ) ;
#1250 = CARTESIAN_POINT ( 'NONE',  ( 40.28333333333336697, 4.410000000000011688, -8.000000000000007105 ) ) ;
#1251 = VERTEX_POINT ( 'NONE', #785 ) ;
#1252 = CARTESIAN_POINT ( 'NONE',  ( 24.28333333333335631, 4.410000000000011688, -9.500000000000003553 ) ) ;
#1253 = FACE_BOUND ( 'NONE', #1465, .T. ) ;
#1254 = DIRECTION ( 'NONE',  ( 0.000000000000000000, 0.000000000000000000, 1.000000000000000000 ) ) ;
#1255 = ADVANCED_FACE ( 'NONE', ( #437 ), #1277, .F. ) ;
#1256 = CARTESIAN_POINT ( 'NONE',  ( 40.28333333333351618, 4.410000000000011688, -47.74999999999999289 ) ) ;
#1257 = ORIENTED_EDGE ( 'NONE', *, *, #128, .F. ) ;
#1258 = LINE ( 'NONE', #518, #157 ) ;
#1259 = ORIENTED_EDGE ( 'NONE', *, *, #1248, .F. ) ;
#1260 = DIRECTION ( 'NONE',  ( 0.000000000000000000, -0.000000000000000000, -1.000000000000000000 ) ) ;
#1261 = CARTESIAN_POINT ( 'NONE',  ( 18.28333333333334565, 4.410000000000011688, -18.49999999999997513 ) ) ;
#1262 = ORIENTED_EDGE ( 'NONE', *, *, #1342, .T. ) ;
#1263 = CYLINDRICAL_SURFACE ( 'NONE', #624, 1.250000000000001110 ) ;
#1264 = VECTOR ( 'NONE', #1175, 1000.000000000000000 ) ;
#1265 = DIRECTION ( 'NONE',  ( 0.000000000000000000, 1.000000000000000000, -0.000000000000000000 ) ) ;
#1266 = VERTEX_POINT ( 'NONE', #302 ) ;
#1267 = VECTOR ( 'NONE', #539, 1000.000000000000000 ) ;
#1268 = CIRCLE ( 'NONE', #579, 1.499999999999996225 ) ;
#1269 = EDGE_CURVE ( 'NONE', #1436, #52, #665, .T. ) ;
#1270 = CYLINDRICAL_SURFACE ( 'NONE', #1111, 1.250000000000001110 ) ;
#1271 = VERTEX_POINT ( 'NONE', #183 ) ;
#1272 = CARTESIAN_POINT ( 'NONE',  ( 40.25000000000004974, 4.410000000000011688, -4.750000000000039080 ) ) ;
#1273 = DIRECTION ( 'NONE',  ( 0.000000000000000000, 1.000000000000000000, 0.000000000000000000 ) ) ;
#1274 = VERTEX_POINT ( 'NONE', #56 ) ;
#1275 = LINE ( 'NONE', #1302, #1184 ) ;
#1276 = ADVANCED_FACE ( 'NONE', ( #548 ), #675, .F. ) ;
#1277 = PLANE ( 'NONE',  #828 ) ;
#1278 = DIRECTION ( 'NONE',  ( 0.000000000000000000, 0.000000000000000000, -1.000000000000000000 ) ) ;
#1279 = VERTEX_POINT ( 'NONE', #207 ) ;
#1280 = DIRECTION ( 'NONE',  ( 0.000000000000000000, 0.000000000000000000, 1.000000000000000000 ) ) ;
#1281 = EDGE_CURVE ( 'NONE', #670, #230, #845, .T. ) ;
#1282 = EDGE_CURVE ( 'NONE', #52, #1209, #932, .T. ) ;
#1283 = DIRECTION ( 'NONE',  ( 0.000000000000000000, 0.000000000000000000, -1.000000000000000000 ) ) ;
#1284 = EDGE_LOOP ( 'NONE', ( #1407, #471, #783, #124 ) ) ;
#1285 = LINE ( 'NONE', #784, #1554 ) ;
#1286 = CARTESIAN_POINT ( 'NONE',  ( 43.28333333333335275, 4.410000000000011688, -11.50000000000000355 ) ) ;
#1287 = VERTEX_POINT ( 'NONE', #1576 ) ;
#1288 = CARTESIAN_POINT ( 'NONE',  ( 43.28333333333335275, -5.589999999999988312, -12.50000000000000178 ) ) ;
#1289 = VECTOR ( 'NONE', #1411, 1000.000000000000000 ) ;
#1290 = DIRECTION ( 'NONE',  ( 0.000000000000000000, 0.000000000000000000, -1.000000000000000000 ) ) ;
#1291 = ORIENTED_EDGE ( 'NONE', *, *, #1497, .T. ) ;
#1292 = AXIS2_PLACEMENT_3D ( 'NONE', #412, #896, #247 ) ;
#1293 = LINE ( 'NONE', #300, #282 ) ;
#1294 = CIRCLE ( 'NONE', #452, 1.249999999999997558 ) ;
#1295 = CARTESIAN_POINT ( 'NONE',  ( 40.28333333333364408, 1.410000000000011688, -34.49999999999998579 ) ) ;
#1296 = VECTOR ( 'NONE', #102, 1000.000000000000000 ) ;
#1297 = VERTEX_POINT ( 'NONE', #580 ) ;
#1298 = CARTESIAN_POINT ( 'NONE',  ( 37.27150503586595676, 4.410000000000011688, 23.75629544579370034 ) ) ;
#1299 = EDGE_CURVE ( 'NONE', #1522, #1266, #696, .T. ) ;
#1300 = CARTESIAN_POINT ( 'NONE',  ( 40.28333333333339539, 1.410000000000011688, -58.50000000000000000 ) ) ;
#1301 = ORIENTED_EDGE ( 'NONE', *, *, #11, .F. ) ;
#1302 = CARTESIAN_POINT ( 'NONE',  ( 12.75000000000000355, 1.410000000000011688, -6.500000000000003553 ) ) ;
#1303 = PLANE ( 'NONE',  #1585 ) ;
#1304 = FACE_BOUND ( 'NONE', #836, .T. ) ;
#1305 = ORIENTED_EDGE ( 'NONE', *, *, #414, .T. ) ;
#1306 = DIRECTION ( 'NONE',  ( 0.000000000000000000, 0.000000000000000000, 1.000000000000000000 ) ) ;
#1307 = DIRECTION ( 'NONE',  ( 0.000000000000000000, 0.000000000000000000, 1.000000000000000000 ) ) ;
#1308 = EDGE_LOOP ( 'NONE', ( #721, #1044 ) ) ;
#1309 = CYLINDRICAL_SURFACE ( 'NONE', #1377, 1.250000000000001110 ) ;
#1310 = FACE_BOUND ( 'NONE', #1316, .T. ) ;
#1311 = ORIENTED_EDGE ( 'NONE', *, *, #1199, .T. ) ;
#1312 = LINE ( 'NONE', #1468, #706 ) ;
#1313 = PRODUCT_DEFINITION_FORMATION_WITH_SPECIFIED_SOURCE ( 'ANY', '', #111, .NOT_KNOWN. ) ;
#1314 = DIRECTION ( 'NONE',  ( -0.000000000000000000, -1.000000000000000000, -0.000000000000000000 ) ) ;
#1315 = VECTOR ( 'NONE', #267, 1000.000000000000000 ) ;
#1316 = EDGE_LOOP ( 'NONE', ( #1305, #1338 ) ) ;
#1317 = CIRCLE ( 'NONE', #775, 1.249999999999997558 ) ;
#1318 = AXIS2_PLACEMENT_3D ( 'NONE', #204, #1415, #1422 ) ;
#1319 = EDGE_CURVE ( 'NONE', #354, #466, #81, .T. ) ;
#1320 = VECTOR ( 'NONE', #1347, 1000.000000000000000 ) ;
#1321 = DIRECTION ( 'NONE',  ( 0.000000000000000000, 1.000000000000000000, -0.000000000000000000 ) ) ;
#1322 = ORIENTED_EDGE ( 'NONE', *, *, #1453, .F. ) ;
#1323 = EDGE_CURVE ( 'NONE', #230, #811, #332, .T. ) ;
#1324 = VECTOR ( 'NONE', #349, 1000.000000000000000 ) ;
#1325 = EDGE_CURVE ( 'NONE', #623, #258, #963, .T. ) ;
#1326 = AXIS2_PLACEMENT_3D ( 'NONE', #1090, #1321, #1074 ) ;
#1327 = CARTESIAN_POINT ( 'NONE',  ( 37.28333333333335275, 4.410000000000011688, -62.49999999999997158 ) ) ;
#1328 = DIRECTION ( 'NONE',  ( 0.000000000000000000, 0.000000000000000000, -1.000000000000000000 ) ) ;
#1329 = ORIENTED_EDGE ( 'NONE', *, *, #1299, .T. ) ;
#1330 = LINE ( 'NONE', #1344, #289 ) ;
#1331 = ORIENTED_EDGE ( 'NONE', *, *, #1575, .T. ) ;
#1332 = EDGE_CURVE ( 'NONE', #846, #1075, #217, .T. ) ;
#1333 = CARTESIAN_POINT ( 'NONE',  ( 15.25000000000005151, 4.410000000000011688, -3.500000000000041300 ) ) ;
#1334 = PLANE ( 'NONE',  #622 ) ;
#1335 = ORIENTED_EDGE ( 'NONE', *, *, #981, .T. ) ;
#1336 = ADVANCED_FACE ( 'NONE', ( #1442 ), #99, .T. ) ;
#1337 = CARTESIAN_POINT ( 'NONE',  ( 29.18333333333335489, 4.410000000000011688, -6.400000000000003020 ) ) ;
#1338 = ORIENTED_EDGE ( 'NONE', *, *, #658, .T. ) ;
#1339 = CARTESIAN_POINT ( 'NONE',  ( 52.68333333333335133, -5.589999999999988312, -18.50000000000000355 ) ) ;
#1340 = CARTESIAN_POINT ( 'NONE',  ( 18.28333333333334565, 1.410000000000011688, -17.49999999999997513 ) ) ;
#1341 = ORIENTED_EDGE ( 'NONE', *, *, #1211, .F. ) ;
#1342 = EDGE_CURVE ( 'NONE', #1274, #719, #165, .T. ) ;
#1343 = AXIS2_PLACEMENT_3D ( 'NONE', #141, #884, #1384 ) ;
#1344 = CARTESIAN_POINT ( 'NONE',  ( 41.68333333333335133, 4.410000000000011688, -18.50000000000000355 ) ) ;
#1345 = EDGE_LOOP ( 'NONE', ( #562, #444, #121, #960 ) ) ;
#1346 = DIRECTION ( 'NONE',  ( -1.000000000000000000, 0.000000000000000000, -8.673617379884035472E-16 ) ) ;
#1347 = DIRECTION ( 'NONE',  ( -0.000000000000000000, 1.000000000000000000, -0.000000000000000000 ) ) ;
#1348 = VECTOR ( 'NONE', #455, 1000.000000000000000 ) ;
#1349 = AXIS2_PLACEMENT_3D ( 'NONE', #1286, #48, #922 ) ;
#1350 = DIRECTION ( 'NONE',  ( 0.000000000000000000, 1.000000000000000000, 0.000000000000000000 ) ) ;
#1351 = EDGE_LOOP ( 'NONE', ( #213, #613, #1062, #1236 ) ) ;
#1352 = EDGE_CURVE ( 'NONE', #568, #1566, #1330, .T. ) ;
#1353 = ORIENTED_EDGE ( 'NONE', *, *, #1207, .T. ) ;
#1354 = ORIENTED_EDGE ( 'NONE', *, *, #98, .T. ) ;
#1355 = EDGE_CURVE ( 'NONE', #242, #228, #720, .T. ) ;
#1356 = DIRECTION ( 'NONE',  ( 0.000000000000000000, 0.000000000000000000, -1.000000000000000000 ) ) ;
#1357 = DIRECTION ( 'NONE',  ( 0.000000000000000000, -1.000000000000000000, 0.000000000000000000 ) ) ;
#1358 = EDGE_LOOP ( 'NONE', ( #80, #451, #859, #38 ) ) ;
#1359 = ORIENTED_EDGE ( 'NONE', *, *, #946, .F. ) ;
#1360 = CARTESIAN_POINT ( 'NONE',  ( 40.28333333333339539, 4.410000000000011688, -59.75000000000000000 ) ) ;
#1361 = VERTEX_POINT ( 'NONE', #1450 ) ;
#1362 = DIRECTION ( 'NONE',  ( 0.000000000000000000, 0.000000000000000000, -1.000000000000000000 ) ) ;
#1363 = LINE ( 'NONE', #44, #1216 ) ;
#1364 = ORIENTED_EDGE ( 'NONE', *, *, #1043, .F. ) ;
#1365 = CARTESIAN_POINT ( 'NONE',  ( 40.28333333333376487, 4.410000000000011688, -22.49999999999998579 ) ) ;
#1366 = VERTEX_POINT ( 'NONE', #1591 ) ;
#1367 = DIRECTION ( 'NONE',  ( -0.000000000000000000, -1.000000000000000000, -0.000000000000000000 ) ) ;
#1368 = CIRCLE ( 'NONE', #671, 1.250000000000001110 ) ;
#1369 = EDGE_LOOP ( 'NONE', ( #131, #144, #387, #435 ) ) ;
#1370 = EDGE_CURVE ( 'NONE', #1528, #1366, #1466, .T. ) ;
#1371 = FACE_OUTER_BOUND ( 'NONE', #715, .T. ) ;
#1372 = EDGE_CURVE ( 'NONE', #269, #343, #832, .T. ) ;
#1373 = CIRCLE ( 'NONE', #335, 1.250000000000001110 ) ;
#1374 = CIRCLE ( 'NONE', #1292, 1.500000000000001332 ) ;
#1375 = CARTESIAN_POINT ( 'NONE',  ( 40.25000000000004974, 4.410000000000011688, -3.500000000000041300 ) ) ;
#1376 = CARTESIAN_POINT ( 'NONE',  ( 24.28333333333335631, 1.410000000000011688, -9.500000000000003553 ) ) ;
#1377 = AXIS2_PLACEMENT_3D ( 'NONE', #1060, #1560, #453 ) ;
#1378 = VERTEX_POINT ( 'NONE', #222 ) ;
#1379 = DIRECTION ( 'NONE',  ( -0.000000000000000000, -1.000000000000000000, -0.000000000000000000 ) ) ;
#1380 = DIRECTION ( 'NONE',  ( 0.3056295445793687504, 0.000000000000000000, -0.9521505035865955868 ) ) ;
#1381 = CARTESIAN_POINT ( 'NONE',  ( 40.28333333333376487, 4.410000000000011688, -23.74999999999998224 ) ) ;
#1382 = ADVANCED_FACE ( 'NONE', ( #458 ), #1203, .T. ) ;
#1383 = DIRECTION ( 'NONE',  ( 0.000000000000000000, 0.000000000000000000, -1.000000000000000000 ) ) ;
#1384 = DIRECTION ( 'NONE',  ( 0.000000000000000000, 0.000000000000000000, -1.000000000000000000 ) ) ;
#1385 = ORIENTED_EDGE ( 'NONE', *, *, #494, .F. ) ;
#1386 = ORIENTED_EDGE ( 'NONE', *, *, #699, .F. ) ;
#1387 = CARTESIAN_POINT ( 'NONE',  ( 36.28333333333335275, 1.410000000000011688, -61.49999999999997158 ) ) ;
#1388 = CARTESIAN_POINT ( 'NONE',  ( 40.28333333333351618, 1.410000000000011688, -46.49999999999999289 ) ) ;
#1389 = DIRECTION ( 'NONE',  ( 0.000000000000000000, 0.000000000000000000, -1.000000000000000000 ) ) ;
#1390 = EDGE_CURVE ( 'NONE', #1068, #949, #1583, .T. ) ;
#1391 = ORIENTED_EDGE ( 'NONE', *, *, #744, .T. ) ;
#1392 = ORIENTED_EDGE ( 'NONE', *, *, #1462, .T. ) ;
#1393 = AXIS2_PLACEMENT_3D ( 'NONE', #565, #1051, #790 ) ;
#1394 = CARTESIAN_POINT ( 'NONE',  ( 35.38333333333336128, 4.410000000000011688, -12.60000000000000320 ) ) ;
#1395 = ORIENTED_EDGE ( 'NONE', *, *, #632, .F. ) ;
#1396 = LINE ( 'NONE', #677, #236 ) ;
#1397 = AXIS2_PLACEMENT_3D ( 'NONE', #936, #577, #1283 ) ;
#1398 = CARTESIAN_POINT ( 'NONE',  ( 40.25000000000004974, 1.410000000000011688, -4.750000000000039080 ) ) ;
#1399 = EDGE_CURVE ( 'NONE', #980, #205, #1212, .T. ) ;
#1400 = ORIENTED_EDGE ( 'NONE', *, *, #1178, .F. ) ;
#1401 = AXIS2_PLACEMENT_3D ( 'NONE', #738, #1562, #297 ) ;
#1402 = CIRCLE ( 'NONE', #216, 9.999999999999998224 ) ;
#1403 = FACE_OUTER_BOUND ( 'NONE', #333, .T. ) ;
#1404 = CARTESIAN_POINT ( 'NONE',  ( 15.25000000000005151, 1.410000000000011688, -3.500000000000041300 ) ) ;
#1405 = ADVANCED_FACE ( 'NONE', ( #573 ), #1309, .F. ) ;
#1406 = ADVANCED_FACE ( 'NONE', ( #995 ), #295, .F. ) ;
#1407 = ORIENTED_EDGE ( 'NONE', *, *, #370, .T. ) ;
#1408 = DIRECTION ( 'NONE',  ( 0.000000000000000000, 0.000000000000000000, -1.000000000000000000 ) ) ;
#1409 = LINE ( 'NONE', #570, #901 ) ;
#1410 = ORIENTED_EDGE ( 'NONE', *, *, #137, .T. ) ;
#1411 = DIRECTION ( 'NONE',  ( 0.000000000000000000, -1.000000000000000000, 0.000000000000000000 ) ) ;
#1412 = CYLINDRICAL_SURFACE ( 'NONE', #751, 1.250000000000001110 ) ;
#1413 = ORIENTED_EDGE ( 'NONE', *, *, #825, .T. ) ;
#1414 = CARTESIAN_POINT ( 'NONE',  ( 44.28333333333335275, 4.410000000000011688, 1.911824049270861803 ) ) ;
#1415 = DIRECTION ( 'NONE',  ( 0.000000000000000000, 1.000000000000000000, 0.000000000000000000 ) ) ;
#1416 = ORIENTED_EDGE ( 'NONE', *, *, #426, .F. ) ;
#1417 = CARTESIAN_POINT ( 'NONE',  ( 44.28333333333335275, 4.410000000000011688, -19.50000000000000355 ) ) ;
#1418 = DIRECTION ( 'NONE',  ( 0.000000000000000000, 0.000000000000000000, -1.000000000000000000 ) ) ;
#1419 = EDGE_LOOP ( 'NONE', ( #1119, #415, #130, #310 ) ) ;
#1420 = EDGE_CURVE ( 'NONE', #354, #525, #403, .T. ) ;
#1421 = CARTESIAN_POINT ( 'NONE',  ( 36.28333333333335275, 4.410000000000011688, -18.49999999999997868 ) ) ;
#1422 = DIRECTION ( 'NONE',  ( 0.000000000000000000, 0.000000000000000000, 1.000000000000000000 ) ) ;
#1423 = VERTEX_POINT ( 'NONE', #1128 ) ;
#1424 = AXIS2_PLACEMENT_3D ( 'NONE', #592, #711, #843 ) ;
#1425 = VECTOR ( 'NONE', #638, 1000.000000000000000 ) ;
#1426 = ADVANCED_BREP_SHAPE_REPRESENTATION ( 'side bearing mount_ 3mm AL_ 2pc', ( #24, #541 ), #1525 ) ;
#1427 = AXIS2_PLACEMENT_3D ( 'NONE', #914, #683, #419 ) ;
#1428 = CARTESIAN_POINT ( 'NONE',  ( 29.18333333333335489, 1.410000000000011688, -6.400000000000003020 ) ) ;
#1429 = FACE_BOUND ( 'NONE', #844, .T. ) ;
#1430 = ORIENTED_EDGE ( 'NONE', *, *, #1043, .T. ) ;
#1431 = DIRECTION ( 'NONE',  ( 1.000000000000000000, 0.000000000000000000, 0.000000000000000000 ) ) ;
#1432 = DIRECTION ( 'NONE',  ( -0.000000000000000000, -1.000000000000000000, -0.000000000000000000 ) ) ;
#1433 = LINE ( 'NONE', #810, #2 ) ;
#1434 = EDGE_LOOP ( 'NONE', ( #10, #739, #916, #1600 ) ) ;
#1435 = DIRECTION ( 'NONE',  ( -1.387778780781445676E-14, 0.000000000000000000, -1.000000000000000000 ) ) ;
#1436 = VERTEX_POINT ( 'NONE', #1138 ) ;
#1437 = DIRECTION ( 'NONE',  ( -0.000000000000000000, 1.000000000000000000, -0.000000000000000000 ) ) ;
#1438 = CARTESIAN_POINT ( 'NONE',  ( 29.18333333333335489, 4.410000000000011688, -12.60000000000000320 ) ) ;
#1439 = CYLINDRICAL_SURFACE ( 'NONE', #1557, 10.00000000000000178 ) ;
#1440 = EDGE_LOOP ( 'NONE', ( #996, #490 ) ) ;
#1441 = ADVANCED_FACE ( 'NONE', ( #431 ), #1517, .F. ) ;
#1442 = FACE_OUTER_BOUND ( 'NONE', #1481, .T. ) ;
#1443 = ORIENTED_EDGE ( 'NONE', *, *, #709, .T. ) ;
#1444 = LINE ( 'NONE', #357, #1502 ) ;
#1445 = CARTESIAN_POINT ( 'NONE',  ( 44.28333333333335275, 4.410000000000011688, -61.49999999999993605 ) ) ;
#1446 = EDGE_LOOP ( 'NONE', ( #1190, #851, #221, #119 ) ) ;
#1447 = ADVANCED_FACE ( 'NONE', ( #549, #915, #1310, #76, #567, #1429, #320, #1304, #697, #691, #1180 ), #82, .T. ) ;
#1448 = VECTOR ( 'NONE', #1479, 1000.000000000000000 ) ;
#1449 = CIRCLE ( 'NONE', #777, 1.249999999999997558 ) ;
#1450 = CARTESIAN_POINT ( 'NONE',  ( 44.28333333333335275, 1.410000000000011688, -61.49999999999993605 ) ) ;
#1451 = ORIENTED_EDGE ( 'NONE', *, *, #1370, .T. ) ;
#1452 = VECTOR ( 'NONE', #276, 1000.000000000000000 ) ;
#1453 = EDGE_CURVE ( 'NONE', #1561, #49, #948, .T. ) ;
#1454 = ADVANCED_FACE ( 'NONE', ( #985 ), #468, .T. ) ;
#1455 = LINE ( 'NONE', #122, #625 ) ;
#1456 = DIRECTION ( 'NONE',  ( 0.000000000000000000, 0.000000000000000000, -1.000000000000000000 ) ) ;
#1457 = LINE ( 'NONE', #718, #1448 ) ;
#1458 = ORIENTED_EDGE ( 'NONE', *, *, #591, .T. ) ;
#1459 = CARTESIAN_POINT ( 'NONE',  ( 43.28333333333335275, 4.410000000000011688, -61.49999999999996447 ) ) ;
#1460 = ORIENTED_EDGE ( 'NONE', *, *, #700, .F. ) ;
#1461 = CARTESIAN_POINT ( 'NONE',  ( 36.28333333333335275, 1.410000000000011688, -28.49999999999997158 ) ) ;
#1462 = EDGE_CURVE ( 'NONE', #1486, #949, #139, .T. ) ;
#1463 = PRODUCT_DEFINITION_SHAPE ( 'NONE', 'NONE',  #730 ) ;
#1464 = CARTESIAN_POINT ( 'NONE',  ( 37.27150503586595676, 4.410000000000011688, 23.75629544579370034 ) ) ;
#1465 = EDGE_LOOP ( 'NONE', ( #1091, #833 ) ) ;
#1466 = LINE ( 'NONE', #342, #1324 ) ;
#1467 = ORIENTED_EDGE ( 'NONE', *, *, #998, .T. ) ;
#1468 = CARTESIAN_POINT ( 'NONE',  ( 44.28333333333335275, 4.410000000000011688, -61.49999999999996447 ) ) ;
#1469 = EDGE_CURVE ( 'NONE', #1114, #1070, #858, .T. ) ;
#1470 = CYLINDRICAL_SURFACE ( 'NONE', #649, 1.499999999999996225 ) ;
#1471 = ORIENTED_EDGE ( 'NONE', *, *, #155, .T. ) ;
#1472 = ORIENTED_EDGE ( 'NONE', *, *, #632, .T. ) ;
#1473 = AXIS2_PLACEMENT_3D ( 'NONE', #546, #535, #1037 ) ;
#1474 = ORIENTED_EDGE ( 'NONE', *, *, #8, .F. ) ;
#1475 = CIRCLE ( 'NONE', #448, 1.500000000000001332 ) ;
#1476 = DIRECTION ( 'NONE',  ( 1.000000000000000000, 0.000000000000000000, 0.000000000000000000 ) ) ;
#1477 = AXIS2_PLACEMENT_3D ( 'NONE', #1421, #553, #917 ) ;
#1478 = CIRCLE ( 'NONE', #424, 1.000000000000000888 ) ;
#1479 = DIRECTION ( 'NONE',  ( -0.000000000000000000, -1.000000000000000000, -0.000000000000000000 ) ) ;
#1480 = ORIENTED_EDGE ( 'NONE', *, *, #351, .F. ) ;
#1481 = EDGE_LOOP ( 'NONE', ( #862, #634, #748, #1385 ) ) ;
#1482 = CARTESIAN_POINT ( 'NONE',  ( 26.28333333333335275, 1.410000000000011910, -28.49999999999997158 ) ) ;
#1483 = DIRECTION ( 'NONE',  ( 0.000000000000000000, 1.000000000000000000, 0.000000000000000000 ) ) ;
#1484 = FACE_BOUND ( 'NONE', #926, .T. ) ;
#1485 = DIRECTION ( 'NONE',  ( 0.000000000000000000, 0.000000000000000000, -1.000000000000000000 ) ) ;
#1486 = VERTEX_POINT ( 'NONE', #590 ) ;
#1487 = CARTESIAN_POINT ( 'NONE',  ( 44.28333333333335275, 1.410000000000011688, 1.911824049270861803 ) ) ;
#1488 = ADVANCED_FACE ( 'NONE', ( #1077 ), #1206, .F. ) ;
#1489 = EDGE_LOOP ( 'NONE', ( #1472, #1329, #275, #170 ) ) ;
#1490 = EDGE_CURVE ( 'NONE', #769, #441, #1535, .T. ) ;
#1491 = ORIENTED_EDGE ( 'NONE', *, *, #63, .T. ) ;
#1492 = FACE_OUTER_BOUND ( 'NONE', #454, .T. ) ;
#1493 = DIRECTION ( 'NONE',  ( -0.000000000000000000, -1.000000000000000000, -0.000000000000000000 ) ) ;
#1494 = CARTESIAN_POINT ( 'NONE',  ( 43.28333333333335275, 4.410000000000011688, -19.50000000000000355 ) ) ;
#1495 = FACE_OUTER_BOUND ( 'NONE', #1489, .T. ) ;
#1496 = DIRECTION ( 'NONE',  ( 0.000000000000000000, 1.000000000000000000, 0.000000000000000000 ) ) ;
#1497 = EDGE_CURVE ( 'NONE', #390, #1274, #374, .T. ) ;
#1498 = ORIENTED_EDGE ( 'NONE', *, *, #882, .T. ) ;
#1499 = AXIS2_PLACEMENT_3D ( 'NONE', #887, #747, #154 ) ;
#1500 = FACE_BOUND ( 'NONE', #167, .T. ) ;
#1501 = ADVANCED_FACE ( 'NONE', ( #1492 ), #742, .F. ) ;
#1502 = VECTOR ( 'NONE', #965, 1000.000000000000000 ) ;
#1503 = CARTESIAN_POINT ( 'NONE',  ( 18.28333333333334565, 4.410000000000011688, -17.49999999999997513 ) ) ;
#1504 = VECTOR ( 'NONE', #1179, 1000.000000000000000 ) ;
#1505 = CARTESIAN_POINT ( 'NONE',  ( 18.28333333333334565, 4.410000000000011688, -6.500000000000035527 ) ) ;
#1506 = ORIENTED_EDGE ( 'NONE', *, *, #305, .F. ) ;
#1507 = APPLICATION_PROTOCOL_DEFINITION ( 'draft international standard', 'automotive_design', 1998, #563 ) ;
#1508 =( LENGTH_UNIT ( ) NAMED_UNIT ( * ) SI_UNIT ( .MILLI., .METRE. ) );
#1509 = DIRECTION ( 'NONE',  ( -1.000000000000000000, 0.000000000000000000, 0.000000000000000000 ) ) ;
#1510 = EDGE_CURVE ( 'NONE', #466, #1244, #1246, .T. ) ;
#1511 = CARTESIAN_POINT ( 'NONE',  ( 44.28333333333335275, 1.410000000000011688, -11.50000000000000000 ) ) ;
#1512 = DIRECTION ( 'NONE',  ( -0.000000000000000000, -1.000000000000000000, 0.000000000000000000 ) ) ;
#1513 = ORIENTED_EDGE ( 'NONE', *, *, #142, .F. ) ;
#1514 = DIRECTION ( 'NONE',  ( 0.000000000000000000, 0.000000000000000000, 1.000000000000000000 ) ) ;
#1515 = ORIENTED_EDGE ( 'NONE', *, *, #1575, .F. ) ;
#1516 = CARTESIAN_POINT ( 'NONE',  ( 24.28333333333335631, 4.410000000000011688, -9.500000000000003553 ) ) ;
#1517 = PLANE ( 'NONE',  #879 ) ;
#1518 = ORIENTED_EDGE ( 'NONE', *, *, #313, .F. ) ;
#1519 = EDGE_CURVE ( 'NONE', #125, #568, #941, .T. ) ;
#1520 = CARTESIAN_POINT ( 'NONE',  ( 13.75000000000000000, 4.410000000000011688, -6.500000000000008882 ) ) ;
#1521 = DIRECTION ( 'NONE',  ( 0.000000000000000000, 0.000000000000000000, 1.000000000000000000 ) ) ;
#1522 = VERTEX_POINT ( 'NONE', #934 ) ;
#1523 =( LENGTH_UNIT ( ) NAMED_UNIT ( * ) SI_UNIT ( .MILLI., .METRE. ) );
#1524 = DIRECTION ( 'NONE',  ( 0.000000000000000000, 1.000000000000000000, -0.000000000000000000 ) ) ;
#1525 =( GEOMETRIC_REPRESENTATION_CONTEXT ( 3 ) GLOBAL_UNCERTAINTY_ASSIGNED_CONTEXT ( ( #842 ) ) GLOBAL_UNIT_ASSIGNED_CONTEXT ( ( #1523, #407, #1113 ) ) REPRESENTATION_CONTEXT ( 'NONE', 'WORKASPACE' ) );
#1526 = CIRCLE ( 'NONE', #953, 1.000000000000000888 ) ;
#1527 = DIRECTION ( 'NONE',  ( 0.000000000000000000, 1.000000000000000000, -0.000000000000000000 ) ) ;
#1528 = VERTEX_POINT ( 'NONE', #1066 ) ;
#1529 = CARTESIAN_POINT ( 'NONE',  ( 15.25000000000005151, 4.410000000000011688, -4.750000000000042633 ) ) ;
#1530 = AXIS2_PLACEMENT_3D ( 'NONE', #972, #1194, #480 ) ;
#1531 = CIRCLE ( 'NONE', #576, 1.250000000000001110 ) ;
#1532 = CARTESIAN_POINT ( 'NONE',  ( 36.28333333333335275, 4.410000000000011688, -18.49999999999997868 ) ) ;
#1533 = ORIENTED_EDGE ( 'NONE', *, *, #1574, .T. ) ;
#1534 = CIRCLE ( 'NONE', #1427, 1.000000000000000888 ) ;
#1535 = CIRCLE ( 'NONE', #604, 1.499999999999996225 ) ;
#1536 = DIRECTION ( 'NONE',  ( 0.000000000000000000, 0.000000000000000000, -1.000000000000000000 ) ) ;
#1537 = LINE ( 'NONE', #1394, #779 ) ;
#1538 = ORIENTED_EDGE ( 'NONE', *, *, #344, .F. ) ;
#1539 = LINE ( 'NONE', #1414, #1134 ) ;
#1540 = CARTESIAN_POINT ( 'NONE',  ( 27.74999999999999645, 1.410000000000011688, 20.70000000000000639 ) ) ;
#1541 = ORIENTED_EDGE ( 'NONE', *, *, #177, .F. ) ;
#1542 = EDGE_CURVE ( 'NONE', #767, #1251, #1563, .T. ) ;
#1543 = DIRECTION ( 'NONE',  ( 0.000000000000000000, 0.000000000000000000, -1.000000000000000000 ) ) ;
#1544 = CARTESIAN_POINT ( 'NONE',  ( 40.25000000000004974, 1.410000000000011688, -3.500000000000041300 ) ) ;
#1545 = EDGE_LOOP ( 'NONE', ( #106, #839, #328, #307 ) ) ;
#1546 = DIRECTION ( 'NONE',  ( 0.000000000000000000, 0.000000000000000000, -1.000000000000000000 ) ) ;
#1547 = DIRECTION ( 'NONE',  ( 0.000000000000000000, 1.000000000000000000, -0.000000000000000000 ) ) ;
#1548 = VERTEX_POINT ( 'NONE', #254 ) ;
#1549 = ADVANCED_FACE ( 'NONE', ( #17 ), #1229, .T. ) ;
#1550 = DIRECTION ( 'NONE',  ( 0.000000000000000000, 1.000000000000000000, 0.000000000000000000 ) ) ;
#1551 = VERTEX_POINT ( 'NONE', #39 ) ;
#1552 = DIRECTION ( 'NONE',  ( 0.000000000000000000, 0.000000000000000000, -1.000000000000000000 ) ) ;
#1553 = CARTESIAN_POINT ( 'NONE',  ( 12.75000000000000178, 4.410000000000011688, 1.965006004804816353 ) ) ;
#1554 = VECTOR ( 'NONE', #806, 1000.000000000000000 ) ;
#1555 = DIRECTION ( 'NONE',  ( 0.000000000000000000, 0.000000000000000000, 1.000000000000000000 ) ) ;
#1556 = ORIENTED_EDGE ( 'NONE', *, *, #913, .T. ) ;
#1557 = AXIS2_PLACEMENT_3D ( 'NONE', #306, #795, #1290 ) ;
#1558 = AXIS2_PLACEMENT_3D ( 'NONE', #179, #661, #685 ) ;
#1559 = AXIS2_PLACEMENT_3D ( 'NONE', #1104, #4, #629 ) ;
#1560 = DIRECTION ( 'NONE',  ( -0.000000000000000000, -1.000000000000000000, -0.000000000000000000 ) ) ;
#1561 = VERTEX_POINT ( 'NONE', #994 ) ;
#1562 = DIRECTION ( 'NONE',  ( 0.000000000000000000, 1.000000000000000000, 0.000000000000000000 ) ) ;
#1563 = LINE ( 'NONE', #1438, #961 ) ;
#1564 = EDGE_CURVE ( 'NONE', #1297, #1271, #534, .T. ) ;
#1565 = DIRECTION ( 'NONE',  ( 0.000000000000000000, 1.000000000000000000, -0.000000000000000000 ) ) ;
#1566 = VERTEX_POINT ( 'NONE', #1233 ) ;
#1567 = DIRECTION ( 'NONE',  ( -0.000000000000000000, -1.000000000000000000, -0.000000000000000000 ) ) ;
#1568 = DIRECTION ( 'NONE',  ( 0.000000000000000000, -0.000000000000000000, -1.000000000000000000 ) ) ;
#1569 = ORIENTED_EDGE ( 'NONE', *, *, #324, .F. ) ;
#1570 = LINE ( 'NONE', #117, #113 ) ;
#1571 = ADVANCED_FACE ( 'NONE', ( #526 ), #1017, .F. ) ;
#1572 = FACE_OUTER_BOUND ( 'NONE', #1419, .T. ) ;
#1573 = EDGE_LOOP ( 'NONE', ( #1158, #849, #1195, #805 ) ) ;
#1574 = EDGE_CURVE ( 'NONE', #242, #1561, #85, .T. ) ;
#1575 = EDGE_CURVE ( 'NONE', #1423, #623, #281, .T. ) ;
#1576 = CARTESIAN_POINT ( 'NONE',  ( 24.28333333333335631, 4.410000000000011688, -8.000000000000001776 ) ) ;
#1577 = EDGE_LOOP ( 'NONE', ( #731, #303, #1057, #626 ) ) ;
#1578 = DIRECTION ( 'NONE',  ( 0.000000000000000000, -1.000000000000000000, 0.000000000000000000 ) ) ;
#1579 = CYLINDRICAL_SURFACE ( 'NONE', #1083, 1.250000000000001110 ) ;
#1580 = AXIS2_PLACEMENT_3D ( 'NONE', #193, #436, #1163 ) ;
#1581 = ORIENTED_EDGE ( 'NONE', *, *, #1453, .T. ) ;
#1582 = AXIS2_PLACEMENT_3D ( 'NONE', #924, #288, #1408 ) ;
#1583 = LINE ( 'NONE', #476, #1088 ) ;
#1584 = ORIENTED_EDGE ( 'NONE', *, *, #370, .F. ) ;
#1585 = AXIS2_PLACEMENT_3D ( 'NONE', #1172, #1046, #201 ) ;
#1586 = VECTOR ( 'NONE', #1567, 1000.000000000000000 ) ;
#1587 = DIRECTION ( 'NONE',  ( -0.000000000000000000, -1.000000000000000000, -0.000000000000000000 ) ) ;
#1588 = FACE_OUTER_BOUND ( 'NONE', #159, .T. ) ;
#1589 = VERTEX_POINT ( 'NONE', #886 ) ;
#1590 = EDGE_CURVE ( 'NONE', #542, #489, #1258, .T. ) ;
#1591 = CARTESIAN_POINT ( 'NONE',  ( 19.28333333333334565, 4.410000000000011688, -18.49999999999997513 ) ) ;
#1592 = EDGE_LOOP ( 'NONE', ( #1541, #1458, #1474, #120, #57, #249, #621, #495, #218, #830, #1126, #1392, #1224, #892, #1020, #208, #1154, #875, #550, #1480, #481, #1331 ) ) ;
#1593 = DIRECTION ( 'NONE',  ( 5.799828488958592861E-15, -0.000000000000000000, 1.000000000000000000 ) ) ;
#1594 = DIRECTION ( 'NONE',  ( 0.000000000000000000, 0.000000000000000000, -1.000000000000000000 ) ) ;
#1595 = ORIENTED_EDGE ( 'NONE', *, *, #1155, .T. ) ;
#1596 = ORIENTED_EDGE ( 'NONE', *, *, #137, .F. ) ;
#1597 = VERTEX_POINT ( 'NONE', #22 ) ;
#1598 = DIRECTION ( 'NONE',  ( -1.000000000000000000, 0.000000000000000000, 0.000000000000000000 ) ) ;
#1599 = DIRECTION ( 'NONE',  ( 0.000000000000000000, -1.000000000000000000, -0.000000000000000000 ) ) ;
#1600 = ORIENTED_EDGE ( 'NONE', *, *, #1207, .F. ) ;
#1601 = AXIS2_PLACEMENT_3D ( 'NONE', #29, #856, #1514 ) ;
ENDSEC;
END-ISO-10303-21;
