created uart
Starting process
TOF Process started
[FAIL] 'front' -> No I2C device at address: 0x29
[FAIL] 'left' -> No I2C device at address: 0x29
Sending software reset to ESP32...
ESP32 reset complete
Command sent: b'1'
[gains] reloaded: kp=0.55 kd=0.0025 ki=0 kp_s=0.05 kd_s=0.0 kp_v=0.008 ki_v=0.0 kd_v=0.0 SPEED_SCALE=7343.37
Left side parking
 rgb: [1]left: 0 orange_flag:False start:True imu:0.27
 rgb: [1]left: 0 orange_flag:False start:True imu:0.27
 rgb: [1]left: 44 orange_flag:False start:True imu:0.27
 rgb: [1]left: 44 orange_flag:False start:True imu:0.27
 rgb: [1]left: 44 orange_flag:False start:True imu:0.25
 rgb: [1]left: 44 orange_flag:False start:True imu:0.24
 rgb: [1]left: 44 orange_flag:False start:True imu:0.24
 rgb: [1]left: 44 orange_flag:False start:True imu:0.24
 rgb: [1]left: 45 orange_flag:False start:True imu:0.24
 rgb: [1]left: 45 orange_flag:False start:True imu:0.24
 rgb: [1]left: 45 orange_flag:False start:True imu:0.24
 rgb: [1]left: 45 orange_flag:False start:True imu:0.25
 rgb: [1]left: 45 orange_flag:False start:True imu:0.24
 rgb: [1]left: 45 orange_flag:False start:True imu:0.24
 rgb: [1]left: 45 orange_flag:False start:True imu:0.24
 rgb: [1]left: 45 orange_flag:False start:True imu:0.24
 rgb: [1]left: 45 orange_flag:False start:True imu:0.24
 rgb: [1]left: 45 orange_flag:False start:True imu:0.25
 rgb: [1]left: 45 orange_flag:False start:True imu:0.25
 rgb: [1]left: 45 orange_flag:False start:True imu:0.24
 rgb: [1]left: 44 orange_flag:False start:True imu:0.24
 rgb: [1]left: 44 orange_flag:False start:True imu:0.24
 rgb: [1]left: 45 orange_flag:False start:True imu:0.24
 rgb: [1]left: 45 orange_flag:False start:True imu:0.24
 rgb: [1]left: 45 orange_flag:False start:True imu:0.24
 rgb: [1]left: 45 orange_flag:False start:True imu:0.24
 rgb: [1]left: 45 orange_flag:False start:True imu:0.24
 rgb: [1]left: 45 orange_flag:False start:True imu:0.24
 rgb: [1]left: 45 orange_flag:False start:True imu:0.24
 rgb: [1]left: 45 orange_flag:False start:True imu:0.24
 rgb: [1]left: 45 orange_flag:False start:True imu:0.24
 rgb: [1]left: 45 orange_flag:False start:True imu:0.24
 rgb: [1]left: 45 orange_flag:False start:True imu:0.24
 rgb: [1]left: 45 orange_flag:False start:True imu:0.24
 rgb: [1]left: 45 orange_flag:False start:True imu:0.24
 rgb: [1]left: 45 orange_flag:False start:True imu:0.25
 rgb: [1]left: 45 orange_flag:False start:True imu:0.25
 rgb: [1]left: 45 orange_flag:False start:True imu:0.25
 rgb: [1]left: 45 orange_flag:False start:True imu:0.25
 rgb: [1]left: 45 orange_flag:False start:True imu:0.24
 rgb: [1]left: 45 orange_flag:False start:True imu:0.24
 rgb: [1]left: 44 orange_flag:False start:True imu:0.24
 rgb: [1]left: 44 orange_flag:False start:True imu:0.24
 rgb: [1]left: 45 orange_flag:False start:True imu:0.24
 rgb: [1]left: 45 orange_flag:False start:True imu:0.24
 rgb: [1]left: 45 orange_flag:False start:True imu:0.24
 rgb: [1]left: 45 orange_flag:False start:True imu:0.24
 rgb: [1]left: 45 orange_flag:False start:True imu:0.24
 rgb: [1]left: 45 orange_flag:False start:True imu:0.24
 rgb: [1]left: 45 orange_flag:False start:True imu:0.25
 rgb: [1]left: 44 orange_flag:False start:True imu:0.25
 rgb: [1]left: 44 orange_flag:False start:True imu:0.25
 rgb: [1]left: 44 orange_flag:False start:True imu:0.25
 rgb: [1]left: 44 orange_flag:False start:True imu:0.25
 rgb: [1]left: 44 orange_flag:False start:True imu:0.25
 rgb: [1]left: 44 orange_flag:False start:True imu:0.25
 rgb: [1]left: 44 orange_flag:False start:True imu:0.25
 rgb: [1]left: 44 orange_flag:False start:True imu:0.25
 rgb: [1]left: 44 orange_flag:False start:True imu:0.25
 rgb: [1]left: 44 orange_flag:False start:True imu:0.25
 rgb: [1]left: 44 orange_flag:False start:True imu:0.25
 rgb: [1]left: 44 orange_flag:False start:True imu:0.25
 rgb: [1]left: 44 orange_flag:False start:True imu:0.25
 rgb: [1]left: 44 orange_flag:False start:True imu:0.25
 rgb: [1]left: 44 orange_flag:False start:True imu:0.25
 rgb: [1]left: 44 orange_flag:False start:True imu:0.25
 rgb: [1]left: 44 orange_flag:False start:True imu:0.25
 rgb: [1]left: 44 orange_flag:False start:True imu:0.25
 rgb: [1]left: 44 orange_flag:False start:True imu:0.25
 rgb: [1]left: 44 orange_flag:False start:True imu:0.25
 rgb: [1]left: 45 orange_flag:False start:True imu:0.25
 rgb: [1]left: 45 orange_flag:False start:True imu:0.25
 rgb: [1]left: 45 orange_flag:False start:True imu:0.25
 rgb: [1]left: 45 orange_flag:False start:True imu:0.25
 rgb: [1]left: 45 orange_flag:False start:True imu:0.25
 rgb: [1]left: 45 orange_flag:False start:True imu:0.25
 rgb: [1]left: 45 orange_flag:False start:True imu:0.25
 rgb: [1]left: 45 orange_flag:False start:True imu:0.25
 rgb: [1]left: 45 orange_flag:False start:True imu:0.25
 rgb: [1]left: 45 orange_flag:False start:True imu:0.25
 rgb: [1]left: 45 orange_flag:False start:True imu:0.25
 rgb: [1]left: 45 orange_flag:False start:True imu:0.25
 rgb: [1]left: 45 orange_flag:False start:True imu:0.25
 rgb: [1]left: 45 orange_flag:False start:True imu:0.25
 rgb: [1]left: 45 orange_flag:False start:True imu:0.25
 rgb: [1]left: 45 orange_flag:False start:True imu:0.25
 rgb: [1]left: 45 orange_flag:False start:True imu:0.25
 rgb: [1]left: 45 orange_flag:False start:True imu:0.27
 rgb: [1]left: 45 orange_flag:False start:True imu:0.30
 rgb: [1]left: 45 orange_flag:False start:True imu:0.33
 rgb: [1]left: 45 orange_flag:False start:True imu:0.34
 rgb: [1]left: 45 orange_flag:False start:True imu:0.32
 rgb: [1]left: 45 orange_flag:False start:True imu:0.30
 rgb: [1]left: 45 orange_flag:False start:True imu:0.24
 rgb: [1]left: 45 orange_flag:False start:True imu:0.21
 rgb: [1]left: 45 orange_flag:False start:True imu:0.21
 rgb: [1]left: 45 orange_flag:False start:True imu:0.23
 rgb: [1]left: 45 orange_flag:False start:True imu:0.27
 rgb: [1]left: 45 orange_flag:False start:True imu:0.28
 rgb: [1]left: 45 orange_flag:False start:True imu:0.27
 rgb: [1]left: 45 orange_flag:False start:True imu:0.20
 rgb: [1]left: 45 orange_flag:False start:True imu:0.19
 rgb: [1]left: 45 orange_flag:False start:True imu:0.16
 rgb: [1]left: 45 orange_flag:False start:True imu:0.22
 rgb: [1]left: 45 orange_flag:False start:True imu:0.24
 rgb: [1]left: 45 orange_flag:False start:True imu:0.25
 rgb: [1]left: 45 orange_flag:False start:True imu:0.25
 rgb: [1]left: 45 orange_flag:False start:True imu:0.22
 rgb: [1]left: 45 orange_flag:False start:True imu:0.19
 rgb: [1]left: 45 orange_flag:False start:True imu:0.17
 rgb: [1]left: 45 orange_flag:False start:True imu:0.18
 rgb: [1]left: 45 orange_flag:False start:True imu:0.19
 rgb: [1]left: 45 orange_flag:False start:True imu:0.22
 rgb: [1]left: 45 orange_flag:False start:True imu:0.22
 rgb: [1]left: 45 orange_flag:False start:True imu:0.21
 rgb: [1]left: 45 orange_flag:False start:True imu:0.21
 rgb: [1]left: 45 orange_flag:False start:True imu:0.20
 rgb: [1]left: 45 orange_flag:False start:True imu:0.21
 rgb: [1]left: 45 orange_flag:False start:True imu:0.21
 rgb: [1]left: 45 orange_flag:False start:True imu:0.19
 rgb: [1]left: 45 orange_flag:False start:True imu:0.19
 rgb: [1]left: 45 orange_flag:False start:True imu:0.19
 rgb: [1]left: 46 orange_flag:False start:True imu:0.19
 rgb: [1]left: 46 orange_flag:False start:True imu:0.18
 rgb: [1]left: 46 orange_flag:False start:True imu:0.18
 rgb: [1]left: 46 orange_flag:False start:True imu:0.17
 rgb: [1]left: 46 orange_flag:False start:True imu:0.14
 rgb: [1]left: 46 orange_flag:False start:True imu:0.14
 rgb: [1]left: 46 orange_flag:False start:True imu:0.13
 rgb: [1]left: 45 orange_flag:False start:True imu:0.14
 rgb: [1]left: 45 orange_flag:False start:True imu:0.16
 rgb: [1]left: 45 orange_flag:False start:True imu:0.17
 rgb: [1]left: 45 orange_flag:False start:True imu:0.18
 rgb: [1]left: 45 orange_flag:False start:True imu:0.19
 rgb: [1]left: 45 orange_flag:False start:True imu:0.21
 rgb: [1]left: 45 orange_flag:False start:True imu:0.25
 rgb: [1]left: 45 orange_flag:False start:True imu:0.28
 rgb: [1]left: 45 orange_flag:False start:True imu:0.30
 rgb: [1]left: 45 orange_flag:False start:True imu:0.31
 rgb: [1]left: 44 orange_flag:False start:True imu:0.31
 rgb: [1]left: 44 orange_flag:False start:True imu:0.30
 rgb: [1]left: 44 orange_flag:False start:True imu:0.29
 rgb: [1]left: 44 orange_flag:False start:True imu:0.28
 rgb: [1]left: 44 orange_flag:False start:True imu:0.27
 rgb: [1]left: 44 orange_flag:False start:True imu:0.27
 rgb: [1]left: 44 orange_flag:False start:True imu:0.31
 rgb: [1]left: 44 orange_flag:False start:True imu:0.31
 rgb: [1]left: 44 orange_flag:False start:True imu:0.30
 rgb: [1]left: 44 orange_flag:False start:True imu:0.30
 rgb: [1]left: 44 orange_flag:False start:True imu:0.32
 rgb: [1]left: 44 orange_flag:False start:True imu:0.36
 rgb: [1]left: 45 orange_flag:False start:True imu:0.37
 rgb: [1]left: 45 orange_flag:False start:True imu:0.39
 rgb: [1]left: 45 orange_flag:False start:True imu:0.43
 rgb: [1]left: 45 orange_flag:False start:True imu:0.47
 rgb: [1]left: 45 orange_flag:False start:True imu:0.54
 rgb: [1]left: 45 orange_flag:False start:True imu:0.60
 rgb: [1]left: 45 orange_flag:False start:True imu:0.65
 rgb: [1]left: 45 orange_flag:False start:True imu:0.68
 rgb: [1]left: 45 orange_flag:False start:True imu:0.43
 rgb: [1]left: 45 orange_flag:False start:True imu:0.32
 rgb: [1]left: 45 orange_flag:False start:True imu:0.12
 rgb: [1]left: 45 orange_flag:False start:True imu:359.97
 rgb: [1]left: 45 orange_flag:False start:True imu:359.91
 rgb: [1]left: 45 orange_flag:False start:True imu:359.96
 rgb: [1]left: 45 orange_flag:False start:True imu:0.11
 rgb: [1]left: 45 orange_flag:False start:True imu:0.21
 rgb: [1]left: 45 orange_flag:False start:True imu:0.25
 rgb: [1]left: 45 orange_flag:False start:True imu:0.33
 rgb: [1]left: 45 orange_flag:False start:True imu:0.28
 rgb: [1]left: 45 orange_flag:False start:True imu:0.23
 rgb: [1]left: 45 orange_flag:False start:True imu:0.18
 rgb: [1]left: 45 orange_flag:False start:True imu:0.20
 rgb: [1]left: 45 orange_flag:False start:True imu:0.27
 rgb: [1]left: 45 orange_flag:False start:True imu:0.35
 rgb: [1]left: 45 orange_flag:False start:True imu:0.33
 rgb: [1]left: 45 orange_flag:False start:True imu:0.29
 rgb: [1]left: 45 orange_flag:False start:True imu:0.27
 rgb: [1]left: 45 orange_flag:False start:True imu:0.28
 rgb: [1]left: 45 orange_flag:False start:True imu:0.31
 rgb: [1]left: 45 orange_flag:False start:True imu:0.33
 rgb: [1]left: 45 orange_flag:False start:True imu:0.35
 rgb: [1]left: 45 orange_flag:False start:True imu:0.32
 rgb: [1]left: 45 orange_flag:False start:True imu:0.30
 rgb: [1]left: 45 orange_flag:False start:True imu:0.28
 rgb: [1]left: 45 orange_flag:False start:True imu:0.29
 rgb: [1]left: 45 orange_flag:False start:True imu:0.32
 rgb: [1]left: 45 orange_flag:False start:True imu:0.33
 rgb: [1]left: 45 orange_flag:False start:True imu:0.33
 rgb: [1]left: 45 orange_flag:False start:True imu:0.32
 rgb: [1]left: 45 orange_flag:False start:True imu:0.30
 rgb: [1]left: 45 orange_flag:False start:True imu:0.30
 rgb: [1]left: 45 orange_flag:False start:True imu:0.30
 rgb: [0]left: 45 orange_flag:False start:True imu:0.31
 rgb: [1]left: 45 orange_flag:False start:True imu:0.32
 rgb: [1]left: 45 orange_flag:False start:True imu:0.32
 rgb: [1]left: 45 orange_flag:False start:True imu:0.32
 rgb: [1]left: 45 orange_flag:False start:True imu:0.31
 rgb: [1]left: 45 orange_flag:False start:True imu:0.30
 rgb: [1]left: 45 orange_flag:False start:True imu:0.31
 rgb: [1]left: 45 orange_flag:False start:True imu:0.32
 rgb: [1]left: 45 orange_flag:False start:True imu:0.32
 rgb: [1]left: 45 orange_flag:False start:True imu:0.32
 rgb: [1]left: 46 orange_flag:False start:True imu:0.31
 rgb: [1]left: 44 orange_flag:False start:True imu:0.32
 rgb: [1]left: 44 orange_flag:False start:True imu:0.32
 rgb: [1]left: 44 orange_flag:False start:True imu:0.32
 rgb: [1]left: 45 orange_flag:False start:True imu:0.32
 rgb: [1]left: 44 orange_flag:False start:True imu:0.32
 rgb: [1]left: 44 orange_flag:False start:True imu:0.32
 rgb: [1]left: 44 orange_flag:False start:True imu:0.32
 rgb: [1]left: 44 orange_flag:False start:True imu:0.32
 rgb: [1]left: 45 orange_flag:False start:True imu:0.32
 rgb: [1]left: 45 orange_flag:False start:True imu:0.32
 rgb: [1]left: 45 orange_flag:False start:True imu:0.32
 rgb: [1]left: 45 orange_flag:False start:True imu:0.32
 rgb: [1]left: 45 orange_flag:False start:True imu:0.32
 rgb: [1]left: 45 orange_flag:False start:True imu:0.32
 rgb: [1]left: 44 orange_flag:False start:True imu:0.32
 rgb: [1]left: 44 orange_flag:False start:True imu:0.32
 rgb: [1]left: 45 orange_flag:False start:True imu:0.32
 rgb: [1]left: 45 orange_flag:False start:True imu:0.32
 rgb: [1]left: 45 orange_flag:False start:True imu:0.32
 rgb: [1]left: 45 orange_flag:False start:True imu:0.32
 rgb: [1]left: 45 orange_flag:False start:True imu:0.32
 rgb: [1]left: 45 orange_flag:False start:True imu:0.32
 rgb: [1]left: 45 orange_flag:False start:True imu:0.32
 rgb: [1]left: 45 orange_flag:False start:True imu:0.32
 rgb: [1]left: 44 orange_flag:False start:True imu:0.33
 rgb: [1]left: 44 orange_flag:False start:True imu:0.33
 rgb: [1]left: 45 orange_flag:False start:True imu:0.33
 rgb: [1]left: 45 orange_flag:False start:True imu:0.33
 rgb: [1]left: 44 orange_flag:False start:True imu:0.34
 rgb: [1]left: 44 orange_flag:False start:True imu:0.34
 rgb: [1]left: 44 orange_flag:False start:True imu:0.34
 rgb: [1]left: 44 orange_flag:False start:True imu:0.34
 rgb: [1]left: 44 orange_flag:False start:True imu:0.35
 rgb: [1]left: 44 orange_flag:False start:True imu:0.34
 rgb: [1]left: 44 orange_flag:False start:True imu:0.34
 rgb: [1]left: 44 orange_flag:False start:True imu:0.33
 rgb: [1]left: 44 orange_flag:False start:True imu:0.31
 rgb: [1]left: 44 orange_flag:False start:True imu:0.31
 rgb: [1]left: 44 orange_flag:False start:True imu:0.32
 rgb: [1]left: 44 orange_flag:False start:True imu:0.32
 rgb: [1]left: 44 orange_flag:False start:True imu:0.35
 rgb: [1]left: 45 orange_flag:False start:True imu:0.35
 rgb: [1]left: 45 orange_flag:False start:True imu:0.38
 rgb: [1]left: 45 orange_flag:False start:True imu:0.39
 rgb: [1]left: 45 orange_flag:False start:True imu:0.39
 rgb: [1]left: 45 orange_flag:False start:True imu:0.39
 rgb: [1]left: 45 orange_flag:False start:True imu:0.38
 rgb: [1]left: 45 orange_flag:False start:True imu:0.39
 rgb: [1]left: 45 orange_flag:False start:True imu:0.39
 rgb: [1]left: 45 orange_flag:False start:True imu:0.42
 rgb: [1]left: 45 orange_flag:False start:True imu:0.42
 rgb: [1]left: 45 orange_flag:False start:True imu:0.40
 rgb: [1]left: 45 orange_flag:False start:True imu:0.39
 rgb: [1]left: 45 orange_flag:False start:True imu:0.37
 rgb: [1]left: 45 orange_flag:False start:True imu:0.30
 rgb: [1]left: 45 orange_flag:False start:True imu:0.29
 rgb: [1]left: 45 orange_flag:False start:True imu:0.29
 rgb: [1]left: 45 orange_flag:False start:True imu:0.30
 rgb: [1]left: 45 orange_flag:False start:True imu:0.32
 rgb: [1]left: 45 orange_flag:False start:True imu:0.33
 rgb: [1]left: 45 orange_flag:False start:True imu:0.33
 rgb: [1]left: 45 orange_flag:False start:True imu:0.33
 rgb: [1]left: 45 orange_flag:False start:True imu:0.33
 rgb: [1]left: 45 orange_flag:False start:True imu:0.33
 rgb: [1]left: 45 orange_flag:False start:True imu:0.34
 rgb: [1]left: 45 orange_flag:False start:True imu:0.34
 rgb: [1]left: 45 orange_flag:False start:True imu:0.34
 rgb: [1]left: 45 orange_flag:False start:True imu:0.34
 rgb: [1]left: 45 orange_flag:False start:True imu:0.29
 rgb: [1]left: 44 orange_flag:False start:True imu:0.25
 rgb: [1]left: 44 orange_flag:False start:True imu:0.23
 rgb: [1]left: 44 orange_flag:False start:True imu:0.29
 rgb: [1]left: 44 orange_flag:False start:True imu:0.35
 rgb: [1]left: 44 orange_flag:False start:True imu:0.39
 rgb: [1]left: 44 orange_flag:False start:True imu:0.39
 rgb: [1]left: 44 orange_flag:False start:True imu:0.36
 rgb: [1]left: 44 orange_flag:False start:True imu:0.36
 rgb: [1]left: 45 orange_flag:False start:True imu:0.34
 rgb: [1]left: 45 orange_flag:False start:True imu:0.34
 rgb: [1]left: 45 orange_flag:False start:True imu:0.34
 rgb: [1]left: 44 orange_flag:False start:True imu:0.34
 rgb: [1]left: 44 orange_flag:False start:True imu:0.34
 rgb: [1]left: 44 orange_flag:False start:True imu:0.34
 rgb: [1]left: 45 orange_flag:False start:True imu:0.33
 rgb: [1]left: 45 orange_flag:False start:True imu:0.32
 rgb: [1]left: 45 orange_flag:False start:True imu:0.31
 rgb: [1]left: 45 orange_flag:False start:True imu:0.28
 rgb: [1]left: 45 orange_flag:False start:True imu:0.26
 rgb: [1]left: 45 orange_flag:False start:True imu:0.24
 rgb: [0]left: 45 orange_flag:False start:True imu:0.23
 rgb: [1]left: 45 orange_flag:False start:True imu:0.24
 rgb: [1]left: 45 orange_flag:False start:True imu:0.24
 rgb: [1]left: 44 orange_flag:False start:True imu:0.25
 rgb: [1]left: 44 orange_flag:False start:True imu:0.27
 rgb: [1]left: 44 orange_flag:False start:True imu:0.31
 rgb: [1]left: 44 orange_flag:False start:True imu:0.34
 rgb: [1]left: 44 orange_flag:False start:True imu:0.35
 rgb: [1]left: 44 orange_flag:False start:True imu:0.34
 rgb: [1]left: 44 orange_flag:False start:True imu:0.35
 rgb: [1]left: 44 orange_flag:False start:True imu:0.32
 rgb: [1]left: 44 orange_flag:False start:True imu:0.28
 rgb: [1]left: 44 orange_flag:False start:True imu:0.24
 rgb: [1]left: 45 orange_flag:False start:True imu:0.20
 rgb: [1]left: 45 orange_flag:False start:True imu:0.18
 rgb: [1]left: 45 orange_flag:False start:True imu:0.18
 rgb: [1]left: 44 orange_flag:False start:True imu:0.19
 rgb: [1]left: 44 orange_flag:False start:True imu:0.20
 rgb: [1]left: 44 orange_flag:False start:True imu:0.23
 rgb: [1]left: 44 orange_flag:False start:True imu:0.24
 rgb: [1]left: 44 orange_flag:False start:True imu:0.22
 rgb: [1]left: 44 orange_flag:False start:True imu:0.20
 rgb: [1]left: 44 orange_flag:False start:True imu:0.17
 rgb: [1]left: 44 orange_flag:False start:True imu:0.17
 rgb: [1]left: 44 orange_flag:False start:True imu:0.19
 rgb: [1]left: 44 orange_flag:False start:True imu:0.21
 rgb: [1]left: 44 orange_flag:False start:True imu:0.25
 rgb: [1]left: 44 orange_flag:False start:True imu:0.29
 rgb: [1]left: 44 orange_flag:False start:True imu:0.29
 rgb: [1]left: 44 orange_flag:False start:True imu:0.28
 rgb: [1]left: 44 orange_flag:False start:True imu:0.29
 rgb: [1]left: 44 orange_flag:False start:True imu:0.29
 rgb: [1]left: 44 orange_flag:False start:True imu:0.27
 rgb: [1]left: 44 orange_flag:False start:True imu:0.23
 rgb: [1]left: 44 orange_flag:False start:True imu:0.17
 rgb: [1]left: 44 orange_flag:False start:True imu:0.11
 rgb: [1]left: 44 orange_flag:False start:True imu:0.06
 rgb: [1]left: 44 orange_flag:False start:True imu:0.06
 rgb: [1]left: 44 orange_flag:False start:True imu:0.08
 rgb: [1]left: 44 orange_flag:False start:True imu:0.08
 rgb: [1]left: 44 orange_flag:False start:True imu:0.04
 rgb: [1]left: 44 orange_flag:False start:True imu:0.26
 rgb: [1]left: 44 orange_flag:False start:True imu:0.65
 rgb: [1]left: 44 orange_flag:False start:True imu:0.74
 rgb: [1]left: 44 orange_flag:False start:True imu:0.67
 rgb: [1]left: 44 orange_flag:False start:True imu:0.60
 rgb: [1]left: 44 orange_flag:False start:True imu:0.60
 rgb: [1]left: 45 orange_flag:False start:True imu:0.50
 rgb: [1]left: 45 orange_flag:False start:True imu:0.50
 rgb: [1]left: 45 orange_flag:False start:True imu:0.53
 rgb: [1]left: 45 orange_flag:False start:True imu:0.59
 rgb: [1]left: 45 orange_flag:False start:True imu:0.67
 rgb: [1]left: 45 orange_flag:False start:True imu:0.55
 rgb: [1]left: 45 orange_flag:False start:True imu:0.49
 rgb: [1]left: 45 orange_flag:False start:True imu:0.51
 rgb: [1]left: 45 orange_flag:False start:True imu:0.49
 rgb: [1]left: 45 orange_flag:False start:True imu:0.54
 rgb: [1]left: 45 orange_flag:False start:True imu:0.61
 rgb: [1]left: 45 orange_flag:False start:True imu:0.61
 rgb: [1]left: 45 orange_flag:False start:True imu:0.58
 rgb: [1]left: 45 orange_flag:False start:True imu:0.54
 rgb: [1]left: 45 orange_flag:False start:True imu:0.54
 rgb: [1]left: 44 orange_flag:False start:True imu:0.57
 rgb: [1]left: 44 orange_flag:False start:True imu:0.60
 rgb: [1]left: 44 orange_flag:False start:True imu:0.63
 rgb: [1]left: 44 orange_flag:False start:True imu:0.61
 rgb: [1]left: 45 orange_flag:False start:True imu:0.59
 rgb: [1]left: 45 orange_flag:False start:True imu:0.58
 rgb: [1]left: 45 orange_flag:False start:True imu:0.59
 rgb: [1]left: 45 orange_flag:False start:True imu:0.61
 rgb: [1]left: 45 orange_flag:False start:True imu:0.61
 rgb: [1]left: 45 orange_flag:False start:True imu:0.59
 rgb: [1]left: 45 orange_flag:False start:True imu:0.59
 rgb: [1]left: 45 orange_flag:False start:True imu:0.59
 rgb: [1]left: 45 orange_flag:False start:True imu:0.60
 rgb: [1]left: 45 orange_flag:False start:True imu:0.60
 rgb: [1]left: 45 orange_flag:False start:True imu:0.59
 rgb: [1]left: 45 orange_flag:False start:True imu:0.59
 rgb: [1]left: 45 orange_flag:False start:True imu:0.59
 rgb: [1]left: 45 orange_flag:False start:True imu:0.60
 rgb: [1]left: 45 orange_flag:False start:True imu:0.60
 rgb: [1]left: 45 orange_flag:False start:True imu:0.60
 rgb: [1]left: 45 orange_flag:False start:True imu:0.60
 rgb: [1]left: 45 orange_flag:False start:True imu:0.59
 rgb: [1]left: 45 orange_flag:False start:True imu:0.60
 rgb: [1]left: 45 orange_flag:False start:True imu:0.60
 rgb: [1]left: 45 orange_flag:False start:True imu:0.61
 rgb: [1]left: 45 orange_flag:False start:True imu:0.60
 rgb: [1]left: 45 orange_flag:False start:True imu:0.60
 rgb: [1]left: 45 orange_flag:False start:True imu:0.60
 rgb: [1]left: 45 orange_flag:False start:True imu:0.61
 rgb: [1]left: 45 orange_flag:False start:True imu:0.61
 rgb: [1]left: 45 orange_flag:False start:True imu:0.61
 rgb: [1]left: 45 orange_flag:False start:True imu:0.61
 rgb: [1]left: 45 orange_flag:False start:True imu:0.60
 rgb: [1]left: 45 orange_flag:False start:True imu:0.61
 rgb: [1]left: 45 orange_flag:False start:True imu:0.61
 rgb: [1]left: 45 orange_flag:False start:True imu:0.61
 rgb: [1]left: 45 orange_flag:False start:True imu:0.61
 rgb: [1]left: 45 orange_flag:False start:True imu:0.61
 rgb: [1]left: 44 orange_flag:False start:True imu:0.61
 rgb: [1]left: 44 orange_flag:False start:True imu:0.61
 rgb: [1]left: 44 orange_flag:False start:True imu:0.58
 rgb: [1]left: 45 orange_flag:False start:True imu:0.56
 rgb: [1]left: 45 orange_flag:False start:True imu:0.60
 rgb: [1]left: 45 orange_flag:False start:True imu:0.62
 rgb: [1]left: 45 orange_flag:False start:True imu:0.60
 rgb: [1]left: 45 orange_flag:False start:True imu:0.56
 rgb: [1]left: 45 orange_flag:False start:True imu:0.54
 rgb: [1]left: 45 orange_flag:False start:True imu:0.52
 rgb: [1]left: 45 orange_flag:False start:True imu:0.52
 rgb: [1]left: 45 orange_flag:False start:True imu:0.52
 rgb: [1]left: 45 orange_flag:False start:True imu:0.52
 rgb: [1]left: 45 orange_flag:False start:True imu:0.51
 rgb: [1]left: 44 orange_flag:False start:True imu:0.51
 rgb: [1]left: 44 orange_flag:False start:True imu:0.51
 rgb: [1]left: 44 orange_flag:False start:True imu:0.52
 rgb: [1]left: 44 orange_flag:False start:True imu:0.52
 rgb: [1]left: 44 orange_flag:False start:True imu:0.51
 rgb: [1]left: 44 orange_flag:False start:True imu:0.50
 rgb: [1]left: 44 orange_flag:False start:True imu:0.50
 rgb: [1]left: 44 orange_flag:False start:True imu:0.50
 rgb: [1]left: 44 orange_flag:False start:True imu:0.50
 rgb: [1]left: 44 orange_flag:False start:True imu:0.50
 rgb: [1]left: 44 orange_flag:False start:True imu:0.51
 rgb: [1]left: 44 orange_flag:False start:True imu:0.51
 rgb: [1]left: 44 orange_flag:False start:True imu:0.52
 rgb: [1]left: 44 orange_flag:False start:True imu:0.52
 rgb: [1]left: 45 orange_flag:False start:True imu:0.51
 rgb: [1]left: 44 orange_flag:False start:True imu:0.49
 rgb: [1]left: 44 orange_flag:False start:True imu:0.47
 rgb: [1]left: 44 orange_flag:False start:True imu:0.45
 rgb: [1]left: 44 orange_flag:False start:True imu:0.42
 rgb: [1]left: 44 orange_flag:False start:True imu:0.39
 rgb: [1]left: 44 orange_flag:False start:True imu:0.39
 rgb: [1]left: 44 orange_flag:False start:True imu:0.38
[CALIB] t=1786184381.0987 counts=0
-------------------------------------------------
Switch is ON
correction: 70.34999999403954 duty:50.00 3
correction: 70.34999999403954 duty:79.37 3
correction: 70.2800000011921 duty:79.37 3
correction: 70.2800000011921 duty:79.37 3
correction: 70.36000001430511 duty:79.37 3
correction: 70.36000001430511 duty:79.37 3
correction: 70.46000000834465 duty:79.37 3
correction: 70.40999999642372 duty:79.37 3
correction: 70.40999999642372 duty:79.37 3
correction: 70.40999999642372 duty:79.37 3
correction: 70.40999999642372 duty:79.37 3
correction: 70.40999999642372 duty:79.37 3
correction: 70.37999999523163 duty:79.37 3
correction: 70.37999999523163 duty:79.37 3
correction: 70.37999999523163 duty:79.37 3
correction: 70.37999999523163 duty:79.37 3
correction: 70.37999999523163 duty:79.37 3
correction: 70.37999999523163 duty:79.37 3
correction: 70.37999999523163 duty:79.37 3
correction: 70.37999999523163 duty:79.37 3
correction: 70.37999999523163 duty:79.37 3
correction: 70.37999999523163 duty:79.37 3
correction: 70.37999999523163 duty:79.37 3
correction: 70.37999999523163 duty:79.37 3
correction: 70.37999999523163 duty:79.37 3
correction: 70.37999999523163 duty:79.37 3
correction: 70.40000000596046 duty:79.37 3
correction: 70.43000000715256 duty:79.37 3
correction: 70.43000000715256 duty:79.37 3
correction: 70.43000000715256 duty:79.37 3
correction: 70.47999998927116 duty:79.37 3
correction: 70.47999998927116 duty:79.37 3
correction: 70.47999998927116 duty:79.37 3
correction: 70.47999998927116 duty:79.37 3
correction: 70.47999998927116 duty:79.37 3
correction: 70.47999998927116 duty:79.37 3
correction: 70.52999997138977 duty:79.37 3
correction: 70.52999997138977 duty:79.37 3
correction: 70.52999997138977 duty:79.37 3
correction: 70.52999997138977 duty:79.37 3
correction: 70.52999997138977 duty:79.37 3
correction: 70.52999997138977 duty:79.37 3
correction: 70.56999999284744 duty:79.37 3
correction: 70.56999999284744 duty:79.37 3
correction: 70.56999999284744 duty:79.37 3
correction: 70.56999999284744 duty:79.37 3
correction: 70.56999999284744 duty:79.37 3
correction: 70.60000002384186 duty:79.37 3
correction: 70.60000002384186 duty:79.37 3
correction: 70.62999999523163 duty:79.37 3
correction: 70.61000001430511 duty:79.37 3
correction: 70.61000001430511 duty:79.37 3
correction: 70.61000001430511 duty:79.37 3
correction: 70.61000001430511 duty:79.37 3
correction: 70.5799999833107 duty:79.37 3
correction: 70.5799999833107 duty:79.37 3
correction: 70.55000001192093 duty:79.37 3
correction: 70.55000001192093 duty:79.37 3
correction: 70.55000001192093 duty:79.37 3
correction: 70.55000001192093 duty:79.37 3
correction: 70.54000002145767 duty:79.37 3
correction: 70.54000002145767 duty:79.37 3
correction: 70.54000002145767 duty:79.37 3
correction: 70.54000002145767 duty:79.37 3
correction: 70.56000000238419 duty:79.37 3
correction: 70.56000000238419 duty:79.37 3
correction: 70.5799999833107 duty:79.37 3
correction: 70.5799999833107 duty:79.37 3
correction: 70.5799999833107 duty:79.37 3
correction: 70.60000002384186 duty:79.37 3
correction: 70.60000002384186 duty:79.37 3
correction: 70.60000002384186 duty:79.37 3
correction: 70.60000002384186 duty:79.37 3
correction: 70.60000002384186 duty:79.37 3
correction: 70.61000001430511 duty:79.37 3
correction: 70.61000001430511 duty:79.37 3
correction: 70.61000001430511 duty:79.37 3
correction: 70.61000001430511 duty:79.37 3
correction: 70.5799999833107 duty:79.37 3
correction: 70.5799999833107 duty:79.37 3
correction: 70.5799999833107 duty:79.37 3
correction: 70.55000001192093 duty:79.37 3
correction: 70.55000001192093 duty:79.37 3
correction: 70.55000001192093 duty:79.37 3
correction: 70.55000001192093 duty:79.37 3
correction: 70.55000001192093 duty:79.37 3
correction: 70.55000001192093 duty:79.37 3
correction: 70.55000001192093 duty:79.37 3
correction: 70.55000001192093 duty:79.37 3
correction: 70.55000001192093 duty:79.37 3
correction: 70.56999999284744 duty:79.37 3
correction: 70.56999999284744 duty:79.37 3
correction: 70.56999999284744 duty:79.37 3
correction: 70.56999999284744 duty:79.37 3
correction: 70.5799999833107 duty:79.37 3
correction: 70.5799999833107 duty:79.37 3
correction: 70.5799999833107 duty:79.37 3
correction: 70.5799999833107 duty:79.37 3
correction: 70.58999997377396 duty:79.37 3
correction: 70.58999997377396 duty:79.37 3
correction: 70.58999997377396 duty:79.37 3
correction: 70.58999997377396 duty:79.37 3
correction: 70.60000002384186 duty:79.37 3
correction: 70.60000002384186 duty:79.37 3
correction: 70.60000002384186 duty:79.37 3
correction: 70.60000002384186 duty:79.37 3
correction: 70.60000002384186 duty:79.37 3
correction: 70.60000002384186 duty:79.37 3
correction: 70.60000002384186 duty:79.37 3
correction: 70.60000002384186 duty:79.37 3
correction: 70.58999997377396 duty:79.37 3
correction: 70.58999997377396 duty:79.37 3
correction: 70.58999997377396 duty:79.37 3
correction: 70.58999997377396 duty:79.37 3
correction: 70.58999997377396 duty:79.37 3
correction: 70.60000002384186 duty:79.37 3
correction: 70.60000002384186 duty:79.37 3
correction: 70.60000002384186 duty:79.37 3
correction: 70.60000002384186 duty:79.37 3
correction: 70.60000002384186 duty:79.37 3
correction: 70.5799999833107 duty:79.37 3
correction: 70.58999997377396 duty:79.37 3
correction: 70.58999997377396 duty:79.37 3
correction: 70.60000002384186 duty:79.37 3
correction: 70.60000002384186 duty:79.37 3
correction: 70.60000002384186 duty:79.37 3
correction: 70.62000000476837 duty:79.37 3
correction: 70.62000000476837 duty:79.37 3
correction: 70.62000000476837 duty:79.37 3
correction: 70.62000000476837 duty:79.37 3
correction: 70.62000000476837 duty:79.37 3
correction: 70.60000002384186 duty:79.37 3
correction: 70.60000002384186 duty:79.37 3
correction: 70.60000002384186 duty:79.37 3
correction: 70.56999999284744 duty:79.37 3
correction: 70.54000002145767 duty:79.37 3
correction: 70.54000002145767 duty:79.37 3
correction: 70.54000002145767 duty:79.37 3
correction: 70.54000002145767 duty:79.37 3
correction: 70.52999997138977 duty:79.37 3
correction: 70.52999997138977 duty:79.37 3
correction: 70.55000001192093 duty:79.37 3
correction: 70.55000001192093 duty:79.37 3
correction: 70.55000001192093 duty:79.37 3
correction: 70.54000002145767 duty:79.37 3
correction: 70.54000002145767 duty:79.37 3
correction: 70.54000002145767 duty:79.37 3
correction: 70.54000002145767 duty:79.37 3
correction: 70.54000002145767 duty:79.37 3
correction: 70.50999999046326 duty:79.37 3
correction: 70.50999999046326 duty:79.37 3
correction: 70.50999999046326 duty:79.37 3
correction: 70.50999999046326 duty:79.37 3
correction: 70.49000000953674 duty:79.37 3
correction: 70.49000000953674 duty:79.37 3
correction: 70.49000000953674 duty:79.37 3
correction: 70.49000000953674 duty:79.37 3
correction: 70.4699999988079 duty:79.37 3
correction: 70.4699999988079 duty:79.37 3
correction: 70.43999999761581 duty:79.37 3
correction: 70.41999998688698 duty:79.37 3
correction: 70.41999998688698 duty:79.37 3
correction: 70.41999998688698 duty:79.37 3
correction: 70.41999998688698 duty:79.37 3
correction: 70.40000000596046 duty:79.37 3
correction: 70.40000000596046 duty:79.37 3
correction: 70.40000000596046 duty:79.37 3
correction: 70.40000000596046 duty:79.37 3
correction: 70.38999998569489 duty:79.37 3
correction: 70.38999998569489 duty:79.37 3
correction: 70.38999998569489 duty:79.37 3
correction: 70.38999998569489 duty:79.37 3
correction: 70.38999998569489 duty:79.37 3
correction: 70.38999998569489 duty:79.37 3
correction: 70.38999998569489 duty:79.37 3
correction: 70.37999999523163 duty:79.37 3
correction: 70.37999999523163 duty:79.37 3
correction: 70.37999999523163 duty:79.37 3
correction: 70.37999999523163 duty:79.37 3
correction: 70.37999999523163 duty:79.37 3
correction: 70.37999999523163 duty:79.37 3
correction: 70.37999999523163 duty:79.37 3
correction: 70.37999999523163 duty:79.37 3
correction: 70.37000000476837 duty:79.37 3
correction: 70.37000000476837 duty:79.37 3
correction: 70.37000000476837 duty:79.37 3
correction: 70.37000000476837 duty:79.37 3
correction: 70.37000000476837 duty:79.37 3
correction: 70.37000000476837 duty:79.37 3
correction: 70.37000000476837 duty:79.37 3
correction: 70.37000000476837 duty:79.37 3
correction: 70.37000000476837 duty:79.37 3
correction: 70.37000000476837 duty:79.37 3
correction: 70.37000000476837 duty:79.37 3
correction: 70.37000000476837 duty:79.37 3
correction: 70.37000000476837 duty:79.37 3
correction: 70.37000000476837 duty:79.37 3
correction: 70.37000000476837 duty:79.37 3
correction: 70.37000000476837 duty:79.37 3
correction: 70.37000000476837 duty:79.37 3
correction: 70.37000000476837 duty:79.37 3
correction: 70.38999998569489 duty:79.37 3
correction: 70.38999998569489 duty:79.37 3
correction: 70.38999998569489 duty:79.37 3
correction: 70.40999999642372 duty:79.37 3
correction: 70.40999999642372 duty:79.37 3
correction: 70.40999999642372 duty:79.37 3
correction: 70.41999998688698 duty:79.37 3
correction: 70.43000000715256 duty:79.37 3
correction: 70.43000000715256 duty:79.37 3
correction: 70.43000000715256 duty:79.37 3
correction: 70.43000000715256 duty:79.37 3
correction: 70.43000000715256 duty:79.37 3
correction: 70.43000000715256 duty:79.37 3
correction: 70.43000000715256 duty:79.37 3
correction: 70.43000000715256 duty:79.37 3
correction: 70.43000000715256 duty:79.37 3
correction: 70.43000000715256 duty:79.37 3
correction: 70.43000000715256 duty:79.37 3
correction: 70.43000000715256 duty:79.37 3
correction: 70.43000000715256 duty:79.37 3
correction: 70.43000000715256 duty:79.37 3
correction: 70.43000000715256 duty:79.37 3
correction: 70.43999999761581 duty:79.37 3
correction: 70.43999999761581 duty:79.37 3
correction: 70.43999999761581 duty:79.37 3
correction: 70.43999999761581 duty:79.37 3
correction: 70.43000000715256 duty:79.37 3
correction: 70.43000000715256 duty:79.37 3
correction: 70.41999998688698 duty:79.37 3
correction: 70.41999998688698 duty:79.37 3
correction: 70.41999998688698 duty:79.37 3
correction: 70.40999999642372 duty:79.37 3
correction: 70.40999999642372 duty:79.37 3
correction: 70.38999998569489 duty:79.37 3
correction: 70.38999998569489 duty:79.37 3
correction: 70.38999998569489 duty:79.37 3
correction: 70.38999998569489 duty:79.37 3
correction: 70.38999998569489 duty:79.37 3
correction: 70.37999999523163 duty:79.37 3
correction: 70.37999999523163 duty:79.37 3
correction: 70.37999999523163 duty:79.37 3
correction: 70.37999999523163 duty:79.37 3
correction: 70.37999999523163 duty:79.37 3
correction: 70.37000000476837 duty:79.37 3
correction: 70.37000000476837 duty:79.37 3
correction: 70.37000000476837 duty:79.37 3
correction: 70.37000000476837 duty:79.37 3
correction: 70.37000000476837 duty:79.37 3
correction: 70.37000000476837 duty:79.37 3
correction: 70.37000000476837 duty:79.37 3
correction: 70.37000000476837 duty:79.37 3
correction: 70.36000001430511 duty:79.37 3
correction: 70.36000001430511 duty:79.37 3
correction: 70.36000001430511 duty:79.37 3
correction: 70.36000001430511 duty:79.37 3
correction: 70.34999999403954 duty:79.37 3
correction: 70.34999999403954 duty:79.37 3
correction: 70.34999999403954 duty:79.37 3
correction: 70.34999999403954 duty:79.37 3
correction: 70.34999999403954 duty:79.37 3
correction: 70.34999999403954 duty:79.37 3
correction: 70.34999999403954 duty:79.37 3
correction: 70.36000001430511 duty:79.37 3
correction: 70.36000001430511 duty:79.37 3
correction: 70.36000001430511 duty:79.37 3
correction: 70.36000001430511 duty:79.37 3
correction: 70.37000000476837 duty:79.37 3
correction: 70.37000000476837 duty:79.37 3
correction: 70.37000000476837 duty:79.37 3
correction: 70.37000000476837 duty:79.37 3
correction: 70.37000000476837 duty:79.37 3
correction: 70.37000000476837 duty:79.37 3
correction: 70.37000000476837 duty:79.37 3
correction: 70.37000000476837 duty:79.37 3
correction: 70.37000000476837 duty:79.37 3
correction: 70.37000000476837 duty:79.37 3
correction: 70.37000000476837 duty:79.37 3
correction: 70.37999999523163 duty:79.37 3
correction: 70.37999999523163 duty:79.37 3
correction: 70.37999999523163 duty:79.37 3
correction: 70.38999998569489 duty:79.37 3
correction: 70.38999998569489 duty:79.37 3
correction: 70.38999998569489 duty:79.37 3
correction: 70.38999998569489 duty:79.37 3
correction: 70.38999998569489 duty:79.37 3
correction: 70.38999998569489 duty:79.37 3
correction: 70.38999998569489 duty:79.37 3
correction: 70.38999998569489 duty:79.37 3
correction: 70.40000000596046 duty:79.37 3
correction: 70.40000000596046 duty:79.37 3
correction: 70.40000000596046 duty:79.37 3
correction: 70.40000000596046 duty:79.37 3
correction: 70.40999999642372 duty:79.37 3
correction: 70.40999999642372 duty:79.37 3
correction: 70.40999999642372 duty:79.37 3
correction: 70.40999999642372 duty:79.37 3
correction: 70.40000000596046 duty:79.37 3
correction: 70.40000000596046 duty:79.37 3
correction: 70.40000000596046 duty:79.37 3
correction: 70.40000000596046 duty:79.37 3
correction: 70.40000000596046 duty:79.37 3
correction: 70.40000000596046 duty:79.37 3
correction: 70.40000000596046 duty:79.37 3
correction: 70.40000000596046 duty:79.37 3
correction: 70.40000000596046 duty:79.37 3
correction: 70.38999998569489 duty:79.37 3
correction: 70.38999998569489 duty:79.37 3
correction: 70.38999998569489 duty:79.37 3
correction: 70.38999998569489 duty:79.37 3
correction: 70.38999998569489 duty:79.37 3
correction: 70.38999998569489 duty:79.37 3
correction: 70.38999998569489 duty:79.37 3
correction: 70.38999998569489 duty:79.37 3
correction: 70.38999998569489 duty:79.37 3
correction: 70.38999998569489 duty:79.37 3
correction: 70.38999998569489 duty:79.37 3
correction: 70.37999999523163 duty:79.37 3
correction: 70.37999999523163 duty:79.37 3
correction: 70.37999999523163 duty:79.37 3
correction: 70.37999999523163 duty:79.37 3
correction: 70.37000000476837 duty:79.37 3
correction: 70.37000000476837 duty:79.37 3
correction: 70.37000000476837 duty:79.37 3
correction: 70.37000000476837 duty:79.37 3
correction: 70.37000000476837 duty:79.37 3
correction: 70.37000000476837 duty:79.37 3
correction: 70.37000000476837 duty:79.37 3
correction: 70.37000000476837 duty:79.37 3
correction: 70.36000001430511 duty:79.37 3
correction: 70.34999999403954 duty:79.37 3
correction: 70.34999999403954 duty:79.37 3
correction: 70.34999999403954 duty:79.37 3
correction: 70.34000000357628 duty:79.37 3
correction: 70.34000000357628 duty:79.37 3
correction: 70.34000000357628 duty:79.37 3
correction: 70.34000000357628 duty:79.37 3
correction: 70.34000000357628 duty:79.37 3
correction: 70.34000000357628 duty:79.37 3
correction: 70.34000000357628 duty:79.37 3
correction: 70.34000000357628 duty:79.37 3
correction: 70.34000000357628 duty:79.37 3
correction: 70.34000000357628 duty:79.37 3
correction: 70.34999999403954 duty:79.37 3
correction: 70.34999999403954 duty:79.37 3
correction: 70.36000001430511 duty:79.37 3
correction: 70.36000001430511 duty:79.37 3
correction: 70.36000001430511 duty:79.37 3
correction: 70.36000001430511 duty:79.37 3
correction: 70.36000001430511 duty:79.37 3
correction: 70.36000001430511 duty:79.37 3
correction: 70.36000001430511 duty:79.37 3
correction: 70.37000000476837 duty:79.37 3
correction: 70.37000000476837 duty:79.37 3
correction: 70.37000000476837 duty:79.37 3
correction: 70.37000000476837 duty:79.37 3
correction: 70.37000000476837 duty:79.37 3
correction: 70.37000000476837 duty:79.37 3
correction: 70.37000000476837 duty:79.37 3
correction: 70.37000000476837 duty:79.37 3
correction: 70.37000000476837 duty:79.37 3
correction: 70.37000000476837 duty:79.37 3
correction: 70.37000000476837 duty:79.37 3
correction: 70.37999999523163 duty:79.37 3
correction: 70.37999999523163 duty:79.37 3
correction: 70.37999999523163 duty:79.37 3
correction: 70.37999999523163 duty:79.37 3
correction: 70.37999999523163 duty:79.37 3
correction: 70.37999999523163 duty:79.37 3
correction: 70.37999999523163 duty:79.37 3
correction: 70.37999999523163 duty:79.37 3
correction: 70.37999999523163 duty:79.37 3
correction: 70.37999999523163 duty:79.37 3
correction: 70.37999999523163 duty:79.37 3
correction: 70.37999999523163 duty:79.37 3
correction: 70.37999999523163 duty:79.37 3
correction: 70.37999999523163 duty:79.37 3
correction: 70.37999999523163 duty:79.37 3
correction: 70.37999999523163 duty:79.37 3
correction: 70.37000000476837 duty:79.37 3
correction: 70.37000000476837 duty:79.37 3
correction: 70.37000000476837 duty:79.37 3
correction: 70.36000001430511 duty:79.37 3
correction: 70.36000001430511 duty:79.37 3
correction: 70.36000001430511 duty:79.37 3
correction: 70.36000001430511 duty:79.37 3
correction: 70.36000001430511 duty:79.37 3
correction: 70.36000001430511 duty:79.37 3
correction: 70.36000001430511 duty:79.37 3
correction: 70.36000001430511 duty:79.37 3
correction: 70.36000001430511 duty:79.37 3
correction: 70.36000001430511 duty:79.37 3
correction: 70.34999999403954 duty:79.37 3
correction: 70.34999999403954 duty:79.37 3
correction: 70.34999999403954 duty:79.37 3
correction: 70.34999999403954 duty:79.37 3
correction: 70.34999999403954 duty:79.37 3
correction: 70.34999999403954 duty:79.37 3
correction: 70.34999999403954 duty:79.37 3
correction: 70.34999999403954 duty:79.37 3
correction: 70.34999999403954 duty:79.37 3
correction: 70.34999999403954 duty:79.37 3
correction: 70.34999999403954 duty:79.37 3
correction: 70.34999999403954 duty:79.37 3
correction: 70.34999999403954 duty:79.37 3
correction: 70.34999999403954 duty:79.37 3
correction: 70.34999999403954 duty:79.37 3
correction: 70.34999999403954 duty:79.37 3
correction: 70.34999999403954 duty:79.37 3
correction: 70.34999999403954 duty:79.37 3
correction: 70.34999999403954 duty:79.37 3
correction: 70.34999999403954 duty:79.37 3
correction: 70.34999999403954 duty:79.37 3
correction: 70.34999999403954 duty:79.37 3
correction: 70.36000001430511 duty:79.37 3
correction: 70.36000001430511 duty:79.37 3
correction: 70.36000001430511 duty:79.37 3
correction: 70.36000001430511 duty:79.37 3
correction: 70.36000001430511 duty:79.37 3
correction: 70.36000001430511 duty:79.37 3
correction: 70.36000001430511 duty:79.37 3
correction: 70.36000001430511 duty:79.37 3
correction: 70.36000001430511 duty:79.37 3
correction: 70.36000001430511 duty:79.37 3
correction: 70.36000001430511 duty:79.37 3
correction: 70.36000001430511 duty:79.37 3
correction: 70.36000001430511 duty:79.37 3
correction: 70.36000001430511 duty:79.37 3
correction: 70.36000001430511 duty:79.37 3
correction: 70.36000001430511 duty:79.37 3
correction: 70.36000001430511 duty:79.37 3
correction: 70.36000001430511 duty:79.37 3
correction: 70.36000001430511 duty:79.37 3
correction: 70.36000001430511 duty:79.37 3
correction: 70.36000001430511 duty:79.37 3
correction: 70.36000001430511 duty:79.37 3
correction: 70.36000001430511 duty:79.37 3
correction: 70.36000001430511 duty:79.37 3
correction: 70.36000001430511 duty:79.37 3
correction: 70.36000001430511 duty:79.37 3
correction: 70.36000001430511 duty:79.37 3
correction: 70.36000001430511 duty:79.37 3
correction: 70.36000001430511 duty:79.37 3
correction: 70.36000001430511 duty:79.37 3
correction: 70.36000001430511 duty:79.37 3
correction: 70.36000001430511 duty:79.37 3
correction: 70.36000001430511 duty:79.37 3
correction: 70.36000001430511 duty:79.37 3
correction: 70.36000001430511 duty:79.37 3
correction: 70.34999999403954 duty:79.37 3
correction: 70.34999999403954 duty:79.37 3
correction: 70.34999999403954 duty:79.37 3
correction: 70.34999999403954 duty:79.37 3
correction: 70.34999999403954 duty:79.37 3
correction: 70.34999999403954 duty:79.37 3
correction: 70.34999999403954 duty:79.37 3
correction: 70.34999999403954 duty:79.37 3
correction: 70.34999999403954 duty:79.37 3
correction: 70.34999999403954 duty:79.37 3
correction: 70.34999999403954 duty:79.37 3
correction: 70.34999999403954 duty:79.37 3
correction: 70.34999999403954 duty:79.37 3
correction: 70.34999999403954 duty:79.37 3
correction: 70.34999999403954 duty:79.37 3
correction: 70.34999999403954 duty:79.37 3
correction: 70.34999999403954 duty:79.37 3
correction: 70.34999999403954 duty:79.37 3
correction: 70.34999999403954 duty:79.37 3
correction: 70.34999999403954 duty:79.37 3
correction: 70.34999999403954 duty:79.37 3
correction: 70.34999999403954 duty:79.37 3
correction: 70.34999999403954 duty:79.37 3
correction: 70.34999999403954 duty:79.37 3
correction: 70.34999999403954 duty:79.37 3
correction: 70.36000001430511 duty:79.37 3
correction: 70.36000001430511 duty:79.37 3
correction: 70.36000001430511 duty:79.37 3
correction: 70.36000001430511 duty:79.37 3
correction: 70.36000001430511 duty:79.37 3
correction: 70.36000001430511 duty:79.37 3
correction: 70.36000001430511 duty:79.37 3
correction: 70.36000001430511 duty:79.37 3
correction: 70.36000001430511 duty:79.37 3
correction: 70.36000001430511 duty:79.37 3
correction: 70.36000001430511 duty:79.37 3
correction: 70.36000001430511 duty:79.37 3
correction: 70.36000001430511 duty:79.37 3
correction: 70.36000001430511 duty:79.37 3
correction: 70.36000001430511 duty:79.37 3
correction: 70.36000001430511 duty:79.37 3
correction: 70.36000001430511 duty:79.37 3
correction: 70.36000001430511 duty:79.37 3
correction: 70.36000001430511 duty:79.37 3
correction: 70.36000001430511 duty:79.37 3
correction: 70.36000001430511 duty:79.37 3
correction: 70.36000001430511 duty:79.37 3
correction: 70.36000001430511 duty:79.37 3
correction: 70.36000001430511 duty:79.37 3
correction: 70.36000001430511 duty:79.37 3
correction: 70.36000001430511 duty:79.37 3
correction: 70.36000001430511 duty:79.37 3
correction: 70.36000001430511 duty:79.37 3
correction: 70.36000001430511 duty:79.37 3
correction: 70.36000001430511 duty:79.37 3
correction: 70.36000001430511 duty:79.37 3
correction: 70.36000001430511 duty:79.37 3
correction: 70.36000001430511 duty:79.37 3
correction: 70.36000001430511 duty:79.37 3
correction: 70.36000001430511 duty:79.37 3
correction: 70.36000001430511 duty:79.37 3
correction: 70.36000001430511 duty:79.37 3
correction: 70.36000001430511 duty:79.37 3
correction: 70.36000001430511 duty:79.37 3
correction: 70.36000001430511 duty:79.37 3
correction: 70.36000001430511 duty:79.37 3
correction: 70.36000001430511 duty:79.37 3
correction: 70.36000001430511 duty:79.37 3
correction: 70.36000001430511 duty:79.37 3
correction: 70.36000001430511 duty:79.37 3
correction: 70.36000001430511 duty:79.37 3
correction: 70.36000001430511 duty:79.37 3
correction: 70.36000001430511 duty:79.37 3
correction: 70.36000001430511 duty:79.37 3
correction: 70.36000001430511 duty:79.37 3
correction: 70.36000001430511 duty:79.37 3
correction: 70.36000001430511 duty:79.37 3
correction: 70.36000001430511 duty:79.37 3
correction: 70.36000001430511 duty:79.37 3
correction: 70.36000001430511 duty:79.37 3
correction: 70.36000001430511 duty:79.37 3
correction: 70.36000001430511 duty:79.37 3
correction: 70.36000001430511 duty:79.37 3
correction: 70.36000001430511 duty:79.37 3
correction: 70.36000001430511 duty:79.37 3
correction: 70.36000001430511 duty:79.37 3
correction: 70.36000001430511 duty:79.37 3
correction: 70.36000001430511 duty:74.25 3
correction: 70.36000001430511 duty:79.37 3
correction: 70.36000001430511 duty:79.37 3
correction: 70.36000001430511 duty:79.37 3
correction: 70.36000001430511 duty:79.37 3
correction: 70.36000001430511 duty:79.37 3
correction: 70.36000001430511 duty:79.37 3
correction: 70.36000001430511 duty:79.37 3
correction: 70.36000001430511 duty:79.37 3
correction: 70.36000001430511 duty:79.37 3
correction: 70.36000001430511 duty:79.37 3
correction: 70.36000001430511 duty:79.37 3
correction: 70.36000001430511 duty:79.37 3
correction: 70.36000001430511 duty:79.37 3
correction: 70.36000001430511 duty:79.37 3
correction: 70.36000001430511 duty:79.37 3
correction: 70.36000001430511 duty:79.37 3
correction: 70.36000001430511 duty:79.37 3
correction: 70.36000001430511 duty:71.37 3
correction: 70.36000001430511 duty:79.37 3
correction: 70.36000001430511 duty:79.37 3
correction: 70.36000001430511 duty:79.37 3
correction: 70.34999999403954 duty:76.93 3
correction: 70.34999999403954 duty:79.37 3
correction: 70.34999999403954 duty:79.37 3
correction: 70.34999999403954 duty:79.37 3
correction: 70.34999999403954 duty:79.37 3
correction: 70.34999999403954 duty:79.37 3
correction: 70.34999999403954 duty:79.37 3
correction: 70.34999999403954 duty:79.37 3
correction: 70.34999999403954 duty:71.37 3
correction: 70.34999999403954 duty:79.37 3
correction: 70.34999999403954 duty:79.37 3
correction: 70.34999999403954 duty:79.37 3
correction: 70.34999999403954 duty:79.37 3
correction: 70.34999999403954 duty:74.54 3
correction: 70.34999999403954 duty:79.37 3
correction: 70.34999999403954 duty:79.37 3
correction: 70.34999999403954 duty:75.17 3
correction: 70.34999999403954 duty:79.37 3
correction: 70.34999999403954 duty:79.37 3
correction: 70.34999999403954 duty:79.37 3
correction: 70.34999999403954 duty:79.37 3
correction: 70.34999999403954 duty:79.37 3
correction: 70.34999999403954 duty:71.37 3
correction: 70.34999999403954 duty:79.37 3
correction: 70.34999999403954 duty:79.37 3
correction: 70.34999999403954 duty:79.37 3
correction: 70.34999999403954 duty:79.37 3
correction: 70.34999999403954 duty:79.37 3
correction: 70.34999999403954 duty:79.37 3
correction: 70.34999999403954 duty:79.37 3
correction: 70.34999999403954 duty:71.37 3
correction: 70.34999999403954 duty:79.37 3
correction: 70.34999999403954 duty:79.37 3
correction: 70.34999999403954 duty:79.37 3
correction: 70.34999999403954 duty:76.78 3
correction: 70.34999999403954 duty:71.37 3
correction: 70.34999999403954 duty:79.37 3
correction: 70.34999999403954 duty:79.37 3
correction: 70.34999999403954 duty:79.37 3
correction: 70.36000001430511 duty:79.37 3
correction: 70.36000001430511 duty:72.70 3
correction: 70.36000001430511 duty:79.37 3
correction: 70.36000001430511 duty:79.37 3
correction: 70.36000001430511 duty:79.37 3
correction: 70.36000001430511 duty:79.37 3
correction: 70.36000001430511 duty:79.37 3
correction: 70.36000001430511 duty:71.37 3
correction: 70.36000001430511 duty:79.37 3
correction: 70.36000001430511 duty:79.37 3
correction: 70.36000001430511 duty:79.37 3
correction: 70.36000001430511 duty:79.37 3
correction: 70.36000001430511 duty:79.37 3
correction: 70.36000001430511 duty:79.37 3
correction: 70.36000001430511 duty:71.37 3
correction: 70.36000001430511 duty:79.37 3
correction: 70.36000001430511 duty:79.37 3
correction: 70.34999999403954 duty:79.37 3
correction: 70.34999999403954 duty:71.37 3
correction: 70.34999999403954 duty:79.37 3
correction: 70.34999999403954 duty:71.37 3
correction: 70.34999999403954 duty:73.79 3
correction: 70.34999999403954 duty:79.37 3
correction: 70.34000000357628 duty:79.37 3
correction: 70.34000000357628 duty:74.83 3
correction: 70.34000000357628 duty:79.37 3
correction: 70.31999999284744 duty:74.05 3
correction: 70.30000001192093 duty:79.37 3
correction: 70.30000001192093 duty:72.78 3
correction: 70.30000001192093 duty:79.37 3
correction: 70.30000001192093 duty:79.37 3
correction: 70.30000001192093 duty:71.37 3
correction: 70.30000001192093 duty:79.37 3
correction: 70.30000001192093 duty:79.37 3
correction: 70.30000001192093 duty:79.37 3
correction: 70.2800000011921 duty:75.89 3
correction: 70.2800000011921 duty:79.37 3
correction: 70.25999999046326 duty:79.37 3
correction: 70.25999999046326 duty:63.37 3
correction: 70.25999999046326 duty:79.37 3
correction: 70.23000000417233 duty:79.37 3
correction: 70.23000000417233 duty:73.61 3
correction: 70.23000000417233 duty:79.37 3
correction: 70.23000000417233 duty:79.37 3
correction: 70.23000000417233 duty:79.37 3
correction: 70.23000000417233 duty:79.37 3
correction: 70.23000000417233 duty:79.37 3
correction: 70.20999999344349 duty:63.37 3
correction: 70.20999999344349 duty:79.37 3
correction: 70.20999999344349 duty:79.37 3
correction: 70.20999999344349 duty:79.37 3
correction: 70.20999999344349 duty:79.37 3
correction: 70.18000000715256 duty:71.77 3
correction: 70.18000000715256 duty:79.37 3
correction: 70.18000000715256 duty:79.37 3
correction: 70.15999999642372 duty:79.37 3
correction: 70.15999999642372 duty:72.75 3
correction: 70.12999999523163 duty:74.47 3
correction: 70.12999999523163 duty:73.62 3
correction: 70.12999999523163 duty:79.37 3
correction: 70.10999999940395 duty:71.37 3
correction: 70.10999999940395 duty:71.37 3
correction: 70.10999999940395 duty:79.37 3
correction: 70.07999999821186 duty:79.37 3
correction: 70.07999999821186 duty:69.50 3
correction: 70.07999999821186 duty:79.37 3
correction: 70.0599999986589 duty:79.37 3
correction: 70.0599999986589 duty:73.17 3
correction: 70.0599999986589 duty:79.37 3
correction: 70.0599999986589 duty:71.37 3
correction: 70.0599999986589 duty:79.37 3
correction: 70.0599999986589 duty:79.37 3
correction: 70.0599999986589 duty:79.37 3
correction: 70.02999999932945 duty:62.77 3
correction: 70.02999999932945 duty:79.37 3
correction: 70.02999999932945 duty:79.37 3
correction: 70.02999999932945 duty:79.37 3
correction: 70.0 duty:71.37 3
correction: 70.0 duty:79.37 3
correction: 70.0 duty:71.37 3
correction: 70.0 duty:79.37 3
correction: 70.0 duty:79.37 3
correction: 70.0 duty:79.37 3
correction: 70.0 duty:79.37 3
correction: 69.97000122070312 duty:72.43 3
correction: 69.97000122070312 duty:79.37 3
correction: 69.94000244140625 duty:66.29 3
correction: 69.94000244140625 duty:79.37 3
correction: 69.94000244140625 duty:74.32 3
correction: 69.91000366210938 duty:72.27 3
correction: 69.91000366210938 duty:74.38 3
correction: 69.91000366210938 duty:79.37 3
correction: 69.8699951171875 duty:79.37 3
correction: 69.8699951171875 duty:71.37 3
correction: 69.8699951171875 duty:71.37 3
correction: 69.8699951171875 duty:79.37 3
correction: 69.8699951171875 duty:79.37 3
correction: 69.8699951171875 duty:79.37 3
correction: 69.83999633789062 duty:66.36 3
correction: 69.83999633789062 duty:79.37 3
correction: 69.83999633789062 duty:71.37 3
correction: 69.83999633789062 duty:79.37 3
correction: 69.79998779296875 duty:70.15 3
correction: 69.79998779296875 duty:79.37 3
correction: 69.760009765625 duty:63.37 3
correction: 69.760009765625 duty:75.11 3
correction: 69.760009765625 duty:79.37 3
correction: 69.72000122070312 duty:72.53 3
correction: 69.72000122070312 duty:79.37 3
correction: 69.67999267578125 duty:79.37 3
correction: 69.67999267578125 duty:63.37 3
correction: 69.6400146484375 duty:79.37 3
correction: 69.6400146484375 duty:68.56 3
correction: 69.6099853515625 duty:79.37 3
correction: 69.6099853515625 duty:63.37 3
correction: 69.6099853515625 duty:72.70 3
correction: 69.55999755859375 duty:79.37 3
correction: 69.55999755859375 duty:67.10 3
correction: 69.55999755859375 duty:79.37 3
correction: 69.51998901367188 duty:63.60 3
correction: 69.51998901367188 duty:72.13 3
correction: 69.51998901367188 duty:79.37 3
correction: 69.51998901367188 duty:79.37 3
correction: 69.48001098632812 duty:64.82 3
correction: 69.48001098632812 duty:79.37 3
correction: 69.48001098632812 duty:72.65 3
correction: 69.48001098632812 duty:79.37 3
correction: 69.45001220703125 duty:71.94 3
correction: 69.45001220703125 duty:75.04 3
correction: 69.41000366210938 duty:68.58 3
correction: 69.3800048828125 duty:73.44 3
correction: 69.3800048828125 duty:79.37 3
correction: 69.3800048828125 duty:71.37 3
correction: 69.33999633789062 duty:79.37 3
correction: 69.33999633789062 duty:69.02 3
correction: 69.33999633789062 duty:79.37 3
correction: 69.30999755859375 duty:60.20 3
correction: 69.30999755859375 duty:79.37 3
correction: 69.30999755859375 duty:79.37 3
correction: 69.26998901367188 duty:69.52 3
correction: 69.26998901367188 duty:63.37 3
correction: 69.26998901367188 duty:79.37 3
correction: 69.26998901367188 duty:79.37 3
correction: 69.23001098632812 duty:79.37 3
correction: 69.23001098632812 duty:64.59 3
correction: 69.23001098632812 duty:63.37 3
correction: 69.23001098632812 duty:79.37 3
correction: 69.23001098632812 duty:79.37 3
correction: 69.20001220703125 duty:65.77 3
correction: 69.20001220703125 duty:71.37 3
correction: 69.20001220703125 duty:79.37 3
correction: 69.20001220703125 duty:79.37 3
correction: 69.14999389648438 duty:63.37 3
correction: 69.14999389648438 duty:71.37 3
correction: 69.14999389648438 duty:79.37 3
correction: 69.14999389648438 duty:79.37 3
correction: 69.14999389648438 duty:79.37 3
correction: 69.14999389648438 duty:79.37 3
correction: 69.10000610351562 duty:48.72 3
correction: 69.10000610351562 duty:79.37 3
correction: 69.10000610351562 duty:79.37 3
correction: 69.10000610351562 duty:79.37 3
correction: 69.02999877929688 duty:63.37 3
correction: 69.02999877929688 duty:72.62 3
correction: 69.02999877929688 duty:79.37 3
correction: 68.92999267578125 duty:79.37 3
correction: 68.92999267578125 duty:63.37 3
correction: 68.92999267578125 duty:79.37 3
correction: 68.92999267578125 duty:73.06 3
correction: 68.92999267578125 duty:79.37 3
correction: 68.92999267578125 duty:71.37 3
correction: 68.92999267578125 duty:79.37 3
correction: 68.8599853515625 duty:79.37 3
correction: 68.8599853515625 duty:63.37 3
correction: 68.8599853515625 duty:72.63 3
correction: 68.77999877929688 duty:79.37 3
correction: 68.77999877929688 duty:63.37 3
correction: 68.77999877929688 duty:71.37 3
correction: 68.77999877929688 duty:79.37 3
correction: 68.67001342773438 duty:79.37 3
correction: 68.67001342773438 duty:63.37 3
correction: 68.67001342773438 duty:79.37 3
correction: 68.67001342773438 duty:71.37 3
correction: 68.67001342773438 duty:79.37 3
correction: 68.67001342773438 duty:79.37 3
correction: 68.67001342773438 duty:79.37 3
correction: 68.67001342773438 duty:79.37 3
correction: 68.54998779296875 duty:79.37 3
correction: 68.54998779296875 duty:55.37 3
correction: 68.54998779296875 duty:79.37 3
correction: 68.54998779296875 duty:79.37 3
correction: 68.54998779296875 duty:71.37 3
correction: 68.54998779296875 duty:79.37 3
correction: 68.54998779296875 duty:79.37 3
correction: 68.54998779296875 duty:79.37 3
correction: 68.39999389648438 duty:63.37 3
correction: 68.39999389648438 duty:79.37 3
correction: 68.39999389648438 duty:79.37 3
correction: 68.39999389648438 duty:79.37 3
correction: 68.39999389648438 duty:79.37 3
correction: 68.239990234375 duty:62.08 3
correction: 68.239990234375 duty:79.37 3
correction: 68.239990234375 duty:71.37 3
correction: 68.239990234375 duty:79.37 3
correction: 68.07998657226562 duty:71.37 3
correction: 68.07998657226562 duty:72.47 3
correction: 68.07998657226562 duty:73.71 3
correction: 68.07998657226562 duty:79.37 3
correction: 67.89999389648438 duty:63.37 3
correction: 67.89999389648438 duty:79.37 3
correction: 67.89999389648438 duty:79.37 3
correction: 67.89999389648438 duty:79.37 3
correction: 67.69000244140625 duty:63.91 3
correction: 67.69000244140625 duty:71.37 3
correction: 67.45999145507812 duty:79.37 3
correction: 67.45999145507812 duty:64.42 3
correction: 67.45999145507812 duty:71.37 3
correction: 67.45999145507812 duty:79.37 3
correction: 67.45999145507812 duty:79.37 3
correction: 67.22000122070312 duty:63.37 3
correction: 67.22000122070312 duty:79.37 3
correction: 67.22000122070312 duty:71.37 3
correction: 67.22000122070312 duty:79.37 3
correction: 67.22000122070312 duty:79.37 3
correction: 67.22000122070312 duty:79.37 3
correction: 67.22000122070312 duty:79.37 3
correction: 67.22000122070312 duty:79.37 3
correction: 66.98001098632812 duty:63.37 3
correction: 66.98001098632812 duty:79.37 3
correction: 66.98001098632812 duty:71.37 3
correction: 66.98001098632812 duty:79.37 3
correction: 66.98001098632812 duty:79.37 3
correction: 66.98001098632812 duty:79.37 3
correction: 66.98001098632812 duty:79.37 3
correction: 66.739990234375 duty:79.37 3
correction: 66.739990234375 duty:63.37 3
correction: 66.739990234375 duty:71.37 3
correction: 66.739990234375 duty:79.37 3
correction: 66.739990234375 duty:79.37 3
correction: 66.739990234375 duty:79.37 3
correction: 66.510009765625 duty:63.37 3
correction: 66.510009765625 duty:79.37 3
correction: 66.510009765625 duty:79.37 3
correction: 66.510009765625 duty:71.37 3
correction: 66.510009765625 duty:79.37 3
correction: 66.510009765625 duty:79.37 3
correction: 66.510009765625 duty:79.37 3
correction: 66.29000854492188 duty:79.37 3
correction: 66.29000854492188 duty:69.82 3
correction: 66.29000854492188 duty:79.37 3
correction: 66.29000854492188 duty:79.37 3
correction: 66.29000854492188 duty:79.37 3
correction: 66.29000854492188 duty:79.37 3
correction: 66.29000854492188 duty:79.37 3
correction: 66.07000732421875 duty:50.66 3
correction: 66.07000732421875 duty:79.37 3
correction: 66.07000732421875 duty:79.37 3
correction: 66.07000732421875 duty:79.37 3
correction: 66.07000732421875 duty:79.37 3
correction: 65.6199951171875 duty:63.37 3
correction: 65.6199951171875 duty:79.37 3
correction: 65.6199951171875 duty:79.37 3
correction: 65.6199951171875 duty:71.37 3
correction: 65.6199951171875 duty:79.37 3
correction: 65.3800048828125 duty:63.45 3
correction: 65.3800048828125 duty:71.37 3
correction: 65.3800048828125 duty:79.37 3
correction: 65.3800048828125 duty:79.37 3
correction: 65.1199951171875 duty:79.37 3
correction: 65.1199951171875 duty:63.37 3
correction: 65.1199951171875 duty:71.37 3
correction: 65.1199951171875 duty:79.37 3
correction: 65.1199951171875 duty:79.37 3
correction: 65.1199951171875 duty:79.37 3
correction: 65.1199951171875 duty:79.37 3
correction: 64.85000610351562 duty:63.37 3
correction: 64.85000610351562 duty:71.37 3
correction: 64.85000610351562 duty:79.37 3
correction: 64.85000610351562 duty:79.37 3
correction: 64.85000610351562 duty:79.37 3
correction: 64.57000732421875 duty:79.37 3
correction: 64.57000732421875 duty:63.37 3
correction: 64.57000732421875 duty:79.37 3
correction: 64.57000732421875 duty:79.37 3
correction: 64.57000732421875 duty:79.37 3
correction: 64.57000732421875 duty:79.37 3
correction: 64.57000732421875 duty:75.75 3
correction: 64.29000854492188 duty:79.37 3
correction: 64.010009765625 duty:47.23 3
correction: 64.010009765625 duty:79.37 3
correction: 64.010009765625 duty:79.37 3
correction: 64.010009765625 duty:71.37 3
correction: 64.010009765625 duty:79.37 3
correction: 63.730010986328125 duty:55.37 3
correction: 63.730010986328125 duty:79.37 3
correction: 63.730010986328125 duty:79.37 3
correction: 63.730010986328125 duty:79.37 3
correction: 63.730010986328125 duty:79.37 3
correction: 63.730010986328125 duty:79.37 3
correction: 63.44000244140625 duty:63.37 3
correction: 63.44000244140625 duty:71.37 3
correction: 63.44000244140625 duty:71.37 3
correction: 63.44000244140625 duty:79.37 3
correction: 63.44000244140625 duty:79.37 3
correction: 63.44000244140625 duty:79.37 3
correction: 63.149993896484375 duty:63.37 3
correction: 63.149993896484375 duty:71.37 3
correction: 63.149993896484375 duty:79.37 3
correction: 63.149993896484375 duty:79.37 3
correction: 63.149993896484375 duty:79.37 3
correction: 62.8800048828125 duty:63.37 3
correction: 62.8800048828125 duty:79.37 3
correction: 62.8800048828125 duty:71.37 3
correction: 62.8800048828125 duty:79.37 3
correction: 62.8800048828125 duty:79.37 3
correction: 62.600006103515625 duty:79.37 3
correction: 62.600006103515625 duty:47.37 3
correction: 62.600006103515625 duty:79.37 3
correction: 62.600006103515625 duty:79.37 3
correction: 62.30999755859375 duty:63.37 3
correction: 62.30999755859375 duty:79.37 3
correction: 62.30999755859375 duty:71.62 3
correction: 62.30999755859375 duty:79.37 3
correction: 62.040008544921875 duty:55.37 3
correction: 62.040008544921875 duty:79.37 3
correction: 62.040008544921875 duty:79.37 3
correction: 62.040008544921875 duty:79.37 3
correction: 61.760009765625 duty:65.00 3
correction: 61.760009765625 duty:79.37 3
correction: 61.760009765625 duty:77.06 3
correction: 61.489990234375 duty:55.99 3
correction: 61.220001220703125 duty:69.50 3
correction: 61.220001220703125 duty:75.68 3
correction: 60.95001220703125 duty:79.37 3
correction: 60.95001220703125 duty:56.49 3
correction: 60.95001220703125 duty:71.37 3
correction: 60.95001220703125 duty:79.37 3
correction: 60.95001220703125 duty:79.37 3
correction: 60.95001220703125 duty:79.37 3
correction: 60.67999267578125 duty:55.37 3
correction: 60.67999267578125 duty:79.37 3
correction: 60.67999267578125 duty:79.37 3
correction: 60.67999267578125 duty:71.37 3
correction: 60.67999267578125 duty:79.37 3
correction: 60.67999267578125 duty:79.37 3
correction: 60.67999267578125 duty:79.37 3
correction: 60.1400146484375 duty:62.96 3
correction: 60.1400146484375 duty:67.40 3
correction: 59.6199951171875 duty:71.06 3
correction: 59.339996337890625 duty:72.23 3
correction: 59.339996337890625 duty:55.37 3
correction: 59.339996337890625 duty:79.37 3
correction: 59.339996337890625 duty:71.37 3
correction: 59.339996337890625 duty:79.37 3
correction: 59.339996337890625 duty:79.37 3
correction: 59.339996337890625 duty:79.37 3
correction: 59.339996337890625 duty:79.37 3
correction: 59.339996337890625 duty:79.37 3
correction: 59.339996337890625 duty:79.37 3
correction: 59.079986572265625 duty:55.37 3
correction: 59.079986572265625 duty:79.37 3
correction: 59.079986572265625 duty:71.37 3
correction: 59.079986572265625 duty:79.37 3
correction: 59.079986572265625 duty:76.34 3
correction: 58.79998779296875 duty:66.44 3
correction: 58.79998779296875 duty:79.37 3
correction: 58.529998779296875 duty:62.97 3
correction: 58.529998779296875 duty:79.37 3
correction: 58.529998779296875 duty:71.40 3
correction: 58.239990234375 duty:64.10 3
correction: 58.239990234375 duty:71.37 3
correction: 58.239990234375 duty:73.37 3
correction: 58.239990234375 duty:79.37 3
correction: 57.970001220703125 duty:79.37 3
correction: 57.970001220703125 duty:64.87 3
correction: 57.67999267578125 duty:79.37 3
correction: 57.67999267578125 duty:68.06 3
correction: 57.399993896484375 duty:73.17 3
correction: 57.399993896484375 duty:63.37 3
correction: 57.399993896484375 duty:79.37 3
correction: 57.1099853515625 duty:69.59 3
correction: 56.80999755859375 duty:66.01 3
correction: 56.80999755859375 duty:66.63 3
correction: 56.80999755859375 duty:79.37 3
correction: 56.80999755859375 duty:79.37 3
correction: 56.80999755859375 duty:79.37 3
correction: 56.80999755859375 duty:79.37 3
correction: 56.80999755859375 duty:79.37 3
correction: 56.510009765625 duty:79.37 3
correction: 56.510009765625 duty:63.37 3
correction: 56.510009765625 duty:71.37 3
correction: 56.510009765625 duty:71.37 3
correction: 56.510009765625 duty:79.37 3
correction: 56.510009765625 duty:79.37 3
correction: 56.510009765625 duty:79.37 3
correction: 56.510009765625 duty:79.37 3
correction: 56.510009765625 duty:79.37 3
correction: 56.510009765625 duty:79.37 3
correction: 56.20001220703125 duty:55.37 3
correction: 56.20001220703125 duty:79.37 3
correction: 56.20001220703125 duty:79.37 3
correction: 56.20001220703125 duty:79.37 3
correction: 56.20001220703125 duty:79.37 3
correction: 55.8900146484375 duty:79.37 3
correction: 55.8900146484375 duty:55.37 3
correction: 55.8900146484375 duty:63.37 3
correction: 55.8900146484375 duty:79.37 3
correction: 55.57000732421875 duty:71.72 3
correction: 55.230010986328125 duty:79.37 3
correction: 55.230010986328125 duty:61.53 3
correction: 54.899993896484375 duty:79.37 3
correction: 54.899993896484375 duty:60.62 3
correction: 54.899993896484375 duty:79.37 3
correction: 54.899993896484375 duty:79.37 3
correction: 54.899993896484375 duty:79.37 3
correction: 54.899993896484375 duty:79.37 3
correction: 54.54998779296875 duty:55.37 3
correction: 54.54998779296875 duty:71.37 3
correction: 54.54998779296875 duty:71.37 3
correction: 54.54998779296875 duty:79.37 3
correction: 54.54998779296875 duty:79.37 3
correction: 54.54998779296875 duty:79.37 3
correction: 54.209991455078125 duty:63.37 3
correction: 54.209991455078125 duty:74.16 3
correction: 53.8800048828125 duty:79.37 3
correction: 53.8800048828125 duty:57.02 3
correction: 53.8800048828125 duty:74.42 3
correction: 53.8800048828125 duty:79.37 3
correction: 53.54998779296875 duty:60.55 3
correction: 53.54998779296875 duty:76.29 3
correction: 53.20001220703125 duty:69.04 3
correction: 53.20001220703125 duty:79.37 3
correction: 53.20001220703125 duty:79.37 3
correction: 53.20001220703125 duty:71.37 3
correction: 52.8599853515625 duty:55.37 3
correction: 52.8599853515625 duty:63.37 3
correction: 52.8599853515625 duty:79.37 3
correction: 52.8599853515625 duty:79.37 3
correction: 52.489990234375 duty:66.46 3
correction: 52.1300048828125 duty:70.58 3
correction: 52.1300048828125 duty:79.37 3
correction: 51.760009765625 duty:65.54 3
correction: 51.760009765625 duty:71.37 3
correction: 51.760009765625 duty:79.37 3
correction: 51.760009765625 duty:79.37 3
correction: 51.760009765625 duty:79.37 3
correction: 51.3800048828125 duty:47.37 3
correction: 51.3800048828125 duty:71.37 3
correction: 51.3800048828125 duty:79.37 3
correction: 51.3800048828125 duty:79.37 3
correction: 51.3800048828125 duty:79.37 3
correction: 51.010009765625 duty:55.37 3
correction: 51.010009765625 duty:71.37 3
correction: 51.010009765625 duty:79.37 3
correction: 51.010009765625 duty:79.37 3
correction: 50.6400146484375 duty:79.37 3
correction: 50.6400146484375 duty:55.82 3
correction: 50.6400146484375 duty:75.91 3
correction: 50.279998779296875 duty:62.12 3
correction: 50.279998779296875 duty:75.02 3
correction: 49.540008544921875 duty:67.71 3
correction: 49.540008544921875 duty:71.06 3
correction: 49.540008544921875 duty:79.37 3
correction: 49.160003662109375 duty:55.37 3
correction: 49.160003662109375 duty:79.37 3
correction: 49.160003662109375 duty:71.37 3
correction: 49.160003662109375 duty:71.37 3
correction: 49.160003662109375 duty:79.37 3
correction: 48.779998779296875 duty:79.37 3
correction: 48.779998779296875 duty:48.86 3
correction: 48.779998779296875 duty:72.52 3
correction: 48.779998779296875 duty:79.37 3
correction: 48.399993896484375 duty:63.82 3
correction: 48.399993896484375 duty:71.37 3
correction: 48.399993896484375 duty:71.37 3
correction: 48.399993896484375 duty:79.37 3
correction: 48.399993896484375 duty:79.37 3
correction: 48.019989013671875 duty:48.55 3
correction: 48.019989013671875 duty:79.37 3
correction: 48.019989013671875 duty:63.37 3
correction: 48.019989013671875 duty:79.37 3
correction: 47.290008544921875 duty:66.45 3
correction: 46.910003662109375 duty:74.69 3
correction: 46.540008544921875 duty:71.16 3
correction: 46.170013427734375 duty:56.59 3
correction: 46.170013427734375 duty:74.16 3
correction: 45.779998779296875 duty:56.30 3
correction: 45.779998779296875 duty:79.37 3
correction: 45.779998779296875 duty:63.37 3
correction: 45.779998779296875 duty:79.37 3
correction: 45.779998779296875 duty:79.37 3
correction: 45.779998779296875 duty:79.37 3
correction: 45.779998779296875 duty:79.37 3
correction: 45.779998779296875 duty:79.37 3
correction: 45.3900146484375 duty:79.37 3
correction: 45.3900146484375 duty:55.37 3
correction: 45.3900146484375 duty:79.37 3
correction: 45.3900146484375 duty:71.37 3
correction: 45.3900146484375 duty:79.37 3
correction: 45.3900146484375 duty:71.37 3
correction: 45.3900146484375 duty:79.37 3
correction: 45.0 duty:69.06 3
correction: 45.0 duty:79.37 3
correction: 44.209991455078125 duty:62.70 3
correction: 44.209991455078125 duty:68.44 3
correction: 44.209991455078125 duty:71.37 3
correction: 44.209991455078125 duty:71.37 3
correction: 44.209991455078125 duty:79.37 3
correction: 44.209991455078125 duty:79.37 3
correction: 43.79998779296875 duty:61.41 3
correction: 43.79998779296875 duty:63.79 3
correction: 43.79998779296875 duty:79.37 3
correction: 43.420013427734375 duty:72.12 3
correction: 43.029998779296875 duty:74.04 3
correction: 43.029998779296875 duty:41.57 3
correction: 43.029998779296875 duty:63.37 3
correction: 43.029998779296875 duty:79.37 3
correction: 42.6199951171875 duty:65.47 3
correction: 42.6199951171875 duty:66.56 3
correction: 42.6199951171875 duty:79.37 3
correction: 42.220001220703125 duty:55.37 3
correction: 42.220001220703125 duty:71.37 3
correction: 42.220001220703125 duty:79.37 3
correction: 42.220001220703125 duty:79.37 3
correction: 42.220001220703125 duty:79.37 3
correction: 42.220001220703125 duty:79.37 3
correction: 42.220001220703125 duty:79.37 3
correction: 42.220001220703125 duty:79.37 3
correction: 41.80999755859375 duty:47.37 3
correction: 41.80999755859375 duty:79.37 3
correction: 41.80999755859375 duty:71.37 3
correction: 41.80999755859375 duty:79.37 3
correction: 41.80999755859375 duty:71.37 3
correction: 41.80999755859375 duty:79.37 3
correction: 41.80999755859375 duty:79.37 3
correction: 41.80999755859375 duty:79.37 3
correction: 41.80999755859375 duty:79.37 3
correction: 41.399993896484375 duty:47.37 3
correction: 41.399993896484375 duty:79.37 3
correction: 41.399993896484375 duty:71.37 3
correction: 41.399993896484375 duty:79.37 3
correction: 40.970001220703125 duty:74.29 3
correction: 40.970001220703125 duty:69.62 3
correction: 40.55999755859375 duty:79.37 3
correction: 40.55999755859375 duty:62.87 3
correction: 40.55999755859375 duty:79.37 3
correction: 40.55999755859375 duty:79.37 3
correction: 40.55999755859375 duty:71.37 3
correction: 40.55999755859375 duty:63.37 3
correction: 40.149993896484375 duty:55.37 3
correction: 40.149993896484375 duty:79.37 3
correction: 40.149993896484375 duty:63.37 3
correction: 39.730010986328125 duty:39.37 3
correction: 39.30999755859375 duty:74.20 3
correction: 39.30999755859375 duty:58.73 3
correction: 38.8699951171875 duty:75.86 3
correction: 38.8699951171875 duty:61.48 3
correction: 38.42999267578125 duty:79.37 3
correction: 38.42999267578125 duty:57.71 3
correction: 38.42999267578125 duty:72.30 3
correction: 37.959991455078125 duty:57.36 3
correction: 37.959991455078125 duty:67.55 3
correction: 37.959991455078125 duty:79.37 3
correction: 37.959991455078125 duty:79.37 3
correction: 37.959991455078125 duty:79.37 3
correction: 37.510009765625 duty:54.64 3
correction: 37.510009765625 duty:79.37 3
correction: 37.510009765625 duty:73.69 3
correction: 37.07000732421875 duty:79.37 3
correction: 37.07000732421875 duty:47.37 3
correction: 37.07000732421875 duty:65.99 3
correction: 37.07000732421875 duty:79.37 3
correction: 36.600006103515625 duty:68.29 3
correction: 36.600006103515625 duty:71.09 3
correction: 36.1400146484375 duty:79.37 3
correction: 36.1400146484375 duty:52.35 3
correction: 36.1400146484375 duty:72.96 3
correction: 36.1400146484375 duty:79.37 3
correction: 36.1400146484375 duty:79.37 3
correction: 35.70001220703125 duty:53.21 3
correction: 35.70001220703125 duty:66.03 3
correction: 35.70001220703125 duty:79.37 3
correction: 35.70001220703125 duty:79.37 3
correction: 35.239990234375 duty:54.42 3
correction: 35.239990234375 duty:68.70 3
correction: 35.239990234375 duty:79.37 3
correction: 35.239990234375 duty:79.37 3
correction: 34.769989013671875 duty:79.37 3
correction: 34.769989013671875 duty:62.18 3
correction: 34.29998779296875 duty:54.89 3
correction: 34.29998779296875 duty:70.66 3
correction: 33.839996337890625 duty:55.60 3
correction: 33.839996337890625 duty:75.68 3
correction: 33.3900146484375 duty:62.00 3
correction: 33.3900146484375 duty:73.47 3
correction: 33.3900146484375 duty:79.37 3
correction: 33.3900146484375 duty:79.37 3
correction: 32.920013427734375 duty:43.65 3
correction: 32.920013427734375 duty:71.37 3
correction: 32.920013427734375 duty:79.37 3
correction: 32.920013427734375 duty:79.37 3
correction: 32.920013427734375 duty:79.37 3
correction: 32.920013427734375 duty:79.37 3
correction: 32.45001220703125 duty:79.37 3
correction: 32.45001220703125 duty:39.37 3
correction: 32.45001220703125 duty:71.37 3
correction: 32.45001220703125 duty:79.37 3
correction: 32.45001220703125 duty:71.37 3
correction: 31.94000244140625 duty:79.37 3
correction: 31.45001220703125 duty:68.64 3
correction: 31.45001220703125 duty:39.37 3
correction: 31.45001220703125 duty:73.32 3
correction: 31.45001220703125 duty:70.57 3
correction: 30.95001220703125 duty:53.91 3
correction: 30.95001220703125 duty:64.71 3
correction: 30.95001220703125 duty:72.92 3
correction: 30.95001220703125 duty:79.37 3
correction: 30.45001220703125 duty:79.37 3
correction: 30.45001220703125 duty:52.82 3
correction: 29.95001220703125 duty:79.37 3
correction: 29.44000244140625 duty:56.29 3
correction: 29.44000244140625 duty:79.37 3
correction: 28.910003662109375 duty:79.37 3
correction: 28.910003662109375 duty:47.60 3
correction: 28.910003662109375 duty:63.37 3
correction: 28.910003662109375 duty:79.37 3
correction: 28.910003662109375 duty:79.37 3
correction: 28.3800048828125 duty:39.37 3
correction: 28.3800048828125 duty:71.37 3
correction: 28.3800048828125 duty:79.37 3
correction: 28.3800048828125 duty:63.37 3
correction: 28.3800048828125 duty:79.37 3
correction: 28.3800048828125 duty:79.37 3
correction: 28.3800048828125 duty:79.37 3
correction: 28.3800048828125 duty:79.37 3
correction: 28.3800048828125 duty:79.37 3
correction: 27.839996337890625 duty:39.37 3
correction: 27.839996337890625 duty:71.37 3
correction: 27.839996337890625 duty:79.37 3
correction: 27.839996337890625 duty:79.37 3
correction: 27.839996337890625 duty:79.37 3
correction: 27.839996337890625 duty:79.37 3
correction: 27.839996337890625 duty:79.37 3
correction: 27.839996337890625 duty:79.37 3
correction: 27.29998779296875 duty:39.37 3
correction: 27.29998779296875 duty:79.37 3
correction: 27.29998779296875 duty:71.37 3
correction: 27.29998779296875 duty:79.37 3
correction: 27.29998779296875 duty:63.37 3
correction: 27.29998779296875 duty:79.37 3
correction: 26.790008544921875 duty:68.63 3
correction: 26.25 duty:57.88 3
correction: 26.25 duty:65.07 3
correction: 26.25 duty:79.37 3
correction: 25.69000244140625 duty:52.82 3
correction: 25.69000244140625 duty:79.37 3
correction: 25.149993896484375 duty:59.36 3
correction: 25.149993896484375 duty:75.38 3
correction: 24.589996337890625 duty:40.30 3
correction: 24.589996337890625 duty:53.65 3
correction: 24.589996337890625 duty:79.37 3
correction: 24.589996337890625 duty:79.37 3
correction: 24.010009765625 duty:57.17 3
correction: 24.010009765625 duty:67.91 3
correction: 24.010009765625 duty:79.37 3
correction: 23.42999267578125 duty:39.37 3
correction: 23.42999267578125 duty:63.37 3
correction: 23.42999267578125 duty:79.37 3
correction: 23.42999267578125 duty:79.37 3
correction: 22.839996337890625 duty:39.37 3
correction: 22.839996337890625 duty:79.37 3
correction: 22.839996337890625 duty:71.37 3
correction: 22.839996337890625 duty:63.37 3
correction: 22.839996337890625 duty:79.37 3
correction: 22.839996337890625 duty:79.37 3
correction: 22.839996337890625 duty:79.37 3
correction: 22.839996337890625 duty:79.37 3
correction: 22.279998779296875 duty:39.37 3
correction: 22.279998779296875 duty:71.37 3
correction: 22.279998779296875 duty:79.37 3
correction: 22.279998779296875 duty:79.37 3
correction: 22.279998779296875 duty:79.37 3
correction: 22.279998779296875 duty:79.37 3
correction: 22.279998779296875 duty:79.37 3
correction: 22.279998779296875 duty:79.37 3
correction: 21.69000244140625 duty:39.37 3
correction: 21.69000244140625 duty:72.46 3
correction: 20.410003662109375 duty:55.89 3
correction: 20.410003662109375 duty:79.37 3
correction: 20.410003662109375 duty:73.98 3
correction: 20.410003662109375 duty:79.37 3
correction: 19.790008544921875 duty:79.37 3
correction: 19.790008544921875 duty:39.38 3
correction: 19.790008544921875 duty:67.85 3
correction: 19.160003662109375 duty:38.77 3
correction: 19.160003662109375 duty:69.66 3
correction: 19.160003662109375 duty:79.37 3
correction: 18.529998779296875 duty:50.03 3
correction: 18.529998779296875 duty:65.41 3
correction: 18.529998779296875 duty:79.37 3
correction: 17.850006103515625 duty:49.06 3
correction: 17.850006103515625 duty:77.48 3
correction: 17.1400146484375 duty:68.46 3
correction: 15.80999755859375 duty:49.43 3
correction: 15.80999755859375 duty:34.50 3
correction: 15.80999755859375 duty:79.37 3
correction: 15.80999755859375 duty:79.37 3
correction: 15.80999755859375 duty:79.37 3
correction: 15.80999755859375 duty:79.37 3
correction: 15.80999755859375 duty:79.37 3
correction: 15.160003662109375 duty:79.37 3
correction: 15.160003662109375 duty:29.37 3
correction: 15.160003662109375 duty:63.37 3
correction: 15.160003662109375 duty:79.37 3
correction: 15.160003662109375 duty:79.37 3
correction: 14.480010986328125 duty:63.62 3
correction: 13.80999755859375 duty:61.54 3
correction: 13.80999755859375 duty:79.37 3
correction: 13.80999755859375 duty:67.15 3
correction: 13.80999755859375 duty:69.30 3
correction: 13.19000244140625 duty:34.42 3
correction: 13.19000244140625 duty:71.37 3
correction: 13.19000244140625 duty:79.37 3
correction: 13.19000244140625 duty:63.37 3
correction: 13.19000244140625 duty:79.37 3
correction: 13.19000244140625 duty:79.37 3
correction: 13.19000244140625 duty:79.37 3
correction: 13.19000244140625 duty:79.37 3
correction: 12.579986572265625 duty:31.37 3
correction: 12.579986572265625 duty:71.37 3
correction: 12.579986572265625 duty:79.37 3
correction: 12.579986572265625 duty:79.37 3
correction: 12.579986572265625 duty:79.37 3
correction: 11.399993896484375 duty:57.10 3
correction: 11.399993896484375 duty:66.63 3
correction: 10.839996337890625 duty:41.51 3
correction: 10.839996337890625 duty:74.51 3
correction: 10.839996337890625 duty:79.37 3
correction: 10.30999755859375 duty:23.37 3
correction: 10.30999755859375 duty:63.37 3
correction: 10.30999755859375 duty:71.37 3
correction: 10.30999755859375 duty:79.37 3
correction: 10.30999755859375 duty:79.37 3
correction: 10.30999755859375 duty:79.37 3
correction: 9.79998779296875 duty:79.37 3
correction: 9.79998779296875 duty:31.37 3
correction: 9.79998779296875 duty:63.37 3
correction: 9.79998779296875 duty:79.37 3
correction: 9.79998779296875 duty:79.37 3
correction: 9.79998779296875 duty:79.37 3
correction: 9.79998779296875 duty:79.37 3
correction: 9.79998779296875 duty:79.37 3
correction: 9.79998779296875 duty:79.37 3
correction: 9.79998779296875 duty:79.37 3
correction: 9.290008544921875 duty:31.37 3
correction: 9.290008544921875 duty:79.37 3
correction: 9.290008544921875 duty:63.37 3
correction: 9.290008544921875 duty:79.37 3
correction: 9.290008544921875 duty:71.37 3
correction: 9.290008544921875 duty:79.37 3
correction: 9.290008544921875 duty:79.37 3
correction: 8.760009765625 duty:63.75 3
correction: 8.760009765625 duty:74.73 3
correction: 8.260009765625 duty:31.37 3
correction: 8.260009765625 duty:68.87 3
correction: 8.260009765625 duty:67.43 3
correction: 7.779998779296875 duty:48.52 3
correction: 7.32000732421875 duty:74.11 3
correction: 7.32000732421875 duty:46.83 3
correction: 6.8900146484375 duty:60.86 3
correction: 6.470001220703125 duty:72.32 3
correction: 6.470001220703125 duty:45.69 3
correction: 6.05999755859375 duty:79.37 3
correction: 6.05999755859375 duty:44.29 3
correction: 6.05999755859375 duty:63.37 3
correction: 6.05999755859375 duty:79.37 3
correction: 6.05999755859375 duty:79.37 3
correction: 5.670013427734375 duty:23.37 3
correction: 5.670013427734375 duty:63.37 3
correction: 5.670013427734375 duty:79.37 3
correction: 5.670013427734375 duty:63.37 3
correction: 5.670013427734375 duty:79.37 3
correction: 5.670013427734375 duty:79.37 3
correction: 5.670013427734375 duty:79.37 3
correction: 5.670013427734375 duty:79.37 3
correction: 5.670013427734375 duty:79.37 3
correction: 5.29998779296875 duty:79.37 3
correction: 5.29998779296875 duty:31.37 3
correction: 5.29998779296875 duty:55.37 3
correction: 5.29998779296875 duty:79.37 3
correction: 5.29998779296875 duty:79.37 3
correction: 5.29998779296875 duty:79.37 3
correction: 5.29998779296875 duty:79.37 3
correction: 5.29998779296875 duty:79.37 3
correction: 4.92999267578125 duty:31.37 3
correction: 4.92999267578125 duty:63.37 3
correction: 4.92999267578125 duty:79.37 3
correction: 4.92999267578125 duty:63.37 3
correction: 4.92999267578125 duty:79.37 3
correction: 4.57000732421875 duty:57.51 3
correction: 4.57000732421875 duty:79.37 3
correction: 4.57000732421875 duty:79.37 3
correction: 4.209991455078125 duty:79.37 3
correction: 4.209991455078125 duty:42.40 3
correction: 4.209991455078125 duty:63.37 3
correction: 4.209991455078125 duty:55.37 3
correction: 3.839996337890625 duty:23.37 3
correction: 3.839996337890625 duty:79.37 3
correction: 3.839996337890625 duty:63.37 3
correction: 3.839996337890625 duty:63.37 3
correction: 3.839996337890625 duty:79.37 3
correction: 3.839996337890625 duty:79.37 3
correction: 3.839996337890625 duty:79.37 3
correction: 3.489990234375 duty:23.37 3
correction: 3.489990234375 duty:63.37 3
correction: 3.489990234375 duty:79.37 3
correction: 3.489990234375 duty:79.37 3
correction: 3.19000244140625 duty:79.37 3
correction: 3.19000244140625 duty:23.37 3
correction: 3.19000244140625 duty:63.37 3
correction: 3.19000244140625 duty:79.37 3
correction: 3.19000244140625 duty:79.37 3
correction: 2.92999267578125 duty:39.89 3
correction: 2.92999267578125 duty:63.37 3
correction: 2.92999267578125 duty:55.37 3
correction: 2.92999267578125 duty:79.37 3
correction: 2.709991455078125 duty:41.29 3
correction: 2.709991455078125 duty:64.21 3
correction: 2.489990234375 duty:79.37 3
correction: 2.489990234375 duty:42.40 3
correction: 2.489990234375 duty:79.37 3
correction: 2.279998779296875 duty:79.37 3
correction: 2.279998779296875 duty:15.37 3
correction: 2.279998779296875 duty:60.91 3
correction: 2.279998779296875 duty:79.37 3
correction: 2.279998779296875 duty:79.37 3
correction: 2.04998779296875 duty:79.37 3
correction: 2.04998779296875 duty:7.37 3
correction: 2.04998779296875 duty:79.37 3
correction: 2.04998779296875 duty:79.37 3
correction: 2.04998779296875 duty:79.37 3
correction: 1.79998779296875 duty:23.37 3
fps:22.881935119628906
state:1 DUTY:100.00 target_power:75.00
close x: 0.0 close y: 0.0 close wall: 0.0 park_wall: 0.0
centroid val: 0 servo_angle = 0.00 err = 0
pink: 1 green:1 red:0 
counter: 0  tigger :False heading angle 0 block_time :7.68 
---------------------------------------------------
[CALIB] t=1786184382.7028 counts=1172
-------------------------------------------------
Switch is ON
default green following
center greeen...
original angle: 7.85
r_time diff:1786184382.7031405 r_time: 0 g_time diff: 9.799003601074219e-05 g_time: 1786184382.7030537
left wall cx:0.0 right wal cx:0.0 outer left:0.0 outer right: 0.0
red centroid: 0.00 0.00 green centroid: 183.00 142.00
shifting to state 2..
fps:22.881935119628906
state:2 DUTY:97.98 target_power:75.00
close x: 0.0 close y: 0.0 close wall: 0.0 park_wall: 0.0
centroid val: 183.0 servo_angle = 7.85 err = 157.0
pink: 1 green:1 red:0 
counter: 0  tigger :False heading angle 0 block_time :0.00 
---------------------------------------------------
[CALIB] t=1786184382.7158 counts=1207
-------------------------------------------------
Switch is ON
default green following
left greeen...
original angle: 14.80
r_time diff:1786184382.716672 r_time: 0 g_time diff: 0.0003192424774169922 g_time: 1786184382.7163682
left wall cx:0.0 right wal cx:0.0 outer left:0.0 outer right: 0.0
red centroid: 0.00 0.00 green centroid: 224.00 141.00
state 2
state 2 time :0.014009714126586914
avoding obstacle_state == 2
either pink is near or close wall is near shifting back to state 1
fps:28.291889190673828
state:1 DUTY:95.20 target_power:75.00
close x: 0.0 close y: 0.0 close wall: 0.0 park_wall: 0.0
centroid val: 224.0 servo_angle = 14.80 err = 296.0
pink: 1 green:1 red:0 
counter: 0  tigger :False heading angle 0 block_time :0.02 
---------------------------------------------------
[CALIB] t=1786184382.7302 counts=1250
-------------------------------------------------
Switch is ON
default green following
center greeen...
original angle: 5.80
r_time diff:1786184382.7306085 r_time: 0 g_time diff: 9.298324584960938e-05 g_time: 1786184382.7305276
left wall cx:0.0 right wal cx:0.0 outer left:0.0 outer right: 0.0
red centroid: 0.00 0.00 green centroid: 224.00 141.00
shifting to state 2..
fps:28.291889190673828
state:2 DUTY:97.01 target_power:75.00
close x: 0.0 close y: 0.0 close wall: 0.0 park_wall: 0.0
centroid val: 224.0 servo_angle = 5.80 err = 116.0
pink: 1 green:1 red:0 
counter: 0  tigger :False heading angle 0 block_time :0.00 
---------------------------------------------------
[CALIB] t=1786184382.7440 counts=1284
-------------------------------------------------
Switch is ON
default green following
left greeen...
original angle: 14.80
r_time diff:1786184382.7448988 r_time: 0 g_time diff: 0.0007436275482177734 g_time: 1786184382.744218
left wall cx:0.0 right wal cx:0.0 outer left:0.0 outer right: 0.0
red centroid: 0.00 0.00 green centroid: 224.00 141.00
state 2
state 2 time :0.015372514724731445
avoding obstacle_state == 2
either pink is near or close wall is near shifting back to state 1
fps:28.291889190673828
state:1 DUTY:97.43 target_power:75.00
close x: 0.0 close y: 0.0 close wall: 0.0 park_wall: 0.0
centroid val: 224.0 servo_angle = 14.80 err = 296.0
pink: 1 green:1 red:0 
counter: 0  tigger :False heading angle 0 block_time :0.02 
---------------------------------------------------
[CALIB] t=1786184382.7607 counts=1338
-------------------------------------------------
Switch is ON
default green following
center greeen...
original angle: 4.40
r_time diff:1786184382.760964 r_time: 0 g_time diff: 0.00017023086547851562 g_time: 1786184382.7608054
left wall cx:0.0 right wal cx:0.0 outer left:0.0 outer right: 0.0
red centroid: 0.00 0.00 green centroid: 252.00 141.00
shifting to state 2..
fps:23.517181396484375
state:2 DUTY:94.23 target_power:75.00
close x: 259.0 close y: 125.0 close wall: 0.0 park_wall: 0.0
centroid val: 252.0 servo_angle = 4.40 err = 88.0
pink: 0 green:1 red:0 
counter: 0  tigger :False heading angle 0 block_time :0.00 
---------------------------------------------------
[CALIB] t=1786184382.7752 counts=1375
-------------------------------------------------
Switch is ON
default green following
left greeen...
original angle: 13.40
r_time diff:1786184382.7762318 r_time: 0 g_time diff: 0.0001780986785888672 g_time: 1786184382.7760735
left wall cx:0.0 right wal cx:0.0 outer left:0.0 outer right: 0.0
red centroid: 0.00 0.00 green centroid: 252.00 141.00
state 2
state 2 time :0.015526294708251953
avoding obstacle_state == 2
still avoding block for 0.05 sec
obstacle is beyonf limit state 2
fps:23.517181396484375
state:2 DUTY:96.15 target_power:75.00
close x: 259.0 close y: 125.0 close wall: 0.0 park_wall: 0.0
centroid val: 252.0 servo_angle = 13.40 err = 268.0
pink: 0 green:1 red:0 
counter: 0  tigger :False heading angle 0 block_time :0.02 
---------------------------------------------------
[CALIB] t=1786184382.7912 counts=1422
-------------------------------------------------
Switch is ON
default green following
left greeen...
original angle: 13.40
r_time diff:1786184382.7923286 r_time: 0 g_time diff: 0.0008606910705566406 g_time: 1786184382.7914944
left wall cx:0.0 right wal cx:0.0 outer left:0.0 outer right: 0.0
red centroid: 0.00 0.00 green centroid: 252.00 141.00
state 2
state 2 time :0.0320734977722168
avoding obstacle_state == 2
still avoding block for 0.05 sec
obstacle is beyonf limit state 2
fps:28.126718521118164
state:2 DUTY:97.38 target_power:75.00
close x: 269.0 close y: 126.0 close wall: 0.0 park_wall: 0.0
centroid val: 252.0 servo_angle = 13.40 err = 268.0
pink: 0 green:1 red:0 
counter: 0  tigger :False heading angle 0 block_time :0.03 
---------------------------------------------------
[CALIB] t=1786184382.8061 counts=1469
-------------------------------------------------
Switch is ON
default green following
left greeen...
original angle: 12.50
r_time diff:1786184382.8063111 r_time: 0 g_time diff: 0.00013113021850585938 g_time: 1786184382.8061924
left wall cx:0.0 right wal cx:0.0 outer left:0.0 outer right: 0.0
red centroid: 0.00 0.00 green centroid: 270.00 142.00
state 2
state 2 time :0.04980731010437012
avoding obstacle_state == 2
still avoding block for 0.05 sec
obstacle is beyonf limit state 2
fps:28.126718521118164
state:2 DUTY:97.74 target_power:75.00
close x: 269.0 close y: 126.0 close wall: 0.0 park_wall: 0.0
centroid val: 270.0 servo_angle = 12.50 err = 250.0
pink: 0 green:1 red:0 
counter: 0  tigger :False heading angle 0 block_time :0.05 
---------------------------------------------------
[CALIB] t=1786184382.8263 counts=1532
-------------------------------------------------
Switch is ON
default green following
left greeen...
original angle: 12.50
r_time diff:1786184382.8271394 r_time: 0 g_time diff: 0.0003960132598876953 g_time: 1786184382.8267605
left wall cx:0.0 right wal cx:0.0 outer left:0.0 outer right: 0.0
red centroid: 0.00 0.00 green centroid: 270.00 142.00
state 2
state 2 time :0.06654143333435059
avoding obstacle_state == 2
still avoding block for 0.05 sec
obstacle is beyonf limit state 2
fps:28.126718521118164
state:2 DUTY:90.14 target_power:75.00
close x: 269.0 close y: 126.0 close wall: 0.0 park_wall: 0.0
centroid val: 270.0 servo_angle = 12.50 err = 250.0
pink: 0 green:1 red:0 
counter: 0  tigger :False heading angle 0 block_time :0.07 
---------------------------------------------------
[CALIB] t=1786184382.8408 counts=1578
-------------------------------------------------
Switch is ON
default green following
left greeen...
original angle: 12.00
r_time diff:1786184382.8411853 r_time: 0 g_time diff: 8.702278137207031e-05 g_time: 1786184382.841115
left wall cx:0.0 right wal cx:0.0 outer left:0.0 outer right: 0.0
red centroid: 0.00 0.00 green centroid: 280.00 147.00
state 2
state 2 time :0.08025956153869629
shifting back to 1
fps:23.862794876098633
state:1 DUTY:94.44 target_power:75.00
close x: 280.0 close y: 128.0 close wall: 0.0 park_wall: 0.0
centroid val: 280.0 servo_angle = 12.00 err = 240.0
pink: 0 green:1 red:0 
counter: 0  tigger :False heading angle 0 block_time :0.08 
---------------------------------------------------
[CALIB] t=1786184382.8532 counts=1617
-------------------------------------------------
Switch is ON
default green following
center greeen...
original angle: 3.00
r_time diff:1786184382.854067 r_time: 0 g_time diff: 0.0002918243408203125 g_time: 1786184382.853794
left wall cx:0.0 right wal cx:0.0 outer left:0.0 outer right: 0.0
red centroid: 0.00 0.00 green centroid: 280.00 147.00
shifting to state 2..
fps:23.862794876098633
state:2 DUTY:94.07 target_power:75.00
close x: 280.0 close y: 128.0 close wall: 0.0 park_wall: 0.0
centroid val: 280.0 servo_angle = 3.00 err = 60.0
pink: 0 green:1 red:0 
counter: 0  tigger :False heading angle 0 block_time :0.00 
---------------------------------------------------
[CALIB] t=1786184382.8681 counts=1658
-------------------------------------------------
Switch is ON
default green following
left greeen...
original angle: 12.00
r_time diff:1786184382.868927 r_time: 0 g_time diff: 0.0003390312194824219 g_time: 1786184382.8686128
left wall cx:0.0 right wal cx:0.0 outer left:0.0 outer right: 0.0
red centroid: 0.00 0.00 green centroid: 280.00 147.00
state 2
state 2 time :0.01494288444519043
avoding obstacle_state == 2
still avoding block for 0.05 sec
obstacle is beyonf limit state 2
fps:23.862794876098633
state:2 DUTY:92.91 target_power:75.00
close x: 280.0 close y: 128.0 close wall: 0.0 park_wall: 0.0
centroid val: 280.0 servo_angle = 12.00 err = 240.0
pink: 0 green:1 red:0 
counter: 0  tigger :False heading angle 0 block_time :0.02 
---------------------------------------------------
[CALIB] t=1786184382.8830 counts=1710
-------------------------------------------------
Switch is ON
default green following
left greeen...
original angle: 11.65
r_time diff:1786184382.8833 r_time: 0 g_time diff: 0.00013446807861328125 g_time: 1786184382.8831778
left wall cx:0.0 right wal cx:0.0 outer left:0.0 outer right: 0.0
red centroid: 0.00 0.00 green centroid: 287.00 151.00
state 2
state 2 time :0.0295865535736084
avoding obstacle_state == 2
still avoding block for 0.05 sec
obstacle is beyonf limit state 2
fps:25.14998435974121
state:2 DUTY:91.35 target_power:75.00
close x: 287.0 close y: 130.0 close wall: 0.0 park_wall: 0.0
centroid val: 287.0 servo_angle = 11.65 err = 233.0
pink: 0 green:1 red:0 
counter: 0  tigger :False heading angle 0 block_time :0.03 
---------------------------------------------------
[CALIB] t=1786184382.8987 counts=1767
-------------------------------------------------
Switch is ON
default green following
left greeen...
original angle: 11.65
r_time diff:1786184382.8991363 r_time: 0 g_time diff: 0.00024199485778808594 g_time: 1786184382.8989112
left wall cx:0.0 right wal cx:0.0 outer left:0.0 outer right: 0.0
red centroid: 0.00 0.00 green centroid: 287.00 151.00
state 2
state 2 time :0.04502248764038086
avoding obstacle_state == 2
still avoding block for 0.05 sec
obstacle is beyonf limit state 2
fps:25.14998435974121
state:2 DUTY:94.40 target_power:75.00
close x: 287.0 close y: 130.0 close wall: 0.0 park_wall: 0.0
centroid val: 287.0 servo_angle = 11.65 err = 233.0
pink: 0 green:1 red:0 
counter: 0  tigger :False heading angle 0 block_time :0.05 
---------------------------------------------------
[CALIB] t=1786184382.9140 counts=1820
-------------------------------------------------
Switch is ON
default green following
left greeen...
original angle: 11.65
r_time diff:1786184382.914286 r_time: 0 g_time diff: 0.0001373291015625 g_time: 1786184382.9141605
left wall cx:0.0 right wal cx:0.0 outer left:0.0 outer right: 0.0
red centroid: 0.00 0.00 green centroid: 287.00 151.00
state 2
state 2 time :0.06007647514343262
avoding obstacle_state == 2
still avoding block for 0.05 sec
obstacle is beyonf limit state 2
fps:25.225605010986328
state:2 DUTY:91.06 target_power:75.00
close x: 291.0 close y: 131.0 close wall: 0.0 park_wall: 0.0
centroid val: 287.0 servo_angle = 11.65 err = 233.0
pink: 0 green:1 red:0 
counter: 0  tigger :False heading angle 0 block_time :0.06 
---------------------------------------------------
[CALIB] t=1786184382.9261 counts=1862
-------------------------------------------------
Switch is ON
default green following
left greeen...
original angle: 11.45
r_time diff:1786184382.926343 r_time: 0 g_time diff: 7.987022399902344e-05 g_time: 1786184382.9262755
left wall cx:0.0 right wal cx:0.0 outer left:0.0 outer right: 0.0
red centroid: 0.00 0.00 green centroid: 291.00 152.00
state 2
state 2 time :0.07349920272827148
avoding obstacle_state == 2
still avoding block for 0.05 sec
obstacle is beyonf limit state 2
fps:25.225605010986328
state:2 DUTY:88.62 target_power:75.00
close x: 291.0 close y: 131.0 close wall: 0.0 park_wall: 0.0
centroid val: 291.0 servo_angle = 11.45 err = 229.0
pink: 0 green:1 red:0 
counter: 0  tigger :False heading angle 0 block_time :0.08 
---------------------------------------------------
[CALIB] t=1786184382.9420 counts=1918
-------------------------------------------------
Switch is ON
default green following
left greeen...
original angle: 11.45
r_time diff:1786184382.9422922 r_time: 0 g_time diff: 7.939338684082031e-05 g_time: 1786184382.942227
left wall cx:0.0 right wal cx:0.0 outer left:0.0 outer right: 0.0
red centroid: 0.00 0.00 green centroid: 291.00 152.00
state 2
state 2 time :0.08810138702392578
shifting back to 1
fps:25.225605010986328
state:1 DUTY:93.01 target_power:75.00
close x: 291.0 close y: 131.0 close wall: 0.0 park_wall: 0.0
centroid val: 291.0 servo_angle = 11.45 err = 229.0
pink: 0 green:1 red:0 
counter: 0  tigger :False heading angle 0 block_time :0.09 
---------------------------------------------------
[CALIB] t=1786184382.9541 counts=1959
-------------------------------------------------
Switch is ON
default green following
center greeen...
original angle: 2.45
r_time diff:1786184382.954766 r_time: 0 g_time diff: 0.0003886222839355469 g_time: 1786184382.954397
left wall cx:0.0 right wal cx:0.0 outer left:0.0 outer right: 0.0
red centroid: 0.00 0.00 green centroid: 291.00 152.00
shifting to state 2..
fps:25.225605010986328
state:2 DUTY:92.80 target_power:75.00
close x: 291.0 close y: 131.0 close wall: 0.0 park_wall: 0.0
centroid val: 291.0 servo_angle = 2.45 err = 49.0
pink: 0 green:1 red:0 
counter: 0  tigger :False heading angle 0 block_time :0.00 
---------------------------------------------------
[CALIB] t=1786184382.9703 counts=2002
-------------------------------------------------
Switch is ON
default green following
left greeen...
original angle: 11.15
r_time diff:1786184382.9720998 r_time: 0 g_time diff: 0.0009219646453857422 g_time: 1786184382.9711936
left wall cx:0.0 right wal cx:0.0 outer left:0.0 outer right: 0.0
red centroid: 0.00 0.00 green centroid: 297.00 155.00
state 2
state 2 time :0.01728987693786621
avoding obstacle_state == 2
still avoding block for 0.05 sec
obstacle is beyonf limit state 2
fps:24.210647583007812
state:2 DUTY:88.11 target_power:75.00
close x: 296.0 close y: 132.0 close wall: 0.0 park_wall: 0.0
centroid val: 297.0 servo_angle = 11.15 err = 223.0
pink: 0 green:1 red:0 
counter: 0  tigger :False heading angle 0 block_time :0.02 
---------------------------------------------------
[CALIB] t=1786184382.9859 counts=2074
-------------------------------------------------
Switch is ON
default green following
left greeen...
original angle: 11.15
r_time diff:1786184382.9863334 r_time: 0 g_time diff: 0.00024318695068359375 g_time: 1786184382.9861069
left wall cx:0.0 right wal cx:0.0 outer left:0.0 outer right: 0.0
red centroid: 0.00 0.00 green centroid: 297.00 155.00
state 2
state 2 time :0.03174400329589844
avoding obstacle_state == 2
still avoding block for 0.05 sec
obstacle is beyonf limit state 2
fps:24.210647583007812
state:2 DUTY:93.62 target_power:75.00
close x: 296.0 close y: 132.0 close wall: 0.0 park_wall: 0.0
centroid val: 297.0 servo_angle = 11.15 err = 223.0
pink: 0 green:1 red:0 
counter: 0  tigger :False heading angle 0 block_time :0.03 
---------------------------------------------------
[CALIB] t=1786184383.0011 counts=2133
-------------------------------------------------
Switch is ON
default green following
left greeen...
original angle: 10.60
r_time diff:1786184383.0014799 r_time: 0 g_time diff: 0.0001800060272216797 g_time: 1786184383.0013099
left wall cx:0.0 right wal cx:0.0 outer left:0.0 outer right: 0.0
red centroid: 0.00 0.00 green centroid: 308.00 161.00
state 2
state 2 time :0.0466921329498291
avoding obstacle_state == 2
still avoding block for 0.05 sec
obstacle is beyonf limit state 2
fps:24.779996871948242
state:2 DUTY:86.68 target_power:75.00
close x: 308.0 close y: 133.0 close wall: 0.0 park_wall: 0.0
centroid val: 308.0 servo_angle = 10.60 err = 212.0
pink: 0 green:1 red:0 
counter: 0  tigger :False heading angle 0 block_time :0.05 
---------------------------------------------------
[CALIB] t=1786184383.0147 counts=2178
-------------------------------------------------
Switch is ON
default green following
left greeen...
original angle: 10.60
r_time diff:1786184383.0157478 r_time: 0 g_time diff: 0.00045013427734375 g_time: 1786184383.0153136
left wall cx:0.0 right wal cx:0.0 outer left:0.0 outer right: 0.0
red centroid: 0.00 0.00 green centroid: 308.00 161.00
state 2
state 2 time :0.06117439270019531
avoding obstacle_state == 2
still avoding block for 0.05 sec
obstacle is beyonf limit state 2
fps:24.779996871948242
state:2 DUTY:89.22 target_power:75.00
close x: 308.0 close y: 133.0 close wall: 0.0 park_wall: 0.0
centroid val: 308.0 servo_angle = 10.60 err = 212.0
pink: 0 green:1 red:0 
counter: 0  tigger :False heading angle 0 block_time :0.06 
---------------------------------------------------
[CALIB] t=1786184383.0315 counts=2237
-------------------------------------------------
Switch is ON
default green following
left greeen...
original angle: 10.60
r_time diff:1786184383.0320094 r_time: 0 g_time diff: 0.00017023086547851562 g_time: 1786184383.0318546
left wall cx:0.0 right wal cx:0.0 outer left:0.0 outer right: 0.0
red centroid: 0.00 0.00 green centroid: 308.00 161.00
state 2
state 2 time :0.07722806930541992
avoding obstacle_state == 2
still avoding block for 0.05 sec
obstacle is beyonf limit state 2
fps:24.779996871948242
state:2 DUTY:88.36 target_power:75.00
close x: 308.0 close y: 133.0 close wall: 0.0 park_wall: 0.0
centroid val: 308.0 servo_angle = 10.60 err = 212.0
pink: 0 green:1 red:0 
counter: 0  tigger :False heading angle 0 block_time :0.08 
---------------------------------------------------
[CALIB] t=1786184383.0447 counts=2297
-------------------------------------------------
Switch is ON
default green following
left greeen...
original angle: 9.85
r_time diff:1786184383.0450487 r_time: 0 g_time diff: 0.00013589859008789062 g_time: 1786184383.0449257
left wall cx:0.0 right wal cx:0.0 outer left:0.0 outer right: 0.0
red centroid: 0.00 0.00 green centroid: 323.00 166.00
state 2
state 2 time :0.09021878242492676
shifting back to 1
fps:24.198036193847656
state:1 DUTY:86.85 target_power:75.00
close x: 325.0 close y: 136.0 close wall: 0.0 park_wall: 0.0
centroid val: 323.0 servo_angle = 9.85 err = 197.0
pink: 0 green:1 red:0 
counter: 0  tigger :False heading angle 0 block_time :0.09 
---------------------------------------------------
[CALIB] t=1786184383.0576 counts=2344
-------------------------------------------------
Switch is ON
default green following
center greeen...
original angle: 0.85
r_time diff:1786184383.0582263 r_time: 0 g_time diff: 0.00016880035400390625 g_time: 1786184383.0580766
left wall cx:0.0 right wal cx:0.0 outer left:0.0 outer right: 0.0
red centroid: 0.00 0.00 green centroid: 323.00 166.00
shifting to state 2..
fps:24.198036193847656
state:2 DUTY:89.95 target_power:75.00
close x: 325.0 close y: 136.0 close wall: 0.0 park_wall: 0.0
centroid val: 323.0 servo_angle = 0.85 err = 17.0
pink: 0 green:1 red:0 
counter: 0  tigger :False heading angle 0 block_time :0.00 
---------------------------------------------------
[CALIB] t=1786184383.0714 counts=2391
-------------------------------------------------
Switch is ON
default green following
left greeen...
original angle: 9.85
r_time diff:1786184383.0718677 r_time: 0 g_time diff: 0.0002467632293701172 g_time: 1786184383.0716364
left wall cx:0.0 right wal cx:0.0 outer left:0.0 outer right: 0.0
red centroid: 0.00 0.00 green centroid: 323.00 166.00
state 2
state 2 time :0.01371145248413086
avoding obstacle_state == 2
still avoding block for 0.05 sec
obstacle is beyonf limit state 2
fps:24.198036193847656
state:2 DUTY:87.82 target_power:75.00
close x: 325.0 close y: 136.0 close wall: 0.0 park_wall: 0.0
centroid val: 323.0 servo_angle = 9.85 err = 197.0
pink: 0 green:1 red:0 
counter: 0  tigger :False heading angle 0 block_time :0.02 
---------------------------------------------------
[CALIB] t=1786184383.0850 counts=2451
-------------------------------------------------
Switch is ON
default green following
left greeen...
original angle: 9.10
r_time diff:1786184383.0853665 r_time: 0 g_time diff: 0.00017452239990234375 g_time: 1786184383.0852053
left wall cx:0.0 right wal cx:0.0 outer left:0.0 outer right: 0.0
red centroid: 0.00 0.00 green centroid: 338.00 172.00
state 2
state 2 time :0.027093172073364258
avoding obstacle_state == 2
still avoding block for 0.05 sec
obstacle is beyonf limit state 2
fps:25.989944458007812
state:2 DUTY:87.77 target_power:75.00
close x: 0.0 close y: 0.0 close wall: 0.0 park_wall: 0.0
centroid val: 338.0 servo_angle = 9.10 err = 182.0
pink: 0 green:1 red:0 
counter: 0  tigger :False heading angle 0 block_time :0.03 
---------------------------------------------------
[CALIB] t=1786184383.0975 counts=2502
-------------------------------------------------
Switch is ON
default green following
left greeen...
original angle: 9.10
r_time diff:1786184383.0978565 r_time: 0 g_time diff: 0.0001456737518310547 g_time: 1786184383.097725
left wall cx:0.0 right wal cx:0.0 outer left:0.0 outer right: 0.0
red centroid: 0.00 0.00 green centroid: 338.00 172.00
state 2
state 2 time :0.03960371017456055
avoding obstacle_state == 2
still avoding block for 0.05 sec
obstacle is beyonf limit state 2
fps:25.989944458007812
state:2 DUTY:89.09 target_power:75.00
close x: 0.0 close y: 0.0 close wall: 0.0 park_wall: 0.0
centroid val: 338.0 servo_angle = 9.10 err = 182.0
pink: 0 green:1 red:0 
counter: 0  tigger :False heading angle 0 block_time :0.04 
---------------------------------------------------
[CALIB] t=1786184383.1100 counts=2547
-------------------------------------------------
Switch is ON
default green following
left greeen...
original angle: 9.10
r_time diff:1786184383.1104968 r_time: 0 g_time diff: 0.00018858909606933594 g_time: 1786184383.1103246
left wall cx:0.0 right wal cx:0.0 outer left:0.0 outer right: 0.0
red centroid: 0.00 0.00 green centroid: 338.00 172.00
state 2
state 2 time :0.052304983139038086
avoding obstacle_state == 2
still avoding block for 0.05 sec
obstacle is beyonf limit state 2
fps:25.989944458007812
state:2 DUTY:91.30 target_power:75.00
close x: 0.0 close y: 0.0 close wall: 0.0 park_wall: 0.0
centroid val: 338.0 servo_angle = 9.10 err = 182.0
pink: 0 green:1 red:0 
counter: 0  tigger :False heading angle 0 block_time :0.05 
---------------------------------------------------
[CALIB] t=1786184383.1234 counts=2596
-------------------------------------------------
Switch is ON
default green following
left greeen...
original angle: 8.25
r_time diff:1786184383.1238341 r_time: 0 g_time diff: 0.00016021728515625 g_time: 1786184383.1236916
left wall cx:0.0 right wal cx:0.0 outer left:0.0 outer right: 0.0
red centroid: 0.00 0.00 green centroid: 355.00 177.00
state 2
state 2 time :0.06557106971740723
avoding obstacle_state == 2
still avoding block for 0.05 sec
obstacle is beyonf limit state 2
fps:23.700864791870117
state:2 DUTY:80.02 target_power:75.00
close x: 0.0 close y: 0.0 close wall: 0.0 park_wall: 0.0
centroid val: 355.0 servo_angle = 8.25 err = 165.0
pink: 0 green:1 red:0 
counter: 0  tigger :False heading angle 0 block_time :0.07 
---------------------------------------------------
[CALIB] t=1786184383.1358 counts=2646
-------------------------------------------------
Switch is ON
default green following
left greeen...
original angle: 8.25
r_time diff:1786184383.1362274 r_time: 0 g_time diff: 0.000213623046875 g_time: 1786184383.1360292
left wall cx:0.0 right wal cx:0.0 outer left:0.0 outer right: 0.0
red centroid: 0.00 0.00 green centroid: 355.00 177.00
state 2
state 2 time :0.07807612419128418
avoding obstacle_state == 2
still avoding block for 0.05 sec
obstacle is beyonf limit state 2
fps:23.700864791870117
state:2 DUTY:87.89 target_power:75.00
close x: 0.0 close y: 0.0 close wall: 0.0 park_wall: 0.0
centroid val: 355.0 servo_angle = 8.25 err = 165.0
pink: 0 green:1 red:0 
counter: 0  tigger :False heading angle 0 block_time :0.08 
---------------------------------------------------
[CALIB] t=1786184383.1505 counts=2711
-------------------------------------------------
Switch is ON
default green following
left greeen...
original angle: 8.25
r_time diff:1786184383.1522815 r_time: 0 g_time diff: 0.0015420913696289062 g_time: 1786184383.1507618
left wall cx:0.0 right wal cx:0.0 outer left:0.0 outer right: 0.0
red centroid: 0.00 0.00 green centroid: 355.00 177.00
state 2
state 2 time :0.09677410125732422
shifting back to 1
fps:27.36606788635254
state:1 DUTY:89.32 target_power:75.00
close x: 0.0 close y: 0.0 close wall: 0.0 park_wall: 0.0
centroid val: 355.0 servo_angle = 8.25 err = 165.0
pink: 0 green:1 red:0 
counter: 0  tigger :False heading angle 0 block_time :0.10 
---------------------------------------------------
[CALIB] t=1786184383.1715 counts=2795
-------------------------------------------------
Switch is ON
default green following
center greeen...
original angle: -1.60
r_time diff:1786184383.171889 r_time: 0 g_time diff: 0.00018453598022460938 g_time: 1786184383.1717186
left wall cx:0.0 right wal cx:0.0 outer left:0.0 outer right: 0.0
red centroid: 0.00 0.00 green centroid: 372.00 184.00
shifting to state 2..
fps:27.36606788635254
state:2 DUTY:81.79 target_power:75.00
close x: 0.0 close y: 0.0 close wall: 0.0 park_wall: 0.0
centroid val: 372.0 servo_angle = -1.60 err = -32.0
pink: 0 green:1 red:0 
counter: 0  tigger :False heading angle 0 block_time :0.00 
---------------------------------------------------
[CALIB] t=1786184383.1886 counts=2866
-------------------------------------------------
Switch is ON
default green following
left greeen...
original angle: 7.40
r_time diff:1786184383.1889539 r_time: 0 g_time diff: 0.00013446807861328125 g_time: 1786184383.1888328
left wall cx:0.0 right wal cx:0.0 outer left:0.0 outer right: 0.0
red centroid: 0.00 0.00 green centroid: 372.00 184.00
state 2
state 2 time :0.0170900821685791
avoding obstacle_state == 2
still avoding block for 0.05 sec
obstacle is beyonf limit state 2
fps:27.36606788635254
state:2 DUTY:84.59 target_power:75.00
close x: 0.0 close y: 0.0 close wall: 0.0 park_wall: 0.0
centroid val: 372.0 servo_angle = 7.40 err = 148.0
pink: 0 green:1 red:0 
counter: 0  tigger :False heading angle 0 block_time :0.02 
---------------------------------------------------
[CALIB] t=1786184383.2007 counts=2929
-------------------------------------------------
Switch is ON
default green following
left greeen...
original angle: 6.60
r_time diff:1786184383.2010043 r_time: 0 g_time diff: 0.000125885009765625 g_time: 1786184383.200891
left wall cx:0.0 right wal cx:0.0 outer left:0.0 outer right: 0.0
red centroid: 0.00 0.00 green centroid: 388.00 192.00
state 2
state 2 time :0.0291287899017334
avoding obstacle_state == 2
still avoding block for 0.05 sec
obstacle is beyonf limit state 2
fps:23.436384201049805
state:2 DUTY:84.26 target_power:75.00
close x: 0.0 close y: 0.0 close wall: 0.0 park_wall: 0.0
centroid val: 388.0 servo_angle = 6.60 err = 132.0
pink: 0 green:1 red:0 
counter: 0  tigger :False heading angle 0 block_time :0.03 
---------------------------------------------------
[CALIB] t=1786184383.2208 counts=3015
-------------------------------------------------
Switch is ON
default green following
left greeen...
original angle: 6.60
r_time diff:1786184383.2215884 r_time: 0 g_time diff: 0.0003478527069091797 g_time: 1786184383.2212772
left wall cx:0.0 right wal cx:0.0 outer left:0.0 outer right: 0.0
red centroid: 0.00 0.00 green centroid: 388.00 192.00
state 2
state 2 time :0.049817562103271484
avoding obstacle_state == 2
still avoding block for 0.05 sec
obstacle is beyonf limit state 2
fps:23.436384201049805
state:2 DUTY:87.32 target_power:75.00
close x: 0.0 close y: 0.0 close wall: 0.0 park_wall: 0.0
centroid val: 388.0 servo_angle = 6.60 err = 132.0
pink: 0 green:1 red:0 
counter: 0  tigger :False heading angle 0 block_time :0.05 
---------------------------------------------------
[CALIB] t=1786184383.2353 counts=3070
-------------------------------------------------
Switch is ON
default green following
left greeen...
original angle: 5.65
r_time diff:1786184383.2360425 r_time: 0 g_time diff: 0.0003840923309326172 g_time: 1786184383.2356737
left wall cx:0.0 right wal cx:0.0 outer left:0.0 outer right: 0.0
red centroid: 0.00 0.00 green centroid: 407.00 200.00
state 2
state 2 time :0.0663919448852539
avoding obstacle_state == 2
still avoding block for 0.05 sec
obstacle is beyonf limit state 2
fps:26.435001373291016
state:2 DUTY:83.51 target_power:75.00
close x: 0.0 close y: 0.0 close wall: 0.0 park_wall: 261.5
centroid val: 407.0 servo_angle = 5.65 err = 113.0
pink: 0 green:1 red:0 
counter: 0  tigger :False heading angle 0 block_time :0.07 
---------------------------------------------------
[CALIB] t=1786184383.2521 counts=3150
-------------------------------------------------
Switch is ON
default green following
left greeen...
original angle: 5.65
r_time diff:1786184383.2527885 r_time: 0 g_time diff: 0.0004341602325439453 g_time: 1786184383.2523685
left wall cx:0.0 right wal cx:0.0 outer left:0.0 outer right: 0.0
red centroid: 0.00 0.00 green centroid: 407.00 200.00
state 2
state 2 time :0.08220267295837402
shifting back to 1
fps:26.435001373291016
state:1 DUTY:84.09 target_power:75.00
close x: 0.0 close y: 0.0 close wall: 0.0 park_wall: 261.5
centroid val: 407.0 servo_angle = 5.65 err = 113.0
pink: 0 green:1 red:0 
counter: 0  tigger :False heading angle 0 block_time :0.08 
---------------------------------------------------
[CALIB] t=1786184383.2663 counts=3210
-------------------------------------------------
Switch is ON
default green following
center greeen...
original angle: -3.35
r_time diff:1786184383.2671688 r_time: 0 g_time diff: 0.00046706199645996094 g_time: 1786184383.2667227
left wall cx:0.0 right wal cx:0.0 outer left:0.0 outer right: 0.0
red centroid: 0.00 0.00 green centroid: 407.00 200.00
shifting to state 2..
fps:26.435001373291016
state:2 DUTY:88.02 target_power:75.00
close x: 0.0 close y: 0.0 close wall: 0.0 park_wall: 261.5
centroid val: 407.0 servo_angle = -3.35 err = -67.0
pink: 0 green:1 red:0 
counter: 0  tigger :False heading angle 0 block_time :0.00 
---------------------------------------------------
[CALIB] t=1786184383.2811 counts=3278
-------------------------------------------------
Switch is ON
default green following
left greeen...
original angle: 4.70
r_time diff:1786184383.2817574 r_time: 0 g_time diff: 0.0002951622009277344 g_time: 1786184383.2814813
left wall cx:0.0 right wal cx:0.0 outer left:0.0 outer right: 0.0
red centroid: 0.00 0.00 green centroid: 426.00 208.00
state 2
state 2 time :0.014225482940673828
avoding obstacle_state == 2
still avoding block for 0.05 sec
obstacle is beyonf limit state 2
fps:23.871204376220703
state:2 DUTY:81.75 target_power:75.00
close x: 0.0 close y: 0.0 close wall: 0.0 park_wall: 524.5
centroid val: 426.0 servo_angle = 4.70 err = 94.0
pink: 0 green:1 red:0 
counter: 0  tigger :False heading angle 0 block_time :0.02 
---------------------------------------------------
[CALIB] t=1786184383.2946 counts=3332
-------------------------------------------------
Switch is ON
default green following
left greeen...
original angle: 4.70
r_time diff:1786184383.2953286 r_time: 0 g_time diff: 0.00026702880859375 g_time: 1786184383.29508
left wall cx:0.0 right wal cx:0.0 outer left:0.0 outer right: 0.0
red centroid: 0.00 0.00 green centroid: 426.00 208.00
state 2
state 2 time :0.027877330780029297
avoding obstacle_state == 2
still avoding block for 0.05 sec
obstacle is beyonf limit state 2
fps:23.871204376220703
state:2 DUTY:80.05 target_power:75.00
close x: 0.0 close y: 0.0 close wall: 0.0 park_wall: 524.5
centroid val: 426.0 servo_angle = 4.70 err = 94.0
pink: 0 green:1 red:0 
counter: 0  tigger :False heading angle 0 block_time :0.03 
---------------------------------------------------
[CALIB] t=1786184383.3110 counts=3404
-------------------------------------------------
Switch is ON
default green following
left greeen...
original angle: 4.70
r_time diff:1786184383.314104 r_time: 0 g_time diff: 0.0008344650268554688 g_time: 1786184383.3132985
left wall cx:0.0 right wal cx:0.0 outer left:0.0 outer right: 0.0
red centroid: 0.00 0.00 green centroid: 426.00 208.00
state 2
state 2 time :0.04871034622192383
avoding obstacle_state == 2
still avoding block for 0.05 sec
obstacle is beyonf limit state 2
fps:25.069965362548828
state:2 DUTY:84.82 target_power:75.00
close x: 0.0 close y: 0.0 close wall: 0.0 park_wall: 1131.0
centroid val: 426.0 servo_angle = 4.70 err = 94.0
pink: 0 green:1 red:0 
counter: 0  tigger :False heading angle 0 block_time :0.05 
---------------------------------------------------
[CALIB] t=1786184383.3312 counts=3494
-------------------------------------------------
Switch is ON
default green following
left greeen...
original angle: 3.65
r_time diff:1786184383.3319802 r_time: 0 g_time diff: 0.0006208419799804688 g_time: 1786184383.3314219
left wall cx:0.0 right wal cx:0.0 outer left:0.0 outer right: 0.0
red centroid: 0.00 0.00 green centroid: 447.00 218.00
state 2
state 2 time :0.06437206268310547
avoding obstacle_state == 2
still avoding block for 0.05 sec
obstacle is beyonf limit state 2
fps:25.069965362548828
state:2 DUTY:80.66 target_power:75.00
close x: 0.0 close y: 0.0 close wall: 0.0 park_wall: 1131.0
centroid val: 447.0 servo_angle = 3.65 err = 73.0
pink: 0 green:1 red:0 
counter: 0  tigger :False heading angle 0 block_time :0.07 
---------------------------------------------------
[CALIB] t=1786184383.3468 counts=3565
-------------------------------------------------
Switch is ON
default green following
left greeen...
original angle: 3.65
r_time diff:1786184383.3480504 r_time: 0 g_time diff: 0.00037288665771484375 g_time: 1786184383.3476994
left wall cx:0.0 right wal cx:0.0 outer left:0.0 outer right: 0.0
red centroid: 0.00 0.00 green centroid: 447.00 218.00
state 2
state 2 time :0.08045291900634766
shifting back to 1
fps:25.069965362548828
state:1 DUTY:82.54 target_power:75.00
close x: 0.0 close y: 0.0 close wall: 0.0 park_wall: 1131.0
centroid val: 447.0 servo_angle = 3.65 err = 73.0
pink: 0 green:1 red:0 
counter: 0  tigger :False heading angle 0 block_time :0.08 
---------------------------------------------------
[CALIB] t=1786184383.3602 counts=3636
-------------------------------------------------
Switch is ON
default green following
center greeen...
original angle: -6.35
r_time diff:1786184383.3606522 r_time: 0 g_time diff: 0.0002772808074951172 g_time: 1786184383.3603876
left wall cx:0.0 right wal cx:0.0 outer left:0.0 outer right: 0.0
red centroid: 0.00 0.00 green centroid: 467.00 231.00
shifting to state 2..
fps:25.783918380737305
state:2 DUTY:83.11 target_power:75.00
close x: 0.0 close y: 0.0 close wall: 0.0 park_wall: 1915.0
centroid val: 467.0 servo_angle = -6.35 err = -127.0
pink: 0 green:1 red:0 
counter: 0  tigger :True heading angle 0 block_time :0.00 
---------------------------------------------------
[CALIB] t=1786184383.3758 counts=3708
-------------------------------------------------
Switch is ON
default green following
left greeen...
original angle: 2.65
r_time diff:1786184383.3765364 r_time: 0 g_time diff: 0.0004668235778808594 g_time: 1786184383.376107
left wall cx:0.0 right wal cx:0.0 outer left:0.0 outer right: 0.0
red centroid: 0.00 0.00 green centroid: 467.00 231.00
state 2
state 2 time :0.017555713653564453
avoding obstacle_state == 2
still avoding block for 0.05 sec
obstacle is beyonf limit state 2
fps:25.783918380737305
state:2 DUTY:86.47 target_power:75.00
close x: 0.0 close y: 0.0 close wall: 0.0 park_wall: 1915.0
centroid val: 467.0 servo_angle = 2.65 err = 53.0
pink: 0 green:1 red:0 
counter: 1  tigger :True heading angle -90 block_time :0.02 
---------------------------------------------------
[CALIB] t=1786184383.3918 counts=3779
-------------------------------------------------
Switch is ON
default green following
left greeen...
original angle: 2.65
r_time diff:1786184383.3929145 r_time: 0 g_time diff: 0.0006723403930664062 g_time: 1786184383.3922668
left wall cx:0.0 right wal cx:0.0 outer left:0.0 outer right: 0.0
red centroid: 0.00 0.00 green centroid: 467.00 231.00
state 2
state 2 time :0.03325939178466797
avoding obstacle_state == 2
still avoding block for 0.05 sec
obstacle is beyonf limit state 2
fps:25.783918380737305
state:2 DUTY:77.89 target_power:75.00
close x: 0.0 close y: 0.0 close wall: 0.0 park_wall: 2340.5
centroid val: 467.0 servo_angle = 2.65 err = 53.0
pink: 0 green:1 red:0 
counter: 1  tigger :True heading angle -90 block_time :0.04 
---------------------------------------------------
[CALIB] t=1786184383.4115 counts=3871
-------------------------------------------------
Switch is ON
default green following
left greeen...
original angle: 1.60
r_time diff:1786184383.413483 r_time: 0 g_time diff: 0.0001971721649169922 g_time: 1786184383.4133015
left wall cx:0.0 right wal cx:0.0 outer left:0.0 outer right: 0.0
red centroid: 0.00 0.00 green centroid: 488.00 243.00
state 2
state 2 time :0.05287480354309082
avoding obstacle_state == 2
still avoding block for 0.05 sec
obstacle is beyonf limit state 2
fps:23.73853874206543
state:2 DUTY:85.19 target_power:75.00
close x: 0.0 close y: 0.0 close wall: 0.0 park_wall: 2340.5
centroid val: 488.0 servo_angle = 1.60 err = 32.0
pink: 0 green:1 red:0 
counter: 1  tigger :True heading angle -90 block_time :0.06 
---------------------------------------------------
[CALIB] t=1786184383.4283 counts=3947
-------------------------------------------------
Switch is ON
default green following
left greeen...
original angle: 1.60
r_time diff:1786184383.4290257 r_time: 0 g_time diff: 0.0002486705780029297 g_time: 1786184383.4287953
left wall cx:0.0 right wal cx:0.0 outer left:0.0 outer right: 0.0
red centroid: 0.00 0.00 green centroid: 488.00 243.00
state 2
state 2 time :0.06875967979431152
avoding obstacle_state == 2
still avoding block for 0.05 sec
obstacle is beyonf limit state 2
fps:23.73853874206543
state:2 DUTY:79.07 target_power:75.00
close x: 0.0 close y: 0.0 close wall: 0.0 park_wall: 2340.5
centroid val: 488.0 servo_angle = 1.60 err = 32.0
pink: 0 green:1 red:0 
counter: 1  tigger :True heading angle -90 block_time :0.07 
---------------------------------------------------
[CALIB] t=1786184383.4451 counts=4024
-------------------------------------------------
Switch is ON
default green following
left greeen...
original angle: 0.55
r_time diff:1786184383.4453979 r_time: 0 g_time diff: 0.0001246929168701172 g_time: 1786184383.4452856
left wall cx:0.0 right wal cx:0.0 outer left:0.0 outer right: 0.0
red centroid: 0.00 0.00 green centroid: 509.00 258.00
state 2
state 2 time :0.08470463752746582
shifting back to 1
fps:26.11863899230957
state:1 DUTY:82.74 target_power:75.00
close x: 0.0 close y: 0.0 close wall: 0.0 park_wall: 2848.0
centroid val: 509.0 servo_angle = 0.55 err = 11.0
pink: 0 green:1 red:0 
counter: 1  tigger :True heading angle -90 block_time :0.09 
---------------------------------------------------
[CALIB] t=1786184383.4571 counts=4082
-------------------------------------------------
Switch is ON
default green following
center greeen...
original angle: -8.45
r_time diff:1786184383.4576645 r_time: 0 g_time diff: 0.0002510547637939453 g_time: 1786184383.4574344
left wall cx:0.0 right wal cx:0.0 outer left:0.0 outer right: 0.0
red centroid: 0.00 0.00 green centroid: 509.00 258.00
shifting to state 2..
fps:26.11863899230957
state:2 DUTY:81.58 target_power:75.00
close x: 0.0 close y: 0.0 close wall: 0.0 park_wall: 2848.0
centroid val: 509.0 servo_angle = -8.45 err = -169.0
pink: 0 green:1 red:0 
counter: 1  tigger :True heading angle -90 block_time :0.00 
---------------------------------------------------
[CALIB] t=1786184383.4712 counts=4137
-------------------------------------------------
Switch is ON
default green following
left greeen...
original angle: 0.55
r_time diff:1786184383.4751143 r_time: 0 g_time diff: 0.0014357566833496094 g_time: 1786184383.4737089
left wall cx:0.0 right wal cx:0.0 outer left:0.0 outer right: 0.0
red centroid: 0.00 0.00 green centroid: 509.00 258.00
state 2
state 2 time :0.018018722534179688
avoding obstacle_state == 2
still avoding block for 0.05 sec
obstacle is beyonf limit state 2
fps:26.11863899230957
state:2 DUTY:80.16 target_power:75.00
close x: 0.0 close y: 0.0 close wall: 0.0 park_wall: 2848.0
centroid val: 509.0 servo_angle = 0.55 err = 11.0
pink: 0 green:1 red:0 
counter: 1  tigger :True heading angle -90 block_time :0.02 
---------------------------------------------------
[CALIB] t=1786184383.4907 counts=4234
-------------------------------------------------
Switch is ON
default green following
left greeen...
original angle: -0.45
r_time diff:1786184383.4916968 r_time: 0 g_time diff: 0.0001399517059326172 g_time: 1786184383.4915714
left wall cx:0.0 right wal cx:0.0 outer left:0.0 outer right: 0.0
red centroid: 0.00 0.00 green centroid: 529.00 276.00
state 2
state 2 time :0.0340273380279541
avoding obstacle_state == 2
still avoding block for 0.05 sec
obstacle is beyonf limit state 2
fps:23.857254028320312
state:2 DUTY:80.90 target_power:75.00
close x: 0.0 close y: 0.0 close wall: 0.0 park_wall: 3441.0
centroid val: 529.0 servo_angle = -0.45 err = -9.0
pink: 0 green:1 red:0 
counter: 1  tigger :True heading angle -90 block_time :0.04 
---------------------------------------------------
[CALIB] t=1786184383.5078 counts=4327
-------------------------------------------------
Switch is ON
default green following
left greeen...
original angle: -0.45
r_time diff:1786184383.5092614 r_time: 0 g_time diff: 0.000873565673828125 g_time: 1786184383.5084107
left wall cx:0.0 right wal cx:0.0 outer left:0.0 outer right: 0.0
red centroid: 0.00 0.00 green centroid: 529.00 276.00
state 2
state 2 time :0.0516362190246582
avoding obstacle_state == 2
still avoding block for 0.05 sec
obstacle is beyonf limit state 2
fps:23.857254028320312
state:2 DUTY:81.52 target_power:75.00
close x: 0.0 close y: 0.0 close wall: 0.0 park_wall: 3441.0
centroid val: 529.0 servo_angle = -0.45 err = -9.0
pink: 0 green:1 red:0 
counter: 1  tigger :True heading angle -90 block_time :0.05 
---------------------------------------------------
[CALIB] t=1786184383.5236 counts=4390
-------------------------------------------------
Switch is ON
default green following
left greeen...
original angle: -1.65
r_time diff:1786184383.5238562 r_time: 0 g_time diff: 0.00012731552124023438 g_time: 1786184383.5237422
left wall cx:0.0 right wal cx:575.0 outer left:0.0 outer right: 0.0
red centroid: 0.00 0.00 green centroid: 553.00 283.00
state 2
state 2 time :0.06611919403076172
avoding obstacle_state == 2
still avoding block for 0.05 sec
obstacle is beyonf limit state 2
fps:25.822298049926758
state:2 DUTY:86.31 target_power:75.00
close x: 0.0 close y: 0.0 close wall: 0.0 park_wall: 3725.0
centroid val: 553.0 servo_angle = -1.65 err = -33.0
pink: 0 green:1 red:0 
counter: 1  tigger :True heading angle -90 block_time :0.07 
---------------------------------------------------
[CALIB] t=1786184383.5374 counts=4467
-------------------------------------------------
Switch is ON
default green following
left greeen...
original angle: -1.65
r_time diff:1786184383.5378726 r_time: 0 g_time diff: 0.00020384788513183594 g_time: 1786184383.5376825
left wall cx:0.0 right wal cx:575.0 outer left:0.0 outer right: 0.0
red centroid: 0.00 0.00 green centroid: 553.00 283.00
state 2
state 2 time :0.08021235466003418
shifting back to 1
fps:25.822298049926758
state:1 DUTY:71.74 target_power:75.00
close x: 0.0 close y: 0.0 close wall: 0.0 park_wall: 3725.0
centroid val: 553.0 servo_angle = -1.65 err = -33.0
pink: 0 green:1 red:0 
counter: 1  tigger :True heading angle -90 block_time :0.08 
---------------------------------------------------
[CALIB] t=1786184383.5498 counts=4525
-------------------------------------------------
Switch is ON
default green following
center greeen...
original angle: -10.65
r_time diff:1786184383.5518088 r_time: 0 g_time diff: 0.001552581787109375 g_time: 1786184383.550273
left wall cx:0.0 right wal cx:575.0 outer left:0.0 outer right: 0.0
red centroid: 0.00 0.00 green centroid: 553.00 283.00
shifting to state 2..
fps:25.822298049926758
state:2 DUTY:80.72 target_power:75.00
close x: 0.0 close y: 0.0 close wall: 0.0 park_wall: 3725.0
centroid val: 553.0 servo_angle = -10.65 err = -213.0
pink: 0 green:1 red:0 
counter: 1  tigger :True heading angle -90 block_time :0.00 
---------------------------------------------------
[CALIB] t=1786184383.5664 counts=4605
-------------------------------------------------
Switch is ON
default green following
left greeen...
original angle: -3.25
r_time diff:1786184383.5676818 r_time: 0 g_time diff: 0.00016188621520996094 g_time: 1786184383.567535
left wall cx:0.0 right wal cx:581.0 outer left:0.0 outer right: 0.0
red centroid: 0.00 0.00 green centroid: 585.00 279.00
state 2
state 2 time :0.015230417251586914
avoding obstacle_state == 2
still avoding block for 0.05 sec
obstacle is beyonf limit state 2
fps:24.875873565673828
state:2 DUTY:78.02 target_power:75.00
close x: 0.0 close y: 0.0 close wall: 0.0 park_wall: 3934.5
centroid val: 585.0 servo_angle = -3.25 err = -65.0
pink: 0 green:1 red:0 
counter: 1  tigger :True heading angle -90 block_time :0.02 
---------------------------------------------------
[CALIB] t=1786184383.5808 counts=4681
-------------------------------------------------
Switch is ON
default green following
left greeen...
original angle: -3.25
r_time diff:1786184383.5811408 r_time: 0 g_time diff: 0.0001461505889892578 g_time: 1786184383.581008
left wall cx:0.0 right wal cx:581.0 outer left:0.0 outer right: 0.0
red centroid: 0.00 0.00 green centroid: 585.00 279.00
state 2
state 2 time :0.028546571731567383
avoding obstacle_state == 2
still avoding block for 0.05 sec
obstacle is beyonf limit state 2
fps:24.875873565673828
state:2 DUTY:83.59 target_power:75.00
close x: 0.0 close y: 0.0 close wall: 0.0 park_wall: 3934.5
centroid val: 585.0 servo_angle = -3.25 err = -65.0
pink: 0 green:1 red:0 
counter: 1  tigger :True heading angle -90 block_time :0.03 
---------------------------------------------------
[CALIB] t=1786184383.5954 counts=4736
-------------------------------------------------
Switch is ON
default green following
left greeen...
original angle: -3.25
r_time diff:1786184383.5980203 r_time: 0 g_time diff: 0.0004830360412597656 g_time: 1786184383.5975678
left wall cx:0.0 right wal cx:581.0 outer left:0.0 outer right: 0.0
red centroid: 0.00 0.00 green centroid: 585.00 279.00
state 2
state 2 time :0.04598069190979004
avoding obstacle_state == 2
still avoding block for 0.05 sec
obstacle is beyonf limit state 2
fps:24.044824600219727
state:2 DUTY:82.49 target_power:75.00
close x: 0.0 close y: 0.0 close wall: 0.0 park_wall: 4324.0
centroid val: 585.0 servo_angle = -3.25 err = -65.0
pink: 0 green:1 red:0 
counter: 1  tigger :True heading angle -90 block_time :0.05 
---------------------------------------------------
[CALIB] t=1786184383.6133 counts=4838
-------------------------------------------------
Switch is ON
default green following
left greeen...
original angle: -3.95
r_time diff:1786184383.6145818 r_time: 0 g_time diff: 0.0007266998291015625 g_time: 1786184383.6138775
left wall cx:0.0 right wal cx:588.0 outer left:0.0 outer right: 0.0
red centroid: 0.00 0.00 green centroid: 599.00 301.00
state 2
state 2 time :0.062416791915893555
avoding obstacle_state == 2
still avoding block for 0.05 sec
obstacle is beyonf limit state 2
fps:24.044824600219727
state:2 DUTY:74.10 target_power:75.00
close x: 0.0 close y: 0.0 close wall: 0.0 park_wall: 4324.0
centroid val: 599.0 servo_angle = -3.95 err = -79.0
pink: 0 green:1 red:0 
counter: 1  tigger :True heading angle -90 block_time :0.06 
---------------------------------------------------
[CALIB] t=1786184383.6293 counts=4916
-------------------------------------------------
Switch is ON
default green following
left greeen...
original angle: -3.95
r_time diff:1786184383.629902 r_time: 0 g_time diff: 0.0002620220184326172 g_time: 1786184383.6296546
left wall cx:0.0 right wal cx:588.0 outer left:0.0 outer right: 0.0
red centroid: 0.00 0.00 green centroid: 599.00 301.00
state 2
state 2 time :0.07752323150634766
avoding obstacle_state == 2
still avoding block for 0.05 sec
obstacle is beyonf limit state 2
fps:24.044824600219727
state:2 DUTY:80.95 target_power:75.00
close x: 0.0 close y: 0.0 close wall: 0.0 park_wall: 4324.0
centroid val: 599.0 servo_angle = -3.95 err = -79.0
pink: 0 green:1 red:0 
counter: 1  tigger :True heading angle -90 block_time :0.08 
---------------------------------------------------
[CALIB] t=1786184383.6435 counts=4990
-------------------------------------------------
Switch is ON
default green following
left greeen...
original angle: -4.45
r_time diff:1786184383.6438 r_time: 0 g_time diff: 0.0001304149627685547 g_time: 1786184383.6436818
left wall cx:0.0 right wal cx:0.0 outer left:0.0 outer right: 0.0
red centroid: 0.00 0.00 green centroid: 609.00 324.00
state 2
state 2 time :0.09125661849975586
shifting back to 1
fps:27.125690460205078
state:1 DUTY:77.36 target_power:75.00
close x: 0.0 close y: 0.0 close wall: 0.0 park_wall: 4974.5
centroid val: 609.0 servo_angle = -4.45 err = -89.0
pink: 0 green:1 red:0 
counter: 1  tigger :True heading angle -90 block_time :0.09 
---------------------------------------------------
[CALIB] t=1786184383.6579 counts=5059
-------------------------------------------------
Switch is ON
default green following
center greeen...
original angle: -13.45
r_time diff:1786184383.6586244 r_time: 0 g_time diff: 0.0002968311309814453 g_time: 1786184383.6583617
left wall cx:0.0 right wal cx:0.0 outer left:0.0 outer right: 0.0
red centroid: 0.00 0.00 green centroid: 609.00 324.00
shifting to state 2..
fps:27.125690460205078
state:2 DUTY:83.91 target_power:75.00
close x: 0.0 close y: 0.0 close wall: 0.0 park_wall: 4974.5
centroid val: 609.0 servo_angle = -13.45 err = -269.0
pink: 0 green:1 red:0 
counter: 1  tigger :True heading angle -90 block_time :0.00 
---------------------------------------------------
[CALIB] t=1786184383.6726 counts=5138
-------------------------------------------------
Switch is ON
default green following
left greeen...
original angle: -4.45
r_time diff:1786184383.6730762 r_time: 0 g_time diff: 0.0002627372741699219 g_time: 1786184383.6728382
left wall cx:0.0 right wal cx:0.0 outer left:0.0 outer right: 0.0
red centroid: 0.00 0.00 green centroid: 609.00 324.00
state 2
state 2 time :0.014521598815917969
avoding obstacle_state == 2
still avoding block for 0.05 sec
obstacle is beyonf limit state 2
fps:27.125690460205078
state:2 DUTY:76.90 target_power:75.00
close x: 0.0 close y: 0.0 close wall: 0.0 park_wall: 4974.5
centroid val: 609.0 servo_angle = -4.45 err = -89.0
pink: 0 green:1 red:0 
counter: 1  tigger :True heading angle -90 block_time :0.02 
---------------------------------------------------
[CALIB] t=1786184383.6858 counts=5200
-------------------------------------------------
Switch is ON
default green following
left greeen...
original angle: -4.95
r_time diff:1786184383.6861956 r_time: 0 g_time diff: 0.0001347064971923828 g_time: 1786184383.6860735
left wall cx:0.0 right wal cx:0.0 outer left:0.0 outer right: 0.0
red centroid: 0.00 0.00 green centroid: 619.00 341.00
state 2
state 2 time :0.02754688262939453
avoding obstacle_state == 2
still avoding block for 0.05 sec
obstacle is beyonf limit state 2
fps:23.763954162597656
state:2 DUTY:77.11 target_power:75.00
close x: 0.0 close y: 0.0 close wall: 0.0 park_wall: 5375.0
centroid val: 619.0 servo_angle = -4.95 err = -99.0
pink: 0 green:1 red:0 
counter: 1  tigger :True heading angle -90 block_time :0.03 
---------------------------------------------------
[CALIB] t=1786184383.7014 counts=5279
-------------------------------------------------
Switch is ON
default green following
left greeen...
original angle: -4.95
r_time diff:1786184383.7017386 r_time: 0 g_time diff: 0.00018548965454101562 g_time: 1786184383.7015665
left wall cx:0.0 right wal cx:0.0 outer left:0.0 outer right: 0.0
red centroid: 0.00 0.00 green centroid: 619.00 341.00
state 2
state 2 time :0.043154001235961914
avoding obstacle_state == 2
still avoding block for 0.05 sec
obstacle is beyonf limit state 2
fps:23.763954162597656
state:2 DUTY:82.19 target_power:75.00
close x: 0.0 close y: 0.0 close wall: 0.0 park_wall: 5375.0
centroid val: 619.0 servo_angle = -4.95 err = -99.0
pink: 0 green:1 red:0 
counter: 1  tigger :True heading angle -90 block_time :0.05 
---------------------------------------------------
[CALIB] t=1786184383.7190 counts=5362
-------------------------------------------------
Switch is ON
original angle: 0.00
r_time diff:1786184383.719321 r_time: 0 g_time diff: 0.017772912979125977 g_time: 1786184383.7015665
left wall cx:0.0 right wal cx:0.0 outer left:0.0 outer right: 0.0
red centroid: 0.00 0.00 green centroid: 0.00 0.00
state 2
state 2 time :0.06065702438354492
avoding obstacle_state == 2
still avoding block for 0.05 sec
obstacle is beyonf limit state 2
fps:26.48978614807129
state:2 DUTY:100.00 target_power:90.00
close x: 0.0 close y: 0.0 close wall: 0.0 park_wall: 5523.5
centroid val: 0 servo_angle = 0.00 err = 0
pink: 0 green:0 red:0 
counter: 1  tigger :True heading angle -90 block_time :0.06 
---------------------------------------------------
[CALIB] t=1786184383.7332 counts=5436
-------------------------------------------------
Switch is ON
original angle: 0.00
r_time diff:1786184383.733958 r_time: 0 g_time diff: 0.0324099063873291 g_time: 1786184383.7015665
left wall cx:0.0 right wal cx:0.0 outer left:0.0 outer right: 0.0
red centroid: 0.00 0.00 green centroid: 0.00 0.00
state 2
state 2 time :0.07543039321899414
avoding obstacle_state == 2
still avoding block for 0.05 sec
obstacle is beyonf limit state 2
fps:26.48978614807129
state:2 DUTY:95.43 target_power:90.00
close x: 0.0 close y: 0.0 close wall: 0.0 park_wall: 5523.5
centroid val: 0 servo_angle = 0.00 err = 0
pink: 0 green:0 red:0 
counter: 1  tigger :True heading angle -90 block_time :0.08 
---------------------------------------------------
[CALIB] t=1786184383.7499 counts=5517
-------------------------------------------------
Switch is ON
original angle: 0.00
r_time diff:1786184383.7511427 r_time: 0 g_time diff: 0.04961085319519043 g_time: 1786184383.7015665
left wall cx:0.0 right wal cx:0.0 outer left:0.0 outer right: 0.0
red centroid: 0.00 0.00 green centroid: 0.00 0.00
state 2
state 2 time :0.09300947189331055
shifting back to 1
fps:26.48978614807129
state:1 DUTY:100.00 target_power:90.00
close x: 0.0 close y: 0.0 close wall: 0.0 park_wall: 5523.5
centroid val: 0 servo_angle = 0.00 err = 0
pink: 0 green:0 red:0 
counter: 1  tigger :True heading angle -90 block_time :0.09 
---------------------------------------------------
[CALIB] t=1786184383.7643 counts=5601
-------------------------------------------------
Switch is ON
original angle: 0.00
r_time diff:1786184383.764766 r_time: 0 g_time diff: 0.06321215629577637 g_time: 1786184383.7015665
left wall cx:0.0 right wal cx:0.0 outer left:0.0 outer right: 0.0
red centroid: 0.00 0.00 green centroid: 0.00 0.00
state 1 default
no green or red detected, correcting heading...
state 1 correcting no/both walls
fps:23.87345314025879
state:1 DUTY:100.00 target_power:90.00
close x: 0.0 close y: 0.0 close wall: 0.0 park_wall: 5600.0
centroid val: 0 servo_angle = 0.00 err = 0
pink: 0 green:0 red:0 
counter: 1  tigger :True heading angle -90 block_time :0.11 
---------------------------------------------------
[CALIB] t=1786184383.7812 counts=5681
-------------------------------------------------
Switch is ON
original angle: 0.00
r_time diff:1786184383.781922 r_time: 0 g_time diff: 0.08039069175720215 g_time: 1786184383.7015665
left wall cx:0.0 right wal cx:0.0 outer left:0.0 outer right: 0.0
red centroid: 0.00 0.00 green centroid: 0.00 0.00
state 1 default
no green or red detected, correcting heading...
state 1 correcting no/both walls
fps:23.87345314025879
state:1 DUTY:100.00 target_power:90.00
close x: 0.0 close y: 0.0 close wall: 0.0 park_wall: 5600.0
centroid val: 0 servo_angle = 0.00 err = 0
pink: 0 green:0 red:0 
counter: 1  tigger :True heading angle -90 block_time :0.13 
---------------------------------------------------
[CALIB] t=1786184383.7964 counts=5764
-------------------------------------------------
Switch is ON
original angle: 0.00
r_time diff:1786184383.79667 r_time: 0 g_time diff: 0.09511613845825195 g_time: 1786184383.7015665
left wall cx:0.0 right wal cx:0.0 outer left:0.0 outer right: 0.0
red centroid: 0.00 0.00 green centroid: 0.00 0.00
state 1 default
no green or red detected, correcting heading...
state 1 correcting no/both walls
fps:27.415246963500977
state:1 DUTY:100.00 target_power:90.00
close x: 0.0 close y: 0.0 close wall: 0.0 park_wall: 5523.5
centroid val: 0 servo_angle = 0.00 err = 0
pink: 0 green:0 red:0 
counter: 1  tigger :True heading angle -90 block_time :0.14 
---------------------------------------------------
[CALIB] t=1786184383.8097 counts=5827
-------------------------------------------------
Switch is ON
original angle: 0.00
r_time diff:1786184383.8110929 r_time: 0 g_time diff: 0.10954165458679199 g_time: 1786184383.7015665
left wall cx:0.0 right wal cx:0.0 outer left:0.0 outer right: 0.0
red centroid: 0.00 0.00 green centroid: 0.00 0.00
state 1 default
no green or red detected, correcting heading...
state 1 correcting no/both walls
fps:27.415246963500977
state:1 DUTY:100.00 target_power:90.00
close x: 0.0 close y: 0.0 close wall: 0.0 park_wall: 5523.5
centroid val: 0 servo_angle = 0.00 err = 0
pink: 0 green:0 red:0 
counter: 1  tigger :True heading angle -90 block_time :0.16 
---------------------------------------------------
[CALIB] t=1786184383.8253 counts=5907
-------------------------------------------------
Switch is ON
original angle: 0.00
r_time diff:1786184383.8260868 r_time: 0 g_time diff: 0.12453913688659668 g_time: 1786184383.7015665
left wall cx:0.0 right wal cx:0.0 outer left:0.0 outer right: 0.0
red centroid: 0.00 0.00 green centroid: 0.00 0.00
state 1 default
no green or red detected, correcting heading...
state 1 correcting no/both walls
fps:27.415246963500977
state:1 DUTY:100.00 target_power:90.00
close x: 0.0 close y: 0.0 close wall: 0.0 park_wall: 5523.5
centroid val: 0 servo_angle = 0.00 err = 0
pink: 0 green:0 red:0 
counter: 1  tigger :True heading angle -90 block_time :0.17 
---------------------------------------------------
[CALIB] t=1786184383.8417 counts=5993
-------------------------------------------------
Switch is ON
original angle: 0.00
r_time diff:1786184383.8420637 r_time: 0 g_time diff: 0.14051508903503418 g_time: 1786184383.7015665
left wall cx:0.0 right wal cx:0.0 outer left:0.0 outer right: 0.0
red centroid: 0.00 0.00 green centroid: 0.00 0.00
state 1 default
no green or red detected, correcting heading...
state 1 correcting no/both walls
fps:23.819612503051758
state:1 DUTY:100.00 target_power:90.00
close x: 0.0 close y: 0.0 close wall: 0.0 park_wall: 5199.5
centroid val: 0 servo_angle = 0.00 err = 0
pink: 0 green:0 red:0 
counter: 1  tigger :True heading angle -90 block_time :0.18 
---------------------------------------------------
[CALIB] t=1786184383.8562 counts=6065
-------------------------------------------------
Switch is ON
original angle: 0.00
r_time diff:1786184383.857119 r_time: 0 g_time diff: 0.15557122230529785 g_time: 1786184383.7015665
left wall cx:0.0 right wal cx:0.0 outer left:0.0 outer right: 0.0
red centroid: 0.00 0.00 green centroid: 0.00 0.00
state 1 default
no green or red detected, correcting heading...
state 1 correcting no/both walls
fps:23.819612503051758
state:1 DUTY:99.42 target_power:90.00
close x: 0.0 close y: 0.0 close wall: 0.0 park_wall: 5199.5
centroid val: 0 servo_angle = 0.00 err = 0
pink: 0 green:0 red:0 
counter: 1  tigger :True heading angle -90 block_time :0.20 
---------------------------------------------------
[CALIB] t=1786184383.8703 counts=6134
-------------------------------------------------
Switch is ON
original angle: 0.00
r_time diff:1786184383.8719246 r_time: 0 g_time diff: 0.17038273811340332 g_time: 1786184383.7015665
left wall cx:0.0 right wal cx:0.0 outer left:0.0 outer right: 0.0
red centroid: 0.00 0.00 green centroid: 0.00 0.00
state 1 default
no green or red detected, correcting heading...
state 1 correcting no/both walls
fps:23.819612503051758
state:1 DUTY:100.00 target_power:90.00
close x: 0.0 close y: 0.0 close wall: 0.0 park_wall: 4829.0
centroid val: 0 servo_angle = 0.00 err = 0
pink: 0 green:0 red:0 
counter: 1  tigger :True heading angle -90 block_time :0.22 
---------------------------------------------------
[CALIB] t=1786184383.8902 counts=6237
-------------------------------------------------
Switch is ON
original angle: 0.00
r_time diff:1786184383.8906326 r_time: 0 g_time diff: 0.18908357620239258 g_time: 1786184383.7015665
left wall cx:0.0 right wal cx:0.0 outer left:0.0 outer right: 525.0
red centroid: 0.00 0.00 green centroid: 0.00 0.00
state 1 default
no green or red detected, correcting heading...
correcting outer right wall...
fps:24.339128494262695
state:1 DUTY:97.48 target_power:90.00
close x: 0.0 close y: 0.0 close wall: 0.0 park_wall: 4829.0
centroid val: 0 servo_angle = 0.00 err = 0
pink: 0 green:0 red:0 
counter: 1  tigger :True heading angle -90 block_time :0.24 
---------------------------------------------------
[CALIB] t=1786184383.9064 counts=6320
-------------------------------------------------
Switch is ON
original angle: 0.00
r_time diff:1786184383.9088714 r_time: 0 g_time diff: 0.20736479759216309 g_time: 1786184383.7015665
left wall cx:0.0 right wal cx:0.0 outer left:0.0 outer right: 525.0
red centroid: 0.00 0.00 green centroid: 0.00 0.00
state 1 default
no green or red detected, correcting heading...
correcting outer right wall...
fps:24.339128494262695
state:1 DUTY:100.00 target_power:90.00
close x: 0.0 close y: 0.0 close wall: 0.0 park_wall: 4829.0
centroid val: 0 servo_angle = 0.00 err = 0
pink: 0 green:0 red:0 
counter: 1  tigger :True heading angle -90 block_time :0.25 
---------------------------------------------------
[CALIB] t=1786184383.9220 counts=6405
-------------------------------------------------
Switch is ON
original angle: 0.00
r_time diff:1786184383.9223008 r_time: 0 g_time diff: 0.2207479476928711 g_time: 1786184383.7015665
left wall cx:0.0 right wal cx:0.0 outer left:0.0 outer right: 529.0
red centroid: 0.00 0.00 green centroid: 0.00 0.00
state 1 default
no green or red detected, correcting heading...
correcting outer right wall...
fps:24.8697452545166
state:1 DUTY:100.00 target_power:90.00
close x: 0.0 close y: 0.0 close wall: 0.0 park_wall: 4114.5
centroid val: 0 servo_angle = 0.00 err = 0
pink: 0 green:0 red:0 
counter: 1  tigger :True heading angle -90 block_time :0.26 
---------------------------------------------------
[CALIB] t=1786184383.9347 counts=6469
-------------------------------------------------
Switch is ON
original angle: 0.00
r_time diff:1786184383.934973 r_time: 0 g_time diff: 0.23342061042785645 g_time: 1786184383.7015665
left wall cx:0.0 right wal cx:0.0 outer left:0.0 outer right: 529.0
red centroid: 0.00 0.00 green centroid: 0.00 0.00
state 1 default
no green or red detected, correcting heading...
correcting outer right wall...
fps:24.8697452545166
state:1 DUTY:94.47 target_power:90.00
close x: 0.0 close y: 0.0 close wall: 0.0 park_wall: 4114.5
centroid val: 0 servo_angle = 0.00 err = 0
pink: 0 green:0 red:0 
counter: 1  tigger :True heading angle -90 block_time :0.28 
---------------------------------------------------
[CALIB] t=1786184383.9497 counts=6547
-------------------------------------------------
Switch is ON
original angle: 0.00
r_time diff:1786184383.9500399 r_time: 0 g_time diff: 0.2484900951385498 g_time: 1786184383.7015665
left wall cx:0.0 right wal cx:0.0 outer left:0.0 outer right: 529.0
red centroid: 0.00 0.00 green centroid: 0.00 0.00
state 1 default
no green or red detected, correcting heading...
correcting outer right wall...
fps:24.8697452545166
state:1 DUTY:100.00 target_power:90.00
close x: 0.0 close y: 0.0 close wall: 0.0 park_wall: 4114.5
centroid val: 0 servo_angle = 0.00 err = 0
pink: 0 green:0 red:0 
counter: 1  tigger :True heading angle -90 block_time :0.29 
---------------------------------------------------
[CALIB] t=1786184383.9637 counts=6630
-------------------------------------------------
Switch is ON
original angle: 0.00
r_time diff:1786184383.963982 r_time: 0 g_time diff: 0.262432336807251 g_time: 1786184383.7015665
left wall cx:0.0 right wal cx:0.0 outer left:0.0 outer right: 529.0
red centroid: 0.00 0.00 green centroid: 0.00 0.00
state 1 default
no green or red detected, correcting heading...
state 1 correcting no/both walls
fps:24.567703247070312
state:1 DUTY:93.56 target_power:90.00
close x: 0.0 close y: 0.0 close wall: 1315.5 park_wall: 3182.0
centroid val: 0 servo_angle = 0.00 err = 0
pink: 0 green:0 red:0 
counter: 1  tigger :True heading angle -90 block_time :0.31 
---------------------------------------------------
[CALIB] t=1786184383.9769 counts=6693
-------------------------------------------------
Switch is ON
original angle: 0.00
r_time diff:1786184383.9773037 r_time: 0 g_time diff: 0.27575135231018066 g_time: 1786184383.7015665
left wall cx:0.0 right wal cx:0.0 outer left:0.0 outer right: 529.0
red centroid: 0.00 0.00 green centroid: 0.00 0.00
state 1 default
no green or red detected, correcting heading...
state 1 correcting no/both walls
fps:24.567703247070312
state:1 DUTY:100.00 target_power:90.00
close x: 0.0 close y: 0.0 close wall: 1315.5 park_wall: 3182.0
centroid val: 0 servo_angle = 0.00 err = 0
pink: 0 green:0 red:0 
counter: 1  tigger :True heading angle -90 block_time :0.32 
---------------------------------------------------
[CALIB] t=1786184383.9902 counts=6755
-------------------------------------------------
Switch is ON
original angle: 0.00
r_time diff:1786184383.9912276 r_time: 0 g_time diff: 0.28970909118652344 g_time: 1786184383.7015665
left wall cx:0.0 right wal cx:0.0 outer left:0.0 outer right: 529.0
red centroid: 0.00 0.00 green centroid: 0.00 0.00
state 1 default
no green or red detected, correcting heading...
state 1 correcting no/both walls
fps:24.567703247070312
state:1 DUTY:99.24 target_power:90.00
close x: 0.0 close y: 0.0 close wall: 1315.5 park_wall: 3182.0
centroid val: 0 servo_angle = 0.00 err = 0
pink: 0 green:0 red:0 
counter: 1  tigger :True heading angle -90 block_time :0.34 
---------------------------------------------------
[CALIB] t=1786184384.0056 counts=6837
-------------------------------------------------
Switch is ON
original angle: 0.00
r_time diff:1786184384.0058508 r_time: 0 g_time diff: 0.30429744720458984 g_time: 1786184383.7015665
left wall cx:0.0 right wal cx:0.0 outer left:80.0 outer right: 522.0
red centroid: 0.00 0.00 green centroid: 0.00 0.00
state 1 default
no green or red detected, correcting heading...
state 1 correcting no/both walls
fps:26.434703826904297
state:1 DUTY:100.00 target_power:90.00
close x: 0.0 close y: 0.0 close wall: 2530.0 park_wall: 2298.0
centroid val: 0 servo_angle = 0.00 err = 0
pink: 0 green:0 red:0 
counter: 1  tigger :True heading angle -90 block_time :0.35 
---------------------------------------------------
[CALIB] t=1786184384.0188 counts=6901
-------------------------------------------------
Switch is ON
original angle: 0.00
r_time diff:1786184384.0190516 r_time: 0 g_time diff: 0.31749892234802246 g_time: 1786184383.7015665
left wall cx:0.0 right wal cx:0.0 outer left:80.0 outer right: 522.0
red centroid: 0.00 0.00 green centroid: 0.00 0.00
state 1 default
no green or red detected, correcting heading...
state 1 correcting no/both walls
fps:26.434703826904297
state:1 DUTY:96.40 target_power:90.00
close x: 0.0 close y: 0.0 close wall: 2530.0 park_wall: 2298.0
centroid val: 0 servo_angle = 0.00 err = 0
pink: 0 green:0 red:0 
counter: 1  tigger :True heading angle -90 block_time :0.36 
---------------------------------------------------
[CALIB] t=1786184384.0333 counts=6983
-------------------------------------------------
Switch is ON
original angle: 0.00
r_time diff:1786184384.033702 r_time: 0 g_time diff: 0.33216428756713867 g_time: 1786184383.7015665
left wall cx:0.0 right wal cx:0.0 outer left:80.0 outer right: 522.0
red centroid: 0.00 0.00 green centroid: 0.00 0.00
state 1 default
no green or red detected, correcting heading...
state 1 correcting no/both walls
fps:25.010385513305664
state:1 DUTY:98.34 target_power:90.00
close x: 0.0 close y: 0.0 close wall: 4034.0 park_wall: 1072.0
centroid val: 0 servo_angle = 0.00 err = 0
pink: 0 green:0 red:0 
counter: 1  tigger :True heading angle -90 block_time :0.38 
---------------------------------------------------
[CALIB] t=1786184384.0493 counts=7070
-------------------------------------------------
Switch is ON
original angle: 0.00
r_time diff:1786184384.0495706 r_time: 0 g_time diff: 0.3480186462402344 g_time: 1786184383.7015665
left wall cx:0.0 right wal cx:0.0 outer left:71.0 outer right: 517.0
red centroid: 0.00 0.00 green centroid: 0.00 0.00
state 1 default
no green or red detected, correcting heading...
state 1 correcting no/both walls
fps:25.010385513305664
state:1 DUTY:100.00 target_power:90.00
close x: 0.0 close y: 0.0 close wall: 4034.0 park_wall: 1072.0
centroid val: 0 servo_angle = 0.00 err = 0
pink: 0 green:0 red:0 
counter: 1  tigger :True heading angle -90 block_time :0.39 
---------------------------------------------------
[CALIB] t=1786184384.0627 counts=7126
-------------------------------------------------
Switch is ON
original angle: 0.00
r_time diff:1786184384.064901 r_time: 0 g_time diff: 0.3633542060852051 g_time: 1786184383.7015665
left wall cx:0.0 right wal cx:0.0 outer left:71.0 outer right: 517.0
red centroid: 0.00 0.00 green centroid: 0.00 0.00
state 1 default
no green or red detected, correcting heading...
state 1 correcting no/both walls
fps:25.010385513305664
state:1 DUTY:100.00 target_power:90.00
close x: 0.0 close y: 0.0 close wall: 4034.0 park_wall: 1072.0
centroid val: 0 servo_angle = 0.00 err = 0
pink: 0 green:0 red:0 
counter: 1  tigger :True heading angle -90 block_time :0.41 
---------------------------------------------------
[CALIB] t=1786184384.0798 counts=7236
-------------------------------------------------
Switch is ON
original angle: 0.00
r_time diff:1786184384.0803013 r_time: 0 g_time diff: 0.37874937057495117 g_time: 1786184383.7015665
left wall cx:0.0 right wal cx:0.0 outer left:68.0 outer right: 513.0
red centroid: 0.00 0.00 green centroid: 0.00 0.00
state 1 default
no green or red detected, correcting heading...
state 1 correcting no/both walls
fps:22.97297477722168
state:1 DUTY:83.66 target_power:90.00
close x: 0.0 close y: 0.0 close wall: 5391.0 park_wall: 0.0
centroid val: 0 servo_angle = 0.00 err = 0
pink: 0 green:0 red:0 
counter: 1  tigger :True heading angle -90 block_time :0.42 
---------------------------------------------------
[CALIB] t=1786184384.0945 counts=7315
-------------------------------------------------
Switch is ON
original angle: 0.00
r_time diff:1786184384.0956464 r_time: 0 g_time diff: 0.3941018581390381 g_time: 1786184383.7015665
left wall cx:0.0 right wal cx:0.0 outer left:68.0 outer right: 513.0
red centroid: 0.00 0.00 green centroid: 0.00 0.00
state 1 default
no green or red detected, correcting heading...
state 1 correcting no/both walls
fps:22.97297477722168
state:1 DUTY:100.00 target_power:90.00
close x: 0.0 close y: 0.0 close wall: 5391.0 park_wall: 0.0
centroid val: 0 servo_angle = 0.00 err = 0
pink: 0 green:0 red:0 
counter: 1  tigger :True heading angle -90 block_time :0.44 
---------------------------------------------------
[CALIB] t=1786184384.1121 counts=7406
-------------------------------------------------
Switch is ON
original angle: 0.00
r_time diff:1786184384.1124816 r_time: 0 g_time diff: 0.41098451614379883 g_time: 1786184383.7015665
left wall cx:0.0 right wal cx:0.0 outer left:68.0 outer right: 513.0
red centroid: 0.00 0.00 green centroid: 0.00 0.00
state 1 default
no green or red detected, correcting heading...
state 1 correcting no/both walls
fps:22.97297477722168
state:1 DUTY:100.00 target_power:90.00
close x: 0.0 close y: 0.0 close wall: 5391.0 park_wall: 0.0
centroid val: 0 servo_angle = 0.00 err = 0
pink: 0 green:0 red:0 
counter: 1  tigger :True heading angle -90 block_time :0.46 
---------------------------------------------------
[CALIB] t=1786184384.1254 counts=7471
-------------------------------------------------
Switch is ON
original angle: 0.00
r_time diff:1786184384.1256583 r_time: 0 g_time diff: 0.424105167388916 g_time: 1786184383.7015665
left wall cx:0.0 right wal cx:0.0 outer left:68.0 outer right: 515.0
red centroid: 0.00 0.00 green centroid: 0.00 0.00
state 1 default
no green or red detected, correcting heading...
state 1 correcting no/both walls
fps:27.01007652282715
state:1 DUTY:95.58 target_power:90.00
close x: 0.0 close y: 0.0 close wall: 5600.0 park_wall: 0.0
centroid val: 0 servo_angle = 0.00 err = 0
pink: 0 green:0 red:0 
counter: 1  tigger :True heading angle -90 block_time :0.47 
---------------------------------------------------
[CALIB] t=1786184384.1391 counts=7549
-------------------------------------------------
Switch is ON
original angle: 0.00
r_time diff:1786184384.1393964 r_time: 0 g_time diff: 0.43784499168395996 g_time: 1786184383.7015665
left wall cx:0.0 right wal cx:0.0 outer left:68.0 outer right: 515.0
red centroid: 0.00 0.00 green centroid: 0.00 0.00
state 1 default
no green or red detected, correcting heading...
state 1 correcting no/both walls
fps:27.01007652282715
state:1 DUTY:100.00 target_power:90.00
close x: 0.0 close y: 0.0 close wall: 5600.0 park_wall: 0.0
centroid val: 0 servo_angle = 0.00 err = 0
pink: 0 green:0 red:0 
counter: 1  tigger :True heading angle -90 block_time :0.48 
---------------------------------------------------
[CALIB] t=1786184384.1534 counts=7618
-------------------------------------------------
Switch is ON
original angle: 0.00
r_time diff:1786184384.1544054 r_time: 0 g_time diff: 0.4528660774230957 g_time: 1786184383.7015665
left wall cx:0.0 right wal cx:0.0 outer left:68.0 outer right: 515.0
red centroid: 0.00 0.00 green centroid: 0.00 0.00
state 1 default
no green or red detected, correcting heading...
state 1 correcting no/both walls
fps:27.01007652282715
state:1 DUTY:100.00 target_power:90.00
close x: 0.0 close y: 0.0 close wall: 5600.0 park_wall: 0.0
centroid val: 0 servo_angle = 0.00 err = 0
pink: 0 green:0 red:0 
counter: 1  tigger :True heading angle -90 block_time :0.50 
---------------------------------------------------
[CALIB] t=1786184384.1705 counts=7704
-------------------------------------------------
Switch is ON
original angle: 0.00
r_time diff:1786184384.1706977 r_time: 0 g_time diff: 0.4691448211669922 g_time: 1786184383.7015665
left wall cx:0.0 right wal cx:0.0 outer left:67.0 outer right: 518.0
red centroid: 0.00 0.00 green centroid: 0.00 0.00
state 1 default
no green or red detected, correcting heading...
state 1 correcting no/both walls
fps:24.411672592163086
state:1 DUTY:100.00 target_power:90.00
close x: 0.0 close y: 0.0 close wall: 5600.0 park_wall: 0.0
centroid val: 0 servo_angle = 0.00 err = 0
pink: 0 green:0 red:0 
counter: 1  tigger :True heading angle -90 block_time :0.51 
---------------------------------------------------
[CALIB] t=1786184384.1892 counts=7787
-------------------------------------------------
Switch is ON
original angle: 0.00
r_time diff:1786184384.1894996 r_time: 0 g_time diff: 0.487945556640625 g_time: 1786184383.7015665
left wall cx:0.0 right wal cx:0.0 outer left:67.0 outer right: 518.0
red centroid: 0.00 0.00 green centroid: 0.00 0.00
state 1 default
no green or red detected, correcting heading...
state 1 correcting no/both walls
fps:24.411672592163086
state:1 DUTY:100.00 target_power:90.00
close x: 0.0 close y: 0.0 close wall: 5600.0 park_wall: 0.0
centroid val: 0 servo_angle = 0.00 err = 0
pink: 0 green:0 red:0 
counter: 1  tigger :True heading angle -90 block_time :0.53 
---------------------------------------------------
[CALIB] t=1786184384.2043 counts=7891
-------------------------------------------------
Switch is ON
original angle: 0.00
r_time diff:1786184384.2047663 r_time: 0 g_time diff: 0.5032141208648682 g_time: 1786184383.7015665
left wall cx:0.0 right wal cx:0.0 outer left:67.0 outer right: 520.0
red centroid: 0.00 0.00 green centroid: 0.00 0.00
state 1 default
no green or red detected, correcting heading...
state 1 correcting no/both walls
fps:21.386362075805664
state:1 DUTY:100.00 target_power:90.00
close x: 0.0 close y: 0.0 close wall: 5600.0 park_wall: 0.0
centroid val: 0 servo_angle = 0.00 err = 0
pink: 0 green:0 red:0 
counter: 1  tigger :True heading angle -90 block_time :0.55 
---------------------------------------------------
[CALIB] t=1786184384.2169 counts=7955
-------------------------------------------------
Switch is ON
original angle: 0.00
r_time diff:1786184384.2170997 r_time: 0 g_time diff: 0.515547513961792 g_time: 1786184383.7015665
left wall cx:0.0 right wal cx:0.0 outer left:67.0 outer right: 520.0
red centroid: 0.00 0.00 green centroid: 0.00 0.00
state 1 default
no green or red detected, correcting heading...
state 1 correcting no/both walls
fps:21.386362075805664
state:1 DUTY:100.00 target_power:90.00
close x: 0.0 close y: 0.0 close wall: 5600.0 park_wall: 0.0
centroid val: 0 servo_angle = 0.00 err = 0
pink: 0 green:0 red:0 
counter: 1  tigger :True heading angle -90 block_time :0.56 
---------------------------------------------------
[CALIB] t=1786184384.2338 counts=8039
-------------------------------------------------
Switch is ON
original angle: 0.00
r_time diff:1786184384.2340605 r_time: 0 g_time diff: 0.5325098037719727 g_time: 1786184383.7015665
left wall cx:0.0 right wal cx:0.0 outer left:67.0 outer right: 520.0
red centroid: 0.00 0.00 green centroid: 0.00 0.00
state 1 default
no green or red detected, correcting heading...
state 1 correcting no/both walls
fps:21.386362075805664
state:1 DUTY:97.03 target_power:90.00
close x: 0.0 close y: 0.0 close wall: 4782.5 park_wall: 0.0
centroid val: 0 servo_angle = 0.00 err = 0
pink: 0 green:0 red:0 
counter: 1  tigger :True heading angle -90 block_time :0.58 
---------------------------------------------------
[CALIB] t=1786184384.2550 counts=8160
-------------------------------------------------
Switch is ON
original angle: 0.00
r_time diff:1786184384.2554464 r_time: 0 g_time diff: 0.5538997650146484 g_time: 1786184383.7015665
left wall cx:0.0 right wal cx:0.0 outer left:67.0 outer right: 523.0
red centroid: 0.00 0.00 green centroid: 0.00 0.00
state 1 default
no green or red detected, correcting heading...
state 1 correcting no/both walls
fps:30.641265869140625
state:1 DUTY:99.71 target_power:90.00
close x: 0.0 close y: 0.0 close wall: 4782.5 park_wall: 0.0
centroid val: 0 servo_angle = 0.00 err = 0
pink: 0 green:0 red:0 
counter: 1  tigger :True heading angle -90 block_time :0.60 
---------------------------------------------------
[CALIB] t=1786184384.2687 counts=8234
-------------------------------------------------
Switch is ON
original angle: 0.00
r_time diff:1786184384.2690675 r_time: 0 g_time diff: 0.5675239562988281 g_time: 1786184383.7015665
left wall cx:0.0 right wal cx:0.0 outer left:67.0 outer right: 523.0
red centroid: 0.00 0.00 green centroid: 0.00 0.00
state 1 default
no green or red detected, correcting heading...
state 1 correcting no/both walls
fps:30.641265869140625
state:1 DUTY:100.00 target_power:90.00
close x: 0.0 close y: 0.0 close wall: 4782.5 park_wall: 0.0
centroid val: 0 servo_angle = 0.00 err = 0
pink: 0 green:0 red:0 
counter: 1  tigger :True heading angle -90 block_time :0.61 
---------------------------------------------------
[CALIB] t=1786184384.2833 counts=8314
-------------------------------------------------
Switch is ON
original angle: 0.00
r_time diff:1786184384.2845888 r_time: 0 g_time diff: 0.5830481052398682 g_time: 1786184383.7015665
left wall cx:0.0 right wal cx:0.0 outer left:67.0 outer right: 526.0
red centroid: 0.00 0.00 green centroid: 0.00 0.00
state 1 default
no green or red detected, correcting heading...
state 1 correcting no/both walls
fps:24.64366340637207
state:1 DUTY:99.25 target_power:90.00
close x: 0.0 close y: 0.0 close wall: 3090.0 park_wall: 0.0
centroid val: 0 servo_angle = 0.00 err = 0
pink: 0 green:0 red:0 
counter: 1  tigger :True heading angle -90 block_time :0.63 
---------------------------------------------------
[CALIB] t=1786184384.2967 counts=8381
-------------------------------------------------
Switch is ON
original angle: 0.00
r_time diff:1786184384.2970788 r_time: 0 g_time diff: 0.5955307483673096 g_time: 1786184383.7015665
left wall cx:0.0 right wal cx:0.0 outer left:67.0 outer right: 526.0
red centroid: 0.00 0.00 green centroid: 0.00 0.00
state 1 default
no green or red detected, correcting heading...
state 1 correcting no/both walls
fps:24.64366340637207
state:1 DUTY:100.00 target_power:90.00
close x: 0.0 close y: 0.0 close wall: 3090.0 park_wall: 0.0
centroid val: 0 servo_angle = 0.00 err = 0
pink: 0 green:0 red:0 
counter: 1  tigger :True heading angle -90 block_time :0.64 
---------------------------------------------------
[CALIB] t=1786184384.3104 counts=8446
-------------------------------------------------
Switch is ON
original angle: 0.00
r_time diff:1786184384.3111513 r_time: 0 g_time diff: 0.6096019744873047 g_time: 1786184383.7015665
left wall cx:0.0 right wal cx:0.0 outer left:67.0 outer right: 526.0
red centroid: 0.00 0.00 green centroid: 0.00 0.00
state 1 default
no green or red detected, correcting heading...
state 1 correcting no/both walls
fps:24.64366340637207
state:1 DUTY:97.57 target_power:90.00
close x: 0.0 close y: 0.0 close wall: 3090.0 park_wall: 0.0
centroid val: 0 servo_angle = 0.00 err = 0
pink: 0 green:0 red:0 
counter: 1  tigger :True heading angle -90 block_time :0.66 
---------------------------------------------------
[CALIB] t=1786184384.3259 counts=8543
-------------------------------------------------
Switch is ON
original angle: 0.00
r_time diff:1786184384.3261166 r_time: 0 g_time diff: 0.6245629787445068 g_time: 1786184383.7015665
left wall cx:0.0 right wal cx:0.0 outer left:67.0 outer right: 531.0
red centroid: 0.00 0.00 green centroid: 0.00 0.00
state 1 default
no green or red detected, correcting heading...
state 1 correcting no/both walls
fps:25.29248809814453
state:1 DUTY:98.03 target_power:90.00
close x: 0.0 close y: 0.0 close wall: 1276.0 park_wall: 0.0
centroid val: 0 servo_angle = 0.00 err = 0
pink: 0 green:0 red:0 
counter: 1  tigger :True heading angle -90 block_time :0.67 
---------------------------------------------------
[CALIB] t=1786184384.3418 counts=8618
-------------------------------------------------
Switch is ON
original angle: 0.00
r_time diff:1786184384.3420897 r_time: 0 g_time diff: 0.6405372619628906 g_time: 1786184383.7015665
left wall cx:0.0 right wal cx:0.0 outer left:67.0 outer right: 531.0
red centroid: 0.00 0.00 green centroid: 0.00 0.00
state 1 default
no green or red detected, correcting heading...
state 1 correcting no/both walls
fps:25.29248809814453
state:1 DUTY:100.00 target_power:90.00
close x: 0.0 close y: 0.0 close wall: 1276.0 park_wall: 0.0
centroid val: 0 servo_angle = 0.00 err = 0
pink: 0 green:0 red:0 
counter: 1  tigger :True heading angle -90 block_time :0.69 
---------------------------------------------------
[CALIB] t=1786184384.3594 counts=8690
-------------------------------------------------
Switch is ON
original angle: 0.00
r_time diff:1786184384.3598256 r_time: 0 g_time diff: 0.6582720279693604 g_time: 1786184383.7015665
left wall cx:49.0 right wal cx:0.0 outer left:67.0 outer right: 536.0
red centroid: 0.00 0.00 green centroid: 0.00 0.00
state 1 default
no green or red detected, correcting heading...
state 1 correcting no/both walls
fps:23.549732208251953
state:1 DUTY:98.93 target_power:90.00
close x: 0.0 close y: 0.0 close wall: 0.0 park_wall: 0.0
centroid val: 0 servo_angle = 0.00 err = 0
pink: 0 green:0 red:0 
counter: 1  tigger :True heading angle -90 block_time :0.70 
---------------------------------------------------
[CALIB] t=1786184384.3728 counts=8778
-------------------------------------------------
Switch is ON
original angle: 0.00
r_time diff:1786184384.3730958 r_time: 0 g_time diff: 0.67154860496521 g_time: 1786184383.7015665
left wall cx:49.0 right wal cx:0.0 outer left:67.0 outer right: 536.0
red centroid: 0.00 0.00 green centroid: 0.00 0.00
state 1 default
no green or red detected, correcting heading...
state 1 correcting no/both walls
fps:23.549732208251953
state:1 DUTY:98.09 target_power:90.00
close x: 0.0 close y: 0.0 close wall: 0.0 park_wall: 0.0
centroid val: 0 servo_angle = 0.00 err = 0
pink: 0 green:0 red:0 
counter: 1  tigger :True heading angle -90 block_time :0.72 
---------------------------------------------------
[CALIB] t=1786184384.3873 counts=8854
-------------------------------------------------
Switch is ON
original angle: 0.00
r_time diff:1786184384.3879967 r_time: 0 g_time diff: 0.6864733695983887 g_time: 1786184383.7015665
left wall cx:49.0 right wal cx:0.0 outer left:67.0 outer right: 536.0
red centroid: 0.00 0.00 green centroid: 0.00 0.00
state 1 default
no green or red detected, correcting heading...
state 1 correcting no/both walls
fps:23.549732208251953
state:1 DUTY:100.00 target_power:90.00
close x: 0.0 close y: 0.0 close wall: 0.0 park_wall: 0.0
centroid val: 0 servo_angle = 0.00 err = 0
pink: 0 green:0 red:0 
counter: 1  tigger :True heading angle -90 block_time :0.73 
---------------------------------------------------
[CALIB] t=1786184384.4031 counts=8938
-------------------------------------------------
Switch is ON
original angle: 0.00
r_time diff:1786184384.4037013 r_time: 0 g_time diff: 0.7021498680114746 g_time: 1786184383.7015665
left wall cx:49.0 right wal cx:537.0 outer left:67.0 outer right: 545.0
red centroid: 0.00 0.00 green centroid: 0.00 0.00
state 1 default
no green or red detected, correcting heading...
state 1 correcting no/both walls
fps:25.932565689086914
state:1 DUTY:99.93 target_power:90.00
close x: 0.0 close y: 0.0 close wall: 0.0 park_wall: 0.0
centroid val: 0 servo_angle = 0.00 err = 0
pink: 0 green:0 red:0 
counter: 1  tigger :True heading angle -90 block_time :0.75 
---------------------------------------------------
[CALIB] t=1786184384.4176 counts=9003
-------------------------------------------------
Switch is ON
original angle: 0.00
r_time diff:1786184384.418059 r_time: 0 g_time diff: 0.7165114879608154 g_time: 1786184383.7015665
left wall cx:49.0 right wal cx:537.0 outer left:67.0 outer right: 545.0
red centroid: 0.00 0.00 green centroid: 0.00 0.00
state 1 default
no green or red detected, correcting heading...
state 1 correcting no/both walls
fps:25.932565689086914
state:1 DUTY:100.00 target_power:90.00
close x: 0.0 close y: 0.0 close wall: 0.0 park_wall: 0.0
centroid val: 0 servo_angle = 0.00 err = 0
pink: 0 green:0 red:0 
counter: 1  tigger :True heading angle -90 block_time :0.76 
---------------------------------------------------
[CALIB] t=1786184384.4340 counts=9072
-------------------------------------------------
Switch is ON
original angle: 0.00
r_time diff:1786184384.4357867 r_time: 0 g_time diff: 0.7342369556427002 g_time: 1786184383.7015665
left wall cx:49.0 right wal cx:537.0 outer left:67.0 outer right: 545.0
red centroid: 0.00 0.00 green centroid: 0.00 0.00
state 1 default
no green or red detected, correcting heading...
state 1 correcting no/both walls
fps:26.142541885375977
state:1 DUTY:100.00 target_power:90.00
close x: 0.0 close y: 0.0 close wall: 0.0 park_wall: 0.0
centroid val: 0 servo_angle = 0.00 err = 0
pink: 0 green:0 red:0 
counter: 1  tigger :True heading angle -90 block_time :0.78 
---------------------------------------------------
[CALIB] t=1786184384.4508 counts=9138
-------------------------------------------------
Switch is ON
original angle: 0.00
r_time diff:1786184384.4511561 r_time: 0 g_time diff: 0.7496118545532227 g_time: 1786184383.7015665
left wall cx:47.0 right wal cx:549.0 outer left:67.0 outer right: 557.0
red centroid: 0.00 0.00 green centroid: 0.00 0.00
state 1 default
no green or red detected, correcting heading...
state 1 correcting no/both walls
fps:26.142541885375977
state:1 DUTY:100.00 target_power:90.00
close x: 0.0 close y: 0.0 close wall: 0.0 park_wall: 0.0
centroid val: 0 servo_angle = 0.00 err = 0
pink: 0 green:0 red:0 
counter: 1  tigger :True heading angle -90 block_time :0.80 
---------------------------------------------------
[CALIB] t=1786184384.4656 counts=9182
-------------------------------------------------
Switch is ON
original angle: 0.00
r_time diff:1786184384.4663057 r_time: 0 g_time diff: 0.7647585868835449 g_time: 1786184383.7015665
left wall cx:47.0 right wal cx:549.0 outer left:67.0 outer right: 557.0
red centroid: 0.00 0.00 green centroid: 0.00 0.00
state 1 default
no green or red detected, correcting heading...
state 1 correcting no/both walls
fps:26.142541885375977
state:1 DUTY:100.00 target_power:90.00
close x: 0.0 close y: 0.0 close wall: 0.0 park_wall: 0.0
centroid val: 0 servo_angle = 0.00 err = 0
pink: 0 green:0 red:0 
counter: 1  tigger :True heading angle -90 block_time :0.81 
---------------------------------------------------
[CALIB] t=1786184384.4801 counts=9227
-------------------------------------------------
Switch is ON
original angle: 0.00
r_time diff:1786184384.480312 r_time: 0 g_time diff: 0.7787587642669678 g_time: 1786184383.7015665
left wall cx:39.0 right wal cx:553.0 outer left:63.0 outer right: 562.0
red centroid: 0.00 0.00 green centroid: 0.00 0.00
state 1 default
no green or red detected, correcting heading...
state 1 correcting no/both walls
fps:24.112855911254883
state:1 DUTY:100.00 target_power:90.00
close x: 0.0 close y: 0.0 close wall: 0.0 park_wall: 0.0
centroid val: 0 servo_angle = 0.00 err = 0
pink: 0 green:0 red:0 
counter: 1  tigger :True heading angle -90 block_time :0.82 
---------------------------------------------------
[CALIB] t=1786184384.4940 counts=9260
-------------------------------------------------
Switch is ON
original angle: 0.00
r_time diff:1786184384.4944167 r_time: 0 g_time diff: 0.7928662300109863 g_time: 1786184383.7015665
left wall cx:39.0 right wal cx:553.0 outer left:63.0 outer right: 562.0
red centroid: 0.00 0.00 green centroid: 0.00 0.00
state 1 default
no green or red detected, correcting heading...
state 1 correcting no/both walls
fps:24.112855911254883
state:1 DUTY:100.00 target_power:90.00
close x: 0.0 close y: 0.0 close wall: 0.0 park_wall: 0.0
centroid val: 0 servo_angle = 0.00 err = 0
pink: 0 green:0 red:0 
counter: 1  tigger :True heading angle -90 block_time :0.84 
---------------------------------------------------
[CALIB] t=1786184384.5089 counts=9302
-------------------------------------------------
Switch is ON
original angle: 0.00
r_time diff:1786184384.5101795 r_time: 0 g_time diff: 0.8086338043212891 g_time: 1786184383.7015665
left wall cx:39.0 right wal cx:553.0 outer left:63.0 outer right: 562.0
red centroid: 0.00 0.00 green centroid: 0.00 0.00
state 1 default
no green or red detected, correcting heading...
state 1 correcting no/both walls
fps:24.112855911254883
state:1 DUTY:100.00 target_power:90.00
close x: 0.0 close y: 0.0 close wall: 0.0 park_wall: 0.0
centroid val: 0 servo_angle = 0.00 err = 0
pink: 0 green:0 red:0 
counter: 1  tigger :True heading angle -90 block_time :0.86 
---------------------------------------------------
[CALIB] t=1786184384.5256 counts=9344
-------------------------------------------------
Switch is ON
original angle: 0.00
r_time diff:1786184384.5259016 r_time: 0 g_time diff: 0.8243935108184814 g_time: 1786184383.7015665
left wall cx:48.0 right wal cx:554.0 outer left:52.0 outer right: 562.0
red centroid: 0.00 0.00 green centroid: 0.00 0.00
state 1 default
no green or red detected, correcting heading...
state 1 correcting no/both walls
fps:26.598556518554688
state:1 DUTY:100.00 target_power:90.00
close x: 0.0 close y: 0.0 close wall: 0.0 park_wall: 0.0
centroid val: 0 servo_angle = 0.00 err = 0
pink: 0 green:0 red:0 
counter: 1  tigger :True heading angle -90 block_time :0.87 
---------------------------------------------------
[CALIB] t=1786184384.5401 counts=9386
-------------------------------------------------
Switch is ON
original angle: 0.00
r_time diff:1786184384.5407717 r_time: 0 g_time diff: 0.8392274379730225 g_time: 1786184383.7015665
left wall cx:48.0 right wal cx:554.0 outer left:52.0 outer right: 562.0
red centroid: 0.00 0.00 green centroid: 0.00 0.00
state 1 default
no green or red detected, correcting heading...
state 1 correcting no/both walls
fps:26.598556518554688
state:1 DUTY:100.00 target_power:90.00
close x: 0.0 close y: 0.0 close wall: 0.0 park_wall: 0.0
centroid val: 0 servo_angle = 0.00 err = 0
pink: 0 green:0 red:0 
counter: 1  tigger :True heading angle -90 block_time :0.89 
---------------------------------------------------
[CALIB] t=1786184384.5567 counts=9429
-------------------------------------------------
Switch is ON
original angle: 0.00
r_time diff:1786184384.5569878 r_time: 0 g_time diff: 0.8554351329803467 g_time: 1786184383.7015665
left wall cx:48.0 right wal cx:554.0 outer left:52.0 outer right: 562.0
red centroid: 0.00 0.00 green centroid: 0.00 0.00
state 1 default
no green or red detected, correcting heading...
state 1 correcting no/both walls
fps:23.66129493713379
state:1 DUTY:100.00 target_power:90.00
close x: 0.0 close y: 0.0 close wall: 0.0 park_wall: 0.0
centroid val: 0 servo_angle = 0.00 err = 0
pink: 0 green:0 red:0 
counter: 1  tigger :True heading angle -90 block_time :0.90 
---------------------------------------------------
[CALIB] t=1786184384.5725 counts=9478
-------------------------------------------------
Switch is ON
original angle: 0.00
r_time diff:1786184384.5733087 r_time: 0 g_time diff: 0.8717665672302246 g_time: 1786184383.7015665
left wall cx:49.0 right wal cx:553.0 outer left:57.0 outer right: 560.0
red centroid: 0.00 0.00 green centroid: 0.00 0.00
state 1 default
no green or red detected, correcting heading...
state 1 correcting no/both walls
fps:23.66129493713379
state:1 DUTY:100.00 target_power:90.00
close x: 0.0 close y: 0.0 close wall: 0.0 park_wall: 0.0
centroid val: 0 servo_angle = 0.00 err = 0
pink: 0 green:0 red:0 
counter: 1  tigger :True heading angle -90 block_time :0.92 
---------------------------------------------------
[CALIB] t=1786184384.5926 counts=9539
-------------------------------------------------
Switch is ON
original angle: 0.00
r_time diff:1786184384.5932548 r_time: 0 g_time diff: 0.8917067050933838 g_time: 1786184383.7015665
left wall cx:49.0 right wal cx:553.0 outer left:57.0 outer right: 560.0
red centroid: 0.00 0.00 green centroid: 0.00 0.00
state 1 default
no green or red detected, correcting heading...
state 1 correcting no/both walls
fps:23.66129493713379
state:1 DUTY:100.00 target_power:90.00
close x: 0.0 close y: 0.0 close wall: 0.0 park_wall: 0.0
centroid val: 0 servo_angle = 0.00 err = 0
pink: 0 green:0 red:0 
counter: 1  tigger :True heading angle -90 block_time :0.94 
---------------------------------------------------
[CALIB] t=1786184384.6134 counts=9598
-------------------------------------------------
Switch is ON
original angle: 0.00
r_time diff:1786184384.6138513 r_time: 0 g_time diff: 0.912304162979126 g_time: 1786184383.7015665
left wall cx:37.0 right wal cx:547.0 outer left:54.0 outer right: 554.0
red centroid: 0.00 0.00 green centroid: 0.00 0.00
state 1 default
no green or red detected, correcting heading...
state 1 correcting no/both walls
fps:24.978097915649414
state:1 DUTY:100.00 target_power:90.00
close x: 0.0 close y: 0.0 close wall: 0.0 park_wall: 0.0
centroid val: 0 servo_angle = 0.00 err = 0
pink: 0 green:0 red:0 
counter: 1  tigger :True heading angle -90 block_time :0.96 
---------------------------------------------------
[CALIB] t=1786184384.6283 counts=9640
-------------------------------------------------
Switch is ON
original angle: 0.00
r_time diff:1786184384.630282 r_time: 0 g_time diff: 0.9287641048431396 g_time: 1786184383.7015665
left wall cx:37.0 right wal cx:547.0 outer left:54.0 outer right: 554.0
red centroid: 0.00 0.00 green centroid: 0.00 0.00
state 1 default
no green or red detected, correcting heading...
state 1 correcting no/both walls
fps:25.82146453857422
state:1 DUTY:100.00 target_power:90.00
close x: 0.0 close y: 0.0 close wall: 0.0 park_wall: 0.0
centroid val: 0 servo_angle = 0.00 err = 0
pink: 0 green:0 red:0 
counter: 1  tigger :True heading angle -90 block_time :0.98 
---------------------------------------------------
[CALIB] t=1786184384.6514 counts=9698
-------------------------------------------------
Switch is ON
original angle: 0.00
r_time diff:1786184384.6516411 r_time: 0 g_time diff: 0.9500899314880371 g_time: 1786184383.7015665
left wall cx:49.0 right wal cx:542.0 outer left:69.0 outer right: 548.0
red centroid: 0.00 0.00 green centroid: 0.00 0.00
state 1 default
no green or red detected, correcting heading...
state 1 correcting no/both walls
fps:25.82146453857422
state:1 DUTY:100.00 target_power:90.00
close x: 0.0 close y: 0.0 close wall: 0.0 park_wall: 0.0
centroid val: 0 servo_angle = 0.00 err = 0
pink: 0 green:0 red:0 
counter: 1  tigger :True heading angle -90 block_time :1.00 
---------------------------------------------------
[CALIB] t=1786184384.6716 counts=9740
-------------------------------------------------
Switch is ON
original angle: 0.00
r_time diff:1786184384.6732807 r_time: 0 g_time diff: 0.9717433452606201 g_time: 1786184383.7015665
left wall cx:49.0 right wal cx:542.0 outer left:69.0 outer right: 548.0
red centroid: 0.00 0.00 green centroid: 0.00 0.00
state 1 default
no green or red detected, correcting heading...
state 1 correcting no/both walls
fps:25.82146453857422
state:1 DUTY:100.00 target_power:90.00
close x: 0.0 close y: 0.0 close wall: 0.0 park_wall: 0.0
centroid val: 0 servo_angle = 0.00 err = 0
pink: 0 green:0 red:0 
counter: 1  tigger :True heading angle -90 block_time :1.02 
---------------------------------------------------
[CALIB] t=1786184384.6916 counts=9786
-------------------------------------------------
Switch is ON
original angle: 0.00
r_time diff:1786184384.6918194 r_time: 0 g_time diff: 0.9902660846710205 g_time: 1786184383.7015665
left wall cx:39.0 right wal cx:533.0 outer left:71.0 outer right: 541.0
red centroid: 0.00 0.00 green centroid: 0.00 0.00
state 1 default
no green or red detected, correcting heading...
state 1 correcting no/both walls
fps:22.600515365600586
state:1 DUTY:100.00 target_power:90.00
close x: 0.0 close y: 0.0 close wall: 0.0 park_wall: 0.0
centroid val: 0 servo_angle = 0.00 err = 0
pink: 0 green:0 red:0 
counter: 1  tigger :True heading angle -90 block_time :1.03 
---------------------------------------------------
[CALIB] t=1786184384.7062 counts=9822
-------------------------------------------------
Switch is ON
original angle: 0.00
r_time diff:1786184384.7066045 r_time: 0 g_time diff: 1.0050573348999023 g_time: 1786184383.7015665
left wall cx:39.0 right wal cx:533.0 outer left:71.0 outer right: 541.0
red centroid: 0.00 0.00 green centroid: 0.00 0.00
state 1 default
no green or red detected, correcting heading...
state 1 correcting no/both walls
fps:22.600515365600586
state:1 DUTY:100.00 target_power:90.00
close x: 0.0 close y: 0.0 close wall: 0.0 park_wall: 0.0
centroid val: 0 servo_angle = 0.00 err = 0
pink: 0 green:0 red:0 
counter: 1  tigger :True heading angle -90 block_time :1.05 
---------------------------------------------------
[CALIB] t=1786184384.7199 counts=9856
-------------------------------------------------
Switch is ON
original angle: 0.00
r_time diff:1786184384.7201262 r_time: 0 g_time diff: 1.0185730457305908 g_time: 1786184383.7015665
left wall cx:41.0 right wal cx:530.0 outer left:73.0 outer right: 536.0
red centroid: 0.00 0.00 green centroid: 0.00 0.00
state 1 default
no green or red detected, correcting heading...
state 1 correcting no/both walls
fps:27.013900756835938
state:1 DUTY:100.00 target_power:90.00
close x: 0.0 close y: 0.0 close wall: 0.0 park_wall: 0.0
centroid val: 0 servo_angle = 0.00 err = 0
pink: 0 green:0 red:0 
counter: 1  tigger :True heading angle -90 block_time :1.06 
---------------------------------------------------
[CALIB] t=1786184384.7354 counts=9898
-------------------------------------------------
Switch is ON
original angle: 0.00
r_time diff:1786184384.7358744 r_time: 0 g_time diff: 1.0343255996704102 g_time: 1786184383.7015665
left wall cx:41.0 right wal cx:530.0 outer left:73.0 outer right: 536.0
red centroid: 0.00 0.00 green centroid: 0.00 0.00
state 1 default
no green or red detected, correcting heading...
state 1 correcting no/both walls
fps:27.013900756835938
state:1 DUTY:100.00 target_power:90.00
close x: 0.0 close y: 0.0 close wall: 0.0 park_wall: 0.0
centroid val: 0 servo_angle = 0.00 err = 0
pink: 0 green:0 red:0 
counter: 1  tigger :True heading angle -90 block_time :1.08 
---------------------------------------------------
[CALIB] t=1786184384.7524 counts=9942
-------------------------------------------------
Switch is ON
original angle: 0.00
r_time diff:1786184384.7527504 r_time: 0 g_time diff: 1.0512008666992188 g_time: 1786184383.7015665
left wall cx:41.0 right wal cx:530.0 outer left:73.0 outer right: 536.0
red centroid: 0.00 0.00 green centroid: 0.00 0.00
state 1 default
no green or red detected, correcting heading...
state 1 correcting no/both walls
fps:27.013900756835938
state:1 DUTY:100.00 target_power:90.00
close x: 0.0 close y: 0.0 close wall: 0.0 park_wall: 0.0
centroid val: 0 servo_angle = 0.00 err = 0
pink: 0 green:0 red:0 
counter: 1  tigger :True heading angle -90 block_time :1.10 
---------------------------------------------------
[CALIB] t=1786184384.7675 counts=9982
-------------------------------------------------
Switch is ON
original angle: 0.00
r_time diff:1786184384.769966 r_time: 0 g_time diff: 1.0684223175048828 g_time: 1786184383.7015665
left wall cx:45.0 right wal cx:526.0 outer left:74.0 outer right: 533.0
red centroid: 0.00 0.00 green centroid: 0.00 0.00
state 1 default
no green or red detected, correcting heading...
state 1 correcting no/both walls
fps:24.44947052001953
state:1 DUTY:100.00 target_power:90.00
close x: 0.0 close y: 0.0 close wall: 0.0 park_wall: 0.0
centroid val: 0 servo_angle = 0.00 err = 0
pink: 0 green:0 red:0 
counter: 1  tigger :True heading angle -90 block_time :1.11 
---------------------------------------------------
[CALIB] t=1786184384.7823 counts=10018
-------------------------------------------------
Switch is ON
original angle: 0.00
r_time diff:1786184384.7827353 r_time: 0 g_time diff: 1.0812053680419922 g_time: 1786184383.7015665
left wall cx:45.0 right wal cx:526.0 outer left:74.0 outer right: 533.0
red centroid: 0.00 0.00 green centroid: 0.00 0.00
state 1 default
no green or red detected, correcting heading...
state 1 correcting no/both walls
fps:24.44947052001953
state:1 DUTY:100.00 target_power:90.00
close x: 0.0 close y: 0.0 close wall: 0.0 park_wall: 0.0
centroid val: 0 servo_angle = 0.00 err = 0
pink: 0 green:0 red:0 
counter: 1  tigger :True heading angle -90 block_time :1.13 
---------------------------------------------------
[CALIB] t=1786184384.7975 counts=10048
-------------------------------------------------
Switch is ON
original angle: 0.00
r_time diff:1786184384.798469 r_time: 0 g_time diff: 1.0970041751861572 g_time: 1786184383.7015665
left wall cx:49.0 right wal cx:0.0 outer left:78.0 outer right: 525.0
red centroid: 0.00 0.00 green centroid: 0.00 0.00
state 1 default
no green or red detected, correcting heading...
state 1 correcting no/both walls
fps:25.436004638671875
state:1 DUTY:100.00 target_power:90.00
close x: 0.0 close y: 0.0 close wall: 0.0 park_wall: 0.0
centroid val: 0 servo_angle = 0.00 err = 0
pink: 0 green:0 red:0 
counter: 1  tigger :True heading angle -90 block_time :1.14 
---------------------------------------------------
[CALIB] t=1786184384.8131 counts=10084
-------------------------------------------------
Switch is ON
original angle: 0.00
r_time diff:1786184384.8140492 r_time: 0 g_time diff: 1.1125054359436035 g_time: 1786184383.7015665
left wall cx:49.0 right wal cx:0.0 outer left:78.0 outer right: 525.0
red centroid: 0.00 0.00 green centroid: 0.00 0.00
state 1 default
no green or red detected, correcting heading...
state 1 correcting no/both walls
fps:25.436004638671875
state:1 DUTY:100.00 target_power:90.00
close x: 0.0 close y: 0.0 close wall: 0.0 park_wall: 0.0
centroid val: 0 servo_angle = 0.00 err = 0
pink: 0 green:0 red:0 
counter: 1  tigger :True heading angle -90 block_time :1.16 
---------------------------------------------------
[CALIB] t=1786184384.8288 counts=10116
-------------------------------------------------
Switch is ON
original angle: 0.00
r_time diff:1786184384.829679 r_time: 0 g_time diff: 1.1281359195709229 g_time: 1786184383.7015665
left wall cx:49.0 right wal cx:0.0 outer left:78.0 outer right: 525.0
red centroid: 0.00 0.00 green centroid: 0.00 0.00
state 1 default
no green or red detected, correcting heading...
state 1 correcting no/both walls
fps:25.436004638671875
state:1 DUTY:100.00 target_power:90.00
close x: 0.0 close y: 0.0 close wall: 0.0 park_wall: 0.0
centroid val: 0 servo_angle = 0.00 err = 0
pink: 0 green:0 red:0 
counter: 1  tigger :True heading angle -90 block_time :1.17 
---------------------------------------------------
[CALIB] t=1786184384.8434 counts=10155
-------------------------------------------------
Switch is ON
original angle: 0.00
r_time diff:1786184384.8436723 r_time: 0 g_time diff: 1.1421191692352295 g_time: 1786184383.7015665
left wall cx:43.0 right wal cx:0.0 outer left:82.0 outer right: 520.0
red centroid: 0.00 0.00 green centroid: 0.00 0.00
state 1 default
no green or red detected, correcting heading...
state 1 correcting no/both walls
fps:24.563819885253906
state:1 DUTY:100.00 target_power:90.00
close x: 0.0 close y: 0.0 close wall: 0.0 park_wall: 0.0
centroid val: 0 servo_angle = 0.00 err = 0
pink: 0 green:0 red:0 
counter: 1  tigger :True heading angle -90 block_time :1.19 
---------------------------------------------------
[CALIB] t=1786184384.8584 counts=10189
-------------------------------------------------
Switch is ON
original angle: 0.00
r_time diff:1786184384.8600063 r_time: 0 g_time diff: 1.1585197448730469 g_time: 1786184383.7015665
left wall cx:43.0 right wal cx:0.0 outer left:82.0 outer right: 520.0
red centroid: 0.00 0.00 green centroid: 0.00 0.00
state 1 default
no green or red detected, correcting heading...
state 1 correcting no/both walls
fps:24.563819885253906
state:1 DUTY:100.00 target_power:90.00
close x: 0.0 close y: 0.0 close wall: 0.0 park_wall: 0.0
centroid val: 0 servo_angle = 0.00 err = 0
pink: 0 green:0 red:0 
counter: 1  tigger :True heading angle -90 block_time :1.20 
---------------------------------------------------
[CALIB] t=1786184384.8756 counts=10230
-------------------------------------------------
Switch is ON
original angle: 0.00
r_time diff:1786184384.8764176 r_time: 0 g_time diff: 1.174877405166626 g_time: 1786184383.7015665
left wall cx:43.0 right wal cx:0.0 outer left:82.0 outer right: 520.0
red centroid: 0.00 0.00 green centroid: 0.00 0.00
state 1 default
no green or red detected, correcting heading...
state 1 correcting no/both walls
fps:24.563819885253906
state:1 DUTY:100.00 target_power:90.00
close x: 0.0 close y: 0.0 close wall: 0.0 park_wall: 0.0
centroid val: 0 servo_angle = 0.00 err = 0
pink: 0 green:0 red:0 
counter: 1  tigger :True heading angle -90 block_time :1.22 
---------------------------------------------------
[CALIB] t=1786184384.8917 counts=10260
-------------------------------------------------
Switch is ON
original angle: 0.00
r_time diff:1786184384.8919845 r_time: 0 g_time diff: 1.1904335021972656 g_time: 1786184383.7015665
left wall cx:43.0 right wal cx:0.0 outer left:87.0 outer right: 519.0
red centroid: 0.00 0.00 green centroid: 0.00 0.00
state 1 default
no green or red detected, correcting heading...
state 1 correcting no/both walls
fps:25.641357421875
state:1 DUTY:100.00 target_power:90.00
close x: 0.0 close y: 0.0 close wall: 0.0 park_wall: 0.0
centroid val: 0 servo_angle = 0.00 err = 0
pink: 0 green:0 red:0 
counter: 1  tigger :True heading angle -90 block_time :1.24 
---------------------------------------------------
[CALIB] t=1786184384.9077 counts=10310
-------------------------------------------------
Switch is ON
original angle: 0.00
r_time diff:1786184384.908178 r_time: 0 g_time diff: 1.2066285610198975 g_time: 1786184383.7015665
left wall cx:43.0 right wal cx:0.0 outer left:87.0 outer right: 519.0
red centroid: 0.00 0.00 green centroid: 0.00 0.00
state 1 default
no green or red detected, correcting heading...
state 1 correcting no/both walls
fps:25.641357421875
state:1 DUTY:100.00 target_power:90.00
close x: 0.0 close y: 0.0 close wall: 0.0 park_wall: 0.0
centroid val: 0 servo_angle = 0.00 err = 0
pink: 0 green:0 red:0 
counter: 1  tigger :True heading angle -90 block_time :1.25 
---------------------------------------------------
[CALIB] t=1786184384.9209 counts=10345
-------------------------------------------------
Switch is ON
original angle: 0.00
r_time diff:1786184384.9213953 r_time: 0 g_time diff: 1.2198545932769775 g_time: 1786184383.7015665
left wall cx:50.0 right wal cx:0.0 outer left:95.0 outer right: 517.0
red centroid: 0.00 0.00 green centroid: 0.00 0.00
state 1 default
no green or red detected, correcting heading...
state 1 correcting no/both walls
fps:25.325794219970703
state:1 DUTY:100.00 target_power:90.00
close x: 0.0 close y: 0.0 close wall: 0.0 park_wall: 0.0
centroid val: 0 servo_angle = 0.00 err = 0
pink: 0 green:0 red:0 
counter: 1  tigger :True heading angle -90 block_time :1.26 
---------------------------------------------------
[CALIB] t=1786184384.9346 counts=10386
-------------------------------------------------
Switch is ON
original angle: 0.00
r_time diff:1786184384.934939 r_time: 0 g_time diff: 1.2333879470825195 g_time: 1786184383.7015665
left wall cx:50.0 right wal cx:0.0 outer left:95.0 outer right: 517.0
red centroid: 0.00 0.00 green centroid: 0.00 0.00
state 1 default
no green or red detected, correcting heading...
state 1 correcting no/both walls
fps:25.325794219970703
state:1 DUTY:100.00 target_power:90.00
close x: 0.0 close y: 0.0 close wall: 0.0 park_wall: 0.0
centroid val: 0 servo_angle = 0.00 err = 0
pink: 0 green:0 red:0 
counter: 1  tigger :True heading angle -90 block_time :1.28 
---------------------------------------------------
[CALIB] t=1786184384.9497 counts=10424
-------------------------------------------------
Switch is ON
original angle: 0.00
r_time diff:1786184384.9527464 r_time: 0 g_time diff: 1.2511987686157227 g_time: 1786184383.7015665
left wall cx:50.0 right wal cx:0.0 outer left:95.0 outer right: 517.0
red centroid: 0.00 0.00 green centroid: 0.00 0.00
state 1 default
no green or red detected, correcting heading...
state 1 correcting no/both walls
fps:25.325794219970703
state:1 DUTY:100.00 target_power:90.00
close x: 0.0 close y: 0.0 close wall: 0.0 park_wall: 0.0
centroid val: 0 servo_angle = 0.00 err = 0
pink: 0 green:0 red:0 
counter: 1  tigger :True heading angle -90 block_time :1.30 
---------------------------------------------------
[CALIB] t=1786184384.9686 counts=10477
-------------------------------------------------
Switch is ON
corrrecting left wall...
original angle: -0.75
r_time diff:1786184384.9689677 r_time: 0 g_time diff: 1.2674155235290527 g_time: 1786184383.7015665
left wall cx:46.0 right wal cx:0.0 outer left:0.0 outer right: 0.0
red centroid: 0.00 0.00 green centroid: 0.00 0.00
state 1 default
no green or red detected, correcting heading...
state 1 correcting no/both walls
fps:24.687252044677734
state:1 DUTY:100.00 target_power:90.00
close x: 0.0 close y: 0.0 close wall: 0.0 park_wall: 0.0
centroid val: 0 servo_angle = -0.75 err = -15
pink: 0 green:0 red:0 
counter: 1  tigger :True heading angle -90 block_time :1.31 
---------------------------------------------------
[CALIB] t=1786184384.9820 counts=10512
-------------------------------------------------
Switch is ON
corrrecting left wall...
original angle: -0.75
r_time diff:1786184384.9847145 r_time: 0 g_time diff: 1.2831952571868896 g_time: 1786184383.7015665
left wall cx:46.0 right wal cx:0.0 outer left:0.0 outer right: 0.0
red centroid: 0.00 0.00 green centroid: 0.00 0.00
state 1 default
no green or red detected, correcting heading...
state 1 correcting no/both walls
fps:24.687252044677734
state:1 DUTY:100.00 target_power:90.00
close x: 0.0 close y: 0.0 close wall: 0.0 park_wall: 0.0
centroid val: 0 servo_angle = -0.75 err = -15
pink: 0 green:0 red:0 
counter: 1  tigger :True heading angle -90 block_time :1.33 
---------------------------------------------------
[CALIB] t=1786184384.9997 counts=10567
-------------------------------------------------
Switch is ON
corrrecting left wall...
original angle: -0.75
r_time diff:1786184385.0000494 r_time: 0 g_time diff: 1.2984957695007324 g_time: 1786184383.7015665
left wall cx:45.0 right wal cx:0.0 outer left:0.0 outer right: 0.0
red centroid: 0.00 0.00 green centroid: 0.00 0.00
state 1 default
no green or red detected, correcting heading...
state 1 correcting no/both walls
fps:25.869544982910156
state:1 DUTY:100.00 target_power:90.00
close x: 0.0 close y: 0.0 close wall: 0.0 park_wall: 0.0
centroid val: 0 servo_angle = -0.75 err = -15
pink: 0 green:0 red:0 
counter: 1  tigger :True heading angle -90 block_time :1.34 
---------------------------------------------------
[CALIB] t=1786184385.0118 counts=10601
-------------------------------------------------
Switch is ON
corrrecting left wall...
original angle: -0.75
r_time diff:1786184385.012143 r_time: 0 g_time diff: 1.3105907440185547 g_time: 1786184383.7015665
left wall cx:45.0 right wal cx:0.0 outer left:0.0 outer right: 0.0
red centroid: 0.00 0.00 green centroid: 0.00 0.00
state 1 default
no green or red detected, correcting heading...
state 1 correcting no/both walls
fps:25.869544982910156
state:1 DUTY:100.00 target_power:90.00
close x: 0.0 close y: 0.0 close wall: 0.0 park_wall: 0.0
centroid val: 0 servo_angle = -0.75 err = -15
pink: 0 green:0 red:0 
counter: 1  tigger :True heading angle -90 block_time :1.36 
---------------------------------------------------
[CALIB] t=1786184385.0319 counts=10655
-------------------------------------------------
Switch is ON
corrrecting left wall...
original angle: -0.75
r_time diff:1786184385.0342042 r_time: 0 g_time diff: 1.3326737880706787 g_time: 1786184383.7015665
left wall cx:45.0 right wal cx:0.0 outer left:0.0 outer right: 0.0
red centroid: 0.00 0.00 green centroid: 0.00 0.00
state 1 default
no green or red detected, correcting heading...
state 1 correcting no/both walls
fps:23.999048233032227
state:1 DUTY:100.00 target_power:90.00
close x: 0.0 close y: 0.0 close wall: 0.0 park_wall: 0.0
centroid val: 0 servo_angle = -0.75 err = -15
pink: 0 green:0 red:0 
counter: 1  tigger :True heading angle -90 block_time :1.38 
---------------------------------------------------
[CALIB] t=1786184385.0518 counts=10714
-------------------------------------------------
Switch is ON
corrrecting left wall...
original angle: -0.75
r_time diff:1786184385.0521123 r_time: 0 g_time diff: 1.3505594730377197 g_time: 1786184383.7015665
left wall cx:51.0 right wal cx:0.0 outer left:0.0 outer right: 0.0
red centroid: 0.00 0.00 green centroid: 0.00 0.00
state 1 default
no green or red detected, correcting heading...
state 1 correcting no/both walls
fps:23.999048233032227
state:1 DUTY:100.00 target_power:90.00
close x: 0.0 close y: 0.0 close wall: 0.0 park_wall: 0.0
centroid val: 0 servo_angle = -0.75 err = -15
pink: 0 green:0 red:0 
counter: 1  tigger :True heading angle -90 block_time :1.39 
---------------------------------------------------
[CALIB] t=1786184385.0638 counts=10749
-------------------------------------------------
Switch is ON
corrrecting left wall...
original angle: -0.75
r_time diff:1786184385.0641472 r_time: 0 g_time diff: 1.3626413345336914 g_time: 1786184383.7015665
left wall cx:51.0 right wal cx:0.0 outer left:0.0 outer right: 0.0
red centroid: 0.00 0.00 green centroid: 0.00 0.00
state 1 default
no green or red detected, correcting heading...
state 1 correcting no/both walls
fps:23.999048233032227
state:1 DUTY:100.00 target_power:90.00
close x: 0.0 close y: 0.0 close wall: 0.0 park_wall: 0.0
centroid val: 0 servo_angle = -0.75 err = -15
pink: 0 green:0 red:0 
counter: 1  tigger :True heading angle -90 block_time :1.41 
---------------------------------------------------
[CALIB] t=1786184385.0775 counts=10788
-------------------------------------------------
Switch is ON
corrrecting left wall...
original angle: -0.75
r_time diff:1786184385.0791628 r_time: 0 g_time diff: 1.3776202201843262 g_time: 1786184383.7015665
left wall cx:51.0 right wal cx:0.0 outer left:0.0 outer right: 0.0
red centroid: 0.00 0.00 green centroid: 0.00 0.00
state 1 default
no green or red detected, correcting heading...
state 1 correcting no/both walls
fps:24.850425720214844
state:1 DUTY:100.00 target_power:90.00
close x: 0.0 close y: 0.0 close wall: 0.0 park_wall: 0.0
centroid val: 0 servo_angle = -0.75 err = -15
pink: 0 green:0 red:0 
counter: 1  tigger :True heading angle -90 block_time :1.42 
---------------------------------------------------
[CALIB] t=1786184385.0910 counts=10836
-------------------------------------------------
Switch is ON
corrrecting left wall...
original angle: -0.75
r_time diff:1786184385.0916018 r_time: 0 g_time diff: 1.3900489807128906 g_time: 1786184383.7015665
left wall cx:51.0 right wal cx:0.0 outer left:0.0 outer right: 0.0
red centroid: 0.00 0.00 green centroid: 0.00 0.00
state 1 default
no green or red detected, correcting heading...
state 1 correcting no/both walls
fps:24.850425720214844
state:1 DUTY:100.00 target_power:90.00
close x: 0.0 close y: 0.0 close wall: 0.0 park_wall: 0.0
centroid val: 0 servo_angle = -0.75 err = -15
pink: 0 green:0 red:0 
counter: 1  tigger :True heading angle -90 block_time :1.43 
---------------------------------------------------
[CALIB] t=1786184385.1055 counts=10874
-------------------------------------------------
Switch is ON
corrrecting left wall...
original angle: -0.75
r_time diff:1786184385.1072326 r_time: 0 g_time diff: 1.4056990146636963 g_time: 1786184383.7015665
left wall cx:51.0 right wal cx:0.0 outer left:0.0 outer right: 0.0
red centroid: 0.00 0.00 green centroid: 0.00 0.00
state 1 default
no green or red detected, correcting heading...
state 1 correcting no/both walls
fps:24.850425720214844
state:1 DUTY:100.00 target_power:90.00
close x: 0.0 close y: 0.0 close wall: 0.0 park_wall: 0.0
centroid val: 0 servo_angle = -0.75 err = -15
pink: 0 green:0 red:0 
counter: 1  tigger :True heading angle -90 block_time :1.45 
---------------------------------------------------
[CALIB] t=1786184385.1230 counts=10939
-------------------------------------------------
Switch is ON
corrrecting left wall...
original angle: -0.75
r_time diff:1786184385.123522 r_time: 0 g_time diff: 1.4219675064086914 g_time: 1786184383.7015665
left wall cx:53.0 right wal cx:0.0 outer left:0.0 outer right: 0.0
red centroid: 0.00 0.00 green centroid: 0.00 0.00
state 1 default
no green or red detected, correcting heading...
state 1 correcting no/both walls
fps:25.14778709411621
state:1 DUTY:100.00 target_power:90.00
close x: 0.0 close y: 0.0 close wall: 0.0 park_wall: 0.0
centroid val: 0 servo_angle = -0.75 err = -15
pink: 0 green:0 red:0 
counter: 1  tigger :True heading angle -90 block_time :1.47 
---------------------------------------------------
[CALIB] t=1786184385.1380 counts=10980
-------------------------------------------------
Switch is ON
corrrecting left wall...
original angle: -0.75
r_time diff:1786184385.1392155 r_time: 0 g_time diff: 1.4376699924468994 g_time: 1786184383.7015665
left wall cx:53.0 right wal cx:0.0 outer left:0.0 outer right: 0.0
red centroid: 0.00 0.00 green centroid: 0.00 0.00
state 1 default
no green or red detected, correcting heading...
state 1 correcting no/both walls
fps:25.14778709411621
state:1 DUTY:100.00 target_power:90.00
close x: 0.0 close y: 0.0 close wall: 0.0 park_wall: 0.0
centroid val: 0 servo_angle = -0.75 err = -15
pink: 0 green:0 red:0 
counter: 1  tigger :True heading angle -90 block_time :1.48 
---------------------------------------------------
[CALIB] t=1786184385.1546 counts=11046
-------------------------------------------------
Switch is ON
corrrecting left wall...
original angle: -0.75
r_time diff:1786184385.1549804 r_time: 0 g_time diff: 1.453428030014038 g_time: 1786184383.7015665
left wall cx:53.0 right wal cx:0.0 outer left:0.0 outer right: 0.0
red centroid: 0.00 0.00 green centroid: 0.00 0.00
state 1 default
no green or red detected, correcting heading...
state 1 correcting no/both walls
fps:27.09684944152832
state:1 DUTY:100.00 target_power:90.00
close x: 0.0 close y: 0.0 close wall: 0.0 park_wall: 0.0
centroid val: 0 servo_angle = -0.75 err = -15
pink: 0 green:0 red:0 
counter: 1  tigger :True heading angle -90 block_time :1.50 
---------------------------------------------------
[CALIB] t=1786184385.1666 counts=11088
-------------------------------------------------
Switch is ON
corrrecting left wall...
original angle: -0.75
r_time diff:1786184385.1670098 r_time: 0 g_time diff: 1.465458631515503 g_time: 1786184383.7015665
left wall cx:53.0 right wal cx:0.0 outer left:0.0 outer right: 0.0
red centroid: 0.00 0.00 green centroid: 0.00 0.00
state 1 default
no green or red detected, correcting heading...
state 1 correcting no/both walls
fps:27.09684944152832
state:1 DUTY:100.00 target_power:90.00
close x: 0.0 close y: 0.0 close wall: 0.0 park_wall: 0.0
centroid val: 0 servo_angle = -0.75 err = -15
pink: 0 green:0 red:0 
counter: 1  tigger :True heading angle -90 block_time :1.51 
---------------------------------------------------
[CALIB] t=1786184385.1839 counts=11148
-------------------------------------------------
Switch is ON
corrrecting left wall...
original angle: -0.75
r_time diff:1786184385.1842244 r_time: 0 g_time diff: 1.4826712608337402 g_time: 1786184383.7015665
left wall cx:53.0 right wal cx:0.0 outer left:0.0 outer right: 0.0
red centroid: 0.00 0.00 green centroid: 0.00 0.00
state 1 default
no green or red detected, correcting heading...
state 1 correcting no/both walls
fps:27.09684944152832
state:1 DUTY:100.00 target_power:90.00
close x: 0.0 close y: 0.0 close wall: 0.0 park_wall: 0.0
centroid val: 0 servo_angle = -0.75 err = -15
pink: 0 green:0 red:0 
counter: 1  tigger :True heading angle -90 block_time :1.53 
---------------------------------------------------
[CALIB] t=1786184385.1977 counts=11192
-------------------------------------------------
Switch is ON
corrrecting left wall...
original angle: -0.75
r_time diff:1786184385.1980116 r_time: 0 g_time diff: 1.4964582920074463 g_time: 1786184383.7015665
left wall cx:54.0 right wal cx:0.0 outer left:0.0 outer right: 0.0
red centroid: 0.00 0.00 green centroid: 0.00 0.00
state 1 default
no green or red detected, correcting heading...
state 1 correcting no/both walls
fps:24.085973739624023
state:1 DUTY:100.00 target_power:90.00
close x: 0.0 close y: 0.0 close wall: 0.0 park_wall: 0.0
centroid val: 0 servo_angle = -0.75 err = -15
pink: 0 green:0 red:0 
counter: 1  tigger :True heading angle -90 block_time :1.54 
---------------------------------------------------
[CALIB] t=1786184385.2142 counts=11264
-------------------------------------------------
Switch is ON
corrrecting left wall...
original angle: -0.75
r_time diff:1786184385.2148583 r_time: 0 g_time diff: 1.5133168697357178 g_time: 1786184383.7015665
left wall cx:54.0 right wal cx:0.0 outer left:0.0 outer right: 0.0
red centroid: 0.00 0.00 green centroid: 0.00 0.00
state 1 default
no green or red detected, correcting heading...
state 1 correcting no/both walls
fps:24.085973739624023
state:1 DUTY:100.00 target_power:90.00
close x: 0.0 close y: 0.0 close wall: 0.0 park_wall: 0.0
centroid val: 0 servo_angle = -0.75 err = -15
pink: 0 green:0 red:0 
counter: 1  tigger :True heading angle -90 block_time :1.56 
---------------------------------------------------
[CALIB] t=1786184385.2279 counts=11314
-------------------------------------------------
Switch is ON
corrrecting left wall...
original angle: -0.75
r_time diff:1786184385.2283785 r_time: 0 g_time diff: 1.5268337726593018 g_time: 1786184383.7015665
left wall cx:54.0 right wal cx:0.0 outer left:0.0 outer right: 0.0
red centroid: 0.00 0.00 green centroid: 0.00 0.00
state 1 default
no green or red detected, correcting heading...
state 1 correcting no/both walls
fps:24.085973739624023
state:1 DUTY:100.00 target_power:90.00
close x: 0.0 close y: 0.0 close wall: 0.0 park_wall: 0.0
centroid val: 0 servo_angle = -0.75 err = -15
pink: 0 green:0 red:0 
counter: 1  tigger :True heading angle -90 block_time :1.57 
---------------------------------------------------
[CALIB] t=1786184385.2426 counts=11376
-------------------------------------------------
Switch is ON
corrrecting left wall...
original angle: -0.75
r_time diff:1786184385.243056 r_time: 0 g_time diff: 1.5415024757385254 g_time: 1786184383.7015665
left wall cx:56.0 right wal cx:0.0 outer left:0.0 outer right: 0.0
red centroid: 0.00 0.00 green centroid: 0.00 0.00
state 1 default
no green or red detected, correcting heading...
state 1 correcting no/both walls
fps:23.202497482299805
state:1 DUTY:100.00 target_power:90.00
close x: 0.0 close y: 0.0 close wall: 0.0 park_wall: 0.0
centroid val: 0 servo_angle = -0.75 err = -15
pink: 0 green:0 red:0 
counter: 1  tigger :True heading angle -90 block_time :1.59 
---------------------------------------------------
[CALIB] t=1786184385.2552 counts=11425
-------------------------------------------------
Switch is ON
corrrecting left wall...
original angle: -0.75
r_time diff:1786184385.2555165 r_time: 0 g_time diff: 1.5539634227752686 g_time: 1786184383.7015665
left wall cx:56.0 right wal cx:0.0 outer left:0.0 outer right: 0.0
red centroid: 0.00 0.00 green centroid: 0.00 0.00
state 1 default
no green or red detected, correcting heading...
state 1 correcting no/both walls
fps:23.202497482299805
state:1 DUTY:100.00 target_power:90.00
close x: 0.0 close y: 0.0 close wall: 0.0 park_wall: 0.0
centroid val: 0 servo_angle = -0.75 err = -15
pink: 0 green:0 red:0 
counter: 1  tigger :True heading angle -90 block_time :1.60 
---------------------------------------------------
[CALIB] t=1786184385.2696 counts=11485
-------------------------------------------------
Switch is ON
corrrecting left wall...
original angle: -0.75
r_time diff:1786184385.2707338 r_time: 0 g_time diff: 1.569185733795166 g_time: 1786184383.7015665
left wall cx:56.0 right wal cx:0.0 outer left:0.0 outer right: 0.0
red centroid: 0.00 0.00 green centroid: 0.00 0.00
state 1 default
no green or red detected, correcting heading...
state 1 correcting no/both walls
fps:23.202497482299805
state:1 DUTY:100.00 target_power:90.00
close x: 0.0 close y: 0.0 close wall: 0.0 park_wall: 0.0
centroid val: 0 servo_angle = -0.75 err = -15
pink: 0 green:0 red:0 
counter: 1  tigger :True heading angle -90 block_time :1.61 
---------------------------------------------------
[CALIB] t=1786184385.2847 counts=11542
-------------------------------------------------
Switch is ON
default green following
center greeen...
original angle: 14.00
r_time diff:1786184385.284887 r_time: 0 g_time diff: 6.771087646484375e-05 g_time: 1786184385.28483
left wall cx:60.0 right wal cx:0.0 outer left:0.0 outer right: 0.0
red centroid: 0.00 0.00 green centroid: 0.00 0.00
shifting to state 2..
fps:26.466392517089844
state:2 DUTY:88.92 target_power:75.00
close x: 345.0 close y: 105.0 close wall: 0.0 park_wall: 0.0
centroid val: 0.0 servo_angle = 14.00 err = 280.0
pink: 0 green:1 red:0 
counter: 1  tigger :True heading angle -90 block_time :0.00 
---------------------------------------------------
[CALIB] t=1786184385.2984 counts=11605
-------------------------------------------------
Switch is ON
default green following
left greeen...
original angle: 23.50
r_time diff:1786184385.3009577 r_time: 0 g_time diff: 0.0020716190338134766 g_time: 1786184385.2989216
left wall cx:60.0 right wal cx:0.0 outer left:0.0 outer right: 0.0
red centroid: 0.00 0.00 green centroid: 0.00 0.00
state 2
state 2 time :0.01676774024963379
avoding obstacle_state == 2
still avoding block for 0.05 sec
obstacle is beyonf limit state 2
fps:26.466392517089844
state:2 DUTY:84.49 target_power:75.00
close x: 345.0 close y: 105.0 close wall: 0.0 park_wall: 0.0
centroid val: 0.0 servo_angle = 23.50 err = 470.0
pink: 0 green:1 red:0 
counter: 1  tigger :True heading angle -90 block_time :0.02 
---------------------------------------------------
[CALIB] t=1786184385.3193 counts=11695
-------------------------------------------------
Switch is ON
default green following
left greeen...
original angle: 26.00
r_time diff:1786184385.319719 r_time: 0 g_time diff: 0.00013518333435058594 g_time: 1786184385.3195956
left wall cx:0.0 right wal cx:0.0 outer left:0.0 outer right: 0.0
red centroid: 0.00 0.00 green centroid: 0.00 0.00
state 2
state 2 time :0.03483152389526367
avoding obstacle_state == 2
still avoding block for 0.05 sec
obstacle is beyonf limit state 2
fps:25.722705841064453
state:2 DUTY:83.69 target_power:75.00
close x: 333.0 close y: 108.0 close wall: 0.0 park_wall: 0.0
centroid val: 0.0 servo_angle = 26.00 err = 520.0
pink: 0 green:1 red:0 
counter: 1  tigger :True heading angle -90 block_time :0.04 
---------------------------------------------------
[CALIB] t=1786184385.3338 counts=11748
-------------------------------------------------
Switch is ON
default green following
left greeen...
original angle: 26.00
r_time diff:1786184385.3341002 r_time: 0 g_time diff: 0.0001392364501953125 g_time: 1786184385.3339791
left wall cx:0.0 right wal cx:0.0 outer left:0.0 outer right: 0.0
red centroid: 0.00 0.00 green centroid: 0.00 0.00
state 2
state 2 time :0.04932522773742676
avoding obstacle_state == 2
still avoding block for 0.05 sec
obstacle is beyonf limit state 2
fps:25.722705841064453
state:2 DUTY:81.53 target_power:75.00
close x: 333.0 close y: 108.0 close wall: 0.0 park_wall: 0.0
centroid val: 0.0 servo_angle = 26.00 err = 520.0
pink: 0 green:1 red:0 
counter: 1  tigger :True heading angle -90 block_time :0.05 
---------------------------------------------------
[CALIB] t=1786184385.3490 counts=11830
-------------------------------------------------
Switch is ON
default green following
left greeen...
original angle: 26.00
r_time diff:1786184385.350171 r_time: 0 g_time diff: 0.0004980564117431641 g_time: 1786184385.3496916
left wall cx:0.0 right wal cx:0.0 outer left:0.0 outer right: 0.0
red centroid: 0.00 0.00 green centroid: 0.00 0.00
state 2
state 2 time :0.06602740287780762
avoding obstacle_state == 2
still avoding block for 0.05 sec
obstacle is beyonf limit state 2
fps:25.722705841064453
state:2 DUTY:85.53 target_power:75.00
close x: 333.0 close y: 108.0 close wall: 0.0 park_wall: 0.0
centroid val: 0.0 servo_angle = 26.00 err = 520.0
pink: 0 green:1 red:0 
counter: 1  tigger :True heading angle -90 block_time :0.07 
---------------------------------------------------
[CALIB] t=1786184385.3700 counts=11921
-------------------------------------------------
Switch is ON
default green following
left greeen...
original angle: 26.00
r_time diff:1786184385.3704178 r_time: 0 g_time diff: 0.00013875961303710938 g_time: 1786184385.3702922
left wall cx:0.0 right wal cx:0.0 outer left:0.0 outer right: 0.0
red centroid: 0.00 0.00 green centroid: 0.00 0.00
state 2
state 2 time :0.08559107780456543
shifting back to 1
fps:23.957927703857422
state:1 DUTY:81.18 target_power:75.00
close x: 322.0 close y: 116.0 close wall: 0.0 park_wall: 0.0
centroid val: 0.0 servo_angle = 26.00 err = 520.0
pink: 0 green:1 red:0 
counter: 1  tigger :False heading angle -90 block_time :0.09 
---------------------------------------------------
[CALIB] t=1786184385.3826 counts=11981
-------------------------------------------------
Switch is ON
default green following
center greeen...
original angle: 17.00
r_time diff:1786184385.3833592 r_time: 0 g_time diff: 0.0002770423889160156 g_time: 1786184385.3830974
left wall cx:0.0 right wal cx:0.0 outer left:0.0 outer right: 0.0
red centroid: 0.00 0.00 green centroid: 0.00 0.00
shifting to state 2..
fps:23.957927703857422
state:2 DUTY:84.65 target_power:75.00
close x: 322.0 close y: 116.0 close wall: 0.0 park_wall: 0.0
centroid val: 0.0 servo_angle = 17.00 err = 340.0
pink: 0 green:1 red:0 
counter: 1  tigger :True heading angle -90 block_time :0.01 
---------------------------------------------------
[CALIB] t=1786184385.3996 counts=12058
-------------------------------------------------
Switch is ON
default green following
left greeen...
original angle: 26.00
r_time diff:1786184385.3998897 r_time: 0 g_time diff: 0.0001246929168701172 g_time: 1786184385.3997772
left wall cx:0.0 right wal cx:0.0 outer left:0.0 outer right: 0.0
red centroid: 0.00 0.00 green centroid: 0.00 0.00
state 2
state 2 time :0.016352415084838867
avoding obstacle_state == 2
still avoding block for 0.05 sec
obstacle is beyonf limit state 2
fps:23.820472717285156
state:2 DUTY:81.92 target_power:75.00
close x: 309.0 close y: 124.0 close wall: 0.0 park_wall: 0.0
centroid val: 0.0 servo_angle = 26.00 err = 520.0
pink: 0 green:1 red:0 
counter: 2  tigger :True heading angle -180 block_time :0.02 
---------------------------------------------------
[CALIB] t=1786184385.4129 counts=12114
-------------------------------------------------
Switch is ON
default green following
left greeen...
original angle: 26.00
r_time diff:1786184385.4143429 r_time: 0 g_time diff: 0.0008111000061035156 g_time: 1786184385.4135485
left wall cx:0.0 right wal cx:0.0 outer left:0.0 outer right: 0.0
red centroid: 0.00 0.00 green centroid: 0.00 0.00
state 2
state 2 time :0.03193807601928711
avoding obstacle_state == 2
still avoding block for 0.05 sec
obstacle is beyonf limit state 2
fps:23.820472717285156
state:2 DUTY:80.27 target_power:75.00
close x: 309.0 close y: 124.0 close wall: 0.0 park_wall: 0.0
centroid val: 0.0 servo_angle = 26.00 err = 520.0
pink: 0 green:1 red:0 
counter: 2  tigger :True heading angle -180 block_time :0.04 
---------------------------------------------------
[CALIB] t=1786184385.4299 counts=12185
-------------------------------------------------
Switch is ON
default green following
left greeen...
original angle: 26.00
r_time diff:1786184385.4308941 r_time: 0 g_time diff: 0.0004410743713378906 g_time: 1786184385.4304788
left wall cx:0.0 right wal cx:0.0 outer left:0.0 outer right: 0.0
red centroid: 0.00 0.00 green centroid: 0.00 0.00
state 2
state 2 time :0.04803967475891113
avoding obstacle_state == 2
still avoding block for 0.05 sec
obstacle is beyonf limit state 2
fps:23.820472717285156
state:2 DUTY:84.72 target_power:75.00
close x: 309.0 close y: 124.0 close wall: 0.0 park_wall: 0.0
centroid val: 0.0 servo_angle = 26.00 err = 520.0
pink: 0 green:1 red:0 
counter: 2  tigger :True heading angle -180 block_time :0.05 
---------------------------------------------------
[CALIB] t=1786184385.4447 counts=12267
-------------------------------------------------
Switch is ON
original angle: 0.00
r_time diff:1786184385.4451363 r_time: 0 g_time diff: 0.014670372009277344 g_time: 1786184385.4304788
left wall cx:0.0 right wal cx:0.0 outer left:0.0 outer right: 0.0
red centroid: 0.00 0.00 green centroid: 0.00 0.00
state 2
state 2 time :0.06157660484313965
avoding obstacle_state == 2
still avoding block for 0.05 sec
obstacle is beyonf limit state 2
fps:26.83702278137207
state:2 DUTY:96.58 target_power:90.00
close x: 0.0 close y: 0.0 close wall: 0.0 park_wall: 0.0
centroid val: 0 servo_angle = 0.00 err = 0
pink: 0 green:0 red:0 
counter: 2  tigger :True heading angle -180 block_time :0.06 
---------------------------------------------------
[CALIB] t=1786184385.4586 counts=12337
-------------------------------------------------
Switch is ON
original angle: 0.00
r_time diff:1786184385.4595172 r_time: 0 g_time diff: 0.029056787490844727 g_time: 1786184385.4304788
left wall cx:0.0 right wal cx:0.0 outer left:0.0 outer right: 0.0
red centroid: 0.00 0.00 green centroid: 0.00 0.00
state 2
state 2 time :0.07622241973876953
avoding obstacle_state == 2
still avoding block for 0.05 sec
obstacle is beyonf limit state 2
fps:26.83702278137207
state:2 DUTY:100.00 target_power:90.00
close x: 0.0 close y: 0.0 close wall: 0.0 park_wall: 0.0
centroid val: 0 servo_angle = 0.00 err = 0
pink: 0 green:0 red:0 
counter: 2  tigger :True heading angle -180 block_time :0.08 
---------------------------------------------------
[CALIB] t=1786184385.4730 counts=12396
-------------------------------------------------
Switch is ON
original angle: 0.00
r_time diff:1786184385.473673 r_time: 0 g_time diff: 0.043216705322265625 g_time: 1786184385.4304788
left wall cx:0.0 right wal cx:0.0 outer left:0.0 outer right: 0.0
red centroid: 0.00 0.00 green centroid: 0.00 0.00
state 2
state 2 time :0.0911252498626709
shifting back to 1
fps:25.590986251831055
state:1 DUTY:100.00 target_power:90.00
close x: 0.0 close y: 0.0 close wall: 0.0 park_wall: 0.0
centroid val: 0 servo_angle = 0.00 err = 0
pink: 0 green:0 red:0 
counter: 2  tigger :True heading angle -180 block_time :0.09 
---------------------------------------------------
[CALIB] t=1786184385.4916 counts=12489
-------------------------------------------------
Switch is ON
original angle: 0.00
r_time diff:1786184385.4919336 r_time: 0 g_time diff: 0.06147050857543945 g_time: 1786184385.4304788
left wall cx:0.0 right wal cx:0.0 outer left:0.0 outer right: 0.0
red centroid: 0.00 0.00 green centroid: 0.00 0.00
state 1 default
no green or red detected, correcting heading...
state 1 correcting no/both walls
fps:25.590986251831055
state:1 DUTY:100.00 target_power:90.00
close x: 0.0 close y: 0.0 close wall: 0.0 park_wall: 0.0
centroid val: 0 servo_angle = 0.00 err = 0
pink: 0 green:0 red:0 
counter: 2  tigger :True heading angle -180 block_time :0.11 
---------------------------------------------------
[CALIB] t=1786184385.5086 counts=12562
-------------------------------------------------
Switch is ON
original angle: 0.00
r_time diff:1786184385.5096865 r_time: 0 g_time diff: 0.07922840118408203 g_time: 1786184385.4304788
left wall cx:0.0 right wal cx:0.0 outer left:0.0 outer right: 0.0
red centroid: 0.00 0.00 green centroid: 0.00 0.00
state 1 default
no green or red detected, correcting heading...
state 1 correcting no/both walls
fps:25.590986251831055
state:1 DUTY:100.00 target_power:90.00
close x: 0.0 close y: 0.0 close wall: 0.0 park_wall: 0.0
centroid val: 0 servo_angle = 0.00 err = 0
pink: 0 green:0 red:0 
counter: 2  tigger :True heading angle -180 block_time :0.13 
---------------------------------------------------
[CALIB] t=1786184385.5235 counts=12634
-------------------------------------------------
Switch is ON
original angle: 0.00
r_time diff:1786184385.5240605 r_time: 0 g_time diff: 0.09359526634216309 g_time: 1786184385.4304788
left wall cx:0.0 right wal cx:0.0 outer left:0.0 outer right: 0.0
red centroid: 0.00 0.00 green centroid: 0.00 0.00
state 1 default
no green or red detected, correcting heading...
state 1 correcting no/both walls
fps:24.842731475830078
state:1 DUTY:100.00 target_power:90.00
close x: 0.0 close y: 0.0 close wall: 0.0 park_wall: 0.0
centroid val: 0 servo_angle = 0.00 err = 0
pink: 0 green:0 red:0 
counter: 2  tigger :True heading angle -180 block_time :0.14 
---------------------------------------------------
[CALIB] t=1786184385.5362 counts=12691
-------------------------------------------------
Switch is ON
original angle: 0.00
r_time diff:1786184385.536851 r_time: 0 g_time diff: 0.10642480850219727 g_time: 1786184385.4304788
left wall cx:0.0 right wal cx:0.0 outer left:0.0 outer right: 0.0
red centroid: 0.00 0.00 green centroid: 0.00 0.00
state 1 default
no green or red detected, correcting heading...
state 1 correcting no/both walls
fps:24.842731475830078
state:1 DUTY:100.00 target_power:90.00
close x: 0.0 close y: 0.0 close wall: 0.0 park_wall: 0.0
centroid val: 0 servo_angle = 0.00 err = 0
pink: 0 green:0 red:0 
counter: 2  tigger :True heading angle -180 block_time :0.16 
---------------------------------------------------
[CALIB] t=1786184385.5536 counts=12781
-------------------------------------------------
Switch is ON
original angle: 0.00
r_time diff:1786184385.555359 r_time: 0 g_time diff: 0.12490320205688477 g_time: 1786184385.4304788
left wall cx:0.0 right wal cx:0.0 outer left:0.0 outer right: 0.0
red centroid: 0.00 0.00 green centroid: 0.00 0.00
state 1 default
no green or red detected, correcting heading...
correcting outer left wall...
fps:25.248727798461914
state:1 DUTY:100.00 target_power:90.00
close x: 0.0 close y: 0.0 close wall: 0.0 park_wall: 0.0
centroid val: 0 servo_angle = 0.00 err = 0
pink: 0 green:0 red:0 
counter: 2  tigger :True heading angle -180 block_time :0.17 
---------------------------------------------------
[CALIB] t=1786184385.5699 counts=12862
-------------------------------------------------
Switch is ON
original angle: 0.00
r_time diff:1786184385.570173 r_time: 0 g_time diff: 0.1397078037261963 g_time: 1786184385.4304788
left wall cx:0.0 right wal cx:0.0 outer left:36.0 outer right: 0.0
red centroid: 0.00 0.00 green centroid: 0.00 0.00
state 1 default
no green or red detected, correcting heading...
correcting outer left wall...
fps:25.248727798461914
state:1 DUTY:100.00 target_power:90.00
close x: 0.0 close y: 0.0 close wall: 0.0 park_wall: 0.0
centroid val: 0 servo_angle = 0.00 err = 0
pink: 0 green:0 red:0 
counter: 2  tigger :True heading angle -180 block_time :0.19 
---------------------------------------------------
[CALIB] t=1786184385.5836 counts=12930
-------------------------------------------------
Switch is ON
original angle: 0.00
r_time diff:1786184385.5838852 r_time: 0 g_time diff: 0.15342259407043457 g_time: 1786184385.4304788
left wall cx:0.0 right wal cx:0.0 outer left:36.0 outer right: 0.0
red centroid: 0.00 0.00 green centroid: 0.00 0.00
state 1 default
no green or red detected, correcting heading...
correcting outer left wall...
fps:25.248727798461914
state:1 DUTY:100.00 target_power:90.00
close x: 0.0 close y: 0.0 close wall: 0.0 park_wall: 0.0
centroid val: 0 servo_angle = 0.00 err = 0
pink: 0 green:0 red:0 
counter: 2  tigger :True heading angle -180 block_time :0.20 
---------------------------------------------------
[CALIB] t=1786184385.5980 counts=13007
-------------------------------------------------
Switch is ON
default red following
center red...
original angle: -2.10
r_time diff:0.00011205673217773438 r_time: 1786184385.598218 g_time diff: 1786184385.598346 g_time: 0
left wall cx:0.0 right wal cx:0.0 outer left:34.0 outer right: 0.0
red centroid: 292.00 25.00 green centroid: 0.00 0.00
Avoiding obstacle
obstacle is beyond limit state 1
fps:25.341035842895508
state:1 DUTY:75.72 target_power:75.00
close x: 0.0 close y: 0.0 close wall: 0.0 park_wall: 0.0
centroid val: 292.0 servo_angle = -2.10 err = -42.0
pink: 0 green:0 red:1 
counter: 2  tigger :True heading angle -180 block_time :0.22 
---------------------------------------------------
[CALIB] t=1786184385.6119 counts=13069
-------------------------------------------------
Switch is ON
default red following
center red...
original angle: -2.10
r_time diff:0.0013751983642578125 r_time: 1786184385.6138122 g_time diff: 1786184385.6152165 g_time: 0
left wall cx:0.0 right wal cx:0.0 outer left:34.0 outer right: 0.0
red centroid: 292.00 25.00 green centroid: 0.00 0.00
Avoiding obstacle
obstacle is beyond limit state 1
fps:25.341035842895508
state:1 DUTY:82.15 target_power:75.00
close x: 0.0 close y: 0.0 close wall: 0.0 park_wall: 0.0
centroid val: 292.0 servo_angle = -2.10 err = -42.0
pink: 0 green:0 red:1 
counter: 2  tigger :True heading angle -180 block_time :0.23 
---------------------------------------------------
[CALIB] t=1786184385.6287 counts=13147
-------------------------------------------------
Switch is ON
default red following
center red...
original angle: -2.10
r_time diff:0.0003273487091064453 r_time: 1786184385.6298006 g_time diff: 1786184385.630147 g_time: 0
left wall cx:0.0 right wal cx:0.0 outer left:34.0 outer right: 0.0
red centroid: 292.00 25.00 green centroid: 0.00 0.00
Avoiding obstacle
obstacle is beyond limit state 1
fps:25.341035842895508
state:1 DUTY:80.38 target_power:75.00
close x: 0.0 close y: 0.0 close wall: 0.0 park_wall: 0.0
centroid val: 292.0 servo_angle = -2.10 err = -42.0
pink: 0 green:0 red:1 
counter: 2  tigger :True heading angle -180 block_time :0.25 
---------------------------------------------------
[CALIB] t=1786184385.6441 counts=13223
-------------------------------------------------
Switch is ON
default red following
center red...
original angle: -2.95
r_time diff:0.0001571178436279297 r_time: 1786184385.64428 g_time diff: 1786184385.644452 g_time: 0
left wall cx:0.0 right wal cx:0.0 outer left:28.0 outer right: 0.0
red centroid: 309.00 34.00 green centroid: 0.00 0.00
Avoiding obstacle
obstacle is beyond limit state 1
fps:24.895517349243164
state:1 DUTY:82.43 target_power:75.00
close x: 0.0 close y: 0.0 close wall: 0.0 park_wall: 0.0
centroid val: 309.0 servo_angle = -2.95 err = -59.0
pink: 0 green:0 red:1 
counter: 2  tigger :True heading angle -180 block_time :0.26 
---------------------------------------------------
[CALIB] t=1786184385.6565 counts=13276
-------------------------------------------------
Switch is ON
default red following
center red...
original angle: -2.95
r_time diff:0.0003006458282470703 r_time: 1786184385.6569545 g_time diff: 1786184385.6572752 g_time: 0
left wall cx:0.0 right wal cx:0.0 outer left:28.0 outer right: 0.0
red centroid: 309.00 34.00 green centroid: 0.00 0.00
Avoiding obstacle
obstacle is beyond limit state 1
fps:24.895517349243164
state:1 DUTY:77.44 target_power:75.00
close x: 0.0 close y: 0.0 close wall: 0.0 park_wall: 0.0
centroid val: 309.0 servo_angle = -2.95 err = -59.0
pink: 0 green:0 red:1 
counter: 2  tigger :True heading angle -180 block_time :0.28 
---------------------------------------------------
[CALIB] t=1786184385.6725 counts=13348
-------------------------------------------------
Switch is ON
default red following
center red...
original angle: -2.95
r_time diff:0.0007171630859375 r_time: 1786184385.6736827 g_time diff: 1786184385.6744184 g_time: 0
left wall cx:0.0 right wal cx:0.0 outer left:28.0 outer right: 0.0
red centroid: 309.00 34.00 green centroid: 0.00 0.00
Avoiding obstacle
obstacle is beyond limit state 1
fps:24.895517349243164
state:1 DUTY:85.23 target_power:75.00
close x: 0.0 close y: 0.0 close wall: 0.0 park_wall: 0.0
centroid val: 309.0 servo_angle = -2.95 err = -59.0
pink: 0 green:0 red:1 
counter: 2  tigger :True heading angle -180 block_time :0.29 
---------------------------------------------------
[CALIB] t=1786184385.6905 counts=13441
-------------------------------------------------
Switch is ON
default red following
center red...
original angle: -3.05
r_time diff:0.0016591548919677734 r_time: 1786184385.6909537 g_time diff: 1786184385.6926448 g_time: 0
left wall cx:0.0 right wal cx:0.0 outer left:51.0 outer right: 605.0
red centroid: 311.00 51.00 green centroid: 0.00 0.00
Avoiding obstacle
obstacle is beyond limit state 1
fps:23.311782836914062
state:1 DUTY:79.38 target_power:75.00
close x: 0.0 close y: 0.0 close wall: 0.0 park_wall: 0.0
centroid val: 311.0 servo_angle = -3.05 err = -61.0
pink: 0 green:0 red:1 
counter: 2  tigger :True heading angle -180 block_time :0.31 
---------------------------------------------------
[CALIB] t=1786184385.7062 counts=13509
-------------------------------------------------
Switch is ON
default red following
center red...
original angle: -3.05
r_time diff:0.0011506080627441406 r_time: 1786184385.7069933 g_time diff: 1786184385.7081645 g_time: 0
left wall cx:0.0 right wal cx:0.0 outer left:51.0 outer right: 605.0
red centroid: 311.00 51.00 green centroid: 0.00 0.00
Avoiding obstacle
obstacle is beyond limit state 1
fps:23.311782836914062
state:1 DUTY:87.25 target_power:75.00
close x: 0.0 close y: 0.0 close wall: 0.0 park_wall: 0.0
centroid val: 311.0 servo_angle = -3.05 err = -61.0
pink: 0 green:0 red:1 
counter: 2  tigger :True heading angle -180 block_time :0.33 
---------------------------------------------------
[CALIB] t=1786184385.7219 counts=13591
-------------------------------------------------
Switch is ON
default red following
center red...
original angle: 2.90
r_time diff:0.00015592575073242188 r_time: 1786184385.7224212 g_time diff: 1786184385.722593 g_time: 0
left wall cx:0.0 right wal cx:0.0 outer left:68.0 outer right: 598.0
red centroid: 192.00 32.00 green centroid: 0.00 0.00
Avoiding obstacle
obstacle is beyond limit state 1
fps:25.111618041992188
state:1 DUTY:73.87 target_power:75.00
close x: 0.0 close y: 0.0 close wall: 0.0 park_wall: 116.5
centroid val: 192.0 servo_angle = 2.90 err = 58.0
pink: 0 green:0 red:1 
counter: 2  tigger :True heading angle -180 block_time :0.34 
---------------------------------------------------
[CALIB] t=1786184385.7389 counts=13670
-------------------------------------------------
Switch is ON
default red following
center red...
original angle: 2.90
r_time diff:0.0001685619354248047 r_time: 1786184385.7394698 g_time diff: 1786184385.7396657 g_time: 0
left wall cx:0.0 right wal cx:0.0 outer left:68.0 outer right: 598.0
red centroid: 192.00 32.00 green centroid: 0.00 0.00
Avoiding obstacle
obstacle is beyond limit state 1
fps:25.111618041992188
state:1 DUTY:85.18 target_power:75.00
close x: 0.0 close y: 0.0 close wall: 0.0 park_wall: 116.5
centroid val: 192.0 servo_angle = 2.90 err = 58.0
pink: 0 green:0 red:1 
counter: 2  tigger :True heading angle -180 block_time :0.36 
---------------------------------------------------
[CALIB] t=1786184385.7552 counts=13741
-------------------------------------------------
Switch is ON
default red following
center red...
original angle: 2.90
r_time diff:0.0004258155822753906 r_time: 1786184385.7555437 g_time diff: 1786184385.7559855 g_time: 0
left wall cx:0.0 right wal cx:0.0 outer left:68.0 outer right: 598.0
red centroid: 192.00 32.00 green centroid: 0.00 0.00
Avoiding obstacle
obstacle is beyond limit state 1
fps:25.111618041992188
state:1 DUTY:81.89 target_power:75.00
close x: 0.0 close y: 0.0 close wall: 0.0 park_wall: 126.5
centroid val: 192.0 servo_angle = 2.90 err = 58.0
pink: 0 green:0 red:1 
counter: 2  tigger :True heading angle -180 block_time :0.37 
---------------------------------------------------
[CALIB] t=1786184385.7723 counts=13824
-------------------------------------------------
Switch is ON
default red following
center red...
original angle: 2.45
r_time diff:0.00018095970153808594 r_time: 1786184385.772525 g_time diff: 1786184385.7727227 g_time: 0
left wall cx:0.0 right wal cx:0.0 outer left:67.0 outer right: 600.0
red centroid: 201.00 39.00 green centroid: 0.00 0.00
Avoiding obstacle
obstacle is beyond limit state 1
fps:24.96046257019043
state:1 DUTY:75.02 target_power:75.00
close x: 0.0 close y: 0.0 close wall: 0.0 park_wall: 126.5
centroid val: 201.0 servo_angle = 2.45 err = 49.0
pink: 0 green:0 red:1 
counter: 2  tigger :True heading angle -180 block_time :0.39 
---------------------------------------------------
[CALIB] t=1786184385.7879 counts=13905
-------------------------------------------------
Switch is ON
default red following
center red...
original angle: 2.45
r_time diff:0.000537872314453125 r_time: 1786184385.788395 g_time diff: 1786184385.7889564 g_time: 0
left wall cx:0.0 right wal cx:0.0 outer left:67.0 outer right: 600.0
red centroid: 201.00 39.00 green centroid: 0.00 0.00
Avoiding obstacle
obstacle is beyond limit state 1
fps:24.96046257019043
state:1 DUTY:78.55 target_power:75.00
close x: 0.0 close y: 0.0 close wall: 0.0 park_wall: 126.5
centroid val: 201.0 servo_angle = 2.45 err = 49.0
pink: 0 green:0 red:1 
counter: 2  tigger :True heading angle -180 block_time :0.41 
---------------------------------------------------
[CALIB] t=1786184385.8032 counts=13984
-------------------------------------------------
Switch is ON
original angle: 0.00
r_time diff:0.01536107063293457 r_time: 1786184385.788395 g_time diff: 1786184385.8037794 g_time: 0
left wall cx:0.0 right wal cx:0.0 outer left:70.0 outer right: 604.0
red centroid: 0.00 0.00 green centroid: 0.00 0.00
state 1 default
no green or red detected, correcting heading...
state 1 correcting no/both walls
fps:23.92525863647461
state:1 DUTY:100.00 target_power:90.00
close x: 0.0 close y: 0.0 close wall: 0.0 park_wall: 0.0
centroid val: 0 servo_angle = 0.00 err = 0
pink: 0 green:0 red:0 
counter: 2  tigger :True heading angle -180 block_time :0.42 
---------------------------------------------------
[CALIB] t=1786184385.8162 counts=14046
-------------------------------------------------
Switch is ON
original angle: 0.00
r_time diff:0.028533220291137695 r_time: 1786184385.788395 g_time diff: 1786184385.816947 g_time: 0
left wall cx:0.0 right wal cx:0.0 outer left:70.0 outer right: 604.0
red centroid: 0.00 0.00 green centroid: 0.00 0.00
state 1 default
no green or red detected, correcting heading...
state 1 correcting no/both walls
fps:23.92525863647461
state:1 DUTY:100.00 target_power:90.00
close x: 0.0 close y: 0.0 close wall: 0.0 park_wall: 0.0
centroid val: 0 servo_angle = 0.00 err = 0
pink: 0 green:0 red:0 
counter: 2  tigger :True heading angle -180 block_time :0.43 
---------------------------------------------------
[CALIB] t=1786184385.8317 counts=14127
-------------------------------------------------
Switch is ON
original angle: 0.00
r_time diff:0.04445338249206543 r_time: 1786184385.788395 g_time diff: 1786184385.832866 g_time: 0
left wall cx:0.0 right wal cx:0.0 outer left:70.0 outer right: 604.0
red centroid: 0.00 0.00 green centroid: 0.00 0.00
state 1 default
no green or red detected, correcting heading...
state 1 correcting no/both walls
fps:23.92525863647461
state:1 DUTY:100.00 target_power:90.00
close x: 0.0 close y: 0.0 close wall: 0.0 park_wall: 0.0
centroid val: 0 servo_angle = 0.00 err = 0
pink: 0 green:0 red:0 
counter: 2  tigger :True heading angle -180 block_time :0.45 
---------------------------------------------------
[CALIB] t=1786184385.8504 counts=14227
-------------------------------------------------
Switch is ON
default red following
center red...
original angle: 12.50
r_time diff:0.00013947486877441406 r_time: 1786184385.8505871 g_time diff: 1786184385.8507445 g_time: 0
left wall cx:69.0 right wal cx:0.0 outer left:70.0 outer right: 606.0
red centroid: 0.00 0.00 green centroid: 0.00 0.00
shifting to state 2..
fps:25.880237579345703
state:2 DUTY:75.81 target_power:75.00
close x: 296.0 close y: 110.0 close wall: 0.0 park_wall: 0.0
centroid val: 0.0 servo_angle = 12.50 err = 250.0
pink: 0 green:0 red:1 
counter: 2  tigger :True heading angle -180 block_time :0.00 
---------------------------------------------------
[CALIB] t=1786184385.8642 counts=14293
-------------------------------------------------
Switch is ON
default red following
right red...
original angle: 5.00
r_time diff:0.00037479400634765625 r_time: 1786184385.864901 g_time diff: 1786184385.8653142 g_time: 0
left wall cx:69.0 right wal cx:0.0 outer left:70.0 outer right: 606.0
red centroid: 0.00 0.00 green centroid: 0.00 0.00
state 2
state 2 time :0.01497960090637207
avoding obstacle_state == 2
still avoding block for 0.05 sec
obstacle is beyonf limit state 2
fps:25.880237579345703
state:2 DUTY:77.60 target_power:75.00
close x: 296.0 close y: 110.0 close wall: 0.0 park_wall: 0.0
centroid val: 0.0 servo_angle = 5.00 err = 100.0
pink: 0 green:0 red:1 
counter: 2  tigger :True heading angle -180 block_time :0.02 
---------------------------------------------------
[CALIB] t=1786184385.8797 counts=14375
-------------------------------------------------
Switch is ON
default red following
right red...
original angle: 5.00
r_time diff:0.00016427040100097656 r_time: 1786184385.8799372 g_time diff: 1786184385.8801157 g_time: 0
left wall cx:58.0 right wal cx:0.0 outer left:65.0 outer right: 608.0
red centroid: 0.00 0.00 green centroid: 0.00 0.00
state 2
state 2 time :0.029370784759521484
avoding obstacle_state == 2
still avoding block for 0.05 sec
obstacle is beyonf limit state 2
fps:25.934751510620117
state:2 DUTY:72.58 target_power:75.00
close x: 311.0 close y: 119.0 close wall: 0.0 park_wall: 0.0
centroid val: 0.0 servo_angle = 5.00 err = 100.0
pink: 0 green:0 red:1 
counter: 2  tigger :True heading angle -180 block_time :0.03 
---------------------------------------------------
[CALIB] t=1786184385.8930 counts=14457
-------------------------------------------------
Switch is ON
default red following
right red...
original angle: 5.00
r_time diff:0.00020837783813476562 r_time: 1786184385.893952 g_time diff: 1786184385.8941793 g_time: 0
left wall cx:58.0 right wal cx:0.0 outer left:65.0 outer right: 608.0
red centroid: 0.00 0.00 green centroid: 0.00 0.00
state 2
state 2 time :0.044322967529296875
avoding obstacle_state == 2
still avoding block for 0.05 sec
obstacle is beyonf limit state 2
fps:25.934751510620117
state:2 DUTY:83.28 target_power:75.00
close x: 311.0 close y: 119.0 close wall: 0.0 park_wall: 0.0
centroid val: 0.0 servo_angle = 5.00 err = 100.0
pink: 0 green:0 red:1 
counter: 2  tigger :True heading angle -180 block_time :0.05 
---------------------------------------------------
[CALIB] t=1786184385.9104 counts=14547
-------------------------------------------------
Switch is ON
default red following
right red...
original angle: 5.00
r_time diff:0.0002422332763671875 r_time: 1786184385.910748 g_time diff: 1786184385.911016 g_time: 0
left wall cx:58.0 right wal cx:0.0 outer left:65.0 outer right: 608.0
red centroid: 0.00 0.00 green centroid: 0.00 0.00
state 2
state 2 time :0.0604703426361084
avoding obstacle_state == 2
still avoding block for 0.05 sec
obstacle is beyonf limit state 2
fps:25.934751510620117
state:2 DUTY:74.57 target_power:75.00
close x: 311.0 close y: 119.0 close wall: 0.0 park_wall: 0.0
centroid val: 0.0 servo_angle = 5.00 err = 100.0
pink: 0 green:0 red:1 
counter: 2  tigger :True heading angle -180 block_time :0.06 
---------------------------------------------------
[CALIB] t=1786184385.9261 counts=14629
-------------------------------------------------
Switch is ON
original angle: 0.00
r_time diff:0.015700817108154297 r_time: 1786184385.910748 g_time diff: 1786184385.926464 g_time: 0
left wall cx:51.0 right wal cx:606.0 outer left:60.0 outer right: 606.0
red centroid: 0.00 0.00 green centroid: 0.00 0.00
state 2
state 2 time :0.0757143497467041
avoding obstacle_state == 2
still avoding block for 0.05 sec
obstacle is beyonf limit state 2
fps:23.511442184448242
state:2 DUTY:100.00 target_power:90.00
close x: 0.0 close y: 0.0 close wall: 0.0 park_wall: 0.0
centroid val: 0 servo_angle = 0.00 err = 0
pink: 0 green:0 red:0 
counter: 2  tigger :True heading angle -180 block_time :0.08 
---------------------------------------------------
[CALIB] t=1786184385.9422 counts=14706
-------------------------------------------------
Switch is ON
original angle: 0.00
r_time diff:0.03276395797729492 r_time: 1786184385.910748 g_time diff: 1786184385.9435298 g_time: 0
left wall cx:51.0 right wal cx:606.0 outer left:60.0 outer right: 606.0
red centroid: 0.00 0.00 green centroid: 0.00 0.00
state 2
state 2 time :0.09331846237182617
shifting back to 1
fps:23.511442184448242
state:1 DUTY:99.16 target_power:90.00
close x: 0.0 close y: 0.0 close wall: 0.0 park_wall: 0.0
centroid val: 0 servo_angle = 0.00 err = 0
pink: 0 green:0 red:0 
counter: 2  tigger :True heading angle -180 block_time :0.10 
---------------------------------------------------
[CALIB] t=1786184385.9580 counts=14784
-------------------------------------------------
Switch is ON
original angle: 0.00
r_time diff:0.047652244567871094 r_time: 1786184385.910748 g_time diff: 1786184385.9584231 g_time: 0
left wall cx:47.0 right wal cx:613.0 outer left:0.0 outer right: 0.0
red centroid: 0.00 0.00 green centroid: 0.00 0.00
state 1 default
no green or red detected, correcting heading...
state 1 correcting no/both walls
fps:27.266870498657227
state:1 DUTY:100.00 target_power:90.00
close x: 0.0 close y: 0.0 close wall: 0.0 park_wall: 0.0
centroid val: 0 servo_angle = 0.00 err = 0
pink: 0 green:0 red:0 
counter: 2  tigger :True heading angle -180 block_time :0.11 
---------------------------------------------------
[CALIB] t=1786184385.9717 counts=14847
-------------------------------------------------
Switch is ON
original angle: 0.00
r_time diff:0.06126809120178223 r_time: 1786184385.910748 g_time diff: 1786184385.9720457 g_time: 0
left wall cx:47.0 right wal cx:613.0 outer left:0.0 outer right: 0.0
red centroid: 0.00 0.00 green centroid: 0.00 0.00
state 1 default
no green or red detected, correcting heading...
state 1 correcting no/both walls
fps:27.266870498657227
state:1 DUTY:99.32 target_power:90.00
close x: 0.0 close y: 0.0 close wall: 0.0 park_wall: 0.0
centroid val: 0 servo_angle = 0.00 err = 0
pink: 0 green:0 red:0 
counter: 2  tigger :True heading angle -180 block_time :0.12 
---------------------------------------------------
[CALIB] t=1786184385.9895 counts=14930
-------------------------------------------------
Switch is ON
original angle: 0.00
r_time diff:0.07957720756530762 r_time: 1786184385.910748 g_time diff: 1786184385.99039 g_time: 0
left wall cx:47.0 right wal cx:613.0 outer left:0.0 outer right: 0.0
red centroid: 0.00 0.00 green centroid: 0.00 0.00
state 1 default
no green or red detected, correcting heading...
state 1 correcting no/both walls
fps:27.266870498657227
state:1 DUTY:100.00 target_power:90.00
close x: 0.0 close y: 0.0 close wall: 0.0 park_wall: 0.0
centroid val: 0 servo_angle = 0.00 err = 0
pink: 0 green:0 red:0 
counter: 2  tigger :True heading angle -180 block_time :0.14 
---------------------------------------------------
[CALIB] t=1786184386.0035 counts=15013
-------------------------------------------------
Switch is ON
corrrecting right wall...
original angle: 0.75
r_time diff:0.09317874908447266 r_time: 1786184385.910748 g_time diff: 1786184386.0039418 g_time: 0
left wall cx:0.0 right wal cx:588.0 outer left:0.0 outer right: 0.0
red centroid: 0.00 0.00 green centroid: 0.00 0.00
state 1 default
no green or red detected, correcting heading...
state 1 correcting no/both walls
fps:25.044282913208008
state:1 DUTY:95.30 target_power:90.00
close x: 0.0 close y: 0.0 close wall: 0.0 park_wall: 0.0
centroid val: 0 servo_angle = 0.75 err = 15
pink: 0 green:0 red:0 
counter: 2  tigger :True heading angle -180 block_time :0.15 
---------------------------------------------------
[CALIB] t=1786184386.0182 counts=15097
-------------------------------------------------
Switch is ON
corrrecting right wall...
original angle: 0.75
r_time diff:0.10850834846496582 r_time: 1786184385.910748 g_time diff: 1786184386.0192974 g_time: 0
left wall cx:0.0 right wal cx:588.0 outer left:0.0 outer right: 0.0
red centroid: 0.00 0.00 green centroid: 0.00 0.00
state 1 default
no green or red detected, correcting heading...
state 1 correcting no/both walls
fps:25.044282913208008
state:1 DUTY:100.00 target_power:90.00
close x: 0.0 close y: 0.0 close wall: 0.0 park_wall: 0.0
centroid val: 0 servo_angle = 0.75 err = 15
pink: 0 green:0 red:0 
counter: 2  tigger :True heading angle -180 block_time :0.17 
---------------------------------------------------
[CALIB] t=1786184386.0338 counts=15186
-------------------------------------------------
Switch is ON
corrrecting right wall...
original angle: 0.75
r_time diff:0.12363290786743164 r_time: 1786184385.910748 g_time diff: 1786184386.0343993 g_time: 0
left wall cx:0.0 right wal cx:588.0 outer left:0.0 outer right: 0.0
red centroid: 0.00 0.00 green centroid: 0.00 0.00
state 1 default
no green or red detected, correcting heading...
state 1 correcting no/both walls
fps:25.044282913208008
state:1 DUTY:92.66 target_power:90.00
close x: 0.0 close y: 0.0 close wall: 0.0 park_wall: 0.0
centroid val: 0 servo_angle = 0.75 err = 15
pink: 0 green:0 red:0 
counter: 2  tigger :True heading angle -180 block_time :0.18 
---------------------------------------------------
[CALIB] t=1786184386.0464 counts=15256
-------------------------------------------------
Switch is ON
original angle: 0.00
r_time diff:0.1360456943511963 r_time: 1786184385.910748 g_time diff: 1786184386.0468102 g_time: 0
left wall cx:0.0 right wal cx:0.0 outer left:0.0 outer right: 0.0
red centroid: 0.00 0.00 green centroid: 0.00 0.00
state 1 default
no green or red detected, correcting heading...
state 1 correcting no/both walls
fps:25.6780948638916
state:1 DUTY:100.00 target_power:90.00
close x: 0.0 close y: 0.0 close wall: 0.0 park_wall: 0.0
centroid val: 0 servo_angle = 0.00 err = 0
pink: 0 green:0 red:0 
counter: 2  tigger :True heading angle -180 block_time :0.20 
---------------------------------------------------
[CALIB] t=1786184386.0619 counts=15338
-------------------------------------------------
Switch is ON
original angle: 0.00
r_time diff:0.15152215957641602 r_time: 1786184385.910748 g_time diff: 1786184386.0622902 g_time: 0
left wall cx:0.0 right wal cx:0.0 outer left:0.0 outer right: 0.0
red centroid: 0.00 0.00 green centroid: 0.00 0.00
state 1 default
no green or red detected, correcting heading...
state 1 correcting no/both walls
fps:25.6780948638916
state:1 DUTY:100.00 target_power:90.00
close x: 0.0 close y: 0.0 close wall: 0.0 park_wall: 0.0
centroid val: 0 servo_angle = 0.00 err = 0
pink: 0 green:0 red:0 
counter: 2  tigger :True heading angle -180 block_time :0.21 
---------------------------------------------------
[CALIB] t=1786184386.0744 counts=15416
-------------------------------------------------
Switch is ON
original angle: 0.00
r_time diff:0.16397881507873535 r_time: 1786184385.910748 g_time diff: 1786184386.074744 g_time: 0
left wall cx:0.0 right wal cx:0.0 outer left:0.0 outer right: 0.0
red centroid: 0.00 0.00 green centroid: 0.00 0.00
state 1 default
no green or red detected, correcting heading...
state 1 correcting no/both walls
fps:25.783700942993164
state:1 DUTY:91.56 target_power:90.00
close x: 0.0 close y: 0.0 close wall: 0.0 park_wall: 0.0
centroid val: 0 servo_angle = 0.00 err = 0
pink: 0 green:0 red:0 
counter: 2  tigger :True heading angle -180 block_time :0.22 
---------------------------------------------------
[CALIB] t=1786184386.0863 counts=15484
-------------------------------------------------
Switch is ON
original angle: 0.00
r_time diff:0.17580270767211914 r_time: 1786184385.910748 g_time diff: 1786184386.086566 g_time: 0
left wall cx:0.0 right wal cx:0.0 outer left:0.0 outer right: 0.0
red centroid: 0.00 0.00 green centroid: 0.00 0.00
state 1 default
no green or red detected, correcting heading...
state 1 correcting no/both walls
fps:25.783700942993164
state:1 DUTY:100.00 target_power:90.00
close x: 0.0 close y: 0.0 close wall: 0.0 park_wall: 0.0
centroid val: 0 servo_angle = 0.00 err = 0
pink: 0 green:0 red:0 
counter: 2  tigger :True heading angle -180 block_time :0.24 
---------------------------------------------------
[CALIB] t=1786184386.1016 counts=15571
-------------------------------------------------
Switch is ON
original angle: 0.00
r_time diff:0.1914808750152588 r_time: 1786184385.910748 g_time diff: 1786184386.1022651 g_time: 0
left wall cx:0.0 right wal cx:0.0 outer left:0.0 outer right: 0.0
red centroid: 0.00 0.00 green centroid: 0.00 0.00
state 1 default
no green or red detected, correcting heading...
state 1 correcting no/both walls
fps:25.783700942993164
state:1 DUTY:89.74 target_power:90.00
close x: 0.0 close y: 0.0 close wall: 0.0 park_wall: 0.0
centroid val: 0 servo_angle = 0.00 err = 0
pink: 0 green:0 red:0 
counter: 2  tigger :True heading angle -180 block_time :0.26 
---------------------------------------------------
[CALIB] t=1786184386.1189 counts=15665
-------------------------------------------------
Switch is ON
original angle: 0.00
r_time diff:0.20855212211608887 r_time: 1786184385.910748 g_time diff: 1786184386.1193156 g_time: 0
left wall cx:0.0 right wal cx:0.0 outer left:0.0 outer right: 0.0
red centroid: 0.00 0.00 green centroid: 0.00 0.00
state 1 default
no green or red detected, correcting heading...
state 1 correcting no/both walls
fps:25.62828826904297
state:1 DUTY:98.09 target_power:90.00
close x: 0.0 close y: 0.0 close wall: 0.0 park_wall: 0.0
centroid val: 0 servo_angle = 0.00 err = 0
pink: 0 green:0 red:0 
counter: 2  tigger :True heading angle -180 block_time :0.27 
---------------------------------------------------
[CALIB] t=1786184386.1320 counts=15733
-------------------------------------------------
Switch is ON
original angle: 0.00
r_time diff:0.22159266471862793 r_time: 1786184385.910748 g_time diff: 1786184386.1323621 g_time: 0
left wall cx:0.0 right wal cx:0.0 outer left:0.0 outer right: 0.0
red centroid: 0.00 0.00 green centroid: 0.00 0.00
state 1 default
no green or red detected, correcting heading...
state 1 correcting no/both walls
fps:25.62828826904297
state:1 DUTY:90.92 target_power:90.00
close x: 0.0 close y: 0.0 close wall: 0.0 park_wall: 0.0
centroid val: 0 servo_angle = 0.00 err = 0
pink: 0 green:0 red:0 
counter: 2  tigger :True heading angle -180 block_time :0.28 
---------------------------------------------------
[CALIB] t=1786184386.1470 counts=15827
-------------------------------------------------
Switch is ON
original angle: 0.00
r_time diff:0.23729586601257324 r_time: 1786184385.910748 g_time diff: 1786184386.148083 g_time: 0
left wall cx:0.0 right wal cx:0.0 outer left:0.0 outer right: 0.0
red centroid: 0.00 0.00 green centroid: 0.00 0.00
state 1 default
no green or red detected, correcting heading...
state 1 correcting no/both walls
fps:25.62828826904297
state:1 DUTY:97.09 target_power:90.00
close x: 0.0 close y: 0.0 close wall: 0.0 park_wall: 0.0
centroid val: 0 servo_angle = 0.00 err = 0
pink: 0 green:0 red:0 
counter: 2  tigger :True heading angle -180 block_time :0.30 
---------------------------------------------------
[CALIB] t=1786184386.1607 counts=15914
-------------------------------------------------
Switch is ON
original angle: 0.00
r_time diff:0.2501523494720459 r_time: 1786184385.910748 g_time diff: 1786184386.1609144 g_time: 0
left wall cx:0.0 right wal cx:0.0 outer left:0.0 outer right: 0.0
red centroid: 0.00 0.00 green centroid: 0.00 0.00
state 1 default
no green or red detected, correcting heading...
state 1 correcting no/both walls
fps:23.597118377685547
state:1 DUTY:97.23 target_power:90.00
close x: 0.0 close y: 0.0 close wall: 0.0 park_wall: 0.0
centroid val: 0 servo_angle = 0.00 err = 0
pink: 0 green:0 red:0 
counter: 2  tigger :True heading angle -180 block_time :0.31 
---------------------------------------------------
[CALIB] t=1786184386.1777 counts=16003
-------------------------------------------------
Switch is ON
original angle: 0.00
r_time diff:0.2674288749694824 r_time: 1786184385.910748 g_time diff: 1786184386.1782033 g_time: 0
left wall cx:0.0 right wal cx:0.0 outer left:0.0 outer right: 0.0
red centroid: 0.00 0.00 green centroid: 0.00 0.00
state 1 default
no green or red detected, correcting heading...
state 1 correcting no/both walls
fps:23.597118377685547
state:1 DUTY:100.00 target_power:90.00
close x: 0.0 close y: 0.0 close wall: 0.0 park_wall: 0.0
centroid val: 0 servo_angle = 0.00 err = 0
pink: 0 green:0 red:0 
counter: 2  tigger :True heading angle -180 block_time :0.33 
---------------------------------------------------
[CALIB] t=1786184386.1922 counts=16077
-------------------------------------------------
Switch is ON
original angle: 0.00
r_time diff:0.2825312614440918 r_time: 1786184385.910748 g_time diff: 1786184386.1932983 g_time: 0
left wall cx:0.0 right wal cx:0.0 outer left:0.0 outer right: 0.0
red centroid: 0.00 0.00 green centroid: 0.00 0.00
state 1 default
no green or red detected, correcting heading...
state 1 correcting no/both walls
fps:23.597118377685547
state:1 DUTY:93.01 target_power:90.00
close x: 0.0 close y: 0.0 close wall: 0.0 park_wall: 0.0
centroid val: 0 servo_angle = 0.00 err = 0
pink: 0 green:0 red:0 
counter: 2  tigger :True heading angle -180 block_time :0.34 
---------------------------------------------------
[CALIB] t=1786184386.2060 counts=16164
-------------------------------------------------
Switch is ON
original angle: 0.00
r_time diff:0.29554009437561035 r_time: 1786184385.910748 g_time diff: 1786184386.2063081 g_time: 0
left wall cx:0.0 right wal cx:0.0 outer left:0.0 outer right: 0.0
red centroid: 0.00 0.00 green centroid: 0.00 0.00
state 1 default
no green or red detected, correcting heading...
state 1 correcting no/both walls
fps:25.394773483276367
state:1 DUTY:100.00 target_power:90.00
close x: 0.0 close y: 0.0 close wall: 0.0 park_wall: 0.0
centroid val: 0 servo_angle = 0.00 err = 0
pink: 0 green:0 red:0 
counter: 2  tigger :True heading angle -180 block_time :0.36 
---------------------------------------------------
[CALIB] t=1786184386.2220 counts=16250
-------------------------------------------------
Switch is ON
original angle: 0.00
r_time diff:0.31199049949645996 r_time: 1786184385.910748 g_time diff: 1786184386.2227688 g_time: 0
left wall cx:0.0 right wal cx:0.0 outer left:0.0 outer right: 0.0
red centroid: 0.00 0.00 green centroid: 0.00 0.00
state 1 default
no green or red detected, correcting heading...
state 1 correcting no/both walls
fps:25.394773483276367
state:1 DUTY:100.00 target_power:90.00
close x: 0.0 close y: 0.0 close wall: 0.0 park_wall: 0.0
centroid val: 0 servo_angle = 0.00 err = 0
pink: 0 green:0 red:0 
counter: 2  tigger :True heading angle -180 block_time :0.37 
---------------------------------------------------
[CALIB] t=1786184386.2383 counts=16330
-------------------------------------------------
Switch is ON
original angle: 0.00
r_time diff:0.32851338386535645 r_time: 1786184385.910748 g_time diff: 1786184386.239283 g_time: 0
left wall cx:0.0 right wal cx:0.0 outer left:0.0 outer right: 0.0
red centroid: 0.00 0.00 green centroid: 0.00 0.00
state 1 default
no green or red detected, correcting heading...
state 1 correcting no/both walls
fps:23.229019165039062
state:1 DUTY:100.00 target_power:90.00
close x: 0.0 close y: 0.0 close wall: 0.0 park_wall: 0.0
centroid val: 0 servo_angle = 0.00 err = 0
pink: 0 green:0 red:0 
counter: 2  tigger :True heading angle -180 block_time :0.39 
---------------------------------------------------
[CALIB] t=1786184386.2537 counts=16424
-------------------------------------------------
Switch is ON
original angle: 0.00
r_time diff:0.3435196876525879 r_time: 1786184385.910748 g_time diff: 1786184386.254288 g_time: 0
left wall cx:0.0 right wal cx:0.0 outer left:0.0 outer right: 0.0
red centroid: 0.00 0.00 green centroid: 0.00 0.00
state 1 default
no green or red detected, correcting heading...
state 1 correcting no/both walls
fps:23.229019165039062
state:1 DUTY:96.63 target_power:90.00
close x: 0.0 close y: 0.0 close wall: 0.0 park_wall: 0.0
centroid val: 0 servo_angle = 0.00 err = 0
pink: 0 green:0 red:0 
counter: 2  tigger :True heading angle -180 block_time :0.41 
---------------------------------------------------
[CALIB] t=1786184386.2721 counts=16515
-------------------------------------------------
Switch is ON
original angle: 0.00
r_time diff:0.3631429672241211 r_time: 1786184385.910748 g_time diff: 1786184386.2739284 g_time: 0
left wall cx:0.0 right wal cx:0.0 outer left:0.0 outer right: 0.0
red centroid: 0.00 0.00 green centroid: 0.00 0.00
state 1 default
no green or red detected, correcting heading...
state 1 correcting no/both walls
fps:25.648653030395508
state:1 DUTY:94.71 target_power:90.00
close x: 0.0 close y: 0.0 close wall: 0.0 park_wall: 0.0
centroid val: 0 servo_angle = 0.00 err = 0
pink: 0 green:0 red:0 
counter: 2  tigger :True heading angle -180 block_time :0.43 
---------------------------------------------------
[CALIB] t=1786184386.2900 counts=16627
-------------------------------------------------
Switch is ON
original angle: 0.00
r_time diff:0.37995362281799316 r_time: 1786184385.910748 g_time diff: 1786184386.2907205 g_time: 0
left wall cx:0.0 right wal cx:0.0 outer left:0.0 outer right: 0.0
red centroid: 0.00 0.00 green centroid: 0.00 0.00
state 1 default
no green or red detected, correcting heading...
state 1 correcting no/both walls
fps:25.648653030395508
state:1 DUTY:98.42 target_power:90.00
close x: 0.0 close y: 0.0 close wall: 0.0 park_wall: 0.0
centroid val: 0 servo_angle = 0.00 err = 0
pink: 0 green:0 red:0 
counter: 2  tigger :True heading angle -180 block_time :0.45 
---------------------------------------------------
[CALIB] t=1786184386.3075 counts=16720
-------------------------------------------------
Switch is ON
original angle: 0.00
r_time diff:0.39795732498168945 r_time: 1786184385.910748 g_time diff: 1786184386.3087287 g_time: 0
left wall cx:0.0 right wal cx:0.0 outer left:0.0 outer right: 0.0
red centroid: 0.00 0.00 green centroid: 0.00 0.00
state 1 default
no green or red detected, correcting heading...
state 1 correcting no/both walls
fps:25.648653030395508
state:1 DUTY:98.48 target_power:90.00
close x: 0.0 close y: 0.0 close wall: 0.0 park_wall: 0.0
centroid val: 0 servo_angle = 0.00 err = 0
pink: 0 green:0 red:0 
counter: 2  tigger :True heading angle -180 block_time :0.46 
---------------------------------------------------
[CALIB] t=1786184386.3216 counts=16812
-------------------------------------------------
Switch is ON
original angle: 0.00
r_time diff:0.41118621826171875 r_time: 1786184385.910748 g_time diff: 1786184386.321949 g_time: 0
left wall cx:0.0 right wal cx:0.0 outer left:0.0 outer right: 0.0
red centroid: 0.00 0.00 green centroid: 0.00 0.00
state 1 default
no green or red detected, correcting heading...
state 1 correcting no/both walls
fps:26.192792892456055
state:1 DUTY:95.67 target_power:90.00
close x: 0.0 close y: 0.0 close wall: 0.0 park_wall: 0.0
centroid val: 0 servo_angle = 0.00 err = 0
pink: 0 green:0 red:0 
counter: 2  tigger :True heading angle -180 block_time :0.47 
---------------------------------------------------
[CALIB] t=1786184386.3387 counts=16901
-------------------------------------------------
Switch is ON
original angle: 0.00
r_time diff:0.4290428161621094 r_time: 1786184385.910748 g_time diff: 1786184386.3398104 g_time: 0
left wall cx:0.0 right wal cx:0.0 outer left:0.0 outer right: 0.0
red centroid: 0.00 0.00 green centroid: 0.00 0.00
state 1 default
no green or red detected, correcting heading...
state 1 correcting no/both walls
fps:26.192792892456055
state:1 DUTY:95.20 target_power:90.00
close x: 0.0 close y: 0.0 close wall: 0.0 park_wall: 0.0
centroid val: 0 servo_angle = 0.00 err = 0
pink: 0 green:0 red:0 
counter: 2  tigger :True heading angle -180 block_time :0.49 
---------------------------------------------------
[CALIB] t=1786184386.3536 counts=16990
-------------------------------------------------
Switch is ON
original angle: 0.00
r_time diff:0.4437072277069092 r_time: 1786184385.910748 g_time diff: 1786184386.3544848 g_time: 0
left wall cx:0.0 right wal cx:0.0 outer left:0.0 outer right: 0.0
red centroid: 0.00 0.00 green centroid: 0.00 0.00
state 1 default
no green or red detected, correcting heading...
state 1 correcting no/both walls
fps:26.192792892456055
state:1 DUTY:100.00 target_power:90.00
close x: 0.0 close y: 0.0 close wall: 0.0 park_wall: 0.0
centroid val: 0 servo_angle = 0.00 err = 0
pink: 0 green:0 red:0 
counter: 2  tigger :True heading angle -180 block_time :0.51 
---------------------------------------------------
[CALIB] t=1786184386.3710 counts=17090
-------------------------------------------------
Switch is ON
original angle: 0.00
r_time diff:0.46053314208984375 r_time: 1786184385.910748 g_time diff: 1786184386.3712974 g_time: 0
left wall cx:0.0 right wal cx:0.0 outer left:0.0 outer right: 0.0
red centroid: 0.00 0.00 green centroid: 0.00 0.00
state 1 default
no green or red detected, correcting heading...
state 1 correcting no/both walls
fps:24.272520065307617
state:1 DUTY:96.65 target_power:90.00
close x: 0.0 close y: 0.0 close wall: 0.0 park_wall: 0.0
centroid val: 0 servo_angle = 0.00 err = 0
pink: 0 green:0 red:0 
counter: 2  tigger :True heading angle -180 block_time :0.52 
---------------------------------------------------
[CALIB] t=1786184386.3856 counts=17180
-------------------------------------------------
Switch is ON
original angle: 0.00
r_time diff:0.4767148494720459 r_time: 1786184385.910748 g_time diff: 1786184386.3874857 g_time: 0
left wall cx:0.0 right wal cx:0.0 outer left:0.0 outer right: 0.0
red centroid: 0.00 0.00 green centroid: 0.00 0.00
state 1 default
no green or red detected, correcting heading...
state 1 correcting no/both walls
fps:24.272520065307617
state:1 DUTY:89.06 target_power:90.00
close x: 0.0 close y: 0.0 close wall: 0.0 park_wall: 0.0
centroid val: 0 servo_angle = 0.00 err = 0
pink: 0 green:0 red:0 
counter: 2  tigger :True heading angle -180 block_time :0.54 
---------------------------------------------------
[CALIB] t=1786184386.4035 counts=17280
-------------------------------------------------
Switch is ON
original angle: 0.00
r_time diff:0.49294567108154297 r_time: 1786184385.910748 g_time diff: 1786184386.4037087 g_time: 0
left wall cx:0.0 right wal cx:0.0 outer left:0.0 outer right: 0.0
red centroid: 0.00 0.00 green centroid: 0.00 0.00
state 1 default
no green or red detected, correcting heading...
state 1 correcting no/both walls
fps:25.785486221313477
state:1 DUTY:100.00 target_power:90.00
close x: 0.0 close y: 0.0 close wall: 0.0 park_wall: 0.0
centroid val: 0 servo_angle = 0.00 err = 0
pink: 0 green:0 red:0 
counter: 2  tigger :True heading angle -180 block_time :0.55 
---------------------------------------------------
[CALIB] t=1786184386.4157 counts=17349
-------------------------------------------------
Switch is ON
original angle: 0.00
r_time diff:0.5052947998046875 r_time: 1786184385.910748 g_time diff: 1786184386.4160612 g_time: 0
left wall cx:0.0 right wal cx:0.0 outer left:0.0 outer right: 0.0
red centroid: 0.00 0.00 green centroid: 0.00 0.00
state 1 default
no green or red detected, correcting heading...
state 1 correcting no/both walls
fps:25.785486221313477
state:1 DUTY:88.12 target_power:90.00
close x: 0.0 close y: 0.0 close wall: 0.0 park_wall: 0.0
centroid val: 0 servo_angle = 0.00 err = 0
pink: 0 green:0 red:0 
counter: 2  tigger :True heading angle -180 block_time :0.57 
---------------------------------------------------
[CALIB] t=1786184386.4287 counts=17434
-------------------------------------------------
Switch is ON
original angle: 0.00
r_time diff:0.5188882350921631 r_time: 1786184385.910748 g_time diff: 1786184386.4296813 g_time: 0
left wall cx:0.0 right wal cx:0.0 outer left:0.0 outer right: 0.0
red centroid: 0.00 0.00 green centroid: 0.00 0.00
state 1 default
no green or red detected, correcting heading...
state 1 correcting no/both walls
fps:25.785486221313477
state:1 DUTY:100.00 target_power:90.00
close x: 0.0 close y: 0.0 close wall: 0.0 park_wall: 0.0
centroid val: 0 servo_angle = 0.00 err = 0
pink: 0 green:0 red:0 
counter: 2  tigger :True heading angle -180 block_time :0.58 
---------------------------------------------------
[CALIB] t=1786184386.4451 counts=17535
-------------------------------------------------
Switch is ON
original angle: 0.00
r_time diff:0.5346040725708008 r_time: 1786184385.910748 g_time diff: 1786184386.445367 g_time: 0
left wall cx:0.0 right wal cx:0.0 outer left:0.0 outer right: 0.0
red centroid: 0.00 0.00 green centroid: 0.00 0.00
state 1 default
no green or red detected, correcting heading...
state 1 correcting no/both walls
fps:23.58734703063965
state:1 DUTY:91.09 target_power:90.00
close x: 0.0 close y: 0.0 close wall: 0.0 park_wall: 0.0
centroid val: 0 servo_angle = 0.00 err = 0
pink: 0 green:0 red:0 
counter: 2  tigger :True heading angle -180 block_time :0.60 
---------------------------------------------------
[CALIB] t=1786184386.4579 counts=17606
-------------------------------------------------
Switch is ON
original angle: 0.00
r_time diff:0.5477561950683594 r_time: 1786184385.910748 g_time diff: 1786184386.4585292 g_time: 0
left wall cx:0.0 right wal cx:0.0 outer left:0.0 outer right: 0.0
red centroid: 0.00 0.00 green centroid: 0.00 0.00
state 1 default
no green or red detected, correcting heading...
state 1 correcting no/both walls
fps:23.58734703063965
state:1 DUTY:100.00 target_power:90.00
close x: 0.0 close y: 0.0 close wall: 0.0 park_wall: 0.0
centroid val: 0 servo_angle = 0.00 err = 0
pink: 0 green:0 red:0 
counter: 2  tigger :True heading angle -180 block_time :0.61 
---------------------------------------------------
[CALIB] t=1786184386.4748 counts=17702
-------------------------------------------------
Switch is ON
original angle: 0.00
r_time diff:0.5653927326202393 r_time: 1786184385.910748 g_time diff: 1786184386.4761596 g_time: 0
left wall cx:0.0 right wal cx:550.0 outer left:0.0 outer right: 0.0
red centroid: 0.00 0.00 green centroid: 0.00 0.00
state 1 default
no green or red detected, correcting heading...
state 1 correcting no/both walls
fps:25.734405517578125
state:1 DUTY:89.94 target_power:90.00
close x: 0.0 close y: 0.0 close wall: 0.0 park_wall: 0.0
centroid val: 0 servo_angle = 0.00 err = 0
pink: 0 green:0 red:0 
counter: 2  tigger :True heading angle -180 block_time :0.63 
---------------------------------------------------
[CALIB] t=1786184386.4918 counts=17798
-------------------------------------------------
Switch is ON
corrrecting right wall...
original angle: 0.75
r_time diff:0.5838203430175781 r_time: 1786184385.910748 g_time diff: 1786184386.4946067 g_time: 0
left wall cx:0.0 right wal cx:550.0 outer left:0.0 outer right: 0.0
red centroid: 0.00 0.00 green centroid: 0.00 0.00
state 1 default
no green or red detected, correcting heading...
state 1 correcting no/both walls
fps:25.734405517578125
state:1 DUTY:100.00 target_power:90.00
close x: 0.0 close y: 0.0 close wall: 0.0 park_wall: 0.0
centroid val: 0 servo_angle = 0.75 err = 15
pink: 0 green:0 red:0 
counter: 2  tigger :True heading angle -180 block_time :0.65 
---------------------------------------------------
[CALIB] t=1786184386.5100 counts=17917
-------------------------------------------------
Switch is ON
corrrecting right wall...
original angle: 0.75
r_time diff:0.5998327732086182 r_time: 1786184385.910748 g_time diff: 1786184386.5106032 g_time: 0
left wall cx:0.0 right wal cx:550.0 outer left:0.0 outer right: 0.0
red centroid: 0.00 0.00 green centroid: 0.00 0.00
state 1 default
no green or red detected, correcting heading...
state 1 correcting no/both walls
fps:25.734405517578125
state:1 DUTY:93.21 target_power:90.00
close x: 0.0 close y: 0.0 close wall: 0.0 park_wall: 0.0
centroid val: 0 servo_angle = 0.75 err = 15
pink: 0 green:0 red:0 
counter: 2  tigger :True heading angle -180 block_time :0.66 
---------------------------------------------------
[CALIB] t=1786184386.5250 counts=18008
-------------------------------------------------
Switch is ON
corrrecting right wall...
original angle: 0.75
r_time diff:0.6147196292877197 r_time: 1786184385.910748 g_time diff: 1786184386.5254889 g_time: 0
left wall cx:0.0 right wal cx:577.0 outer left:0.0 outer right: 0.0
red centroid: 0.00 0.00 green centroid: 0.00 0.00
state 1 default
no green or red detected, correcting heading...
state 1 correcting no/both walls
fps:24.38481903076172
state:1 DUTY:89.29 target_power:90.00
close x: 0.0 close y: 0.0 close wall: 0.0 park_wall: 0.0
centroid val: 0 servo_angle = 0.75 err = 15
pink: 0 green:0 red:0 
counter: 2  tigger :True heading angle -180 block_time :0.68 
---------------------------------------------------
[CALIB] t=1786184386.5376 counts=18083
-------------------------------------------------
Switch is ON
corrrecting right wall...
original angle: 0.75
r_time diff:0.6273443698883057 r_time: 1786184385.910748 g_time diff: 1786184386.538108 g_time: 0
left wall cx:0.0 right wal cx:577.0 outer left:0.0 outer right: 0.0
red centroid: 0.00 0.00 green centroid: 0.00 0.00
state 1 default
no green or red detected, correcting heading...
state 1 correcting no/both walls
fps:24.38481903076172
state:1 DUTY:98.56 target_power:90.00
close x: 0.0 close y: 0.0 close wall: 0.0 park_wall: 0.0
centroid val: 0 servo_angle = 0.75 err = 15
pink: 0 green:0 red:0 
counter: 2  tigger :True heading angle -180 block_time :0.69 
---------------------------------------------------
[CALIB] t=1786184386.5534 counts=18174
-------------------------------------------------
Switch is ON
corrrecting right wall...
original angle: 0.75
r_time diff:0.6432251930236816 r_time: 1786184385.910748 g_time diff: 1786184386.5539887 g_time: 0
left wall cx:0.0 right wal cx:600.0 outer left:0.0 outer right: 0.0
red centroid: 0.00 0.00 green centroid: 0.00 0.00
state 1 default
no green or red detected, correcting heading...
state 1 correcting no/both walls
fps:27.892837524414062
state:1 DUTY:94.57 target_power:90.00
close x: 0.0 close y: 0.0 close wall: 0.0 park_wall: 0.0
centroid val: 0 servo_angle = 0.75 err = 15
pink: 0 green:0 red:0 
counter: 2  tigger :True heading angle -180 block_time :0.70 
---------------------------------------------------
[CALIB] t=1786184386.5658 counts=18250
-------------------------------------------------
Switch is ON
corrrecting right wall...
original angle: 0.75
r_time diff:0.6553812026977539 r_time: 1786184385.910748 g_time diff: 1786184386.5661433 g_time: 0
left wall cx:0.0 right wal cx:600.0 outer left:0.0 outer right: 0.0
red centroid: 0.00 0.00 green centroid: 0.00 0.00
state 1 default
no green or red detected, correcting heading...
state 1 correcting no/both walls
fps:27.892837524414062
state:1 DUTY:95.76 target_power:90.00
close x: 0.0 close y: 0.0 close wall: 0.0 park_wall: 0.0
centroid val: 0 servo_angle = 0.75 err = 15
pink: 0 green:0 red:0 
counter: 2  tigger :True heading angle -180 block_time :0.72 
---------------------------------------------------
[CALIB] t=1786184386.5810 counts=18341
-------------------------------------------------
Switch is ON
corrrecting right wall...
original angle: 0.75
r_time diff:0.6706817150115967 r_time: 1786184385.910748 g_time diff: 1786184386.5814564 g_time: 0
left wall cx:0.0 right wal cx:600.0 outer left:0.0 outer right: 0.0
red centroid: 0.00 0.00 green centroid: 0.00 0.00
state 1 default
no green or red detected, correcting heading...
state 1 correcting no/both walls
fps:27.892837524414062
state:1 DUTY:93.41 target_power:90.00
close x: 0.0 close y: 0.0 close wall: 0.0 park_wall: 0.0
centroid val: 0 servo_angle = 0.75 err = 15
pink: 0 green:0 red:0 
counter: 2  tigger :True heading angle -180 block_time :0.73 
---------------------------------------------------
[CALIB] t=1786184386.5947 counts=18417
-------------------------------------------------
Switch is ON
corrrecting right wall...
original angle: 0.75
r_time diff:0.6847245693206787 r_time: 1786184385.910748 g_time diff: 1786184386.595513 g_time: 0
left wall cx:0.0 right wal cx:600.0 outer left:0.0 outer right: 0.0
red centroid: 0.00 0.00 green centroid: 0.00 0.00
state 1 default
no green or red detected, correcting heading...
state 1 correcting no/both walls
fps:27.892837524414062
state:1 DUTY:92.34 target_power:90.00
close x: 0.0 close y: 0.0 close wall: 0.0 park_wall: 0.0
centroid val: 0 servo_angle = 0.75 err = 15
pink: 0 green:0 red:0 
counter: 2  tigger :True heading angle -180 block_time :0.75 
---------------------------------------------------
[CALIB] t=1786184386.6106 counts=18513
-------------------------------------------------
Switch is ON
corrrecting right wall...
original angle: 0.75
r_time diff:0.7002618312835693 r_time: 1786184385.910748 g_time diff: 1786184386.6110275 g_time: 0
left wall cx:0.0 right wal cx:583.0 outer left:0.0 outer right: 0.0
red centroid: 0.00 0.00 green centroid: 0.00 0.00
state 1 default
no green or red detected, correcting heading...
state 1 correcting no/both walls
fps:22.841590881347656
state:1 DUTY:96.41 target_power:90.00
close x: 0.0 close y: 0.0 close wall: 0.0 park_wall: 0.0
centroid val: 0 servo_angle = 0.75 err = 15
pink: 0 green:0 red:0 
counter: 2  tigger :True heading angle -180 block_time :0.76 
---------------------------------------------------
[CALIB] t=1786184386.6266 counts=18609
-------------------------------------------------
Switch is ON
corrrecting right wall...
original angle: 0.75
r_time diff:0.7171199321746826 r_time: 1786184385.910748 g_time diff: 1786184386.627893 g_time: 0
left wall cx:0.0 right wal cx:583.0 outer left:0.0 outer right: 0.0
red centroid: 0.00 0.00 green centroid: 0.00 0.00
state 1 default
no green or red detected, correcting heading...
state 1 correcting no/both walls
fps:22.841590881347656
state:1 DUTY:96.16 target_power:90.00
close x: 0.0 close y: 0.0 close wall: 0.0 park_wall: 0.0
centroid val: 0 servo_angle = 0.75 err = 15
pink: 0 green:0 red:0 
counter: 2  tigger :True heading angle -180 block_time :0.78 
---------------------------------------------------
[CALIB] t=1786184386.6407 counts=18701
-------------------------------------------------
Switch is ON
corrrecting right wall...
original angle: 0.75
r_time diff:0.7302522659301758 r_time: 1786184385.910748 g_time diff: 1786184386.6410139 g_time: 0
left wall cx:0.0 right wal cx:583.0 outer left:0.0 outer right: 0.0
red centroid: 0.00 0.00 green centroid: 0.00 0.00
state 1 default
no green or red detected, correcting heading...
state 1 correcting no/both walls
fps:26.202566146850586
state:1 DUTY:91.61 target_power:90.00
close x: 0.0 close y: 0.0 close wall: 0.0 park_wall: 0.0
centroid val: 0 servo_angle = 0.75 err = 15
pink: 0 green:0 red:0 
counter: 2  tigger :True heading angle -180 block_time :0.79 
---------------------------------------------------
[CALIB] t=1786184386.6561 counts=18792
-------------------------------------------------
Switch is ON
corrrecting right wall...
original angle: 0.75
r_time diff:0.7460894584655762 r_time: 1786184385.910748 g_time diff: 1786184386.6568575 g_time: 0
left wall cx:0.0 right wal cx:583.0 outer left:0.0 outer right: 0.0
red centroid: 0.00 0.00 green centroid: 0.00 0.00
state 1 default
no green or red detected, correcting heading...
state 1 correcting no/both walls
fps:26.202566146850586
state:1 DUTY:95.91 target_power:90.00
close x: 0.0 close y: 0.0 close wall: 0.0 park_wall: 0.0
centroid val: 0 servo_angle = 0.75 err = 15
pink: 0 green:0 red:0 
counter: 2  tigger :True heading angle -180 block_time :0.81 
---------------------------------------------------
[CALIB] t=1786184386.6706 counts=18872
-------------------------------------------------
Switch is ON
corrrecting right wall...
original angle: 0.75
r_time diff:0.7603695392608643 r_time: 1786184385.910748 g_time diff: 1786184386.6711452 g_time: 0
left wall cx:0.0 right wal cx:583.0 outer left:0.0 outer right: 0.0
red centroid: 0.00 0.00 green centroid: 0.00 0.00
state 1 default
no green or red detected, correcting heading...
state 1 correcting no/both walls
fps:26.202566146850586
state:1 DUTY:100.00 target_power:90.00
close x: 0.0 close y: 0.0 close wall: 0.0 park_wall: 0.0
centroid val: 0 servo_angle = 0.75 err = 15
pink: 0 green:0 red:0 
counter: 2  tigger :True heading angle -180 block_time :0.82 
---------------------------------------------------
[CALIB] t=1786184386.6852 counts=18970
-------------------------------------------------
Switch is ON
corrrecting right wall...
original angle: 0.75
r_time diff:0.7748489379882812 r_time: 1786184385.910748 g_time diff: 1786184386.6856155 g_time: 0
left wall cx:0.0 right wal cx:599.0 outer left:0.0 outer right: 0.0
red centroid: 0.00 0.00 green centroid: 0.00 0.00
state 1 default
no green or red detected, correcting heading...
state 1 correcting no/both walls
fps:22.352880477905273
state:1 DUTY:88.05 target_power:90.00
close x: 0.0 close y: 0.0 close wall: 0.0 park_wall: 0.0
centroid val: 0 servo_angle = 0.75 err = 15
pink: 0 green:0 red:0 
counter: 2  tigger :True heading angle -180 block_time :0.84 
---------------------------------------------------
[CALIB] t=1786184386.6974 counts=19039
-------------------------------------------------
Switch is ON
corrrecting right wall...
original angle: 0.75
r_time diff:0.7870898246765137 r_time: 1786184385.910748 g_time diff: 1786184386.697854 g_time: 0
left wall cx:0.0 right wal cx:599.0 outer left:0.0 outer right: 0.0
red centroid: 0.00 0.00 green centroid: 0.00 0.00
state 1 default
no green or red detected, correcting heading...
state 1 correcting no/both walls
fps:22.352880477905273
state:1 DUTY:98.47 target_power:90.00
close x: 0.0 close y: 0.0 close wall: 0.0 park_wall: 0.0
centroid val: 0 servo_angle = 0.75 err = 15
pink: 0 green:0 red:0 
counter: 2  tigger :True heading angle -180 block_time :0.85 
---------------------------------------------------
[CALIB] t=1786184386.7137 counts=19136
-------------------------------------------------
Switch is ON
corrrecting right wall...
original angle: 0.75
r_time diff:0.8034512996673584 r_time: 1786184385.910748 g_time diff: 1786184386.7142153 g_time: 0
left wall cx:0.0 right wal cx:599.0 outer left:0.0 outer right: 0.0
red centroid: 0.00 0.00 green centroid: 0.00 0.00
state 1 default
no green or red detected, correcting heading...
state 1 correcting no/both walls
fps:28.729080200195312
state:1 DUTY:95.08 target_power:90.00
close x: 0.0 close y: 0.0 close wall: 0.0 park_wall: 0.0
centroid val: 0 servo_angle = 0.75 err = 15
pink: 0 green:0 red:0 
counter: 2  tigger :True heading angle -180 block_time :0.86 
---------------------------------------------------
[CALIB] t=1786184386.7261 counts=19206
-------------------------------------------------
Switch is ON
corrrecting right wall...
original angle: 0.75
r_time diff:0.8158166408538818 r_time: 1786184385.910748 g_time diff: 1786184386.7265792 g_time: 0
left wall cx:0.0 right wal cx:583.0 outer left:0.0 outer right: 0.0
red centroid: 0.00 0.00 green centroid: 0.00 0.00
state 1 default
no green or red detected, correcting heading...
state 1 correcting no/both walls
fps:28.729080200195312
state:1 DUTY:100.00 target_power:90.00
close x: 0.0 close y: 0.0 close wall: 0.0 park_wall: 0.0
centroid val: 0 servo_angle = 0.75 err = 15
pink: 0 green:0 red:0 
counter: 2  tigger :True heading angle -180 block_time :0.88 
---------------------------------------------------
[CALIB] t=1786184386.7447 counts=19319
-------------------------------------------------
Switch is ON
corrrecting right wall...
original angle: 0.75
r_time diff:0.8349478244781494 r_time: 1786184385.910748 g_time diff: 1786184386.7457416 g_time: 0
left wall cx:0.0 right wal cx:583.0 outer left:0.0 outer right: 0.0
red centroid: 0.00 0.00 green centroid: 0.00 0.00
state 1 default
no green or red detected, correcting heading...
state 1 correcting no/both walls
fps:28.729080200195312
state:1 DUTY:87.30 target_power:90.00
close x: 0.0 close y: 0.0 close wall: 0.0 park_wall: 0.0
centroid val: 0 servo_angle = 0.75 err = 15
pink: 0 green:0 red:0 
counter: 2  tigger :True heading angle -180 block_time :0.90 
---------------------------------------------------
[CALIB] t=1786184386.7606 counts=19415
-------------------------------------------------
Switch is ON
corrrecting right wall...
original angle: 0.75
r_time diff:0.8501508235931396 r_time: 1786184385.910748 g_time diff: 1786184386.7609134 g_time: 0
left wall cx:0.0 right wal cx:583.0 outer left:0.0 outer right: 0.0
red centroid: 0.00 0.00 green centroid: 0.00 0.00
state 1 default
no green or red detected, correcting heading...
state 1 correcting no/both walls
fps:22.50499153137207
state:1 DUTY:95.14 target_power:90.00
close x: 0.0 close y: 0.0 close wall: 0.0 park_wall: 0.0
centroid val: 0 servo_angle = 0.75 err = 15
pink: 0 green:0 red:0 
counter: 2  tigger :True heading angle -180 block_time :0.91 
---------------------------------------------------
[CALIB] t=1786184386.7750 counts=19491
-------------------------------------------------
Switch is ON
corrrecting right wall...
original angle: 0.75
r_time diff:0.8653662204742432 r_time: 1786184385.910748 g_time diff: 1786184386.7761323 g_time: 0
left wall cx:0.0 right wal cx:583.0 outer left:0.0 outer right: 0.0
red centroid: 0.00 0.00 green centroid: 0.00 0.00
state 1 default
no green or red detected, correcting heading...
state 1 correcting no/both walls
fps:22.50499153137207
state:1 DUTY:97.75 target_power:90.00
close x: 0.0 close y: 0.0 close wall: 0.0 park_wall: 0.0
centroid val: 0 servo_angle = 0.75 err = 15
pink: 0 green:0 red:0 
counter: 2  tigger :True heading angle -180 block_time :0.93 
---------------------------------------------------
[CALIB] t=1786184386.7911 counts=19588
-------------------------------------------------
Switch is ON
corrrecting right wall...
original angle: 0.75
r_time diff:0.881859540939331 r_time: 1786184385.910748 g_time diff: 1786184386.7926602 g_time: 0
left wall cx:0.0 right wal cx:583.0 outer left:0.0 outer right: 0.0
red centroid: 0.00 0.00 green centroid: 0.00 0.00
state 1 default
no green or red detected, correcting heading...
state 1 correcting no/both walls
fps:22.50499153137207
state:1 DUTY:96.67 target_power:90.00
close x: 0.0 close y: 0.0 close wall: 0.0 park_wall: 0.0
centroid val: 0 servo_angle = 0.75 err = 15
pink: 0 green:0 red:0 
counter: 2  tigger :True heading angle -180 block_time :0.94 
---------------------------------------------------
 rgb: [0]left: 92 orange_flag:False start:False imu:298.81
 rgb: [0]left: 92 orange_flag:False start:False imu:298.70
 rgb: [0]left: 92 orange_flag:False start:False imu:298.48
 rgb: [0]left: 92 orange_flag:False start:False imu:298.28
 rgb: [0]left: 92 orange_flag:False start:False imu:298.51
 rgb: [0]left: 92 orange_flag:False start:False imu:299.29
 rgb: [0]left: 92 orange_flag:False start:False imu:299.90
 rgb: [0]left: 93 orange_flag:False start:False imu:300.86
 rgb: [0]left: 93 orange_flag:False start:False imu:302.19
 rgb: [0]left: 93 orange_flag:False start:False imu:303.34
 rgb: [0]left: 93 orange_flag:False start:False imu:304.46
 rgb: [0]left: 93 orange_flag:False start:False imu:305.37
 rgb: [0]left: 93 orange_flag:False start:False imu:305.86
 rgb: [0]left: 93 orange_flag:False start:False imu:306.13
 rgb: [0]left: 93 orange_flag:False start:False imu:306.74
 rgb: [0]left: 93 orange_flag:False start:False imu:307.06
 rgb: [0]left: 93 orange_flag:False start:False imu:307.65
 rgb: [0]left: 93 orange_flag:False start:False imu:307.78
 rgb: [0]left: 93 orange_flag:False start:False imu:307.66
 rgb: [0]left: 93 orange_flag:False start:False imu:307.54
 rgb: [0]left: 93 orange_flag:False start:False imu:307.59
 rgb: [0]left: 93 orange_flag:False start:False imu:307.49
 rgb: [0]left: 93 orange_flag:False start:False imu:307.31
 rgb: [0]left: 93 orange_flag:False start:False imu:307.14
 rgb: [0]left: 93 orange_flag:False start:False imu:307.06
 rgb: [0]left: 93 orange_flag:False start:False imu:307.07
 rgb: [0]left: 93 orange_flag:False start:False imu:307.16
 rgb: [0]left: 93 orange_flag:False start:False imu:307.25
 rgb: [0]left: 93 orange_flag:False start:False imu:307.21
 rgb: [0]left: 93 orange_flag:False start:False imu:307.12
 rgb: [0]left: 93 orange_flag:False start:False imu:307.06
 rgb: [0]left: 93 orange_flag:False start:False imu:307.03
 rgb: [0]left: 93 orange_flag:False start:False imu:307.04
 rgb: [0]left: 93 orange_flag:False start:False imu:307.08
 rgb: [0]left: 93 orange_flag:False start:False imu:307.12
 rgb: [0]left: 93 orange_flag:False start:False imu:307.07
 rgb: [0]left: 93 orange_flag:False start:False imu:307.08
 rgb: [0]left: 93 orange_flag:False start:False imu:307.07
 rgb: [0]left: 93 orange_flag:False start:False imu:307.06
 rgb: [0]left: 93 orange_flag:False start:False imu:307.08
 rgb: [0]left: 93 orange_flag:False start:False imu:307.10
 rgb: [0]left: 93 orange_flag:False start:False imu:307.08
 rgb: [0]left: 93 orange_flag:False start:False imu:307.34
 rgb: [0]left: 93 orange_flag:False start:False imu:306.86
 rgb: [0]left: 93 orange_flag:False start:False imu:306.58
 rgb: [0]left: 93 orange_flag:False start:False imu:306.20
 rgb: [0]left: 93 orange_flag:False start:False imu:305.86
 rgb: [0]left: 93 orange_flag:False start:False imu:306.09
 rgb: [0]left: 93 orange_flag:False start:False imu:306.24
 rgb: [0]left: 93 orange_flag:False start:False imu:306.19
 rgb: [0]left: 93 orange_flag:False start:False imu:305.86
 rgb: [0]left: 93 orange_flag:False start:False imu:305.67
 rgb: [0]left: 93 orange_flag:False start:False imu:305.60
 rgb: [0]left: 93 orange_flag:False start:False imu:305.20
 rgb: [0]left: 93 orange_flag:False start:False imu:304.89
 rgb: [0]left: 94 orange_flag:False start:False imu:304.61
 rgb: [0]left: 94 orange_flag:False start:False imu:304.22
 rgb: [0]left: 94 orange_flag:False start:False imu:304.34
 rgb: [0]left: 94 orange_flag:False start:False imu:304.82
 rgb: [0]left: 94 orange_flag:False start:False imu:304.70
 rgb: [0]left: 98 orange_flag:False start:False imu:303.31
 rgb: [0]left: 98 orange_flag:False start:False imu:301.46
 rgb: [0]left: 0 orange_flag:False start:False imu:301.10
 rgb: [0]left: 0 orange_flag:False start:False imu:300.96
 rgb: [0]left: 0 orange_flag:False start:False imu:300.96
 rgb: [0]left: 0 orange_flag:False start:False imu:302.32
 rgb: [0]left: 0 orange_flag:False start:False imu:303.90
 rgb: [0]left: 0 orange_flag:False start:False imu:305.34
 rgb: [1]left: 0 orange_flag:False start:False imu:305.56
 rgb: [1]left: 0 orange_flag:False start:False imu:305.99
 rgb: [1]left: 0 orange_flag:False start:False imu:305.79
 rgb: [0]left: 0 orange_flag:False start:False imu:304.75
 rgb: [0]left: 0 orange_flag:False start:False imu:303.72
 rgb: [0]left: 0 orange_flag:False start:False imu:303.06
 rgb: [0]left: 0 orange_flag:False start:False imu:302.47
 rgb: [0]left: 0 orange_flag:False start:False imu:302.00
 rgb: [0]left: 0 orange_flag:False start:False imu:301.70
 rgb: [0]left: 0 orange_flag:False start:False imu:301.67
 rgb: [0]left: 0 orange_flag:False start:False imu:301.81
 rgb: [0]left: 0 orange_flag:False start:False imu:302.04
 rgb: [1]left: 0 orange_flag:False start:False imu:302.60
 rgb: [1]left: 0 orange_flag:False start:False imu:302.97
 rgb: [1]left: 0 orange_flag:False start:False imu:302.85
 rgb: [1]left: 0 orange_flag:False start:False imu:302.78
 rgb: [1]left: 0 orange_flag:False start:False imu:302.95
 rgb: [1]left: 0 orange_flag:False start:False imu:303.15
 rgb: [1]left: 0 orange_flag:False start:False imu:303.35
 rgb: [1]left: 0 orange_flag:False start:False imu:303.49
 rgb: [1]left: 0 orange_flag:False start:False imu:303.37
 rgb: [0]left: 0 orange_flag:False start:False imu:303.20
 rgb: [0]left: 0 orange_flag:False start:False imu:303.04
 rgb: [0]left: 0 orange_flag:False start:False imu:303.11
 rgb: [1]left: 0 orange_flag:False start:False imu:303.12
 rgb: [1]left: 0 orange_flag:False start:False imu:303.01
 rgb: [1]left: 0 orange_flag:False start:False imu:302.99
 rgb: [1]left: 0 orange_flag:False start:False imu:303.12
 rgb: [1]left: 461 orange_flag:False start:False imu:303.59
 rgb: [1]left: 0 orange_flag:False start:False imu:303.99
 rgb: [1]left: 0 orange_flag:False start:False imu:304.49
 rgb: [1]left: 0 orange_flag:False start:False imu:305.38
 rgb: [0]left: 0 orange_flag:False start:False imu:306.20
 rgb: [0]left: 0 orange_flag:False start:False imu:307.05
 rgb: [0]left: 0 orange_flag:False start:False imu:308.14
 rgb: [0]left: 0 orange_flag:False start:False imu:309.14
 rgb: [0]left: 465 orange_flag:False start:False imu:310.08
 rgb: [0]left: 465 orange_flag:False start:False imu:310.82
 rgb: [0]left: 465 orange_flag:False start:False imu:311.57
 rgb: [0]left: 465 orange_flag:False start:False imu:312.27
 rgb: [0]left: 465 orange_flag:False start:False imu:312.91
 rgb: [0]left: 465 orange_flag:False start:False imu:313.46
 rgb: [0]left: 465 orange_flag:False start:False imu:314.10
 rgb: [0]left: 0 orange_flag:False start:False imu:314.70
 rgb: [0]left: 0 orange_flag:False start:False imu:315.06
 rgb: [0]left: 0 orange_flag:False start:False imu:315.37
 rgb: [0]left: 0 orange_flag:False start:False imu:315.46
 rgb: [0]left: 0 orange_flag:False start:False imu:315.44
 rgb: [0]left: 0 orange_flag:False start:False imu:315.33
 rgb: [0]left: 0 orange_flag:False start:False imu:315.17
 rgb: [0]left: 62 orange_flag:False start:False imu:314.80
 rgb: [0]left: 62 orange_flag:False start:False imu:314.42
 rgb: [0]left: 0 orange_flag:False start:False imu:314.00
 rgb: [0]left: 0 orange_flag:False start:False imu:313.53
 rgb: [0]left: 0 orange_flag:False start:False imu:313.02
 rgb: [0]left: 0 orange_flag:False start:False imu:312.33
 rgb: [0]left: 0 orange_flag:False start:False imu:311.79
 rgb: [0]left: 0 orange_flag:False start:False imu:311.57
 rgb: [0]left: 0 orange_flag:False start:False imu:311.29
 rgb: [0]left: 0 orange_flag:False start:False imu:310.89
 rgb: [0]left: 0 orange_flag:False start:False imu:310.64
 rgb: [0]left: 0 orange_flag:False start:False imu:310.47
 rgb: [0]left: 0 orange_flag:False start:False imu:310.53
 rgb: [0]left: 0 orange_flag:False start:False imu:310.69
 rgb: [0]left: 0 orange_flag:False start:False imu:310.94
 rgb: [0]left: 0 orange_flag:False start:False imu:311.31
 rgb: [0]left: 0 orange_flag:False start:False imu:312.09
 rgb: [0]left: 0 orange_flag:False start:False imu:312.93
 rgb: [0]left: 0 orange_flag:False start:False imu:314.06
 rgb: [0]left: 0 orange_flag:False start:False imu:315.38
 rgb: [0]left: 0 orange_flag:False start:False imu:316.90
 rgb: [0]left: 0 orange_flag:False start:False imu:319.22
 rgb: [0]left: 0 orange_flag:False start:False imu:321.16
 rgb: [0]left: 0 orange_flag:False start:False imu:324.04
 rgb: [0]left: 0 orange_flag:False start:False imu:326.38
 rgb: [0]left: 0 orange_flag:False start:False imu:329.76
 rgb: [0]left: 0 orange_flag:False start:False imu:332.44
 rgb: [0]left: 0 orange_flag:False start:False imu:337.14
 rgb: [0]left: 0 orange_flag:False start:False imu:340.98
 rgb: [0]left: 0 orange_flag:False start:False imu:344.84
 rgb: [0]left: 0 orange_flag:False start:False imu:347.76
 rgb: [0]left: 0 orange_flag:False start:False imu:350.81
 rgb: [0]left: 0 orange_flag:False start:False imu:354.97
 rgb: [0]left: 0 orange_flag:False start:False imu:358.06
 rgb: [0]left: 0 orange_flag:False start:False imu:2.07
 rgb: [0]left: 0 orange_flag:False start:False imu:4.96
 rgb: [0]left: 0 orange_flag:False start:False imu:7.68
 rgb: [0]left: 0 orange_flag:False start:False imu:10.21
 rgb: [0]left: 0 orange_flag:False start:False imu:12.76
 rgb: [0]left: 0 orange_flag:False start:False imu:15.32
 rgb: [0]left: 0 orange_flag:False start:False imu:17.83
 rgb: [0]left: 0 orange_flag:False start:False imu:21.16
 rgb: [0]left: 0 orange_flag:False start:False imu:23.57
 rgb: [0]left: 0 orange_flag:False start:False imu:25.80
 rgb: [0]left: 0 orange_flag:False start:False imu:28.54
 rgb: [0]left: 0 orange_flag:False start:False imu:30.63
 rgb: [0]left: 0 orange_flag:False start:False imu:32.87
 rgb: [0]left: 0 orange_flag:False start:False imu:35.86
 rgb: [0]left: 0 orange_flag:False start:False imu:38.12
 rgb: [0]left: 0 orange_flag:False start:False imu:40.20
 rgb: [0]left: 0 orange_flag:False start:False imu:42.61
 rgb: [0]left: 0 orange_flag:False start:False imu:44.54
 rgb: [0]left: 78 orange_flag:False start:False imu:46.13
 rgb: [0]left: 78 orange_flag:False start:False imu:47.05
 rgb: [0]left: 78 orange_flag:False start:False imu:47.98
 rgb: [0]left: 78 orange_flag:False start:False imu:48.39
 rgb: [0]left: 78 orange_flag:False start:False imu:48.50
 rgb: [0]left: 61 orange_flag:False start:False imu:48.42
 rgb: [0]left: 61 orange_flag:False start:False imu:48.24
 rgb: [0]left: 61 orange_flag:False start:False imu:47.94
 rgb: [0]left: 61 orange_flag:False start:False imu:47.54
 rgb: [0]left: 61 orange_flag:False start:False imu:46.81
 rgb: [0]left: 61 orange_flag:False start:False imu:46.09
 rgb: [0]left: 61 orange_flag:False start:False imu:44.92
 rgb: [0]left: 60 orange_flag:False start:False imu:43.87
 rgb: [0]left: 60 orange_flag:False start:False imu:42.27
 rgb: [0]left: 60 orange_flag:False start:False imu:40.95
 rgb: [0]left: 60 orange_flag:False start:False imu:39.07
 rgb: [0]left: 60 orange_flag:False start:False imu:37.59
 rgb: [0]left: 60 orange_flag:False start:False imu:35.56
 rgb: [0]left: 60 orange_flag:False start:False imu:33.47
 rgb: [0]left: 60 orange_flag:False start:False imu:31.33
 rgb: [0]left: 54 orange_flag:False start:False imu:29.73
 rgb: [0]left: 54 orange_flag:False start:False imu:27.74
 rgb: [0]left: 54 orange_flag:False start:False imu:26.31
 rgb: [0]left: 49 orange_flag:False start:False imu:24.47
 rgb: [0]left: 49 orange_flag:False start:False imu:23.04
 rgb: [0]left: 49 orange_flag:False start:False imu:21.52
 rgb: [0]left: 40 orange_flag:False start:False imu:19.94
 rgb: [0]left: 40 orange_flag:False start:False imu:17.87
 rgb: [0]left: 40 orange_flag:False start:False imu:15.90
 rgb: [0]left: 40 orange_flag:False start:False imu:14.40
 rgb: [0]left: 40 orange_flag:False start:False imu:13.06
 rgb: [0]left: 40 orange_flag:False start:False imu:11.82
 rgb: [0]left: 40 orange_flag:False start:False imu:10.65
 rgb: [0]left: 40 orange_flag:False start:False imu:9.11
 rgb: [0]left: 40 orange_flag:False start:False imu:7.91
 rgb: [0]left: 40 orange_flag:False start:False imu:6.32
 rgb: [0]left: 40 orange_flag:False start:False imu:4.96
 rgb: [0]left: 43 orange_flag:False start:False imu:3.37
 rgb: [0]left: 43 orange_flag:False start:False imu:0.90
 rgb: [0]left: 43 orange_flag:False start:False imu:358.35
 rgb: [0]left: 43 orange_flag:False start:False imu:356.53
 rgb: [0]left: 43 orange_flag:False start:False imu:354.00
 rgb: [0]left: 44 orange_flag:False start:False imu:352.28
 rgb: [0]left: 44 orange_flag:False start:False imu:351.00
 rgb: [0]left: 44 orange_flag:False start:False imu:349.99
 rgb: [0]left: 43 orange_flag:False start:False imu:349.02
 rgb: [0]left: 43 orange_flag:False start:False imu:348.35
 rgb: [0]left: 43 orange_flag:False start:False imu:348.09
 rgb: [0]left: 43 orange_flag:False start:False imu:347.90
 rgb: [0]left: 43 orange_flag:False start:False imu:347.78
 rgb: [0]left: 43 orange_flag:False start:False imu:347.51
 rgb: [1]left: 43 orange_flag:False start:False imu:346.70
 rgb: [1]left: 43 orange_flag:False start:False imu:345.81
 rgb: [1]left: 43 orange_flag:False start:False imu:344.52
 rgb: [1]left: 43 orange_flag:False start:False imu:342.82
 rgb: [1]left: 43 orange_flag:False start:False imu:340.98
 rgb: [1]left: 43 orange_flag:False start:False imu:338.14
 rgb: [1]left: 43 orange_flag:False start:False imu:336.41
 rgb: [1]left: 43 orange_flag:False start:False imu:335.53
 rgb: [1]left: 42 orange_flag:False start:False imu:334.95
 rgb: [1]left: 42 orange_flag:False start:False imu:334.40
 rgb: [1]left: 42 orange_flag:False start:False imu:334.15
 rgb: [1]left: 42 orange_flag:False start:False imu:334.21
 rgb: [1]left: 42 orange_flag:False start:False imu:334.24
 rgb: [1]left: 42 orange_flag:False start:False imu:334.41
 rgb: [1]left: 42 orange_flag:False start:False imu:334.74
 rgb: [1]left: 42 orange_flag:False start:False imu:335.34
 rgb: [1]left: 42 orange_flag:False start:False imu:336.35
 rgb: [1]left: 42 orange_flag:False start:False imu:336.81
 rgb: [1]left: 42 orange_flag:False start:False imu:337.79
 rgb: [1]left: 42 orange_flag:False start:False imu:338.63
 rgb: [1]left: 42 orange_flag:False start:False imu:339.67
 rgb: [1]left: 42 orange_flag:False start:False imu:340.04
 rgb: [1]left: 42 orange_flag:False start:False imu:340.75
 rgb: [1]left: 42 orange_flag:False start:False imu:341.07
 rgb: [1]left: 42 orange_flag:False start:False imu:341.38
 rgb: [1]left: 42 orange_flag:False start:False imu:341.69
 rgb: [1]left: 42 orange_flag:False start:False imu:341.93
 rgb: [1]left: 42 orange_flag:False start:False imu:342.14
 rgb: [1]left: 42 orange_flag:False start:False imu:342.30
 rgb: [1]left: 38 orange_flag:False start:False imu:342.35
 rgb: [1]left: 38 orange_flag:False start:False imu:342.57
 rgb: [1]left: 39 orange_flag:False start:False imu:343.42
 rgb: [1]left: 39 orange_flag:False start:False imu:344.41
 rgb: [1]left: 39 orange_flag:False start:False imu:345.25
 rgb: [1]left: 39 orange_flag:False start:False imu:346.06
 rgb: [1]left: 39 orange_flag:False start:False imu:346.74
 rgb: [1]left: 39 orange_flag:False start:False imu:347.37
 rgb: [1]left: 39 orange_flag:False start:False imu:347.90
 rgb: [1]left: 39 orange_flag:False start:False imu:348.47
 rgb: [1]left: 39 orange_flag:False start:False imu:348.77
 rgb: [1]left: 39 orange_flag:False start:False imu:348.82
 rgb: [1]left: 39 orange_flag:False start:False imu:348.88
 rgb: [0]left: 39 orange_flag:False start:False imu:348.93
 rgb: [0]left: 39 orange_flag:False start:False imu:348.84
 rgb: [0]left: 38 orange_flag:False start:False imu:348.77
 rgb: [0]left: 38 orange_flag:False start:False imu:348.71
 rgb: [0]left: 38 orange_flag:False start:False imu:348.68
 rgb: [0]left: 38 orange_flag:False start:False imu:348.69
 rgb: [0]left: 38 orange_flag:False start:False imu:348.69
 rgb: [0]left: 38 orange_flag:False start:False imu:348.73
 rgb: [0]left: 38 orange_flag:False start:False imu:348.89
 rgb: [0]left: 38 orange_flag:False start:False imu:349.12
 rgb: [0]left: 38 orange_flag:False start:False imu:349.35
 rgb: [0]left: 38 orange_flag:False start:False imu:349.72
 rgb: [0]left: 38 orange_flag:False start:False imu:350.29
 rgb: [0]left: 38 orange_flag:False start:False imu:350.88
 rgb: [0]left: 38 orange_flag:False start:False imu:351.64
 rgb: [0]left: 38 orange_flag:False start:False imu:352.76
 rgb: [0]left: 38 orange_flag:False start:False imu:353.33
 rgb: [0]left: 40 orange_flag:False start:False imu:354.65
 rgb: [0]left: 40 orange_flag:False start:False imu:355.60
 rgb: [0]left: 40 orange_flag:False start:False imu:356.20
 rgb: [0]left: 40 orange_flag:False start:False imu:356.95
 rgb: [0]left: 40 orange_flag:False start:False imu:357.41
 rgb: [0]left: 40 orange_flag:False start:False imu:357.78
 rgb: [0]left: 40 orange_flag:False start:False imu:357.98
 rgb: [0]left: 40 orange_flag:False start:False imu:357.91
 rgb: [0]left: 40 orange_flag:False start:False imu:357.67
 rgb: [0]left: 40 orange_flag:False start:False imu:357.33
 rgb: [0]left: 40 orange_flag:False start:False imu:356.73
 rgb: [0]left: 40 orange_flag:False start:False imu:356.07
 rgb: [0]left: 41 orange_flag:False start:False imu:355.67
 rgb: [0]left: 41 orange_flag:False start:False imu:355.54
 rgb: [0]left: 41 orange_flag:False start:False imu:355.51
 rgb: [0]left: 41 orange_flag:False start:False imu:355.39
 rgb: [0]left: 41 orange_flag:False start:False imu:355.23
 rgb: [0]left: 41 orange_flag:False start:False imu:355.04
 rgb: [0]left: 41 orange_flag:False start:False imu:354.83
 rgb: [0]left: 41 orange_flag:False start:False imu:354.64
 rgb: [0]left: 41 orange_flag:False start:False imu:354.55
 rgb: [0]left: 41 orange_flag:False start:False imu:354.53
 rgb: [0]left: 41 orange_flag:False start:False imu:354.52
 rgb: [0]left: 41 orange_flag:False start:False imu:354.53
 rgb: [0]left: 41 orange_flag:False start:False imu:354.57
 rgb: [0]left: 41 orange_flag:False start:False imu:354.64
 rgb: [0]left: 41 orange_flag:False start:False imu:354.67
 rgb: [0]left: 41 orange_flag:False start:False imu:354.71
 rgb: [0]left: 41 orange_flag:False start:False imu:354.73
 rgb: [0]left: 41 orange_flag:False start:False imu:354.77
 rgb: [0]left: 41 orange_flag:False start:False imu:354.80
 rgb: [0]left: 42 orange_flag:False start:False imu:354.82
 rgb: [0]left: 42 orange_flag:False start:False imu:354.83
 rgb: [0]left: 42 orange_flag:False start:False imu:354.84
 rgb: [0]left: 42 orange_flag:False start:False imu:354.80
 rgb: [0]left: 42 orange_flag:False start:False imu:354.83
 rgb: [0]left: 42 orange_flag:False start:False imu:354.88
 rgb: [0]left: 42 orange_flag:False start:False imu:355.00
 rgb: [0]left: 42 orange_flag:False start:False imu:355.06
 rgb: [0]left: 42 orange_flag:False start:False imu:355.03
 rgb: [0]left: 42 orange_flag:False start:False imu:354.97
 rgb: [0]left: 40 orange_flag:False start:False imu:354.91
 rgb: [0]left: 40 orange_flag:False start:False imu:354.90
 rgb: [0]left: 40 orange_flag:False start:False imu:354.93
 rgb: [0]left: 40 orange_flag:False start:False imu:354.99
 rgb: [0]left: 40 orange_flag:False start:False imu:355.02
 rgb: [0]left: 40 orange_flag:False start:False imu:355.02
 rgb: [0]left: 40 orange_flag:False start:False imu:354.98
 rgb: [0]left: 40 orange_flag:False start:False imu:354.96
 rgb: [0]left: 40 orange_flag:False start:False imu:354.94
 rgb: [0]left: 40 orange_flag:False start:False imu:354.95
 rgb: [0]left: 40 orange_flag:False start:False imu:354.97
 rgb: [0]left: 40 orange_flag:False start:False imu:355.00
 rgb: [0]left: 40 orange_flag:False start:False imu:355.01
 rgb: [0]left: 40 orange_flag:False start:False imu:355.00
 rgb: [0]left: 41 orange_flag:False start:False imu:354.98
 rgb: [0]left: 41 orange_flag:False start:False imu:354.97
 rgb: [0]left: 41 orange_flag:False start:False imu:354.96
 rgb: [0]left: 41 orange_flag:False start:False imu:354.98
 rgb: [0]left: 41 orange_flag:False start:False imu:354.99
 rgb: [0]left: 41 orange_flag:False start:False imu:355.00
 rgb: [0]left: 41 orange_flag:False start:False imu:354.99
 rgb: [0]left: 40 orange_flag:False start:False imu:354.98
 rgb: [0]left: 40 orange_flag:False start:False imu:354.98
 rgb: [0]left: 40 orange_flag:False start:False imu:354.98
 rgb: [0]left: 40 orange_flag:False start:False imu:354.98
 rgb: [0]left: 40 orange_flag:False start:False imu:354.99
 rgb: [0]left: 40 orange_flag:False start:False imu:354.99
 rgb: [0]left: 40 orange_flag:False start:False imu:354.98
 rgb: [0]left: 40 orange_flag:False start:False imu:354.98
 rgb: [0]left: 40 orange_flag:False start:False imu:354.98
 rgb: [0]left: 40 orange_flag:False start:False imu:354.98
 rgb: [0]left: 40 orange_flag:False start:False imu:354.98
 rgb: [0]left: 40 orange_flag:False start:False imu:354.98
 rgb: [0]left: 40 orange_flag:False start:False imu:354.98
 rgb: [0]left: 40 orange_flag:False start:False imu:354.98
 rgb: [0]left: 40 orange_flag:False start:False imu:354.98
 rgb: [0]left: 40 orange_flag:False start:False imu:354.98
 rgb: [0]left: 40 orange_flag:False start:False imu:354.98
 rgb: [0]left: 32808 orange_flag:False start:False imu:354.98
 rgb: [0]left: 32808 orange_flag:False start:False imu:354.98
 rgb: [0]left: 32808 orange_flag:False start:False imu:354.98
 rgb: [0]left: 41 orange_flag:False start:False imu:354.98
 rgb: [0]left: 40 orange_flag:False start:False imu:354.98
 rgb: [0]left: 40 orange_flag:False start:False imu:354.98
 rgb: [0]left: 40 orange_flag:False start:False imu:354.98
 rgb: [0]left: 40 orange_flag:False start:False imu:354.98
 rgb: [0]left: 40 orange_flag:False start:False imu:354.98
 rgb: [0]left: 40 orange_flag:False start:False imu:354.98
 rgb: [0]left: 40 orange_flag:False start:False imu:354.98
 rgb: [0]left: 40 orange_flag:False start:False imu:354.98
 rgb: [0]left: 40 orange_flag:False start:False imu:354.98
 rgb: [0]left: 40 orange_flag:False start:False imu:354.98
 rgb: [0]left: 40 orange_flag:False start:False imu:354.98
 rgb: [0]left: 40 orange_flag:False start:False imu:354.98
 rgb: [0]left: 40 orange_flag:False start:False imu:354.98
 rgb: [0]left: 40 orange_flag:False start:False imu:354.98
 rgb: [0]left: 40 orange_flag:False start:False imu:354.98
 rgb: [0]left: 40 orange_flag:False start:False imu:354.98
 rgb: [0]left: 40 orange_flag:False start:False imu:354.98
 rgb: [0]left: 40 orange_flag:False start:False imu:354.98
 rgb: [0]left: 40 orange_flag:False start:False imu:354.98
 rgb: [0]left: 40 orange_flag:False start:False imu:354.98
 rgb: [0]left: 40 orange_flag:False start:False imu:354.98
 rgb: [0]left: 40 orange_flag:False start:False imu:354.98
 rgb: [0]left: 40 orange_flag:False start:False imu:354.98
 rgb: [0]left: 40 orange_flag:False start:False imu:354.98
 rgb: [0]left: 40 orange_flag:False start:False imu:354.98
 rgb: [0]left: 40 orange_flag:False start:False imu:354.98
 rgb: [0]left: 40 orange_flag:False start:False imu:354.98
 rgb: [0]left: 40 orange_flag:False start:False imu:354.98
 rgb: [0]left: 40 orange_flag:False start:False imu:354.98
 rgb: [0]left: 40 orange_flag:False start:False imu:354.98
 rgb: [0]left: 39 orange_flag:False start:False imu:354.98
 rgb: [0]left: 39 orange_flag:False start:False imu:354.98
 rgb: [0]left: 39 orange_flag:False start:False imu:354.98
 rgb: [0]left: 39 orange_flag:False start:False imu:354.98
 rgb: [0]left: 39 orange_flag:False start:False imu:354.98
 rgb: [0]left: 39 orange_flag:False start:False imu:354.98
 rgb: [0]left: 41 orange_flag:False start:False imu:354.98
 rgb: [0]left: 41 orange_flag:False start:False imu:354.98
 rgb: [0]left: 41 orange_flag:False start:False imu:354.98
 rgb: [0]left: 41 orange_flag:False start:False imu:354.98
 rgb: [0]left: 41 orange_flag:False start:False imu:354.98
 rgb: [0]left: 41 orange_flag:False start:False imu:354.98
 rgb: [0]left: 41 orange_flag:False start:False imu:354.98
 rgb: [0]left: 41 orange_flag:False start:False imu:354.98
 rgb: [0]left: 40 orange_flag:False start:False imu:354.98
 rgb: [0]left: 40 orange_flag:False start:False imu:354.98
 rgb: [0]left: 40 orange_flag:False start:False imu:354.98
 rgb: [0]left: 40 orange_flag:False start:False imu:354.98
 rgb: [0]left: 40 orange_flag:False start:False imu:354.98
 rgb: [0]left: 40 orange_flag:False start:False imu:354.98
 rgb: [0]left: 40 orange_flag:False start:False imu:354.98
 rgb: [0]left: 40 orange_flag:False start:False imu:354.98
 rgb: [0]left: 40 orange_flag:False start:False imu:354.98
 rgb: [0]left: 40 orange_flag:False start:False imu:354.98
 rgb: [0]left: 40 orange_flag:False start:False imu:354.98
 rgb: [0]left: 40 orange_flag:False start:False imu:354.98
 rgb: [0]left: 41 orange_flag:False start:False imu:354.98
 rgb: [0]left: 41 orange_flag:False start:False imu:354.98
 rgb: [0]left: 41 orange_flag:False start:False imu:354.98
 rgb: [0]left: 41 orange_flag:False start:False imu:354.98
 rgb: [0]left: 41 orange_flag:False start:False imu:354.98
 rgb: [0]left: 41 orange_flag:False start:False imu:354.98
 rgb: [0]left: 41 orange_flag:False start:False imu:354.98
 rgb: [0]left: 41 orange_flag:False start:False imu:354.98
 rgb: [0]left: 41 orange_flag:False start:False imu:354.98
 rgb: [0]left: 41 orange_flag:False start:False imu:354.98
 rgb: [0]left: 41 orange_flag:False start:False imu:354.97
 rgb: [0]left: 40 orange_flag:False start:False imu:354.97
 rgb: [0]left: 40 orange_flag:False start:False imu:354.97
 rgb: [0]left: 40 orange_flag:False start:False imu:354.97
 rgb: [0]left: 40 orange_flag:False start:False imu:354.97
 rgb: [0]left: 40 orange_flag:False start:False imu:354.97
 rgb: [0]left: 40 orange_flag:False start:False imu:354.97
 rgb: [0]left: 40 orange_flag:False start:False imu:354.97
 rgb: [0]left: 40 orange_flag:False start:False imu:354.97
 rgb: [0]left: 40 orange_flag:False start:False imu:354.97
 rgb: [0]left: 40 orange_flag:False start:False imu:354.97
 rgb: [0]left: 40 orange_flag:False start:False imu:354.97
 rgb: [0]left: 40 orange_flag:False start:False imu:354.97
 rgb: [0]left: 40 orange_flag:False start:False imu:354.97
 rgb: [0]left: 40 orange_flag:False start:False imu:354.97
 rgb: [0]left: 40 orange_flag:False start:False imu:354.97
 rgb: [0]left: 40 orange_flag:False start:False imu:354.97
 rgb: [0]left: 40 orange_flag:False start:False imu:354.97
 rgb: [0]left: 40 orange_flag:False start:False imu:354.97
 rgb: [0]left: 40 orange_flag:False start:False imu:354.98
 rgb: [0]left: 40 orange_flag:False start:False imu:354.98
 rgb: [0]left: 40 orange_flag:False start:False imu:354.98
 rgb: [0]left: 41 orange_flag:False start:False imu:354.98
 rgb: [0]left: 41 orange_flag:False start:False imu:354.98
 rgb: [0]left: 41 orange_flag:False start:False imu:354.98
 rgb: [0]left: 41 orange_flag:False start:False imu:354.98
 rgb: [0]left: 41 orange_flag:False start:False imu:354.98
 rgb: [0]left: 41 orange_flag:False start:False imu:354.98
 rgb: [0]left: 41 orange_flag:False start:False imu:354.98
 rgb: [0]left: 41 orange_flag:False start:False imu:354.98
 rgb: [0]left: 41 orange_flag:False start:False imu:354.98
 rgb: [0]left: 41 orange_flag:False start:False imu:354.98
 rgb: [0]left: 39 orange_flag:False start:False imu:354.98
 rgb: [0]left: 39 orange_flag:False start:False imu:355.00
 rgb: [0]left: 39 orange_flag:False start:False imu:355.00
 rgb: [0]left: 39 orange_flag:False start:False imu:355.00
 rgb: [0]left: 39 orange_flag:False start:False imu:354.99
 rgb: [0]left: 39 orange_flag:False start:False imu:354.98
 rgb: [0]left: 39 orange_flag:False start:False imu:354.97
 rgb: [0]left: 39 orange_flag:False start:False imu:354.97
 rgb: [0]left: 39 orange_flag:False start:False imu:354.98
 rgb: [0]left: 39 orange_flag:False start:False imu:354.99
 rgb: [0]left: 40 orange_flag:False start:False imu:354.98
 rgb: [0]left: 40 orange_flag:False start:False imu:354.97
 rgb: [0]left: 40 orange_flag:False start:False imu:354.98
 rgb: [0]left: 40 orange_flag:False start:False imu:354.98
 rgb: [0]left: 40 orange_flag:False start:False imu:355.00
 rgb: [0]left: 40 orange_flag:False start:False imu:354.99
 rgb: [0]left: 40 orange_flag:False start:False imu:354.99
 rgb: [0]left: 40 orange_flag:False start:False imu:354.98
 rgb: [0]left: 40 orange_flag:False start:False imu:354.98
 rgb: [0]left: 40 orange_flag:False start:False imu:354.98
 rgb: [0]left: 40 orange_flag:False start:False imu:355.00
 rgb: [0]left: 40 orange_flag:False start:False imu:355.01
 rgb: [0]left: 42 orange_flag:False start:False imu:355.01
 rgb: [0]left: 42 orange_flag:False start:False imu:355.00
 rgb: [0]left: 40 orange_flag:False start:False imu:355.00
 rgb: [0]left: 40 orange_flag:False start:False imu:355.00
 rgb: [0]left: 40 orange_flag:False start:False imu:355.00
 rgb: [0]left: 40 orange_flag:False start:False imu:355.00
 rgb: [0]left: 40 orange_flag:False start:False imu:354.99
 rgb: [0]left: 40 orange_flag:False start:False imu:354.99
 rgb: [0]left: 40 orange_flag:False start:False imu:354.98
 rgb: [0]left: 40 orange_flag:False start:False imu:354.98
 rgb: [0]left: 40 orange_flag:False start:False imu:354.98
 rgb: [0]left: 40 orange_flag:False start:False imu:354.98
 rgb: [0]left: 40 orange_flag:False start:False imu:354.98
 rgb: [0]left: 40 orange_flag:False start:False imu:354.99
 rgb: [0]left: 40 orange_flag:False start:False imu:354.99
 rgb: [0]left: 40 orange_flag:False start:False imu:354.96
 rgb: [0]left: 40 orange_flag:False start:False imu:354.94
 rgb: [0]left: 40 orange_flag:False start:False imu:354.93
 rgb: [0]left: 40 orange_flag:False start:False imu:354.93
 rgb: [0]left: 40 orange_flag:False start:False imu:354.94
 rgb: [0]left: 40 orange_flag:False start:False imu:354.95
 rgb: [0]left: 40 orange_flag:False start:False imu:354.97
 rgb: [0]left: 40 orange_flag:False start:False imu:355.00
 rgb: [0]left: 40 orange_flag:False start:False imu:355.02
 rgb: [0]left: 40 orange_flag:False start:False imu:355.04
 rgb: [0]left: 40 orange_flag:False start:False imu:355.05
 rgb: [0]left: 40 orange_flag:False start:False imu:355.04
 rgb: [0]left: 40 orange_flag:False start:False imu:355.04
 rgb: [0]left: 40 orange_flag:False start:False imu:355.03
 rgb: [0]left: 40 orange_flag:False start:False imu:355.06
 rgb: [0]left: 40 orange_flag:False start:False imu:355.05
 rgb: [0]left: 40 orange_flag:False start:False imu:355.07
 rgb: [0]left: 40 orange_flag:False start:False imu:355.09
 rgb: [0]left: 40 orange_flag:False start:False imu:355.10
 rgb: [0]left: 40 orange_flag:False start:False imu:355.12
 rgb: [0]left: 40 orange_flag:False start:False imu:355.14
 rgb: [0]left: 40 orange_flag:False start:False imu:355.16
 rgb: [0]left: 40 orange_flag:False start:False imu:355.15
 rgb: [0]left: 40 orange_flag:False start:False imu:355.14
 rgb: [0]left: 40 orange_flag:False start:False imu:355.17
 rgb: [0]left: 40 orange_flag:False start:False imu:355.17
 rgb: [0]left: 40 orange_flag:False start:False imu:355.17
 rgb: [0]left: 40 orange_flag:False start:False imu:355.14
 rgb: [0]left: 40 orange_flag:False start:False imu:355.11
 rgb: [0]left: 40 orange_flag:False start:False imu:355.10
 rgb: [0]left: 40 orange_flag:False start:False imu:355.09
 rgb: [0]left: 40 orange_flag:False start:False imu:355.08
 rgb: [0]left: 40 orange_flag:False start:False imu:355.08
 rgb: [0]left: 40 orange_flag:False start:False imu:355.08
 rgb: [0]left: 40 orange_flag:False start:False imu:355.01
 rgb: [0]left: 40 orange_flag:False start:False imu:355.02
 rgb: [0]left: 40 orange_flag:False start:False imu:355.07
 rgb: [0]left: 40 orange_flag:False start:False imu:355.07
 rgb: [0]left: 40 orange_flag:False start:False imu:355.06
 rgb: [0]left: 40 orange_flag:False start:False imu:355.11
 rgb: [0]left: 40 orange_flag:False start:False imu:355.07
 rgb: [0]left: 40 orange_flag:False start:False imu:355.03
 rgb: [0]left: 40 orange_flag:False start:False imu:355.04
 rgb: [0]left: 40 orange_flag:False start:False imu:355.07
 rgb: [0]left: 40 orange_flag:False start:False imu:355.10
 rgb: [0]left: 40 orange_flag:False start:False imu:355.12
 rgb: [0]left: 40 orange_flag:False start:False imu:355.11
 rgb: [0]left: 40 orange_flag:False start:False imu:355.08
 rgb: [0]left: 40 orange_flag:False start:False imu:355.04
 rgb: [0]left: 40 orange_flag:False start:False imu:355.02
 rgb: [0]left: 40 orange_flag:False start:False imu:354.97
 rgb: [0]left: 40 orange_flag:False start:False imu:354.92
 rgb: [0]left: 40 orange_flag:False start:False imu:354.81
 rgb: [0]left: 40 orange_flag:False start:False imu:354.68
 rgb: [0]left: 39 orange_flag:False start:False imu:354.62
 rgb: [0]left: 39 orange_flag:False start:False imu:354.56
 rgb: [0]left: 39 orange_flag:False start:False imu:354.55
 rgb: [0]left: 39 orange_flag:False start:False imu:354.57
 rgb: [0]left: 39 orange_flag:False start:False imu:354.58
 rgb: [0]left: 40 orange_flag:False start:False imu:354.56
 rgb: [0]left: 40 orange_flag:False start:False imu:354.58
 rgb: [0]left: 40 orange_flag:False start:False imu:354.90
 rgb: [0]left: 38 orange_flag:False start:False imu:355.00
 rgb: [0]left: 38 orange_flag:False start:False imu:354.98
 rgb: [0]left: 38 orange_flag:False start:False imu:354.99
 rgb: [0]left: 38 orange_flag:False start:False imu:355.01
 rgb: [0]left: 38 orange_flag:False start:False imu:355.12
 rgb: [0]left: 38 orange_flag:False start:False imu:355.15
 rgb: [0]left: 38 orange_flag:False start:False imu:355.15
 rgb: [0]left: 34 orange_flag:False start:False imu:355.13
 rgb: [0]left: 34 orange_flag:False start:False imu:355.11
 rgb: [0]left: 34 orange_flag:False start:False imu:355.10
 rgb: [0]left: 37 orange_flag:False start:False imu:355.08
 rgb: [0]left: 37 orange_flag:False start:False imu:355.09
 rgb: [0]left: 33 orange_flag:False start:False imu:355.10
 rgb: [0]left: 33 orange_flag:False start:False imu:355.11
 rgb: [0]left: 33 orange_flag:False start:False imu:355.12
 rgb: [0]left: 33 orange_flag:False start:False imu:355.13
 rgb: [0]left: 35 orange_flag:False start:False imu:355.13
 rgb: [0]left: 35 orange_flag:False start:False imu:355.09
 rgb: [0]left: 35 orange_flag:False start:False imu:355.08
 rgb: [0]left: 31 orange_flag:False start:False imu:355.12
 rgb: [0]left: 31 orange_flag:False start:False imu:355.09
 rgb: [0]left: 31 orange_flag:False start:False imu:355.07
 rgb: [0]left: 31 orange_flag:False start:False imu:355.05
 rgb: [0]left: 31 orange_flag:False start:False imu:355.04
 rgb: [0]left: 31 orange_flag:False start:False imu:355.04
 rgb: [0]left: 31 orange_flag:False start:False imu:355.05
 rgb: [0]left: 37 orange_flag:False start:False imu:355.06
 rgb: [0]left: 37 orange_flag:False start:False imu:355.05
 rgb: [0]left: 37 orange_flag:False start:False imu:355.05
 rgb: [0]left: 37 orange_flag:False start:False imu:355.03
 rgb: [0]left: 37 orange_flag:False start:False imu:355.02
 rgb: [0]left: 37 orange_flag:False start:False imu:355.02
 rgb: [0]left: 37 orange_flag:False start:False imu:355.02
 rgb: [0]left: 37 orange_flag:False start:False imu:355.03
 rgb: [0]left: 37 orange_flag:False start:False imu:355.04
 rgb: [0]left: 37 orange_flag:False start:False imu:355.04
 rgb: [0]left: 37 orange_flag:False start:False imu:355.04
 rgb: [0]left: 37 orange_flag:False start:False imu:355.03
 rgb: [0]left: 37 orange_flag:False start:False imu:355.03
 rgb: [0]left: 37 orange_flag:False start:False imu:355.04
 rgb: [0]left: 38 orange_flag:False start:False imu:355.04
 rgb: [0]left: 38 orange_flag:False start:False imu:355.04
 rgb: [0]left: 38 orange_flag:False start:False imu:355.03
 rgb: [0]left: 38 orange_flag:False start:False imu:355.03
 rgb: [0]left: 38 orange_flag:False start:False imu:355.03
 rgb: [0]left: 36 orange_flag:False start:False imu:355.03
 rgb: [0]left: 36 orange_flag:False start:False imu:355.03
 rgb: [0]left: 36 orange_flag:False start:False imu:355.03
 rgb: [0]left: 36 orange_flag:False start:False imu:355.03
 rgb: [0]left: 36 orange_flag:False start:False imu:355.03
 rgb: [0]left: 36 orange_flag:False start:False imu:355.03
 rgb: [0]left: 39 orange_flag:False start:False imu:355.03
 rgb: [0]left: 39 orange_flag:False start:False imu:355.03
 rgb: [0]left: 39 orange_flag:False start:False imu:355.03
 rgb: [0]left: 37 orange_flag:False start:False imu:355.03
 rgb: [0]left: 37 orange_flag:False start:False imu:355.03
 rgb: [0]left: 37 orange_flag:False start:False imu:355.03
 rgb: [0]left: 38 orange_flag:False start:False imu:355.03
 rgb: [0]left: 38 orange_flag:False start:False imu:355.03
 rgb: [0]left: 38 orange_flag:False start:False imu:355.03
 rgb: [0]left: 38 orange_flag:False start:False imu:355.03
 rgb: [0]left: 38 orange_flag:False start:False imu:355.03
 rgb: [0]left: 38 orange_flag:False start:False imu:355.03
 rgb: [0]left: 38 orange_flag:False start:False imu:355.03
 rgb: [0]left: 38 orange_flag:False start:False imu:355.03
 rgb: [0]left: 39 orange_flag:False start:False imu:355.03
 rgb: [0]left: 39 orange_flag:False start:False imu:355.03
 rgb: [0]left: 39 orange_flag:False start:False imu:355.03
 rgb: [0]left: 38 orange_flag:False start:False imu:355.03
 rgb: [0]left: 38 orange_flag:False start:False imu:355.03
 rgb: [0]left: 38 orange_flag:False start:False imu:355.03
 rgb: [0]left: 37 orange_flag:False start:False imu:355.03
 rgb: [0]left: 37 orange_flag:False start:False imu:355.03
 rgb: [0]left: 37 orange_flag:False start:False imu:355.03
 rgb: [0]left: 37 orange_flag:False start:False imu:355.03
 rgb: [0]left: 39 orange_flag:False start:False imu:355.03
 rgb: [0]left: 39 orange_flag:False start:False imu:355.03
 rgb: [0]left: 38 orange_flag:False start:False imu:355.03
 rgb: [0]left: 38 orange_flag:False start:False imu:355.03
 rgb: [0]left: 37 orange_flag:False start:False imu:355.03
 rgb: [0]left: 37 orange_flag:False start:False imu:355.03
 rgb: [0]left: 37 orange_flag:False start:False imu:355.03
 rgb: [0]left: 37 orange_flag:False start:False imu:355.03
 rgb: [0]left: 37 orange_flag:False start:False imu:355.03
 rgb: [0]left: 37 orange_flag:False start:False imu:355.03
 rgb: [0]left: 37 orange_flag:False start:False imu:355.03
 rgb: [0]left: 37 orange_flag:False start:False imu:355.03
 rgb: [0]left: 37 orange_flag:False start:False imu:355.03
 rgb: [0]left: 37 orange_flag:False start:False imu:355.03
 rgb: [0]left: 37 orange_flag:False start:False imu:355.03
 rgb: [0]left: 37 orange_flag:False start:False imu:355.03
 rgb: [0]left: 37 orange_flag:False start:False imu:355.03
 rgb: [0]left: 37 orange_flag:False start:False imu:355.03
 rgb: [0]left: 37 orange_flag:False start:False imu:355.03
 rgb: [0]left: 37 orange_flag:False start:False imu:355.03
 rgb: [0]left: 37 orange_flag:False start:False imu:355.03
 rgb: [0]left: 37 orange_flag:False start:False imu:355.03
 rgb: [0]left: 37 orange_flag:False start:False imu:355.03
 rgb: [0]left: 37 orange_flag:False start:False imu:355.03
 rgb: [0]left: 37 orange_flag:False start:False imu:355.03
 rgb: [0]left: 37 orange_flag:False start:False imu:355.03
 rgb: [0]left: 37 orange_flag:False start:False imu:355.03
 rgb: [0]left: 37 orange_flag:False start:False imu:355.03
 rgb: [0]left: 37 orange_flag:False start:False imu:355.03
 rgb: [0]left: 38 orange_flag:False start:False imu:355.03
 rgb: [0]left: 38 orange_flag:False start:False imu:355.03
 rgb: [0]left: 38 orange_flag:False start:False imu:355.03
 rgb: [0]left: 38 orange_flag:False start:False imu:355.03
 rgb: [0]left: 38 orange_flag:False start:False imu:355.03
 rgb: [0]left: 38 orange_flag:False start:False imu:355.03
 rgb: [0]left: 37 orange_flag:False start:False imu:355.03
 rgb: [0]left: 37 orange_flag:False start:False imu:355.03
 rgb: [0]left: 37 orange_flag:False start:False imu:355.03
 rgb: [0]left: 37 orange_flag:False start:False imu:355.03
 rgb: [0]left: 37 orange_flag:False start:False imu:355.03
 rgb: [0]left: 37 orange_flag:False start:False imu:355.03
 rgb: [0]left: 37 orange_flag:False start:False imu:355.03
 rgb: [0]left: 37 orange_flag:False start:False imu:355.03
 rgb: [0]left: 37 orange_flag:False start:False imu:355.03
 rgb: [0]left: 37 orange_flag:False start:False imu:355.03
 rgb: [0]left: 37 orange_flag:False start:False imu:355.03
 rgb: [0]left: 37 orange_flag:False start:False imu:355.03
 rgb: [0]left: 37 orange_flag:False start:False imu:355.03
 rgb: [0]left: 37 orange_flag:False start:False imu:355.03
 rgb: [0]left: 37 orange_flag:False start:False imu:355.03
 rgb: [0]left: 37 orange_flag:False start:False imu:355.03
 rgb: [0]left: 37 orange_flag:False start:False imu:355.03
 rgb: [0]left: 37 orange_flag:False start:False imu:355.03
 rgb: [0]left: 37 orange_flag:False start:False imu:355.03
 rgb: [0]left: 37 orange_flag:False start:False imu:355.03
 rgb: [0]left: 37 orange_flag:False start:False imu:355.03
 rgb: [0]left: 37 orange_flag:False start:False imu:355.03
 rgb: [0]left: 37 orange_flag:False start:False imu:355.03
 rgb: [0]left: 37 orange_flag:False start:False imu:355.03
 rgb: [0]left: 37 orange_flag:False start:False imu:355.03
 rgb: [0]left: 37 orange_flag:False start:False imu:355.03
 rgb: [0]left: 37 orange_flag:False start:False imu:355.03
 rgb: [0]left: 37 orange_flag:False start:False imu:355.01
 rgb: [0]left: 37 orange_flag:False start:False imu:354.95
 rgb: [0]left: 37 orange_flag:False start:False imu:354.95
 rgb: [0]left: 37 orange_flag:False start:False imu:354.98
 rgb: [0]left: 37 orange_flag:False start:False imu:355.03
 rgb: [0]left: 37 orange_flag:False start:False imu:355.06
 rgb: [0]left: 37 orange_flag:False start:False imu:355.08
 rgb: [0]left: 37 orange_flag:False start:False imu:355.10
 rgb: [0]left: 37 orange_flag:False start:False imu:355.11
 rgb: [0]left: 37 orange_flag:False start:False imu:355.09
 rgb: [0]left: 37 orange_flag:False start:False imu:355.08
 rgb: [0]left: 37 orange_flag:False start:False imu:355.09
 rgb: [0]left: 37 orange_flag:False start:False imu:355.13
 rgb: [0]left: 37 orange_flag:False start:False imu:355.16
 rgb: [0]left: 37 orange_flag:False start:False imu:355.17
 rgb: [0]left: 38 orange_flag:False start:False imu:355.15
 rgb: [0]left: 38 orange_flag:False start:False imu:355.14
 rgb: [0]left: 38 orange_flag:False start:False imu:355.14
 rgb: [0]left: 38 orange_flag:False start:False imu:355.14
 rgb: [0]left: 38 orange_flag:False start:False imu:355.06
 rgb: [0]left: 38 orange_flag:False start:False imu:355.01
 rgb: [0]left: 38 orange_flag:False start:False imu:355.02
 rgb: [0]left: 36 orange_flag:False start:False imu:355.04
 rgb: [0]left: 36 orange_flag:False start:False imu:355.07
 rgb: [0]left: 36 orange_flag:False start:False imu:355.09
 rgb: [0]left: 36 orange_flag:False start:False imu:355.10
 rgb: [0]left: 36 orange_flag:False start:False imu:355.09
 rgb: [0]left: 36 orange_flag:False start:False imu:355.06
 rgb: [0]left: 36 orange_flag:False start:False imu:355.03
 rgb: [0]left: 36 orange_flag:False start:False imu:355.00
 rgb: [0]left: 36 orange_flag:False start:False imu:354.97
 rgb: [0]left: 38 orange_flag:False start:False imu:354.95
 rgb: [0]left: 38 orange_flag:False start:False imu:354.93
 rgb: [0]left: 37 orange_flag:False start:False imu:354.93
 rgb: [0]left: 37 orange_flag:False start:False imu:354.94
 rgb: [0]left: 37 orange_flag:False start:False imu:354.97
 rgb: [0]left: 37 orange_flag:False start:False imu:355.03
 rgb: [0]left: 37 orange_flag:False start:False imu:355.06
 rgb: [0]left: 37 orange_flag:False start:False imu:355.09
 rgb: [0]left: 37 orange_flag:False start:False imu:355.11
 rgb: [0]left: 37 orange_flag:False start:False imu:355.11
 rgb: [0]left: 37 orange_flag:False start:False imu:355.08
 rgb: [0]left: 37 orange_flag:False start:False imu:355.04
 rgb: [0]left: 38 orange_flag:False start:False imu:355.01
 rgb: [0]left: 38 orange_flag:False start:False imu:354.97
 rgb: [0]left: 38 orange_flag:False start:False imu:354.96
 rgb: [0]left: 38 orange_flag:False start:False imu:354.98
 rgb: [0]left: 38 orange_flag:False start:False imu:355.01
 rgb: [0]left: 38 orange_flag:False start:False imu:355.05
 rgb: [0]left: 38 orange_flag:False start:False imu:355.10
 rgb: [0]left: 37 orange_flag:False start:False imu:355.11
 rgb: [0]left: 37 orange_flag:False start:False imu:355.13
 rgb: [0]left: 37 orange_flag:False start:False imu:355.11
 rgb: [0]left: 37 orange_flag:False start:False imu:355.09
 rgb: [0]left: 37 orange_flag:False start:False imu:355.07
 rgb: [0]left: 37 orange_flag:False start:False imu:355.05
 rgb: [0]left: 37 orange_flag:False start:False imu:355.06
 rgb: [0]left: 37 orange_flag:False start:False imu:355.07
 rgb: [0]left: 37 orange_flag:False start:False imu:355.09
 rgb: [0]left: 37 orange_flag:False start:False imu:355.11
 rgb: [0]left: 36 orange_flag:False start:False imu:355.12
 rgb: [0]left: 36 orange_flag:False start:False imu:355.11
 rgb: [0]left: 37 orange_flag:False start:False imu:355.09
 rgb: [0]left: 37 orange_flag:False start:False imu:355.08
 rgb: [0]left: 37 orange_flag:False start:False imu:355.08
 rgb: [0]left: 37 orange_flag:False start:False imu:355.09
 rgb: [0]left: 37 orange_flag:False start:False imu:355.13
 rgb: [0]left: 37 orange_flag:False start:False imu:355.13
 rgb: [0]left: 38 orange_flag:False start:False imu:355.11
 rgb: [0]left: 38 orange_flag:False start:False imu:355.09
 rgb: [0]left: 38 orange_flag:False start:False imu:355.06
 rgb: [0]left: 38 orange_flag:False start:False imu:355.06
 rgb: [0]left: 38 orange_flag:False start:False imu:355.04
 rgb: [0]left: 38 orange_flag:False start:False imu:355.03
 rgb: [0]left: 38 orange_flag:False start:False imu:355.02
 rgb: [0]left: 38 orange_flag:False start:False imu:355.01
 rgb: [0]left: 38 orange_flag:False start:False imu:354.97
 rgb: [0]left: 37 orange_flag:False start:False imu:354.95
 rgb: [0]left: 37 orange_flag:False start:False imu:354.93
 rgb: [0]left: 38 orange_flag:False start:False imu:354.92
 rgb: [0]left: 38 orange_flag:False start:False imu:354.94
 rgb: [0]left: 38 orange_flag:False start:False imu:354.97
 rgb: [0]left: 37 orange_flag:False start:False imu:355.01
 rgb: [0]left: 37 orange_flag:False start:False imu:355.06
 rgb: [0]left: 37 orange_flag:False start:False imu:355.06
 rgb: [0]left: 37 orange_flag:False start:False imu:355.04
 rgb: [0]left: 37 orange_flag:False start:False imu:355.03
 rgb: [0]left: 37 orange_flag:False start:False imu:355.00
 rgb: [0]left: 37 orange_flag:False start:False imu:354.97
 rgb: [0]left: 37 orange_flag:False start:False imu:354.95
 rgb: [0]left: 37 orange_flag:False start:False imu:354.96
 rgb: [0]left: 37 orange_flag:False start:False imu:354.98
 rgb: [0]left: 37 orange_flag:False start:False imu:355.03
 rgb: [0]left: 37 orange_flag:False start:False imu:355.04
 rgb: [0]left: 37 orange_flag:False start:False imu:355.03
 rgb: [0]left: 37 orange_flag:False start:False imu:354.98
 rgb: [0]left: 37 orange_flag:False start:False imu:354.95
 rgb: [0]left: 37 orange_flag:False start:False imu:354.92
 rgb: [0]left: 37 orange_flag:False start:False imu:354.89
 rgb: [0]left: 37 orange_flag:False start:False imu:354.86
 rgb: [0]left: 37 orange_flag:False start:False imu:354.87
 rgb: [0]left: 37 orange_flag:False start:False imu:354.82
 rgb: [0]left: 37 orange_flag:False start:False imu:354.73
 rgb: [0]left: 37 orange_flag:False start:False imu:354.69
 rgb: [0]left: 37 orange_flag:False start:False imu:354.71
 rgb: [0]left: 38 orange_flag:False start:False imu:354.55
 rgb: [0]left: 38 orange_flag:False start:False imu:354.23
 rgb: [0]left: 38 orange_flag:False start:False imu:354.07
 rgb: [0]left: 38 orange_flag:False start:False imu:353.96
 rgb: [0]left: 37 orange_flag:False start:False imu:353.73
 rgb: [0]left: 37 orange_flag:False start:False imu:353.71
 rgb: [0]left: 36 orange_flag:False start:False imu:353.74
 rgb: [0]left: 36 orange_flag:False start:False imu:353.85
 rgb: [0]left: 38 orange_flag:False start:False imu:354.04
 rgb: [0]left: 38 orange_flag:False start:False imu:354.24
 rgb: [0]left: 38 orange_flag:False start:False imu:354.53
 rgb: [0]left: 38 orange_flag:False start:False imu:354.63
 rgb: [0]left: 38 orange_flag:False start:False imu:354.53
 rgb: [0]left: 38 orange_flag:False start:False imu:354.36
 rgb: [0]left: 38 orange_flag:False start:False imu:354.35
 rgb: [0]left: 38 orange_flag:False start:False imu:354.42
 rgb: [0]left: 38 orange_flag:False start:False imu:354.50
 rgb: [0]left: 37 orange_flag:False start:False imu:354.61
 rgb: [0]left: 37 orange_flag:False start:False imu:354.60
 rgb: [0]left: 37 orange_flag:False start:False imu:354.54
 rgb: [0]left: 37 orange_flag:False start:False imu:354.48
 rgb: [0]left: 37 orange_flag:False start:False imu:354.45
 rgb: [0]left: 37 orange_flag:False start:False imu:354.49
 rgb: [0]left: 37 orange_flag:False start:False imu:354.53
 rgb: [0]left: 37 orange_flag:False start:False imu:354.55
 rgb: [0]left: 37 orange_flag:False start:False imu:354.55
 rgb: [0]left: 38 orange_flag:False start:False imu:354.51
 rgb: [0]left: 36 orange_flag:False start:False imu:354.47
 rgb: [0]left: 36 orange_flag:False start:False imu:354.47
 rgb: [0]left: 36 orange_flag:False start:False imu:354.48
 rgb: [0]left: 36 orange_flag:False start:False imu:354.51
 rgb: [0]left: 36 orange_flag:False start:False imu:354.53
 rgb: [0]left: 36 orange_flag:False start:False imu:354.54
 rgb: [0]left: 36 orange_flag:False start:False imu:354.55
 rgb: [0]left: 36 orange_flag:False start:False imu:354.53
 rgb: [0]left: 36 orange_flag:False start:False imu:354.51
 rgb: [0]left: 36 orange_flag:False start:False imu:354.50
 rgb: [0]left: 36 orange_flag:False start:False imu:354.51
 rgb: [0]left: 36 orange_flag:False start:False imu:354.52
 rgb: [0]left: 37 orange_flag:False start:False imu:354.53
 rgb: [0]left: 37 orange_flag:False start:False imu:354.53
 rgb: [0]left: 37 orange_flag:False start:False imu:354.53
 rgb: [0]left: 37 orange_flag:False start:False imu:354.51
 rgb: [0]left: 39 orange_flag:False start:False imu:354.51
 rgb: [0]left: 38 orange_flag:False start:False imu:354.52
 rgb: [0]left: 38 orange_flag:False start:False imu:354.53
 rgb: [0]left: 37 orange_flag:False start:False imu:354.53
 rgb: [0]left: 36 orange_flag:False start:False imu:354.52
 rgb: [0]left: 36 orange_flag:False start:False imu:354.53
 rgb: [0]left: 38 orange_flag:False start:False imu:354.54
 rgb: [0]left: 36 orange_flag:False start:False imu:354.53
 rgb: [0]left: 36 orange_flag:False start:False imu:354.53
 rgb: [0]left: 36 orange_flag:False start:False imu:354.53
 rgb: [0]left: 36 orange_flag:False start:False imu:354.54
 rgb: [0]left: 37 orange_flag:False start:False imu:354.53
 rgb: [0]left: 37 orange_flag:False start:False imu:354.53
 rgb: [0]left: 37 orange_flag:False start:False imu:354.53
 rgb: [0]left: 37 orange_flag:False start:False imu:354.53
 rgb: [0]left: 37 orange_flag:False start:False imu:354.53
 rgb: [0]left: 37 orange_flag:False start:False imu:354.53
 rgb: [0]left: 35 orange_flag:False start:False imu:354.53
 rgb: [0]left: 35 orange_flag:False start:False imu:354.53
 rgb: [0]left: 35 orange_flag:False start:False imu:354.53
 rgb: [0]left: 37 orange_flag:False start:False imu:354.53
 rgb: [0]left: 37 orange_flag:False start:False imu:354.53
 rgb: [0]left: 36 orange_flag:False start:False imu:354.52
 rgb: [0]left: 37 orange_flag:False start:False imu:354.52
 rgb: [0]left: 36 orange_flag:False start:False imu:354.52
 rgb: [0]left: 36 orange_flag:False start:False imu:354.52
 rgb: [0]left: 36 orange_flag:False start:False imu:354.52
 rgb: [0]left: 36 orange_flag:False start:False imu:354.52
 rgb: [0]left: 36 orange_flag:False start:False imu:354.52
 rgb: [0]left: 36 orange_flag:False start:False imu:354.52
 rgb: [0]left: 36 orange_flag:False start:False imu:354.53
 rgb: [0]left: 36 orange_flag:False start:False imu:354.53
 rgb: [0]left: 36 orange_flag:False start:False imu:354.53
 rgb: [0]left: 36 orange_flag:False start:False imu:354.52
 rgb: [0]left: 36 orange_flag:False start:False imu:354.52
 rgb: [0]left: 36 orange_flag:False start:False imu:354.52
 rgb: [0]left: 36 orange_flag:False start:False imu:354.52
 rgb: [0]left: 36 orange_flag:False start:False imu:354.52
 rgb: [0]left: 37 orange_flag:False start:False imu:354.52
 rgb: [0]left: 37 orange_flag:False start:False imu:354.52
 rgb: [0]left: 35 orange_flag:False start:False imu:354.52
 rgb: [0]left: 35 orange_flag:False start:False imu:354.52
 rgb: [0]left: 35 orange_flag:False start:False imu:354.52
 rgb: [0]left: 35 orange_flag:False start:False imu:354.52
 rgb: [0]left: 37 orange_flag:False start:False imu:354.52
 rgb: [0]left: 37 orange_flag:False start:False imu:354.52
 rgb: [0]left: 37 orange_flag:False start:False imu:354.51
 rgb: [0]left: 37 orange_flag:False start:False imu:354.51
 rgb: [0]left: 37 orange_flag:False start:False imu:354.51
 rgb: [0]left: 37 orange_flag:False start:False imu:354.52
 rgb: [0]left: 37 orange_flag:False start:False imu:354.52
 rgb: [0]left: 37 orange_flag:False start:False imu:354.52
 rgb: [0]left: 37 orange_flag:False start:False imu:354.52
 rgb: [0]left: 37 orange_flag:False start:False imu:354.52
 rgb: [0]left: 37 orange_flag:False start:False imu:354.52
 rgb: [0]left: 37 orange_flag:False start:False imu:354.52
 rgb: [0]left: 37 orange_flag:False start:False imu:354.52
 rgb: [0]left: 38 orange_flag:False start:False imu:354.52
 rgb: [0]left: 37 orange_flag:False start:False imu:354.52
 rgb: [0]left: 37 orange_flag:False start:False imu:354.52
 rgb: [0]left: 37 orange_flag:False start:False imu:354.52
 rgb: [0]left: 37 orange_flag:False start:False imu:354.52
 rgb: [0]left: 37 orange_flag:False start:False imu:354.52
 rgb: [0]left: 37 orange_flag:False start:False imu:354.52
 rgb: [0]left: 37 orange_flag:False start:False imu:354.52
 rgb: [0]left: 37 orange_flag:False start:False imu:354.52
 rgb: [0]left: 37 orange_flag:False start:False imu:354.52
 rgb: [0]left: 37 orange_flag:False start:False imu:354.52
 rgb: [0]left: 36 orange_flag:False start:False imu:354.52
 rgb: [0]left: 36 orange_flag:False start:False imu:354.52
 rgb: [0]left: 36 orange_flag:False start:False imu:354.52
 rgb: [0]left: 36 orange_flag:False start:False imu:354.52
 rgb: [0]left: 36 orange_flag:False start:False imu:354.52
 rgb: [0]left: 36 orange_flag:False start:False imu:354.52
 rgb: [0]left: 36 orange_flag:False start:False imu:354.52
 rgb: [0]left: 36 orange_flag:False start:False imu:354.52
 rgb: [0]left: 36 orange_flag:False start:False imu:354.52
 rgb: [0]left: 36 orange_flag:False start:False imu:354.52
 rgb: [0]left: 36 orange_flag:False start:False imu:354.52
 rgb: [0]left: 36 orange_flag:False start:False imu:354.52
 rgb: [0]left: 36 orange_flag:False start:False imu:354.52
 rgb: [0]left: 36 orange_flag:False start:False imu:354.52
 rgb: [0]left: 37 orange_flag:False start:False imu:354.52
 rgb: [0]left: 37 orange_flag:False start:False imu:354.52
 rgb: [0]left: 37 orange_flag:False start:False imu:354.52
 rgb: [0]left: 37 orange_flag:False start:False imu:354.52
 rgb: [0]left: 37 orange_flag:False start:False imu:354.52
 rgb: [0]left: 37 orange_flag:False start:False imu:354.52
 rgb: [0]left: 36 orange_flag:False start:False imu:354.52
 rgb: [0]left: 36 orange_flag:False start:False imu:354.52
 rgb: [0]left: 36 orange_flag:False start:False imu:354.52
 rgb: [0]left: 36 orange_flag:False start:False imu:354.52
 rgb: [0]left: 36 orange_flag:False start:False imu:354.52
 rgb: [0]left: 37 orange_flag:False start:False imu:354.52
 rgb: [0]left: 37 orange_flag:False start:False imu:354.52
 rgb: [0]left: 37 orange_flag:False start:False imu:354.52
 rgb: [0]left: 37 orange_flag:False start:False imu:354.52
 rgb: [0]left: 37 orange_flag:False start:False imu:354.52
 rgb: [0]left: 37 orange_flag:False start:False imu:354.52
 rgb: [0]left: 37 orange_flag:False start:False imu:354.52
 rgb: [0]left: 37 orange_flag:False start:False imu:354.51
 rgb: [0]left: 37 orange_flag:False start:False imu:354.51
 rgb: [0]left: 37 orange_flag:False start:False imu:354.51
 rgb: [0]left: 37 orange_flag:False start:False imu:354.51
 rgb: [0]left: 37 orange_flag:False start:False imu:354.51
 rgb: [0]left: 37 orange_flag:False start:False imu:354.51
 rgb: [0]left: 37 orange_flag:False start:False imu:354.51
 rgb: [0]left: 37 orange_flag:False start:False imu:354.51
 rgb: [0]left: 37 orange_flag:False start:False imu:354.51
 rgb: [0]left: 37 orange_flag:False start:False imu:354.51
 rgb: [0]left: 37 orange_flag:False start:False imu:354.51
 rgb: [0]left: 37 orange_flag:False start:False imu:354.51
 rgb: [0]left: 37 orange_flag:False start:False imu:354.51
 rgb: [0]left: 37 orange_flag:False start:False imu:354.51
 rgb: [0]left: 36 orange_flag:False start:False imu:354.51
 rgb: [0]left: 36 orange_flag:False start:False imu:354.51
 rgb: [0]left: 36 orange_flag:False start:False imu:354.51
 rgb: [0]left: 36 orange_flag:False start:False imu:354.51
 rgb: [0]left: 36 orange_flag:False start:False imu:354.51
 rgb: [0]left: 36 orange_flag:False start:False imu:354.51
 rgb: [0]left: 36 orange_flag:False start:False imu:354.51
 rgb: [0]left: 36 orange_flag:False start:False imu:354.51
 rgb: [0]left: 36 orange_flag:False start:False imu:354.51
 rgb: [0]left: 36 orange_flag:False start:False imu:354.51
 rgb: [0]left: 36 orange_flag:False start:False imu:354.51
 rgb: [0]left: 36 orange_flag:False start:False imu:354.51
 rgb: [0]left: 36 orange_flag:False start:False imu:354.51
 rgb: [0]left: 36 orange_flag:False start:False imu:354.51
 rgb: [0]left: 36 orange_flag:False start:False imu:354.51
 rgb: [0]left: 36 orange_flag:False start:False imu:354.51
 rgb: [0]left: 36 orange_flag:False start:False imu:354.51
 rgb: [0]left: 36 orange_flag:False start:False imu:354.51
 rgb: [0]left: 37 orange_flag:False start:False imu:354.51
 rgb: [0]left: 37 orange_flag:False start:False imu:354.51
 rgb: [0]left: 37 orange_flag:False start:False imu:354.51
 rgb: [0]left: 36 orange_flag:False start:False imu:354.51
 rgb: [0]left: 36 orange_flag:False start:False imu:354.51
 rgb: [0]left: 36 orange_flag:False start:False imu:354.51
 rgb: [0]left: 36 orange_flag:False start:False imu:354.51
 rgb: [0]left: 36 orange_flag:False start:False imu:354.51
 rgb: [0]left: 36 orange_flag:False start:False imu:354.51
 rgb: [0]left: 36 orange_flag:False start:False imu:354.51
 rgb: [0]left: 36 orange_flag:False start:False imu:354.51
 rgb: [0]left: 36 orange_flag:False start:False imu:354.51
 rgb: [0]left: 36 orange_flag:False start:False imu:354.51
 rgb: [0]left: 37 orange_flag:False start:False imu:354.51
 rgb: [0]left: 37 orange_flag:False start:False imu:354.51
 rgb: [0]left: 37 orange_flag:False start:False imu:354.51
 rgb: [0]left: 37 orange_flag:False start:False imu:354.51
 rgb: [0]left: 37 orange_flag:False start:False imu:354.51
 rgb: [0]left: 37 orange_flag:False start:False imu:354.51
 rgb: [0]left: 37 orange_flag:False start:False imu:354.51
 rgb: [0]left: 37 orange_flag:False start:False imu:354.51
 rgb: [0]left: 37 orange_flag:False start:False imu:354.51
 rgb: [0]left: 37 orange_flag:False start:False imu:354.51
 rgb: [0]left: 36 orange_flag:False start:False imu:354.51
 rgb: [0]left: 36 orange_flag:False start:False imu:354.51
 rgb: [0]left: 36 orange_flag:False start:False imu:354.51
 rgb: [0]left: 38 orange_flag:False start:False imu:354.51
 rgb: [0]left: 38 orange_flag:False start:False imu:354.51
 rgb: [0]left: 35 orange_flag:False start:False imu:354.51
 rgb: [0]left: 35 orange_flag:False start:False imu:354.51
 rgb: [0]left: 35 orange_flag:False start:False imu:354.51
 rgb: [0]left: 35 orange_flag:False start:False imu:354.51
 rgb: [0]left: 35 orange_flag:False start:False imu:354.51
 rgb: [0]left: 35 orange_flag:False start:False imu:354.51
 rgb: [0]left: 35 orange_flag:False start:False imu:354.51
 rgb: [0]left: 35 orange_flag:False start:False imu:354.51
 rgb: [0]left: 35 orange_flag:False start:False imu:354.51
 rgb: [0]left: 35 orange_flag:False start:False imu:354.51
 rgb: [0]left: 35 orange_flag:False start:False imu:354.51
 rgb: [0]left: 36 orange_flag:False start:False imu:354.51
 rgb: [0]left: 36 orange_flag:False start:False imu:354.51
 rgb: [0]left: 36 orange_flag:False start:False imu:354.51
 rgb: [0]left: 36 orange_flag:False start:False imu:354.51
 rgb: [0]left: 38 orange_flag:False start:False imu:354.51
 rgb: [0]left: 38 orange_flag:False start:False imu:354.51
 rgb: [0]left: 37 orange_flag:False start:False imu:354.51
 rgb: [0]left: 37 orange_flag:False start:False imu:354.51
 rgb: [0]left: 37 orange_flag:False start:False imu:354.51
 rgb: [0]left: 37 orange_flag:False start:False imu:354.51
 rgb: [0]left: 37 orange_flag:False start:False imu:354.51
 rgb: [0]left: 37 orange_flag:False start:False imu:354.51
 rgb: [0]left: 36 orange_flag:False start:False imu:354.51
 rgb: [0]left: 36 orange_flag:False start:False imu:354.51
 rgb: [0]left: 36 orange_flag:False start:False imu:354.51
 rgb: [0]left: 36 orange_flag:False start:False imu:354.51
 rgb: [0]left: 36 orange_flag:False start:False imu:354.51
 rgb: [0]left: 36 orange_flag:False start:False imu:354.51
 rgb: [0]left: 36 orange_flag:False start:False imu:354.51
 rgb: [0]left: 36 orange_flag:False start:False imu:354.51
 rgb: [0]left: 36 orange_flag:False start:False imu:354.51
 rgb: [0]left: 36 orange_flag:False start:False imu:354.51
 rgb: [0]left: 36 orange_flag:False start:False imu:354.51
 rgb: [0]left: 36 orange_flag:False start:False imu:354.51
 rgb: [0]left: 36 orange_flag:False start:False imu:354.51
 rgb: [0]left: 36 orange_flag:False start:False imu:354.51
 rgb: [0]left: 36 orange_flag:False start:False imu:354.51
 rgb: [0]left: 36 orange_flag:False start:False imu:354.51
 rgb: [0]left: 36 orange_flag:False start:False imu:354.51
 rgb: [0]left: 36 orange_flag:False start:False imu:354.51
 rgb: [0]left: 36 orange_flag:False start:False imu:354.51
 rgb: [0]left: 36 orange_flag:False start:False imu:354.51
 rgb: [0]left: 36 orange_flag:False start:False imu:354.51
 rgb: [0]left: 36 orange_flag:False start:False imu:354.51
 rgb: [0]left: 36 orange_flag:False start:False imu:354.51
 rgb: [0]left: 36 orange_flag:False start:False imu:354.51
 rgb: [0]left: 36 orange_flag:False start:False imu:354.51
 rgb: [0]left: 36 orange_flag:False start:False imu:354.51
 rgb: [0]left: 36 orange_flag:False start:False imu:354.51
 rgb: [0]left: 36 orange_flag:False start:False imu:354.51
 rgb: [0]left: 36 orange_flag:False start:False imu:354.51
 rgb: [0]left: 36 orange_flag:False start:False imu:354.51
 rgb: [0]left: 36 orange_flag:False start:False imu:354.51
 rgb: [0]left: 36 orange_flag:False start:False imu:354.51
 rgb: [0]left: 36 orange_flag:False start:False imu:354.51
 rgb: [0]left: 36 orange_flag:False start:False imu:354.51
 rgb: [0]left: 36 orange_flag:False start:False imu:354.51
 rgb: [0]left: 36 orange_flag:False start:False imu:354.51
 rgb: [0]left: 36 orange_flag:False start:False imu:354.51
 rgb: [0]left: 36 orange_flag:False start:False imu:354.50
 rgb: [0]left: 36 orange_flag:False start:False imu:354.51
 rgb: [0]left: 32805 orange_flag:False start:False imu:354.51
 rgb: [0]left: 32805 orange_flag:False start:False imu:354.51
 rgb: [0]left: 32805 orange_flag:False start:False imu:354.50
 rgb: [0]left: 32805 orange_flag:False start:False imu:354.50
 rgb: [0]left: 32805 orange_flag:False start:False imu:354.50
 rgb: [0]left: 32805 orange_flag:False start:False imu:354.50
 rgb: [0]left: 32805 orange_flag:False start:False imu:354.50
 rgb: [0]left: 32805 orange_flag:False start:False imu:354.51
 rgb: [0]left: 32805 orange_flag:False start:False imu:354.50
 rgb: [0]left: 36 orange_flag:False start:False imu:354.50
 rgb: [0]left: 36 orange_flag:False start:False imu:354.50
 rgb: [0]left: 36 orange_flag:False start:False imu:354.50
 rgb: [0]left: 37 orange_flag:False start:False imu:354.50
 rgb: [0]left: 37 orange_flag:False start:False imu:354.50
 rgb: [0]left: 37 orange_flag:False start:False imu:354.50
 rgb: [0]left: 37 orange_flag:False start:False imu:354.50
 rgb: [0]left: 35 orange_flag:False start:False imu:354.50
 rgb: [0]left: 35 orange_flag:False start:False imu:354.50
 rgb: [0]left: 35 orange_flag:False start:False imu:354.50
 rgb: [0]left: 35 orange_flag:False start:False imu:354.50
 rgb: [0]left: 35 orange_flag:False start:False imu:354.50
 rgb: [0]left: 35 orange_flag:False start:False imu:354.50
 rgb: [0]left: 35 orange_flag:False start:False imu:354.50
 rgb: [0]left: 35 orange_flag:False start:False imu:354.51
 rgb: [0]left: 35 orange_flag:False start:False imu:354.50
 rgb: [0]left: 35 orange_flag:False start:False imu:354.50
 rgb: [0]left: 36 orange_flag:False start:False imu:354.50
 rgb: [0]left: 36 orange_flag:False start:False imu:354.50
 rgb: [0]left: 36 orange_flag:False start:False imu:354.50
 rgb: [0]left: 36 orange_flag:False start:False imu:354.50
 rgb: [0]left: 36 orange_flag:False start:False imu:354.50
 rgb: [0]left: 36 orange_flag:False start:False imu:354.50
 rgb: [0]left: 36 orange_flag:False start:False imu:354.50
 rgb: [0]left: 36 orange_flag:False start:False imu:354.50
 rgb: [0]left: 36 orange_flag:False start:False imu:354.50
 rgb: [0]left: 36 orange_flag:False start:False imu:354.50
 rgb: [0]left: 36 orange_flag:False start:False imu:354.50
 rgb: [0]left: 36 orange_flag:False start:False imu:354.50
 rgb: [0]left: 36 orange_flag:False start:False imu:354.50
 rgb: [0]left: 36 orange_flag:False start:False imu:354.50
 rgb: [0]left: 36 orange_flag:False start:False imu:354.50
 rgb: [0]left: 35 orange_flag:False start:False imu:354.50
 rgb: [0]left: 35 orange_flag:False start:False imu:354.50
 rgb: [0]left: 35 orange_flag:False start:False imu:354.50
 rgb: [0]left: 37 orange_flag:False start:False imu:354.50
 rgb: [0]left: 37 orange_flag:False start:False imu:354.50
 rgb: [0]left: 37 orange_flag:False start:False imu:354.50
 rgb: [0]left: 37 orange_flag:False start:False imu:354.49
 rgb: [0]left: 37 orange_flag:False start:False imu:354.50
 rgb: [0]left: 37 orange_flag:False start:False imu:354.49
 rgb: [0]left: 35 orange_flag:False start:False imu:354.49
 rgb: [0]left: 35 orange_flag:False start:False imu:354.49
 rgb: [0]left: 37 orange_flag:False start:False imu:354.49
 rgb: [0]left: 36 orange_flag:False start:False imu:354.49
 rgb: [0]left: 35 orange_flag:False start:False imu:354.49
 rgb: [0]left: 35 orange_flag:False start:False imu:354.49
 rgb: [0]left: 35 orange_flag:False start:False imu:354.49
 rgb: [0]left: 35 orange_flag:False start:False imu:354.49
 rgb: [0]left: 36 orange_flag:False start:False imu:354.49
 rgb: [0]left: 36 orange_flag:False start:False imu:354.49
 rgb: [0]left: 36 orange_flag:False start:False imu:354.49
 rgb: [0]left: 36 orange_flag:False start:False imu:354.49
 rgb: [0]left: 37 orange_flag:False start:False imu:354.49
 rgb: [0]left: 37 orange_flag:False start:False imu:354.49
 rgb: [0]left: 37 orange_flag:False start:False imu:354.49
 rgb: [0]left: 37 orange_flag:False start:False imu:354.49
 rgb: [0]left: 37 orange_flag:False start:False imu:354.49
 rgb: [0]left: 37 orange_flag:False start:False imu:354.49
 rgb: [0]left: 37 orange_flag:False start:False imu:354.49
 rgb: [0]left: 37 orange_flag:False start:False imu:354.49
 rgb: [0]left: 37 orange_flag:False start:False imu:354.49
 rgb: [0]left: 37 orange_flag:False start:False imu:354.49
 rgb: [0]left: 37 orange_flag:False start:False imu:354.49
 rgb: [0]left: 37 orange_flag:False start:False imu:354.49
 rgb: [0]left: 37 orange_flag:False start:False imu:354.49
 rgb: [0]left: 37 orange_flag:False start:False imu:354.49
 rgb: [0]left: 37 orange_flag:False start:False imu:354.49
 rgb: [0]left: 37 orange_flag:False start:False imu:354.49
 rgb: [0]left: 37 orange_flag:False start:False imu:354.49
 rgb: [0]left: 37 orange_flag:False start:False imu:354.49
 rgb: [0]left: 37 orange_flag:False start:False imu:354.49
 rgb: [0]left: 37 orange_flag:False start:False imu:354.49
 rgb: [0]left: 38 orange_flag:False start:False imu:354.49
 rgb: [0]left: 38 orange_flag:False start:False imu:354.49
 rgb: [0]left: 38 orange_flag:False start:False imu:354.49
 rgb: [0]left: 38 orange_flag:False start:False imu:354.49
 rgb: [0]left: 38 orange_flag:False start:False imu:354.49
 rgb: [0]left: 38 orange_flag:False start:False imu:354.49
 rgb: [0]left: 36 orange_flag:False start:False imu:354.49
 rgb: [0]left: 36 orange_flag:False start:False imu:354.49
 rgb: [0]left: 36 orange_flag:False start:False imu:354.49
 rgb: [0]left: 36 orange_flag:False start:False imu:354.49
 rgb: [0]left: 36 orange_flag:False start:False imu:354.49
 rgb: [0]left: 36 orange_flag:False start:False imu:354.49
 rgb: [0]left: 36 orange_flag:False start:False imu:354.49
 rgb: [0]left: 36 orange_flag:False start:False imu:354.49
 rgb: [0]left: 36 orange_flag:False start:False imu:354.49
 rgb: [0]left: 36 orange_flag:False start:False imu:354.49
 rgb: [0]left: 36 orange_flag:False start:False imu:354.49
 rgb: [0]left: 37 orange_flag:False start:False imu:354.49
 rgb: [0]left: 37 orange_flag:False start:False imu:354.49
 rgb: [0]left: 37 orange_flag:False start:False imu:354.49
 rgb: [0]left: 37 orange_flag:False start:False imu:354.49
 rgb: [0]left: 37 orange_flag:False start:False imu:354.49
 rgb: [0]left: 37 orange_flag:False start:False imu:354.49
 rgb: [0]left: 37 orange_flag:False start:False imu:354.49
 rgb: [0]left: 36 orange_flag:False start:False imu:354.49
 rgb: [0]left: 36 orange_flag:False start:False imu:354.49
 rgb: [0]left: 36 orange_flag:False start:False imu:354.49
 rgb: [0]left: 36 orange_flag:False start:False imu:354.49
 rgb: [0]left: 36 orange_flag:False start:False imu:354.49
 rgb: [0]left: 36 orange_flag:False start:False imu:354.49
 rgb: [0]left: 36 orange_flag:False start:False imu:354.49
 rgb: [0]left: 36 orange_flag:False start:False imu:354.49
 rgb: [0]left: 36 orange_flag:False start:False imu:354.49
 rgb: [0]left: 36 orange_flag:False start:False imu:354.49
 rgb: [0]left: 36 orange_flag:False start:False imu:354.49
 rgb: [0]left: 35 orange_flag:False start:False imu:354.49
 rgb: [0]left: 37 orange_flag:False start:False imu:354.49
 rgb: [0]left: 37 orange_flag:False start:False imu:354.49
 rgb: [0]left: 37 orange_flag:False start:False imu:354.49
 rgb: [0]left: 37 orange_flag:False start:False imu:354.49
 rgb: [0]left: 37 orange_flag:False start:False imu:354.49
 rgb: [0]left: 37 orange_flag:False start:False imu:354.49
 rgb: [0]left: 34 orange_flag:False start:False imu:354.49
 rgb: [0]left: 34 orange_flag:False start:False imu:354.49
 rgb: [0]left: 36 orange_flag:False start:False imu:354.49
 rgb: [0]left: 36 orange_flag:False start:False imu:354.49
 rgb: [0]left: 36 orange_flag:False start:False imu:354.49
 rgb: [0]left: 36 orange_flag:False start:False imu:354.49
 rgb: [0]left: 36 orange_flag:False start:False imu:354.49
 rgb: [0]left: 36 orange_flag:False start:False imu:354.49
 rgb: [0]left: 36 orange_flag:False start:False imu:354.49
 rgb: [0]left: 36 orange_flag:False start:False imu:354.49
 rgb: [0]left: 36 orange_flag:False start:False imu:354.49
 rgb: [0]left: 36 orange_flag:False start:False imu:354.49
 rgb: [0]left: 36 orange_flag:False start:False imu:354.49
 rgb: [0]left: 36 orange_flag:False start:False imu:354.49
 rgb: [0]left: 36 orange_flag:False start:False imu:354.49
 rgb: [0]left: 36 orange_flag:False start:False imu:354.49
 rgb: [0]left: 36 orange_flag:False start:False imu:354.49
 rgb: [0]left: 36 orange_flag:False start:False imu:354.49
 rgb: [0]left: 36 orange_flag:False start:False imu:354.49
 rgb: [0]left: 36 orange_flag:False start:False imu:354.49
 rgb: [0]left: 36 orange_flag:False start:False imu:354.49
 rgb: [0]left: 36 orange_flag:False start:False imu:354.49
 rgb: [0]left: 36 orange_flag:False start:False imu:354.49
 rgb: [0]left: 36 orange_flag:False start:False imu:354.49
 rgb: [0]left: 36 orange_flag:False start:False imu:354.49
 rgb: [0]left: 37 orange_flag:False start:False imu:354.49
 rgb: [0]left: 37 orange_flag:False start:False imu:354.49
 rgb: [0]left: 36 orange_flag:False start:False imu:354.49
 rgb: [0]left: 36 orange_flag:False start:False imu:354.49
 rgb: [0]left: 36 orange_flag:False start:False imu:354.49
 rgb: [0]left: 36 orange_flag:False start:False imu:354.49
 rgb: [0]left: 36 orange_flag:False start:False imu:354.49
 rgb: [0]left: 36 orange_flag:False start:False imu:354.49
 rgb: [0]left: 37 orange_flag:False start:False imu:354.49
 rgb: [0]left: 35 orange_flag:False start:False imu:354.49
 rgb: [0]left: 35 orange_flag:False start:False imu:354.49
 rgb: [0]left: 35 orange_flag:False start:False imu:354.49
 rgb: [0]left: 35 orange_flag:False start:False imu:354.49
 rgb: [0]left: 35 orange_flag:False start:False imu:354.49
 rgb: [0]left: 35 orange_flag:False start:False imu:354.49
 rgb: [0]left: 35 orange_flag:False start:False imu:354.49
 rgb: [0]left: 35 orange_flag:False start:False imu:354.49
 rgb: [0]left: 35 orange_flag:False start:False imu:354.49
 rgb: [0]left: 35 orange_flag:False start:False imu:354.49
Error in atexit._run_exitfuncs:
Traceback (most recent call last):
  File "/usr/local/lib/python3.9/multiprocessing/popen_fork.py", line 27, in poll
    pid, sts = os.waitpid(self.pid, flag)
KeyboardInterrupt
Camera Process (HSV) started
[Live_Feed] using camera index 0  (640×480)
[FAIL] 'right' -> No I2C device at address: 0x29
[FAIL] 'rear' -> No I2C device at address: 0x29
[OK] All sensors warmed up
TOF Process stopped
Process Process-1:
Traceback (most recent call last):
  File "/usr/local/lib/python3.9/multiprocessing/process.py", line 315, in _bootstrap
    self.run()
  File "/usr/local/lib/python3.9/multiprocessing/process.py", line 108, in run
    self._target(*self._args, **self._kwargs)
  File "/home/pi/WRO_2026/versionTest/obstacle_3.py", line 487, in TOFProcess
    time.sleep(0.01)
KeyboardInterrupt
⚠️ Incomplete ESP data: ['0']
Process Process-4:
Traceback (most recent call last):
  File "/usr/local/lib/python3.9/multiprocessing/process.py", line 315, in _bootstrap
    self.run()
  File "/usr/local/lib/python3.9/multiprocessing/process.py", line 108, in run
    self._target(*self._args, **self._kwargs)
  File "/home/pi/WRO_2026/versionTest/obstacle_3.py", line 1832, in IMUandEncoder
    line = ser.readline().decode("utf-8", errors="ignore").strip()
  File "/home/pi/coral-py39-env/lib/python3.9/site-packages/serial/serialposix.py", line 565, in read
    ready, _, _ = select.select([self.fd, self.pipe_abort_read_r], [], [], timeout.time_left())
KeyboardInterrupt
 rgb: [0]left: 35 orange_flag:False start:False imu:354.49
 rgb: [0]left: 37 orange_flag:False start:False imu:354.49
Motors stopped safely.
Process Process-3:
Traceback (most recent call last):
  File "/usr/local/lib/python3.9/multiprocessing/process.py", line 315, in _bootstrap
    self.run()
  File "/usr/local/lib/python3.9/multiprocessing/process.py", line 108, in run
    self._target(*self._args, **self._kwargs)
  File "/home/pi/WRO_2026/versionTest/obstacle_3.py", line 998, in DriveProcess
    elif pwm.read(switch_pin) == 0:
  File "/home/pi/coral-py39-env/lib/python3.9/site-packages/pigpio.py", line 1437, in read
    return _u2i(_pigpio_command(self.sl, _PI_CMD_READ, gpio, 0))
  File "/home/pi/coral-py39-env/lib/python3.9/site-packages/pigpio.py", line 1025, in _pigpio_command
    sl.s.send(struct.pack('IIII', cmd, p1, p2, 0))
KeyboardInterrupt
